request_id,scheduled_offset_us,source_second,target_rps,scheduled_requests_in_second
req-00000001,20000,0,25.000000,25
req-00000002,60000,0,25.000000,25
req-00000003,100000,0,25.000000,25
req-00000004,140000,0,25.000000,25
req-00000005,180000,0,25.000000,25
req-00000006,220000,0,25.000000,25
req-00000007,260000,0,25.000000,25
req-00000008,300000,0,25.000000,25
req-00000009,340000,0,25.000000,25
req-00000010,380000,0,25.000000,25
req-00000011,420000,0,25.000000,25
req-00000012,460000,0,25.000000,25
req-00000013,500000,0,25.000000,25
req-00000014,540000,0,25.000000,25
req-00000015,580000,0,25.000000,25
req-00000016,620000,0,25.000000,25
req-00000017,660000,0,25.000000,25
req-00000018,700000,0,25.000000,25
req-00000019,740000,0,25.000000,25
req-00000020,780000,0,25.000000,25
req-00000021,820000,0,25.000000,25
req-00000022,860000,0,25.000000,25
req-00000023,900000,0,25.000000,25
req-00000024,940000,0,25.000000,25
req-00000025,980000,0,25.000000,25
req-00000026,1020000,1,25.000000,25
req-00000027,1060000,1,25.000000,25
req-00000028,1100000,1,25.000000,25
req-00000029,1140000,1,25.000000,25
req-00000030,1180000,1,25.000000,25
req-00000031,1220000,1,25.000000,25
req-00000032,1260000,1,25.000000,25
req-00000033,1300000,1,25.000000,25
req-00000034,1340000,1,25.000000,25
req-00000035,1380000,1,25.000000,25
req-00000036,1420000,1,25.000000,25
req-00000037,1460000,1,25.000000,25
req-00000038,1500000,1,25.000000,25
req-00000039,1540000,1,25.000000,25
req-00000040,1580000,1,25.000000,25
req-00000041,1620000,1,25.000000,25
req-00000042,1660000,1,25.000000,25
req-00000043,1700000,1,25.000000,25
req-00000044,1740000,1,25.000000,25
req-00000045,1780000,1,25.000000,25
req-00000046,1820000,1,25.000000,25
req-00000047,1860000,1,25.000000,25
req-00000048,1900000,1,25.000000,25
req-00000049,1940000,1,25.000000,25
req-00000050,1980000,1,25.000000,25
req-00000051,2020000,2,25.000000,25
req-00000052,2060000,2,25.000000,25
req-00000053,2100000,2,25.000000,25
req-00000054,2140000,2,25.000000,25
req-00000055,2180000,2,25.000000,25
req-00000056,2220000,2,25.000000,25
req-00000057,2260000,2,25.000000,25
req-00000058,2300000,2,25.000000,25
req-00000059,2340000,2,25.000000,25
req-00000060,2380000,2,25.000000,25
req-00000061,2420000,2,25.000000,25
req-00000062,2460000,2,25.000000,25
req-00000063,2500000,2,25.000000,25
req-00000064,2540000,2,25.000000,25
req-00000065,2580000,2,25.000000,25
req-00000066,2620000,2,25.000000,25
req-00000067,2660000,2,25.000000,25
req-00000068,2700000,2,25.000000,25
req-00000069,2740000,2,25.000000,25
req-00000070,2780000,2,25.000000,25
req-00000071,2820000,2,25.000000,25
req-00000072,2860000,2,25.000000,25
req-00000073,2900000,2,25.000000,25
req-00000074,2940000,2,25.000000,25
req-00000075,2980000,2,25.000000,25
req-00000076,3020000,3,25.000000,25
req-00000077,3060000,3,25.000000,25
req-00000078,3100000,3,25.000000,25
req-00000079,3140000,3,25.000000,25
req-00000080,3180000,3,25.000000,25
req-00000081,3220000,3,25.000000,25
req-00000082,3260000,3,25.000000,25
req-00000083,3300000,3,25.000000,25
req-00000084,3340000,3,25.000000,25
req-00000085,3380000,3,25.000000,25
req-00000086,3420000,3,25.000000,25
req-00000087,3460000,3,25.000000,25
req-00000088,3500000,3,25.000000,25
req-00000089,3540000,3,25.000000,25
req-00000090,3580000,3,25.000000,25
req-00000091,3620000,3,25.000000,25
req-00000092,3660000,3,25.000000,25
req-00000093,3700000,3,25.000000,25
req-00000094,3740000,3,25.000000,25
req-00000095,3780000,3,25.000000,25
req-00000096,3820000,3,25.000000,25
req-00000097,3860000,3,25.000000,25
req-00000098,3900000,3,25.000000,25
req-00000099,3940000,3,25.000000,25
req-00000100,3980000,3,25.000000,25
req-00000101,4020000,4,25.000000,25
req-00000102,4060000,4,25.000000,25
req-00000103,4100000,4,25.000000,25
req-00000104,4140000,4,25.000000,25
req-00000105,4180000,4,25.000000,25
req-00000106,4220000,4,25.000000,25
req-00000107,4260000,4,25.000000,25
req-00000108,4300000,4,25.000000,25
req-00000109,4340000,4,25.000000,25
req-00000110,4380000,4,25.000000,25
req-00000111,4420000,4,25.000000,25
req-00000112,4460000,4,25.000000,25
req-00000113,4500000,4,25.000000,25
req-00000114,4540000,4,25.000000,25
req-00000115,4580000,4,25.000000,25
req-00000116,4620000,4,25.000000,25
req-00000117,4660000,4,25.000000,25
req-00000118,4700000,4,25.000000,25
req-00000119,4740000,4,25.000000,25
req-00000120,4780000,4,25.000000,25
req-00000121,4820000,4,25.000000,25
req-00000122,4860000,4,25.000000,25
req-00000123,4900000,4,25.000000,25
req-00000124,4940000,4,25.000000,25
req-00000125,4980000,4,25.000000,25
req-00000126,5020000,5,25.000000,25
req-00000127,5060000,5,25.000000,25
req-00000128,5100000,5,25.000000,25
req-00000129,5140000,5,25.000000,25
req-00000130,5180000,5,25.000000,25
req-00000131,5220000,5,25.000000,25
req-00000132,5260000,5,25.000000,25
req-00000133,5300000,5,25.000000,25
req-00000134,5340000,5,25.000000,25
req-00000135,5380000,5,25.000000,25
req-00000136,5420000,5,25.000000,25
req-00000137,5460000,5,25.000000,25
req-00000138,5500000,5,25.000000,25
req-00000139,5540000,5,25.000000,25
req-00000140,5580000,5,25.000000,25
req-00000141,5620000,5,25.000000,25
req-00000142,5660000,5,25.000000,25
req-00000143,5700000,5,25.000000,25
req-00000144,5740000,5,25.000000,25
req-00000145,5780000,5,25.000000,25
req-00000146,5820000,5,25.000000,25
req-00000147,5860000,5,25.000000,25
req-00000148,5900000,5,25.000000,25
req-00000149,5940000,5,25.000000,25
req-00000150,5980000,5,25.000000,25
req-00000151,6020000,6,25.000000,25
req-00000152,6060000,6,25.000000,25
req-00000153,6100000,6,25.000000,25
req-00000154,6140000,6,25.000000,25
req-00000155,6180000,6,25.000000,25
req-00000156,6220000,6,25.000000,25
req-00000157,6260000,6,25.000000,25
req-00000158,6300000,6,25.000000,25
req-00000159,6340000,6,25.000000,25
req-00000160,6380000,6,25.000000,25
req-00000161,6420000,6,25.000000,25
req-00000162,6460000,6,25.000000,25
req-00000163,6500000,6,25.000000,25
req-00000164,6540000,6,25.000000,25
req-00000165,6580000,6,25.000000,25
req-00000166,6620000,6,25.000000,25
req-00000167,6660000,6,25.000000,25
req-00000168,6700000,6,25.000000,25
req-00000169,6740000,6,25.000000,25
req-00000170,6780000,6,25.000000,25
req-00000171,6820000,6,25.000000,25
req-00000172,6860000,6,25.000000,25
req-00000173,6900000,6,25.000000,25
req-00000174,6940000,6,25.000000,25
req-00000175,6980000,6,25.000000,25
req-00000176,7020000,7,25.000000,25
req-00000177,7060000,7,25.000000,25
req-00000178,7100000,7,25.000000,25
req-00000179,7140000,7,25.000000,25
req-00000180,7180000,7,25.000000,25
req-00000181,7220000,7,25.000000,25
req-00000182,7260000,7,25.000000,25
req-00000183,7300000,7,25.000000,25
req-00000184,7340000,7,25.000000,25
req-00000185,7380000,7,25.000000,25
req-00000186,7420000,7,25.000000,25
req-00000187,7460000,7,25.000000,25
req-00000188,7500000,7,25.000000,25
req-00000189,7540000,7,25.000000,25
req-00000190,7580000,7,25.000000,25
req-00000191,7620000,7,25.000000,25
req-00000192,7660000,7,25.000000,25
req-00000193,7700000,7,25.000000,25
req-00000194,7740000,7,25.000000,25
req-00000195,7780000,7,25.000000,25
req-00000196,7820000,7,25.000000,25
req-00000197,7860000,7,25.000000,25
req-00000198,7900000,7,25.000000,25
req-00000199,7940000,7,25.000000,25
req-00000200,7980000,7,25.000000,25
req-00000201,8020000,8,25.000000,25
req-00000202,8060000,8,25.000000,25
req-00000203,8100000,8,25.000000,25
req-00000204,8140000,8,25.000000,25
req-00000205,8180000,8,25.000000,25
req-00000206,8220000,8,25.000000,25
req-00000207,8260000,8,25.000000,25
req-00000208,8300000,8,25.000000,25
req-00000209,8340000,8,25.000000,25
req-00000210,8380000,8,25.000000,25
req-00000211,8420000,8,25.000000,25
req-00000212,8460000,8,25.000000,25
req-00000213,8500000,8,25.000000,25
req-00000214,8540000,8,25.000000,25
req-00000215,8580000,8,25.000000,25
req-00000216,8620000,8,25.000000,25
req-00000217,8660000,8,25.000000,25
req-00000218,8700000,8,25.000000,25
req-00000219,8740000,8,25.000000,25
req-00000220,8780000,8,25.000000,25
req-00000221,8820000,8,25.000000,25
req-00000222,8860000,8,25.000000,25
req-00000223,8900000,8,25.000000,25
req-00000224,8940000,8,25.000000,25
req-00000225,8980000,8,25.000000,25
req-00000226,9020000,9,25.000000,25
req-00000227,9060000,9,25.000000,25
req-00000228,9100000,9,25.000000,25
req-00000229,9140000,9,25.000000,25
req-00000230,9180000,9,25.000000,25
req-00000231,9220000,9,25.000000,25
req-00000232,9260000,9,25.000000,25
req-00000233,9300000,9,25.000000,25
req-00000234,9340000,9,25.000000,25
req-00000235,9380000,9,25.000000,25
req-00000236,9420000,9,25.000000,25
req-00000237,9460000,9,25.000000,25
req-00000238,9500000,9,25.000000,25
req-00000239,9540000,9,25.000000,25
req-00000240,9580000,9,25.000000,25
req-00000241,9620000,9,25.000000,25
req-00000242,9660000,9,25.000000,25
req-00000243,9700000,9,25.000000,25
req-00000244,9740000,9,25.000000,25
req-00000245,9780000,9,25.000000,25
req-00000246,9820000,9,25.000000,25
req-00000247,9860000,9,25.000000,25
req-00000248,9900000,9,25.000000,25
req-00000249,9940000,9,25.000000,25
req-00000250,9980000,9,25.000000,25
req-00000251,10020000,10,25.000000,25
req-00000252,10060000,10,25.000000,25
req-00000253,10100000,10,25.000000,25
req-00000254,10140000,10,25.000000,25
req-00000255,10180000,10,25.000000,25
req-00000256,10220000,10,25.000000,25
req-00000257,10260000,10,25.000000,25
req-00000258,10300000,10,25.000000,25
req-00000259,10340000,10,25.000000,25
req-00000260,10380000,10,25.000000,25
req-00000261,10420000,10,25.000000,25
req-00000262,10460000,10,25.000000,25
req-00000263,10500000,10,25.000000,25
req-00000264,10540000,10,25.000000,25
req-00000265,10580000,10,25.000000,25
req-00000266,10620000,10,25.000000,25
req-00000267,10660000,10,25.000000,25
req-00000268,10700000,10,25.000000,25
req-00000269,10740000,10,25.000000,25
req-00000270,10780000,10,25.000000,25
req-00000271,10820000,10,25.000000,25
req-00000272,10860000,10,25.000000,25
req-00000273,10900000,10,25.000000,25
req-00000274,10940000,10,25.000000,25
req-00000275,10980000,10,25.000000,25
req-00000276,11020000,11,25.000000,25
req-00000277,11060000,11,25.000000,25
req-00000278,11100000,11,25.000000,25
req-00000279,11140000,11,25.000000,25
req-00000280,11180000,11,25.000000,25
req-00000281,11220000,11,25.000000,25
req-00000282,11260000,11,25.000000,25
req-00000283,11300000,11,25.000000,25
req-00000284,11340000,11,25.000000,25
req-00000285,11380000,11,25.000000,25
req-00000286,11420000,11,25.000000,25
req-00000287,11460000,11,25.000000,25
req-00000288,11500000,11,25.000000,25
req-00000289,11540000,11,25.000000,25
req-00000290,11580000,11,25.000000,25
req-00000291,11620000,11,25.000000,25
req-00000292,11660000,11,25.000000,25
req-00000293,11700000,11,25.000000,25
req-00000294,11740000,11,25.000000,25
req-00000295,11780000,11,25.000000,25
req-00000296,11820000,11,25.000000,25
req-00000297,11860000,11,25.000000,25
req-00000298,11900000,11,25.000000,25
req-00000299,11940000,11,25.000000,25
req-00000300,11980000,11,25.000000,25
req-00000301,12020000,12,25.000000,25
req-00000302,12060000,12,25.000000,25
req-00000303,12100000,12,25.000000,25
req-00000304,12140000,12,25.000000,25
req-00000305,12180000,12,25.000000,25
req-00000306,12220000,12,25.000000,25
req-00000307,12260000,12,25.000000,25
req-00000308,12300000,12,25.000000,25
req-00000309,12340000,12,25.000000,25
req-00000310,12380000,12,25.000000,25
req-00000311,12420000,12,25.000000,25
req-00000312,12460000,12,25.000000,25
req-00000313,12500000,12,25.000000,25
req-00000314,12540000,12,25.000000,25
req-00000315,12580000,12,25.000000,25
req-00000316,12620000,12,25.000000,25
req-00000317,12660000,12,25.000000,25
req-00000318,12700000,12,25.000000,25
req-00000319,12740000,12,25.000000,25
req-00000320,12780000,12,25.000000,25
req-00000321,12820000,12,25.000000,25
req-00000322,12860000,12,25.000000,25
req-00000323,12900000,12,25.000000,25
req-00000324,12940000,12,25.000000,25
req-00000325,12980000,12,25.000000,25
req-00000326,13020000,13,25.000000,25
req-00000327,13060000,13,25.000000,25
req-00000328,13100000,13,25.000000,25
req-00000329,13140000,13,25.000000,25
req-00000330,13180000,13,25.000000,25
req-00000331,13220000,13,25.000000,25
req-00000332,13260000,13,25.000000,25
req-00000333,13300000,13,25.000000,25
req-00000334,13340000,13,25.000000,25
req-00000335,13380000,13,25.000000,25
req-00000336,13420000,13,25.000000,25
req-00000337,13460000,13,25.000000,25
req-00000338,13500000,13,25.000000,25
req-00000339,13540000,13,25.000000,25
req-00000340,13580000,13,25.000000,25
req-00000341,13620000,13,25.000000,25
req-00000342,13660000,13,25.000000,25
req-00000343,13700000,13,25.000000,25
req-00000344,13740000,13,25.000000,25
req-00000345,13780000,13,25.000000,25
req-00000346,13820000,13,25.000000,25
req-00000347,13860000,13,25.000000,25
req-00000348,13900000,13,25.000000,25
req-00000349,13940000,13,25.000000,25
req-00000350,13980000,13,25.000000,25
req-00000351,14020000,14,25.000000,25
req-00000352,14060000,14,25.000000,25
req-00000353,14100000,14,25.000000,25
req-00000354,14140000,14,25.000000,25
req-00000355,14180000,14,25.000000,25
req-00000356,14220000,14,25.000000,25
req-00000357,14260000,14,25.000000,25
req-00000358,14300000,14,25.000000,25
req-00000359,14340000,14,25.000000,25
req-00000360,14380000,14,25.000000,25
req-00000361,14420000,14,25.000000,25
req-00000362,14460000,14,25.000000,25
req-00000363,14500000,14,25.000000,25
req-00000364,14540000,14,25.000000,25
req-00000365,14580000,14,25.000000,25
req-00000366,14620000,14,25.000000,25
req-00000367,14660000,14,25.000000,25
req-00000368,14700000,14,25.000000,25
req-00000369,14740000,14,25.000000,25
req-00000370,14780000,14,25.000000,25
req-00000371,14820000,14,25.000000,25
req-00000372,14860000,14,25.000000,25
req-00000373,14900000,14,25.000000,25
req-00000374,14940000,14,25.000000,25
req-00000375,14980000,14,25.000000,25
req-00000376,15020000,15,25.000000,25
req-00000377,15060000,15,25.000000,25
req-00000378,15100000,15,25.000000,25
req-00000379,15140000,15,25.000000,25
req-00000380,15180000,15,25.000000,25
req-00000381,15220000,15,25.000000,25
req-00000382,15260000,15,25.000000,25
req-00000383,15300000,15,25.000000,25
req-00000384,15340000,15,25.000000,25
req-00000385,15380000,15,25.000000,25
req-00000386,15420000,15,25.000000,25
req-00000387,15460000,15,25.000000,25
req-00000388,15500000,15,25.000000,25
req-00000389,15540000,15,25.000000,25
req-00000390,15580000,15,25.000000,25
req-00000391,15620000,15,25.000000,25
req-00000392,15660000,15,25.000000,25
req-00000393,15700000,15,25.000000,25
req-00000394,15740000,15,25.000000,25
req-00000395,15780000,15,25.000000,25
req-00000396,15820000,15,25.000000,25
req-00000397,15860000,15,25.000000,25
req-00000398,15900000,15,25.000000,25
req-00000399,15940000,15,25.000000,25
req-00000400,15980000,15,25.000000,25
req-00000401,16020000,16,25.000000,25
req-00000402,16060000,16,25.000000,25
req-00000403,16100000,16,25.000000,25
req-00000404,16140000,16,25.000000,25
req-00000405,16180000,16,25.000000,25
req-00000406,16220000,16,25.000000,25
req-00000407,16260000,16,25.000000,25
req-00000408,16300000,16,25.000000,25
req-00000409,16340000,16,25.000000,25
req-00000410,16380000,16,25.000000,25
req-00000411,16420000,16,25.000000,25
req-00000412,16460000,16,25.000000,25
req-00000413,16500000,16,25.000000,25
req-00000414,16540000,16,25.000000,25
req-00000415,16580000,16,25.000000,25
req-00000416,16620000,16,25.000000,25
req-00000417,16660000,16,25.000000,25
req-00000418,16700000,16,25.000000,25
req-00000419,16740000,16,25.000000,25
req-00000420,16780000,16,25.000000,25
req-00000421,16820000,16,25.000000,25
req-00000422,16860000,16,25.000000,25
req-00000423,16900000,16,25.000000,25
req-00000424,16940000,16,25.000000,25
req-00000425,16980000,16,25.000000,25
req-00000426,17020000,17,25.000000,25
req-00000427,17060000,17,25.000000,25
req-00000428,17100000,17,25.000000,25
req-00000429,17140000,17,25.000000,25
req-00000430,17180000,17,25.000000,25
req-00000431,17220000,17,25.000000,25
req-00000432,17260000,17,25.000000,25
req-00000433,17300000,17,25.000000,25
req-00000434,17340000,17,25.000000,25
req-00000435,17380000,17,25.000000,25
req-00000436,17420000,17,25.000000,25
req-00000437,17460000,17,25.000000,25
req-00000438,17500000,17,25.000000,25
req-00000439,17540000,17,25.000000,25
req-00000440,17580000,17,25.000000,25
req-00000441,17620000,17,25.000000,25
req-00000442,17660000,17,25.000000,25
req-00000443,17700000,17,25.000000,25
req-00000444,17740000,17,25.000000,25
req-00000445,17780000,17,25.000000,25
req-00000446,17820000,17,25.000000,25
req-00000447,17860000,17,25.000000,25
req-00000448,17900000,17,25.000000,25
req-00000449,17940000,17,25.000000,25
req-00000450,17980000,17,25.000000,25
req-00000451,18020000,18,25.000000,25
req-00000452,18060000,18,25.000000,25
req-00000453,18100000,18,25.000000,25
req-00000454,18140000,18,25.000000,25
req-00000455,18180000,18,25.000000,25
req-00000456,18220000,18,25.000000,25
req-00000457,18260000,18,25.000000,25
req-00000458,18300000,18,25.000000,25
req-00000459,18340000,18,25.000000,25
req-00000460,18380000,18,25.000000,25
req-00000461,18420000,18,25.000000,25
req-00000462,18460000,18,25.000000,25
req-00000463,18500000,18,25.000000,25
req-00000464,18540000,18,25.000000,25
req-00000465,18580000,18,25.000000,25
req-00000466,18620000,18,25.000000,25
req-00000467,18660000,18,25.000000,25
req-00000468,18700000,18,25.000000,25
req-00000469,18740000,18,25.000000,25
req-00000470,18780000,18,25.000000,25
req-00000471,18820000,18,25.000000,25
req-00000472,18860000,18,25.000000,25
req-00000473,18900000,18,25.000000,25
req-00000474,18940000,18,25.000000,25
req-00000475,18980000,18,25.000000,25
req-00000476,19020000,19,25.000000,25
req-00000477,19060000,19,25.000000,25
req-00000478,19100000,19,25.000000,25
req-00000479,19140000,19,25.000000,25
req-00000480,19180000,19,25.000000,25
req-00000481,19220000,19,25.000000,25
req-00000482,19260000,19,25.000000,25
req-00000483,19300000,19,25.000000,25
req-00000484,19340000,19,25.000000,25
req-00000485,19380000,19,25.000000,25
req-00000486,19420000,19,25.000000,25
req-00000487,19460000,19,25.000000,25
req-00000488,19500000,19,25.000000,25
req-00000489,19540000,19,25.000000,25
req-00000490,19580000,19,25.000000,25
req-00000491,19620000,19,25.000000,25
req-00000492,19660000,19,25.000000,25
req-00000493,19700000,19,25.000000,25
req-00000494,19740000,19,25.000000,25
req-00000495,19780000,19,25.000000,25
req-00000496,19820000,19,25.000000,25
req-00000497,19860000,19,25.000000,25
req-00000498,19900000,19,25.000000,25
req-00000499,19940000,19,25.000000,25
req-00000500,19980000,19,25.000000,25
req-00000501,20020000,20,25.000000,25
req-00000502,20060000,20,25.000000,25
req-00000503,20100000,20,25.000000,25
req-00000504,20140000,20,25.000000,25
req-00000505,20180000,20,25.000000,25
req-00000506,20220000,20,25.000000,25
req-00000507,20260000,20,25.000000,25
req-00000508,20300000,20,25.000000,25
req-00000509,20340000,20,25.000000,25
req-00000510,20380000,20,25.000000,25
req-00000511,20420000,20,25.000000,25
req-00000512,20460000,20,25.000000,25
req-00000513,20500000,20,25.000000,25
req-00000514,20540000,20,25.000000,25
req-00000515,20580000,20,25.000000,25
req-00000516,20620000,20,25.000000,25
req-00000517,20660000,20,25.000000,25
req-00000518,20700000,20,25.000000,25
req-00000519,20740000,20,25.000000,25
req-00000520,20780000,20,25.000000,25
req-00000521,20820000,20,25.000000,25
req-00000522,20860000,20,25.000000,25
req-00000523,20900000,20,25.000000,25
req-00000524,20940000,20,25.000000,25
req-00000525,20980000,20,25.000000,25
req-00000526,21020000,21,25.000000,25
req-00000527,21060000,21,25.000000,25
req-00000528,21100000,21,25.000000,25
req-00000529,21140000,21,25.000000,25
req-00000530,21180000,21,25.000000,25
req-00000531,21220000,21,25.000000,25
req-00000532,21260000,21,25.000000,25
req-00000533,21300000,21,25.000000,25
req-00000534,21340000,21,25.000000,25
req-00000535,21380000,21,25.000000,25
req-00000536,21420000,21,25.000000,25
req-00000537,21460000,21,25.000000,25
req-00000538,21500000,21,25.000000,25
req-00000539,21540000,21,25.000000,25
req-00000540,21580000,21,25.000000,25
req-00000541,21620000,21,25.000000,25
req-00000542,21660000,21,25.000000,25
req-00000543,21700000,21,25.000000,25
req-00000544,21740000,21,25.000000,25
req-00000545,21780000,21,25.000000,25
req-00000546,21820000,21,25.000000,25
req-00000547,21860000,21,25.000000,25
req-00000548,21900000,21,25.000000,25
req-00000549,21940000,21,25.000000,25
req-00000550,21980000,21,25.000000,25
req-00000551,22020000,22,25.000000,25
req-00000552,22060000,22,25.000000,25
req-00000553,22100000,22,25.000000,25
req-00000554,22140000,22,25.000000,25
req-00000555,22180000,22,25.000000,25
req-00000556,22220000,22,25.000000,25
req-00000557,22260000,22,25.000000,25
req-00000558,22300000,22,25.000000,25
req-00000559,22340000,22,25.000000,25
req-00000560,22380000,22,25.000000,25
req-00000561,22420000,22,25.000000,25
req-00000562,22460000,22,25.000000,25
req-00000563,22500000,22,25.000000,25
req-00000564,22540000,22,25.000000,25
req-00000565,22580000,22,25.000000,25
req-00000566,22620000,22,25.000000,25
req-00000567,22660000,22,25.000000,25
req-00000568,22700000,22,25.000000,25
req-00000569,22740000,22,25.000000,25
req-00000570,22780000,22,25.000000,25
req-00000571,22820000,22,25.000000,25
req-00000572,22860000,22,25.000000,25
req-00000573,22900000,22,25.000000,25
req-00000574,22940000,22,25.000000,25
req-00000575,22980000,22,25.000000,25
req-00000576,23020000,23,25.000000,25
req-00000577,23060000,23,25.000000,25
req-00000578,23100000,23,25.000000,25
req-00000579,23140000,23,25.000000,25
req-00000580,23180000,23,25.000000,25
req-00000581,23220000,23,25.000000,25
req-00000582,23260000,23,25.000000,25
req-00000583,23300000,23,25.000000,25
req-00000584,23340000,23,25.000000,25
req-00000585,23380000,23,25.000000,25
req-00000586,23420000,23,25.000000,25
req-00000587,23460000,23,25.000000,25
req-00000588,23500000,23,25.000000,25
req-00000589,23540000,23,25.000000,25
req-00000590,23580000,23,25.000000,25
req-00000591,23620000,23,25.000000,25
req-00000592,23660000,23,25.000000,25
req-00000593,23700000,23,25.000000,25
req-00000594,23740000,23,25.000000,25
req-00000595,23780000,23,25.000000,25
req-00000596,23820000,23,25.000000,25
req-00000597,23860000,23,25.000000,25
req-00000598,23900000,23,25.000000,25
req-00000599,23940000,23,25.000000,25
req-00000600,23980000,23,25.000000,25
req-00000601,24020000,24,25.000000,25
req-00000602,24060000,24,25.000000,25
req-00000603,24100000,24,25.000000,25
req-00000604,24140000,24,25.000000,25
req-00000605,24180000,24,25.000000,25
req-00000606,24220000,24,25.000000,25
req-00000607,24260000,24,25.000000,25
req-00000608,24300000,24,25.000000,25
req-00000609,24340000,24,25.000000,25
req-00000610,24380000,24,25.000000,25
req-00000611,24420000,24,25.000000,25
req-00000612,24460000,24,25.000000,25
req-00000613,24500000,24,25.000000,25
req-00000614,24540000,24,25.000000,25
req-00000615,24580000,24,25.000000,25
req-00000616,24620000,24,25.000000,25
req-00000617,24660000,24,25.000000,25
req-00000618,24700000,24,25.000000,25
req-00000619,24740000,24,25.000000,25
req-00000620,24780000,24,25.000000,25
req-00000621,24820000,24,25.000000,25
req-00000622,24860000,24,25.000000,25
req-00000623,24900000,24,25.000000,25
req-00000624,24940000,24,25.000000,25
req-00000625,24980000,24,25.000000,25
req-00000626,25020000,25,25.000000,25
req-00000627,25060000,25,25.000000,25
req-00000628,25100000,25,25.000000,25
req-00000629,25140000,25,25.000000,25
req-00000630,25180000,25,25.000000,25
req-00000631,25220000,25,25.000000,25
req-00000632,25260000,25,25.000000,25
req-00000633,25300000,25,25.000000,25
req-00000634,25340000,25,25.000000,25
req-00000635,25380000,25,25.000000,25
req-00000636,25420000,25,25.000000,25
req-00000637,25460000,25,25.000000,25
req-00000638,25500000,25,25.000000,25
req-00000639,25540000,25,25.000000,25
req-00000640,25580000,25,25.000000,25
req-00000641,25620000,25,25.000000,25
req-00000642,25660000,25,25.000000,25
req-00000643,25700000,25,25.000000,25
req-00000644,25740000,25,25.000000,25
req-00000645,25780000,25,25.000000,25
req-00000646,25820000,25,25.000000,25
req-00000647,25860000,25,25.000000,25
req-00000648,25900000,25,25.000000,25
req-00000649,25940000,25,25.000000,25
req-00000650,25980000,25,25.000000,25
req-00000651,26020000,26,25.000000,25
req-00000652,26060000,26,25.000000,25
req-00000653,26100000,26,25.000000,25
req-00000654,26140000,26,25.000000,25
req-00000655,26180000,26,25.000000,25
req-00000656,26220000,26,25.000000,25
req-00000657,26260000,26,25.000000,25
req-00000658,26300000,26,25.000000,25
req-00000659,26340000,26,25.000000,25
req-00000660,26380000,26,25.000000,25
req-00000661,26420000,26,25.000000,25
req-00000662,26460000,26,25.000000,25
req-00000663,26500000,26,25.000000,25
req-00000664,26540000,26,25.000000,25
req-00000665,26580000,26,25.000000,25
req-00000666,26620000,26,25.000000,25
req-00000667,26660000,26,25.000000,25
req-00000668,26700000,26,25.000000,25
req-00000669,26740000,26,25.000000,25
req-00000670,26780000,26,25.000000,25
req-00000671,26820000,26,25.000000,25
req-00000672,26860000,26,25.000000,25
req-00000673,26900000,26,25.000000,25
req-00000674,26940000,26,25.000000,25
req-00000675,26980000,26,25.000000,25
req-00000676,27020000,27,25.000000,25
req-00000677,27060000,27,25.000000,25
req-00000678,27100000,27,25.000000,25
req-00000679,27140000,27,25.000000,25
req-00000680,27180000,27,25.000000,25
req-00000681,27220000,27,25.000000,25
req-00000682,27260000,27,25.000000,25
req-00000683,27300000,27,25.000000,25
req-00000684,27340000,27,25.000000,25
req-00000685,27380000,27,25.000000,25
req-00000686,27420000,27,25.000000,25
req-00000687,27460000,27,25.000000,25
req-00000688,27500000,27,25.000000,25
req-00000689,27540000,27,25.000000,25
req-00000690,27580000,27,25.000000,25
req-00000691,27620000,27,25.000000,25
req-00000692,27660000,27,25.000000,25
req-00000693,27700000,27,25.000000,25
req-00000694,27740000,27,25.000000,25
req-00000695,27780000,27,25.000000,25
req-00000696,27820000,27,25.000000,25
req-00000697,27860000,27,25.000000,25
req-00000698,27900000,27,25.000000,25
req-00000699,27940000,27,25.000000,25
req-00000700,27980000,27,25.000000,25
req-00000701,28020000,28,25.000000,25
req-00000702,28060000,28,25.000000,25
req-00000703,28100000,28,25.000000,25
req-00000704,28140000,28,25.000000,25
req-00000705,28180000,28,25.000000,25
req-00000706,28220000,28,25.000000,25
req-00000707,28260000,28,25.000000,25
req-00000708,28300000,28,25.000000,25
req-00000709,28340000,28,25.000000,25
req-00000710,28380000,28,25.000000,25
req-00000711,28420000,28,25.000000,25
req-00000712,28460000,28,25.000000,25
req-00000713,28500000,28,25.000000,25
req-00000714,28540000,28,25.000000,25
req-00000715,28580000,28,25.000000,25
req-00000716,28620000,28,25.000000,25
req-00000717,28660000,28,25.000000,25
req-00000718,28700000,28,25.000000,25
req-00000719,28740000,28,25.000000,25
req-00000720,28780000,28,25.000000,25
req-00000721,28820000,28,25.000000,25
req-00000722,28860000,28,25.000000,25
req-00000723,28900000,28,25.000000,25
req-00000724,28940000,28,25.000000,25
req-00000725,28980000,28,25.000000,25
req-00000726,29020000,29,25.000000,25
req-00000727,29060000,29,25.000000,25
req-00000728,29100000,29,25.000000,25
req-00000729,29140000,29,25.000000,25
req-00000730,29180000,29,25.000000,25
req-00000731,29220000,29,25.000000,25
req-00000732,29260000,29,25.000000,25
req-00000733,29300000,29,25.000000,25
req-00000734,29340000,29,25.000000,25
req-00000735,29380000,29,25.000000,25
req-00000736,29420000,29,25.000000,25
req-00000737,29460000,29,25.000000,25
req-00000738,29500000,29,25.000000,25
req-00000739,29540000,29,25.000000,25
req-00000740,29580000,29,25.000000,25
req-00000741,29620000,29,25.000000,25
req-00000742,29660000,29,25.000000,25
req-00000743,29700000,29,25.000000,25
req-00000744,29740000,29,25.000000,25
req-00000745,29780000,29,25.000000,25
req-00000746,29820000,29,25.000000,25
req-00000747,29860000,29,25.000000,25
req-00000748,29900000,29,25.000000,25
req-00000749,29940000,29,25.000000,25
req-00000750,29980000,29,25.000000,25
req-00000751,30020000,30,25.000000,25
req-00000752,30060000,30,25.000000,25
req-00000753,30100000,30,25.000000,25
req-00000754,30140000,30,25.000000,25
req-00000755,30180000,30,25.000000,25
req-00000756,30220000,30,25.000000,25
req-00000757,30260000,30,25.000000,25
req-00000758,30300000,30,25.000000,25
req-00000759,30340000,30,25.000000,25
req-00000760,30380000,30,25.000000,25
req-00000761,30420000,30,25.000000,25
req-00000762,30460000,30,25.000000,25
req-00000763,30500000,30,25.000000,25
req-00000764,30540000,30,25.000000,25
req-00000765,30580000,30,25.000000,25
req-00000766,30620000,30,25.000000,25
req-00000767,30660000,30,25.000000,25
req-00000768,30700000,30,25.000000,25
req-00000769,30740000,30,25.000000,25
req-00000770,30780000,30,25.000000,25
req-00000771,30820000,30,25.000000,25
req-00000772,30860000,30,25.000000,25
req-00000773,30900000,30,25.000000,25
req-00000774,30940000,30,25.000000,25
req-00000775,30980000,30,25.000000,25
req-00000776,31020000,31,25.000000,25
req-00000777,31060000,31,25.000000,25
req-00000778,31100000,31,25.000000,25
req-00000779,31140000,31,25.000000,25
req-00000780,31180000,31,25.000000,25
req-00000781,31220000,31,25.000000,25
req-00000782,31260000,31,25.000000,25
req-00000783,31300000,31,25.000000,25
req-00000784,31340000,31,25.000000,25
req-00000785,31380000,31,25.000000,25
req-00000786,31420000,31,25.000000,25
req-00000787,31460000,31,25.000000,25
req-00000788,31500000,31,25.000000,25
req-00000789,31540000,31,25.000000,25
req-00000790,31580000,31,25.000000,25
req-00000791,31620000,31,25.000000,25
req-00000792,31660000,31,25.000000,25
req-00000793,31700000,31,25.000000,25
req-00000794,31740000,31,25.000000,25
req-00000795,31780000,31,25.000000,25
req-00000796,31820000,31,25.000000,25
req-00000797,31860000,31,25.000000,25
req-00000798,31900000,31,25.000000,25
req-00000799,31940000,31,25.000000,25
req-00000800,31980000,31,25.000000,25
req-00000801,32020000,32,25.000000,25
req-00000802,32060000,32,25.000000,25
req-00000803,32100000,32,25.000000,25
req-00000804,32140000,32,25.000000,25
req-00000805,32180000,32,25.000000,25
req-00000806,32220000,32,25.000000,25
req-00000807,32260000,32,25.000000,25
req-00000808,32300000,32,25.000000,25
req-00000809,32340000,32,25.000000,25
req-00000810,32380000,32,25.000000,25
req-00000811,32420000,32,25.000000,25
req-00000812,32460000,32,25.000000,25
req-00000813,32500000,32,25.000000,25
req-00000814,32540000,32,25.000000,25
req-00000815,32580000,32,25.000000,25
req-00000816,32620000,32,25.000000,25
req-00000817,32660000,32,25.000000,25
req-00000818,32700000,32,25.000000,25
req-00000819,32740000,32,25.000000,25
req-00000820,32780000,32,25.000000,25
req-00000821,32820000,32,25.000000,25
req-00000822,32860000,32,25.000000,25
req-00000823,32900000,32,25.000000,25
req-00000824,32940000,32,25.000000,25
req-00000825,32980000,32,25.000000,25
req-00000826,33020000,33,25.000000,25
req-00000827,33060000,33,25.000000,25
req-00000828,33100000,33,25.000000,25
req-00000829,33140000,33,25.000000,25
req-00000830,33180000,33,25.000000,25
req-00000831,33220000,33,25.000000,25
req-00000832,33260000,33,25.000000,25
req-00000833,33300000,33,25.000000,25
req-00000834,33340000,33,25.000000,25
req-00000835,33380000,33,25.000000,25
req-00000836,33420000,33,25.000000,25
req-00000837,33460000,33,25.000000,25
req-00000838,33500000,33,25.000000,25
req-00000839,33540000,33,25.000000,25
req-00000840,33580000,33,25.000000,25
req-00000841,33620000,33,25.000000,25
req-00000842,33660000,33,25.000000,25
req-00000843,33700000,33,25.000000,25
req-00000844,33740000,33,25.000000,25
req-00000845,33780000,33,25.000000,25
req-00000846,33820000,33,25.000000,25
req-00000847,33860000,33,25.000000,25
req-00000848,33900000,33,25.000000,25
req-00000849,33940000,33,25.000000,25
req-00000850,33980000,33,25.000000,25
req-00000851,34020000,34,25.000000,25
req-00000852,34060000,34,25.000000,25
req-00000853,34100000,34,25.000000,25
req-00000854,34140000,34,25.000000,25
req-00000855,34180000,34,25.000000,25
req-00000856,34220000,34,25.000000,25
req-00000857,34260000,34,25.000000,25
req-00000858,34300000,34,25.000000,25
req-00000859,34340000,34,25.000000,25
req-00000860,34380000,34,25.000000,25
req-00000861,34420000,34,25.000000,25
req-00000862,34460000,34,25.000000,25
req-00000863,34500000,34,25.000000,25
req-00000864,34540000,34,25.000000,25
req-00000865,34580000,34,25.000000,25
req-00000866,34620000,34,25.000000,25
req-00000867,34660000,34,25.000000,25
req-00000868,34700000,34,25.000000,25
req-00000869,34740000,34,25.000000,25
req-00000870,34780000,34,25.000000,25
req-00000871,34820000,34,25.000000,25
req-00000872,34860000,34,25.000000,25
req-00000873,34900000,34,25.000000,25
req-00000874,34940000,34,25.000000,25
req-00000875,34980000,34,25.000000,25
req-00000876,35020000,35,25.000000,25
req-00000877,35060000,35,25.000000,25
req-00000878,35100000,35,25.000000,25
req-00000879,35140000,35,25.000000,25
req-00000880,35180000,35,25.000000,25
req-00000881,35220000,35,25.000000,25
req-00000882,35260000,35,25.000000,25
req-00000883,35300000,35,25.000000,25
req-00000884,35340000,35,25.000000,25
req-00000885,35380000,35,25.000000,25
req-00000886,35420000,35,25.000000,25
req-00000887,35460000,35,25.000000,25
req-00000888,35500000,35,25.000000,25
req-00000889,35540000,35,25.000000,25
req-00000890,35580000,35,25.000000,25
req-00000891,35620000,35,25.000000,25
req-00000892,35660000,35,25.000000,25
req-00000893,35700000,35,25.000000,25
req-00000894,35740000,35,25.000000,25
req-00000895,35780000,35,25.000000,25
req-00000896,35820000,35,25.000000,25
req-00000897,35860000,35,25.000000,25
req-00000898,35900000,35,25.000000,25
req-00000899,35940000,35,25.000000,25
req-00000900,35980000,35,25.000000,25
req-00000901,36020000,36,25.000000,25
req-00000902,36060000,36,25.000000,25
req-00000903,36100000,36,25.000000,25
req-00000904,36140000,36,25.000000,25
req-00000905,36180000,36,25.000000,25
req-00000906,36220000,36,25.000000,25
req-00000907,36260000,36,25.000000,25
req-00000908,36300000,36,25.000000,25
req-00000909,36340000,36,25.000000,25
req-00000910,36380000,36,25.000000,25
req-00000911,36420000,36,25.000000,25
req-00000912,36460000,36,25.000000,25
req-00000913,36500000,36,25.000000,25
req-00000914,36540000,36,25.000000,25
req-00000915,36580000,36,25.000000,25
req-00000916,36620000,36,25.000000,25
req-00000917,36660000,36,25.000000,25
req-00000918,36700000,36,25.000000,25
req-00000919,36740000,36,25.000000,25
req-00000920,36780000,36,25.000000,25
req-00000921,36820000,36,25.000000,25
req-00000922,36860000,36,25.000000,25
req-00000923,36900000,36,25.000000,25
req-00000924,36940000,36,25.000000,25
req-00000925,36980000,36,25.000000,25
req-00000926,37020000,37,25.000000,25
req-00000927,37060000,37,25.000000,25
req-00000928,37100000,37,25.000000,25
req-00000929,37140000,37,25.000000,25
req-00000930,37180000,37,25.000000,25
req-00000931,37220000,37,25.000000,25
req-00000932,37260000,37,25.000000,25
req-00000933,37300000,37,25.000000,25
req-00000934,37340000,37,25.000000,25
req-00000935,37380000,37,25.000000,25
req-00000936,37420000,37,25.000000,25
req-00000937,37460000,37,25.000000,25
req-00000938,37500000,37,25.000000,25
req-00000939,37540000,37,25.000000,25
req-00000940,37580000,37,25.000000,25
req-00000941,37620000,37,25.000000,25
req-00000942,37660000,37,25.000000,25
req-00000943,37700000,37,25.000000,25
req-00000944,37740000,37,25.000000,25
req-00000945,37780000,37,25.000000,25
req-00000946,37820000,37,25.000000,25
req-00000947,37860000,37,25.000000,25
req-00000948,37900000,37,25.000000,25
req-00000949,37940000,37,25.000000,25
req-00000950,37980000,37,25.000000,25
req-00000951,38020000,38,25.000000,25
req-00000952,38060000,38,25.000000,25
req-00000953,38100000,38,25.000000,25
req-00000954,38140000,38,25.000000,25
req-00000955,38180000,38,25.000000,25
req-00000956,38220000,38,25.000000,25
req-00000957,38260000,38,25.000000,25
req-00000958,38300000,38,25.000000,25
req-00000959,38340000,38,25.000000,25
req-00000960,38380000,38,25.000000,25
req-00000961,38420000,38,25.000000,25
req-00000962,38460000,38,25.000000,25
req-00000963,38500000,38,25.000000,25
req-00000964,38540000,38,25.000000,25
req-00000965,38580000,38,25.000000,25
req-00000966,38620000,38,25.000000,25
req-00000967,38660000,38,25.000000,25
req-00000968,38700000,38,25.000000,25
req-00000969,38740000,38,25.000000,25
req-00000970,38780000,38,25.000000,25
req-00000971,38820000,38,25.000000,25
req-00000972,38860000,38,25.000000,25
req-00000973,38900000,38,25.000000,25
req-00000974,38940000,38,25.000000,25
req-00000975,38980000,38,25.000000,25
req-00000976,39020000,39,25.000000,25
req-00000977,39060000,39,25.000000,25
req-00000978,39100000,39,25.000000,25
req-00000979,39140000,39,25.000000,25
req-00000980,39180000,39,25.000000,25
req-00000981,39220000,39,25.000000,25
req-00000982,39260000,39,25.000000,25
req-00000983,39300000,39,25.000000,25
req-00000984,39340000,39,25.000000,25
req-00000985,39380000,39,25.000000,25
req-00000986,39420000,39,25.000000,25
req-00000987,39460000,39,25.000000,25
req-00000988,39500000,39,25.000000,25
req-00000989,39540000,39,25.000000,25
req-00000990,39580000,39,25.000000,25
req-00000991,39620000,39,25.000000,25
req-00000992,39660000,39,25.000000,25
req-00000993,39700000,39,25.000000,25
req-00000994,39740000,39,25.000000,25
req-00000995,39780000,39,25.000000,25
req-00000996,39820000,39,25.000000,25
req-00000997,39860000,39,25.000000,25
req-00000998,39900000,39,25.000000,25
req-00000999,39940000,39,25.000000,25
req-00001000,39980000,39,25.000000,25
req-00001001,40020000,40,25.000000,25
req-00001002,40060000,40,25.000000,25
req-00001003,40100000,40,25.000000,25
req-00001004,40140000,40,25.000000,25
req-00001005,40180000,40,25.000000,25
req-00001006,40220000,40,25.000000,25
req-00001007,40260000,40,25.000000,25
req-00001008,40300000,40,25.000000,25
req-00001009,40340000,40,25.000000,25
req-00001010,40380000,40,25.000000,25
req-00001011,40420000,40,25.000000,25
req-00001012,40460000,40,25.000000,25
req-00001013,40500000,40,25.000000,25
req-00001014,40540000,40,25.000000,25
req-00001015,40580000,40,25.000000,25
req-00001016,40620000,40,25.000000,25
req-00001017,40660000,40,25.000000,25
req-00001018,40700000,40,25.000000,25
req-00001019,40740000,40,25.000000,25
req-00001020,40780000,40,25.000000,25
req-00001021,40820000,40,25.000000,25
req-00001022,40860000,40,25.000000,25
req-00001023,40900000,40,25.000000,25
req-00001024,40940000,40,25.000000,25
req-00001025,40980000,40,25.000000,25
req-00001026,41020000,41,25.000000,25
req-00001027,41060000,41,25.000000,25
req-00001028,41100000,41,25.000000,25
req-00001029,41140000,41,25.000000,25
req-00001030,41180000,41,25.000000,25
req-00001031,41220000,41,25.000000,25
req-00001032,41260000,41,25.000000,25
req-00001033,41300000,41,25.000000,25
req-00001034,41340000,41,25.000000,25
req-00001035,41380000,41,25.000000,25
req-00001036,41420000,41,25.000000,25
req-00001037,41460000,41,25.000000,25
req-00001038,41500000,41,25.000000,25
req-00001039,41540000,41,25.000000,25
req-00001040,41580000,41,25.000000,25
req-00001041,41620000,41,25.000000,25
req-00001042,41660000,41,25.000000,25
req-00001043,41700000,41,25.000000,25
req-00001044,41740000,41,25.000000,25
req-00001045,41780000,41,25.000000,25
req-00001046,41820000,41,25.000000,25
req-00001047,41860000,41,25.000000,25
req-00001048,41900000,41,25.000000,25
req-00001049,41940000,41,25.000000,25
req-00001050,41980000,41,25.000000,25
req-00001051,42020000,42,25.000000,25
req-00001052,42060000,42,25.000000,25
req-00001053,42100000,42,25.000000,25
req-00001054,42140000,42,25.000000,25
req-00001055,42180000,42,25.000000,25
req-00001056,42220000,42,25.000000,25
req-00001057,42260000,42,25.000000,25
req-00001058,42300000,42,25.000000,25
req-00001059,42340000,42,25.000000,25
req-00001060,42380000,42,25.000000,25
req-00001061,42420000,42,25.000000,25
req-00001062,42460000,42,25.000000,25
req-00001063,42500000,42,25.000000,25
req-00001064,42540000,42,25.000000,25
req-00001065,42580000,42,25.000000,25
req-00001066,42620000,42,25.000000,25
req-00001067,42660000,42,25.000000,25
req-00001068,42700000,42,25.000000,25
req-00001069,42740000,42,25.000000,25
req-00001070,42780000,42,25.000000,25
req-00001071,42820000,42,25.000000,25
req-00001072,42860000,42,25.000000,25
req-00001073,42900000,42,25.000000,25
req-00001074,42940000,42,25.000000,25
req-00001075,42980000,42,25.000000,25
req-00001076,43020000,43,25.000000,25
req-00001077,43060000,43,25.000000,25
req-00001078,43100000,43,25.000000,25
req-00001079,43140000,43,25.000000,25
req-00001080,43180000,43,25.000000,25
req-00001081,43220000,43,25.000000,25
req-00001082,43260000,43,25.000000,25
req-00001083,43300000,43,25.000000,25
req-00001084,43340000,43,25.000000,25
req-00001085,43380000,43,25.000000,25
req-00001086,43420000,43,25.000000,25
req-00001087,43460000,43,25.000000,25
req-00001088,43500000,43,25.000000,25
req-00001089,43540000,43,25.000000,25
req-00001090,43580000,43,25.000000,25
req-00001091,43620000,43,25.000000,25
req-00001092,43660000,43,25.000000,25
req-00001093,43700000,43,25.000000,25
req-00001094,43740000,43,25.000000,25
req-00001095,43780000,43,25.000000,25
req-00001096,43820000,43,25.000000,25
req-00001097,43860000,43,25.000000,25
req-00001098,43900000,43,25.000000,25
req-00001099,43940000,43,25.000000,25
req-00001100,43980000,43,25.000000,25
req-00001101,44020000,44,25.000000,25
req-00001102,44060000,44,25.000000,25
req-00001103,44100000,44,25.000000,25
req-00001104,44140000,44,25.000000,25
req-00001105,44180000,44,25.000000,25
req-00001106,44220000,44,25.000000,25
req-00001107,44260000,44,25.000000,25
req-00001108,44300000,44,25.000000,25
req-00001109,44340000,44,25.000000,25
req-00001110,44380000,44,25.000000,25
req-00001111,44420000,44,25.000000,25
req-00001112,44460000,44,25.000000,25
req-00001113,44500000,44,25.000000,25
req-00001114,44540000,44,25.000000,25
req-00001115,44580000,44,25.000000,25
req-00001116,44620000,44,25.000000,25
req-00001117,44660000,44,25.000000,25
req-00001118,44700000,44,25.000000,25
req-00001119,44740000,44,25.000000,25
req-00001120,44780000,44,25.000000,25
req-00001121,44820000,44,25.000000,25
req-00001122,44860000,44,25.000000,25
req-00001123,44900000,44,25.000000,25
req-00001124,44940000,44,25.000000,25
req-00001125,44980000,44,25.000000,25
req-00001126,45020000,45,25.000000,25
req-00001127,45060000,45,25.000000,25
req-00001128,45100000,45,25.000000,25
req-00001129,45140000,45,25.000000,25
req-00001130,45180000,45,25.000000,25
req-00001131,45220000,45,25.000000,25
req-00001132,45260000,45,25.000000,25
req-00001133,45300000,45,25.000000,25
req-00001134,45340000,45,25.000000,25
req-00001135,45380000,45,25.000000,25
req-00001136,45420000,45,25.000000,25
req-00001137,45460000,45,25.000000,25
req-00001138,45500000,45,25.000000,25
req-00001139,45540000,45,25.000000,25
req-00001140,45580000,45,25.000000,25
req-00001141,45620000,45,25.000000,25
req-00001142,45660000,45,25.000000,25
req-00001143,45700000,45,25.000000,25
req-00001144,45740000,45,25.000000,25
req-00001145,45780000,45,25.000000,25
req-00001146,45820000,45,25.000000,25
req-00001147,45860000,45,25.000000,25
req-00001148,45900000,45,25.000000,25
req-00001149,45940000,45,25.000000,25
req-00001150,45980000,45,25.000000,25
req-00001151,46020000,46,25.000000,25
req-00001152,46060000,46,25.000000,25
req-00001153,46100000,46,25.000000,25
req-00001154,46140000,46,25.000000,25
req-00001155,46180000,46,25.000000,25
req-00001156,46220000,46,25.000000,25
req-00001157,46260000,46,25.000000,25
req-00001158,46300000,46,25.000000,25
req-00001159,46340000,46,25.000000,25
req-00001160,46380000,46,25.000000,25
req-00001161,46420000,46,25.000000,25
req-00001162,46460000,46,25.000000,25
req-00001163,46500000,46,25.000000,25
req-00001164,46540000,46,25.000000,25
req-00001165,46580000,46,25.000000,25
req-00001166,46620000,46,25.000000,25
req-00001167,46660000,46,25.000000,25
req-00001168,46700000,46,25.000000,25
req-00001169,46740000,46,25.000000,25
req-00001170,46780000,46,25.000000,25
req-00001171,46820000,46,25.000000,25
req-00001172,46860000,46,25.000000,25
req-00001173,46900000,46,25.000000,25
req-00001174,46940000,46,25.000000,25
req-00001175,46980000,46,25.000000,25
req-00001176,47020000,47,25.000000,25
req-00001177,47060000,47,25.000000,25
req-00001178,47100000,47,25.000000,25
req-00001179,47140000,47,25.000000,25
req-00001180,47180000,47,25.000000,25
req-00001181,47220000,47,25.000000,25
req-00001182,47260000,47,25.000000,25
req-00001183,47300000,47,25.000000,25
req-00001184,47340000,47,25.000000,25
req-00001185,47380000,47,25.000000,25
req-00001186,47420000,47,25.000000,25
req-00001187,47460000,47,25.000000,25
req-00001188,47500000,47,25.000000,25
req-00001189,47540000,47,25.000000,25
req-00001190,47580000,47,25.000000,25
req-00001191,47620000,47,25.000000,25
req-00001192,47660000,47,25.000000,25
req-00001193,47700000,47,25.000000,25
req-00001194,47740000,47,25.000000,25
req-00001195,47780000,47,25.000000,25
req-00001196,47820000,47,25.000000,25
req-00001197,47860000,47,25.000000,25
req-00001198,47900000,47,25.000000,25
req-00001199,47940000,47,25.000000,25
req-00001200,47980000,47,25.000000,25
req-00001201,48020000,48,25.000000,25
req-00001202,48060000,48,25.000000,25
req-00001203,48100000,48,25.000000,25
req-00001204,48140000,48,25.000000,25
req-00001205,48180000,48,25.000000,25
req-00001206,48220000,48,25.000000,25
req-00001207,48260000,48,25.000000,25
req-00001208,48300000,48,25.000000,25
req-00001209,48340000,48,25.000000,25
req-00001210,48380000,48,25.000000,25
req-00001211,48420000,48,25.000000,25
req-00001212,48460000,48,25.000000,25
req-00001213,48500000,48,25.000000,25
req-00001214,48540000,48,25.000000,25
req-00001215,48580000,48,25.000000,25
req-00001216,48620000,48,25.000000,25
req-00001217,48660000,48,25.000000,25
req-00001218,48700000,48,25.000000,25
req-00001219,48740000,48,25.000000,25
req-00001220,48780000,48,25.000000,25
req-00001221,48820000,48,25.000000,25
req-00001222,48860000,48,25.000000,25
req-00001223,48900000,48,25.000000,25
req-00001224,48940000,48,25.000000,25
req-00001225,48980000,48,25.000000,25
req-00001226,49020000,49,25.000000,25
req-00001227,49060000,49,25.000000,25
req-00001228,49100000,49,25.000000,25
req-00001229,49140000,49,25.000000,25
req-00001230,49180000,49,25.000000,25
req-00001231,49220000,49,25.000000,25
req-00001232,49260000,49,25.000000,25
req-00001233,49300000,49,25.000000,25
req-00001234,49340000,49,25.000000,25
req-00001235,49380000,49,25.000000,25
req-00001236,49420000,49,25.000000,25
req-00001237,49460000,49,25.000000,25
req-00001238,49500000,49,25.000000,25
req-00001239,49540000,49,25.000000,25
req-00001240,49580000,49,25.000000,25
req-00001241,49620000,49,25.000000,25
req-00001242,49660000,49,25.000000,25
req-00001243,49700000,49,25.000000,25
req-00001244,49740000,49,25.000000,25
req-00001245,49780000,49,25.000000,25
req-00001246,49820000,49,25.000000,25
req-00001247,49860000,49,25.000000,25
req-00001248,49900000,49,25.000000,25
req-00001249,49940000,49,25.000000,25
req-00001250,49980000,49,25.000000,25
req-00001251,50020000,50,25.000000,25
req-00001252,50060000,50,25.000000,25
req-00001253,50100000,50,25.000000,25
req-00001254,50140000,50,25.000000,25
req-00001255,50180000,50,25.000000,25
req-00001256,50220000,50,25.000000,25
req-00001257,50260000,50,25.000000,25
req-00001258,50300000,50,25.000000,25
req-00001259,50340000,50,25.000000,25
req-00001260,50380000,50,25.000000,25
req-00001261,50420000,50,25.000000,25
req-00001262,50460000,50,25.000000,25
req-00001263,50500000,50,25.000000,25
req-00001264,50540000,50,25.000000,25
req-00001265,50580000,50,25.000000,25
req-00001266,50620000,50,25.000000,25
req-00001267,50660000,50,25.000000,25
req-00001268,50700000,50,25.000000,25
req-00001269,50740000,50,25.000000,25
req-00001270,50780000,50,25.000000,25
req-00001271,50820000,50,25.000000,25
req-00001272,50860000,50,25.000000,25
req-00001273,50900000,50,25.000000,25
req-00001274,50940000,50,25.000000,25
req-00001275,50980000,50,25.000000,25
req-00001276,51020000,51,25.000000,25
req-00001277,51060000,51,25.000000,25
req-00001278,51100000,51,25.000000,25
req-00001279,51140000,51,25.000000,25
req-00001280,51180000,51,25.000000,25
req-00001281,51220000,51,25.000000,25
req-00001282,51260000,51,25.000000,25
req-00001283,51300000,51,25.000000,25
req-00001284,51340000,51,25.000000,25
req-00001285,51380000,51,25.000000,25
req-00001286,51420000,51,25.000000,25
req-00001287,51460000,51,25.000000,25
req-00001288,51500000,51,25.000000,25
req-00001289,51540000,51,25.000000,25
req-00001290,51580000,51,25.000000,25
req-00001291,51620000,51,25.000000,25
req-00001292,51660000,51,25.000000,25
req-00001293,51700000,51,25.000000,25
req-00001294,51740000,51,25.000000,25
req-00001295,51780000,51,25.000000,25
req-00001296,51820000,51,25.000000,25
req-00001297,51860000,51,25.000000,25
req-00001298,51900000,51,25.000000,25
req-00001299,51940000,51,25.000000,25
req-00001300,51980000,51,25.000000,25
req-00001301,52020000,52,25.000000,25
req-00001302,52060000,52,25.000000,25
req-00001303,52100000,52,25.000000,25
req-00001304,52140000,52,25.000000,25
req-00001305,52180000,52,25.000000,25
req-00001306,52220000,52,25.000000,25
req-00001307,52260000,52,25.000000,25
req-00001308,52300000,52,25.000000,25
req-00001309,52340000,52,25.000000,25
req-00001310,52380000,52,25.000000,25
req-00001311,52420000,52,25.000000,25
req-00001312,52460000,52,25.000000,25
req-00001313,52500000,52,25.000000,25
req-00001314,52540000,52,25.000000,25
req-00001315,52580000,52,25.000000,25
req-00001316,52620000,52,25.000000,25
req-00001317,52660000,52,25.000000,25
req-00001318,52700000,52,25.000000,25
req-00001319,52740000,52,25.000000,25
req-00001320,52780000,52,25.000000,25
req-00001321,52820000,52,25.000000,25
req-00001322,52860000,52,25.000000,25
req-00001323,52900000,52,25.000000,25
req-00001324,52940000,52,25.000000,25
req-00001325,52980000,52,25.000000,25
req-00001326,53020000,53,25.000000,25
req-00001327,53060000,53,25.000000,25
req-00001328,53100000,53,25.000000,25
req-00001329,53140000,53,25.000000,25
req-00001330,53180000,53,25.000000,25
req-00001331,53220000,53,25.000000,25
req-00001332,53260000,53,25.000000,25
req-00001333,53300000,53,25.000000,25
req-00001334,53340000,53,25.000000,25
req-00001335,53380000,53,25.000000,25
req-00001336,53420000,53,25.000000,25
req-00001337,53460000,53,25.000000,25
req-00001338,53500000,53,25.000000,25
req-00001339,53540000,53,25.000000,25
req-00001340,53580000,53,25.000000,25
req-00001341,53620000,53,25.000000,25
req-00001342,53660000,53,25.000000,25
req-00001343,53700000,53,25.000000,25
req-00001344,53740000,53,25.000000,25
req-00001345,53780000,53,25.000000,25
req-00001346,53820000,53,25.000000,25
req-00001347,53860000,53,25.000000,25
req-00001348,53900000,53,25.000000,25
req-00001349,53940000,53,25.000000,25
req-00001350,53980000,53,25.000000,25
req-00001351,54020000,54,25.000000,25
req-00001352,54060000,54,25.000000,25
req-00001353,54100000,54,25.000000,25
req-00001354,54140000,54,25.000000,25
req-00001355,54180000,54,25.000000,25
req-00001356,54220000,54,25.000000,25
req-00001357,54260000,54,25.000000,25
req-00001358,54300000,54,25.000000,25
req-00001359,54340000,54,25.000000,25
req-00001360,54380000,54,25.000000,25
req-00001361,54420000,54,25.000000,25
req-00001362,54460000,54,25.000000,25
req-00001363,54500000,54,25.000000,25
req-00001364,54540000,54,25.000000,25
req-00001365,54580000,54,25.000000,25
req-00001366,54620000,54,25.000000,25
req-00001367,54660000,54,25.000000,25
req-00001368,54700000,54,25.000000,25
req-00001369,54740000,54,25.000000,25
req-00001370,54780000,54,25.000000,25
req-00001371,54820000,54,25.000000,25
req-00001372,54860000,54,25.000000,25
req-00001373,54900000,54,25.000000,25
req-00001374,54940000,54,25.000000,25
req-00001375,54980000,54,25.000000,25
req-00001376,55020000,55,25.000000,25
req-00001377,55060000,55,25.000000,25
req-00001378,55100000,55,25.000000,25
req-00001379,55140000,55,25.000000,25
req-00001380,55180000,55,25.000000,25
req-00001381,55220000,55,25.000000,25
req-00001382,55260000,55,25.000000,25
req-00001383,55300000,55,25.000000,25
req-00001384,55340000,55,25.000000,25
req-00001385,55380000,55,25.000000,25
req-00001386,55420000,55,25.000000,25
req-00001387,55460000,55,25.000000,25
req-00001388,55500000,55,25.000000,25
req-00001389,55540000,55,25.000000,25
req-00001390,55580000,55,25.000000,25
req-00001391,55620000,55,25.000000,25
req-00001392,55660000,55,25.000000,25
req-00001393,55700000,55,25.000000,25
req-00001394,55740000,55,25.000000,25
req-00001395,55780000,55,25.000000,25
req-00001396,55820000,55,25.000000,25
req-00001397,55860000,55,25.000000,25
req-00001398,55900000,55,25.000000,25
req-00001399,55940000,55,25.000000,25
req-00001400,55980000,55,25.000000,25
req-00001401,56020000,56,25.000000,25
req-00001402,56060000,56,25.000000,25
req-00001403,56100000,56,25.000000,25
req-00001404,56140000,56,25.000000,25
req-00001405,56180000,56,25.000000,25
req-00001406,56220000,56,25.000000,25
req-00001407,56260000,56,25.000000,25
req-00001408,56300000,56,25.000000,25
req-00001409,56340000,56,25.000000,25
req-00001410,56380000,56,25.000000,25
req-00001411,56420000,56,25.000000,25
req-00001412,56460000,56,25.000000,25
req-00001413,56500000,56,25.000000,25
req-00001414,56540000,56,25.000000,25
req-00001415,56580000,56,25.000000,25
req-00001416,56620000,56,25.000000,25
req-00001417,56660000,56,25.000000,25
req-00001418,56700000,56,25.000000,25
req-00001419,56740000,56,25.000000,25
req-00001420,56780000,56,25.000000,25
req-00001421,56820000,56,25.000000,25
req-00001422,56860000,56,25.000000,25
req-00001423,56900000,56,25.000000,25
req-00001424,56940000,56,25.000000,25
req-00001425,56980000,56,25.000000,25
req-00001426,57020000,57,25.000000,25
req-00001427,57060000,57,25.000000,25
req-00001428,57100000,57,25.000000,25
req-00001429,57140000,57,25.000000,25
req-00001430,57180000,57,25.000000,25
req-00001431,57220000,57,25.000000,25
req-00001432,57260000,57,25.000000,25
req-00001433,57300000,57,25.000000,25
req-00001434,57340000,57,25.000000,25
req-00001435,57380000,57,25.000000,25
req-00001436,57420000,57,25.000000,25
req-00001437,57460000,57,25.000000,25
req-00001438,57500000,57,25.000000,25
req-00001439,57540000,57,25.000000,25
req-00001440,57580000,57,25.000000,25
req-00001441,57620000,57,25.000000,25
req-00001442,57660000,57,25.000000,25
req-00001443,57700000,57,25.000000,25
req-00001444,57740000,57,25.000000,25
req-00001445,57780000,57,25.000000,25
req-00001446,57820000,57,25.000000,25
req-00001447,57860000,57,25.000000,25
req-00001448,57900000,57,25.000000,25
req-00001449,57940000,57,25.000000,25
req-00001450,57980000,57,25.000000,25
req-00001451,58020000,58,25.000000,25
req-00001452,58060000,58,25.000000,25
req-00001453,58100000,58,25.000000,25
req-00001454,58140000,58,25.000000,25
req-00001455,58180000,58,25.000000,25
req-00001456,58220000,58,25.000000,25
req-00001457,58260000,58,25.000000,25
req-00001458,58300000,58,25.000000,25
req-00001459,58340000,58,25.000000,25
req-00001460,58380000,58,25.000000,25
req-00001461,58420000,58,25.000000,25
req-00001462,58460000,58,25.000000,25
req-00001463,58500000,58,25.000000,25
req-00001464,58540000,58,25.000000,25
req-00001465,58580000,58,25.000000,25
req-00001466,58620000,58,25.000000,25
req-00001467,58660000,58,25.000000,25
req-00001468,58700000,58,25.000000,25
req-00001469,58740000,58,25.000000,25
req-00001470,58780000,58,25.000000,25
req-00001471,58820000,58,25.000000,25
req-00001472,58860000,58,25.000000,25
req-00001473,58900000,58,25.000000,25
req-00001474,58940000,58,25.000000,25
req-00001475,58980000,58,25.000000,25
req-00001476,59020000,59,25.000000,25
req-00001477,59060000,59,25.000000,25
req-00001478,59100000,59,25.000000,25
req-00001479,59140000,59,25.000000,25
req-00001480,59180000,59,25.000000,25
req-00001481,59220000,59,25.000000,25
req-00001482,59260000,59,25.000000,25
req-00001483,59300000,59,25.000000,25
req-00001484,59340000,59,25.000000,25
req-00001485,59380000,59,25.000000,25
req-00001486,59420000,59,25.000000,25
req-00001487,59460000,59,25.000000,25
req-00001488,59500000,59,25.000000,25
req-00001489,59540000,59,25.000000,25
req-00001490,59580000,59,25.000000,25
req-00001491,59620000,59,25.000000,25
req-00001492,59660000,59,25.000000,25
req-00001493,59700000,59,25.000000,25
req-00001494,59740000,59,25.000000,25
req-00001495,59780000,59,25.000000,25
req-00001496,59820000,59,25.000000,25
req-00001497,59860000,59,25.000000,25
req-00001498,59900000,59,25.000000,25
req-00001499,59940000,59,25.000000,25
req-00001500,59980000,59,25.000000,25
req-00001501,60020000,60,25.194444,25
req-00001502,60060000,60,25.194444,25
req-00001503,60100000,60,25.194444,25
req-00001504,60140000,60,25.194444,25
req-00001505,60180000,60,25.194444,25
req-00001506,60220000,60,25.194444,25
req-00001507,60260000,60,25.194444,25
req-00001508,60300000,60,25.194444,25
req-00001509,60340000,60,25.194444,25
req-00001510,60380000,60,25.194444,25
req-00001511,60420000,60,25.194444,25
req-00001512,60460000,60,25.194444,25
req-00001513,60500000,60,25.194444,25
req-00001514,60540000,60,25.194444,25
req-00001515,60580000,60,25.194444,25
req-00001516,60620000,60,25.194444,25
req-00001517,60660000,60,25.194444,25
req-00001518,60700000,60,25.194444,25
req-00001519,60740000,60,25.194444,25
req-00001520,60780000,60,25.194444,25
req-00001521,60820000,60,25.194444,25
req-00001522,60860000,60,25.194444,25
req-00001523,60900000,60,25.194444,25
req-00001524,60940000,60,25.194444,25
req-00001525,60980000,60,25.194444,25
req-00001526,61020000,61,25.388889,25
req-00001527,61060000,61,25.388889,25
req-00001528,61100000,61,25.388889,25
req-00001529,61140000,61,25.388889,25
req-00001530,61180000,61,25.388889,25
req-00001531,61220000,61,25.388889,25
req-00001532,61260000,61,25.388889,25
req-00001533,61300000,61,25.388889,25
req-00001534,61340000,61,25.388889,25
req-00001535,61380000,61,25.388889,25
req-00001536,61420000,61,25.388889,25
req-00001537,61460000,61,25.388889,25
req-00001538,61500000,61,25.388889,25
req-00001539,61540000,61,25.388889,25
req-00001540,61580000,61,25.388889,25
req-00001541,61620000,61,25.388889,25
req-00001542,61660000,61,25.388889,25
req-00001543,61700000,61,25.388889,25
req-00001544,61740000,61,25.388889,25
req-00001545,61780000,61,25.388889,25
req-00001546,61820000,61,25.388889,25
req-00001547,61860000,61,25.388889,25
req-00001548,61900000,61,25.388889,25
req-00001549,61940000,61,25.388889,25
req-00001550,61980000,61,25.388889,25
req-00001551,62019231,62,25.583333,26
req-00001552,62057692,62,25.583333,26
req-00001553,62096154,62,25.583333,26
req-00001554,62134615,62,25.583333,26
req-00001555,62173077,62,25.583333,26
req-00001556,62211538,62,25.583333,26
req-00001557,62250000,62,25.583333,26
req-00001558,62288462,62,25.583333,26
req-00001559,62326923,62,25.583333,26
req-00001560,62365385,62,25.583333,26
req-00001561,62403846,62,25.583333,26
req-00001562,62442308,62,25.583333,26
req-00001563,62480769,62,25.583333,26
req-00001564,62519231,62,25.583333,26
req-00001565,62557692,62,25.583333,26
req-00001566,62596154,62,25.583333,26
req-00001567,62634615,62,25.583333,26
req-00001568,62673077,62,25.583333,26
req-00001569,62711538,62,25.583333,26
req-00001570,62750000,62,25.583333,26
req-00001571,62788462,62,25.583333,26
req-00001572,62826923,62,25.583333,26
req-00001573,62865385,62,25.583333,26
req-00001574,62903846,62,25.583333,26
req-00001575,62942308,62,25.583333,26
req-00001576,62980769,62,25.583333,26
req-00001577,63020000,63,25.777778,25
req-00001578,63060000,63,25.777778,25
req-00001579,63100000,63,25.777778,25
req-00001580,63140000,63,25.777778,25
req-00001581,63180000,63,25.777778,25
req-00001582,63220000,63,25.777778,25
req-00001583,63260000,63,25.777778,25
req-00001584,63300000,63,25.777778,25
req-00001585,63340000,63,25.777778,25
req-00001586,63380000,63,25.777778,25
req-00001587,63420000,63,25.777778,25
req-00001588,63460000,63,25.777778,25
req-00001589,63500000,63,25.777778,25
req-00001590,63540000,63,25.777778,25
req-00001591,63580000,63,25.777778,25
req-00001592,63620000,63,25.777778,25
req-00001593,63660000,63,25.777778,25
req-00001594,63700000,63,25.777778,25
req-00001595,63740000,63,25.777778,25
req-00001596,63780000,63,25.777778,25
req-00001597,63820000,63,25.777778,25
req-00001598,63860000,63,25.777778,25
req-00001599,63900000,63,25.777778,25
req-00001600,63940000,63,25.777778,25
req-00001601,63980000,63,25.777778,25
req-00001602,64019231,64,25.972222,26
req-00001603,64057692,64,25.972222,26
req-00001604,64096154,64,25.972222,26
req-00001605,64134615,64,25.972222,26
req-00001606,64173077,64,25.972222,26
req-00001607,64211538,64,25.972222,26
req-00001608,64250000,64,25.972222,26
req-00001609,64288462,64,25.972222,26
req-00001610,64326923,64,25.972222,26
req-00001611,64365385,64,25.972222,26
req-00001612,64403846,64,25.972222,26
req-00001613,64442308,64,25.972222,26
req-00001614,64480769,64,25.972222,26
req-00001615,64519231,64,25.972222,26
req-00001616,64557692,64,25.972222,26
req-00001617,64596154,64,25.972222,26
req-00001618,64634615,64,25.972222,26
req-00001619,64673077,64,25.972222,26
req-00001620,64711538,64,25.972222,26
req-00001621,64750000,64,25.972222,26
req-00001622,64788462,64,25.972222,26
req-00001623,64826923,64,25.972222,26
req-00001624,64865385,64,25.972222,26
req-00001625,64903846,64,25.972222,26
req-00001626,64942308,64,25.972222,26
req-00001627,64980769,64,25.972222,26
req-00001628,65018519,65,26.166667,27
req-00001629,65055556,65,26.166667,27
req-00001630,65092593,65,26.166667,27
req-00001631,65129630,65,26.166667,27
req-00001632,65166667,65,26.166667,27
req-00001633,65203704,65,26.166667,27
req-00001634,65240741,65,26.166667,27
req-00001635,65277778,65,26.166667,27
req-00001636,65314815,65,26.166667,27
req-00001637,65351852,65,26.166667,27
req-00001638,65388889,65,26.166667,27
req-00001639,65425926,65,26.166667,27
req-00001640,65462963,65,26.166667,27
req-00001641,65500000,65,26.166667,27
req-00001642,65537037,65,26.166667,27
req-00001643,65574074,65,26.166667,27
req-00001644,65611111,65,26.166667,27
req-00001645,65648148,65,26.166667,27
req-00001646,65685185,65,26.166667,27
req-00001647,65722222,65,26.166667,27
req-00001648,65759259,65,26.166667,27
req-00001649,65796296,65,26.166667,27
req-00001650,65833333,65,26.166667,27
req-00001651,65870370,65,26.166667,27
req-00001652,65907407,65,26.166667,27
req-00001653,65944444,65,26.166667,27
req-00001654,65981481,65,26.166667,27
req-00001655,66019231,66,26.361111,26
req-00001656,66057692,66,26.361111,26
req-00001657,66096154,66,26.361111,26
req-00001658,66134615,66,26.361111,26
req-00001659,66173077,66,26.361111,26
req-00001660,66211538,66,26.361111,26
req-00001661,66250000,66,26.361111,26
req-00001662,66288462,66,26.361111,26
req-00001663,66326923,66,26.361111,26
req-00001664,66365385,66,26.361111,26
req-00001665,66403846,66,26.361111,26
req-00001666,66442308,66,26.361111,26
req-00001667,66480769,66,26.361111,26
req-00001668,66519231,66,26.361111,26
req-00001669,66557692,66,26.361111,26
req-00001670,66596154,66,26.361111,26
req-00001671,66634615,66,26.361111,26
req-00001672,66673077,66,26.361111,26
req-00001673,66711538,66,26.361111,26
req-00001674,66750000,66,26.361111,26
req-00001675,66788462,66,26.361111,26
req-00001676,66826923,66,26.361111,26
req-00001677,66865385,66,26.361111,26
req-00001678,66903846,66,26.361111,26
req-00001679,66942308,66,26.361111,26
req-00001680,66980769,66,26.361111,26
req-00001681,67018519,67,26.555556,27
req-00001682,67055556,67,26.555556,27
req-00001683,67092593,67,26.555556,27
req-00001684,67129630,67,26.555556,27
req-00001685,67166667,67,26.555556,27
req-00001686,67203704,67,26.555556,27
req-00001687,67240741,67,26.555556,27
req-00001688,67277778,67,26.555556,27
req-00001689,67314815,67,26.555556,27
req-00001690,67351852,67,26.555556,27
req-00001691,67388889,67,26.555556,27
req-00001692,67425926,67,26.555556,27
req-00001693,67462963,67,26.555556,27
req-00001694,67500000,67,26.555556,27
req-00001695,67537037,67,26.555556,27
req-00001696,67574074,67,26.555556,27
req-00001697,67611111,67,26.555556,27
req-00001698,67648148,67,26.555556,27
req-00001699,67685185,67,26.555556,27
req-00001700,67722222,67,26.555556,27
req-00001701,67759259,67,26.555556,27
req-00001702,67796296,67,26.555556,27
req-00001703,67833333,67,26.555556,27
req-00001704,67870370,67,26.555556,27
req-00001705,67907407,67,26.555556,27
req-00001706,67944444,67,26.555556,27
req-00001707,67981481,67,26.555556,27
req-00001708,68019231,68,26.750000,26
req-00001709,68057692,68,26.750000,26
req-00001710,68096154,68,26.750000,26
req-00001711,68134615,68,26.750000,26
req-00001712,68173077,68,26.750000,26
req-00001713,68211538,68,26.750000,26
req-00001714,68250000,68,26.750000,26
req-00001715,68288462,68,26.750000,26
req-00001716,68326923,68,26.750000,26
req-00001717,68365385,68,26.750000,26
req-00001718,68403846,68,26.750000,26
req-00001719,68442308,68,26.750000,26
req-00001720,68480769,68,26.750000,26
req-00001721,68519231,68,26.750000,26
req-00001722,68557692,68,26.750000,26
req-00001723,68596154,68,26.750000,26
req-00001724,68634615,68,26.750000,26
req-00001725,68673077,68,26.750000,26
req-00001726,68711538,68,26.750000,26
req-00001727,68750000,68,26.750000,26
req-00001728,68788462,68,26.750000,26
req-00001729,68826923,68,26.750000,26
req-00001730,68865385,68,26.750000,26
req-00001731,68903846,68,26.750000,26
req-00001732,68942308,68,26.750000,26
req-00001733,68980769,68,26.750000,26
req-00001734,69018519,69,26.944444,27
req-00001735,69055556,69,26.944444,27
req-00001736,69092593,69,26.944444,27
req-00001737,69129630,69,26.944444,27
req-00001738,69166667,69,26.944444,27
req-00001739,69203704,69,26.944444,27
req-00001740,69240741,69,26.944444,27
req-00001741,69277778,69,26.944444,27
req-00001742,69314815,69,26.944444,27
req-00001743,69351852,69,26.944444,27
req-00001744,69388889,69,26.944444,27
req-00001745,69425926,69,26.944444,27
req-00001746,69462963,69,26.944444,27
req-00001747,69500000,69,26.944444,27
req-00001748,69537037,69,26.944444,27
req-00001749,69574074,69,26.944444,27
req-00001750,69611111,69,26.944444,27
req-00001751,69648148,69,26.944444,27
req-00001752,69685185,69,26.944444,27
req-00001753,69722222,69,26.944444,27
req-00001754,69759259,69,26.944444,27
req-00001755,69796296,69,26.944444,27
req-00001756,69833333,69,26.944444,27
req-00001757,69870370,69,26.944444,27
req-00001758,69907407,69,26.944444,27
req-00001759,69944444,69,26.944444,27
req-00001760,69981481,69,26.944444,27
req-00001761,70018519,70,27.138889,27
req-00001762,70055556,70,27.138889,27
req-00001763,70092593,70,27.138889,27
req-00001764,70129630,70,27.138889,27
req-00001765,70166667,70,27.138889,27
req-00001766,70203704,70,27.138889,27
req-00001767,70240741,70,27.138889,27
req-00001768,70277778,70,27.138889,27
req-00001769,70314815,70,27.138889,27
req-00001770,70351852,70,27.138889,27
req-00001771,70388889,70,27.138889,27
req-00001772,70425926,70,27.138889,27
req-00001773,70462963,70,27.138889,27
req-00001774,70500000,70,27.138889,27
req-00001775,70537037,70,27.138889,27
req-00001776,70574074,70,27.138889,27
req-00001777,70611111,70,27.138889,27
req-00001778,70648148,70,27.138889,27
req-00001779,70685185,70,27.138889,27
req-00001780,70722222,70,27.138889,27
req-00001781,70759259,70,27.138889,27
req-00001782,70796296,70,27.138889,27
req-00001783,70833333,70,27.138889,27
req-00001784,70870370,70,27.138889,27
req-00001785,70907407,70,27.138889,27
req-00001786,70944444,70,27.138889,27
req-00001787,70981481,70,27.138889,27
req-00001788,71017857,71,27.333333,28
req-00001789,71053571,71,27.333333,28
req-00001790,71089286,71,27.333333,28
req-00001791,71125000,71,27.333333,28
req-00001792,71160714,71,27.333333,28
req-00001793,71196429,71,27.333333,28
req-00001794,71232143,71,27.333333,28
req-00001795,71267857,71,27.333333,28
req-00001796,71303571,71,27.333333,28
req-00001797,71339286,71,27.333333,28
req-00001798,71375000,71,27.333333,28
req-00001799,71410714,71,27.333333,28
req-00001800,71446429,71,27.333333,28
req-00001801,71482143,71,27.333333,28
req-00001802,71517857,71,27.333333,28
req-00001803,71553571,71,27.333333,28
req-00001804,71589286,71,27.333333,28
req-00001805,71625000,71,27.333333,28
req-00001806,71660714,71,27.333333,28
req-00001807,71696429,71,27.333333,28
req-00001808,71732143,71,27.333333,28
req-00001809,71767857,71,27.333333,28
req-00001810,71803571,71,27.333333,28
req-00001811,71839286,71,27.333333,28
req-00001812,71875000,71,27.333333,28
req-00001813,71910714,71,27.333333,28
req-00001814,71946429,71,27.333333,28
req-00001815,71982143,71,27.333333,28
req-00001816,72018519,72,27.527778,27
req-00001817,72055556,72,27.527778,27
req-00001818,72092593,72,27.527778,27
req-00001819,72129630,72,27.527778,27
req-00001820,72166667,72,27.527778,27
req-00001821,72203704,72,27.527778,27
req-00001822,72240741,72,27.527778,27
req-00001823,72277778,72,27.527778,27
req-00001824,72314815,72,27.527778,27
req-00001825,72351852,72,27.527778,27
req-00001826,72388889,72,27.527778,27
req-00001827,72425926,72,27.527778,27
req-00001828,72462963,72,27.527778,27
req-00001829,72500000,72,27.527778,27
req-00001830,72537037,72,27.527778,27
req-00001831,72574074,72,27.527778,27
req-00001832,72611111,72,27.527778,27
req-00001833,72648148,72,27.527778,27
req-00001834,72685185,72,27.527778,27
req-00001835,72722222,72,27.527778,27
req-00001836,72759259,72,27.527778,27
req-00001837,72796296,72,27.527778,27
req-00001838,72833333,72,27.527778,27
req-00001839,72870370,72,27.527778,27
req-00001840,72907407,72,27.527778,27
req-00001841,72944444,72,27.527778,27
req-00001842,72981481,72,27.527778,27
req-00001843,73017857,73,27.722222,28
req-00001844,73053571,73,27.722222,28
req-00001845,73089286,73,27.722222,28
req-00001846,73125000,73,27.722222,28
req-00001847,73160714,73,27.722222,28
req-00001848,73196429,73,27.722222,28
req-00001849,73232143,73,27.722222,28
req-00001850,73267857,73,27.722222,28
req-00001851,73303571,73,27.722222,28
req-00001852,73339286,73,27.722222,28
req-00001853,73375000,73,27.722222,28
req-00001854,73410714,73,27.722222,28
req-00001855,73446429,73,27.722222,28
req-00001856,73482143,73,27.722222,28
req-00001857,73517857,73,27.722222,28
req-00001858,73553571,73,27.722222,28
req-00001859,73589286,73,27.722222,28
req-00001860,73625000,73,27.722222,28
req-00001861,73660714,73,27.722222,28
req-00001862,73696429,73,27.722222,28
req-00001863,73732143,73,27.722222,28
req-00001864,73767857,73,27.722222,28
req-00001865,73803571,73,27.722222,28
req-00001866,73839286,73,27.722222,28
req-00001867,73875000,73,27.722222,28
req-00001868,73910714,73,27.722222,28
req-00001869,73946429,73,27.722222,28
req-00001870,73982143,73,27.722222,28
req-00001871,74017857,74,27.916667,28
req-00001872,74053571,74,27.916667,28
req-00001873,74089286,74,27.916667,28
req-00001874,74125000,74,27.916667,28
req-00001875,74160714,74,27.916667,28
req-00001876,74196429,74,27.916667,28
req-00001877,74232143,74,27.916667,28
req-00001878,74267857,74,27.916667,28
req-00001879,74303571,74,27.916667,28
req-00001880,74339286,74,27.916667,28
req-00001881,74375000,74,27.916667,28
req-00001882,74410714,74,27.916667,28
req-00001883,74446429,74,27.916667,28
req-00001884,74482143,74,27.916667,28
req-00001885,74517857,74,27.916667,28
req-00001886,74553571,74,27.916667,28
req-00001887,74589286,74,27.916667,28
req-00001888,74625000,74,27.916667,28
req-00001889,74660714,74,27.916667,28
req-00001890,74696429,74,27.916667,28
req-00001891,74732143,74,27.916667,28
req-00001892,74767857,74,27.916667,28
req-00001893,74803571,74,27.916667,28
req-00001894,74839286,74,27.916667,28
req-00001895,74875000,74,27.916667,28
req-00001896,74910714,74,27.916667,28
req-00001897,74946429,74,27.916667,28
req-00001898,74982143,74,27.916667,28
req-00001899,75017857,75,28.111111,28
req-00001900,75053571,75,28.111111,28
req-00001901,75089286,75,28.111111,28
req-00001902,75125000,75,28.111111,28
req-00001903,75160714,75,28.111111,28
req-00001904,75196429,75,28.111111,28
req-00001905,75232143,75,28.111111,28
req-00001906,75267857,75,28.111111,28
req-00001907,75303571,75,28.111111,28
req-00001908,75339286,75,28.111111,28
req-00001909,75375000,75,28.111111,28
req-00001910,75410714,75,28.111111,28
req-00001911,75446429,75,28.111111,28
req-00001912,75482143,75,28.111111,28
req-00001913,75517857,75,28.111111,28
req-00001914,75553571,75,28.111111,28
req-00001915,75589286,75,28.111111,28
req-00001916,75625000,75,28.111111,28
req-00001917,75660714,75,28.111111,28
req-00001918,75696429,75,28.111111,28
req-00001919,75732143,75,28.111111,28
req-00001920,75767857,75,28.111111,28
req-00001921,75803571,75,28.111111,28
req-00001922,75839286,75,28.111111,28
req-00001923,75875000,75,28.111111,28
req-00001924,75910714,75,28.111111,28
req-00001925,75946429,75,28.111111,28
req-00001926,75982143,75,28.111111,28
req-00001927,76017857,76,28.305556,28
req-00001928,76053571,76,28.305556,28
req-00001929,76089286,76,28.305556,28
req-00001930,76125000,76,28.305556,28
req-00001931,76160714,76,28.305556,28
req-00001932,76196429,76,28.305556,28
req-00001933,76232143,76,28.305556,28
req-00001934,76267857,76,28.305556,28
req-00001935,76303571,76,28.305556,28
req-00001936,76339286,76,28.305556,28
req-00001937,76375000,76,28.305556,28
req-00001938,76410714,76,28.305556,28
req-00001939,76446429,76,28.305556,28
req-00001940,76482143,76,28.305556,28
req-00001941,76517857,76,28.305556,28
req-00001942,76553571,76,28.305556,28
req-00001943,76589286,76,28.305556,28
req-00001944,76625000,76,28.305556,28
req-00001945,76660714,76,28.305556,28
req-00001946,76696429,76,28.305556,28
req-00001947,76732143,76,28.305556,28
req-00001948,76767857,76,28.305556,28
req-00001949,76803571,76,28.305556,28
req-00001950,76839286,76,28.305556,28
req-00001951,76875000,76,28.305556,28
req-00001952,76910714,76,28.305556,28
req-00001953,76946429,76,28.305556,28
req-00001954,76982143,76,28.305556,28
req-00001955,77017241,77,28.500000,29
req-00001956,77051724,77,28.500000,29
req-00001957,77086207,77,28.500000,29
req-00001958,77120690,77,28.500000,29
req-00001959,77155172,77,28.500000,29
req-00001960,77189655,77,28.500000,29
req-00001961,77224138,77,28.500000,29
req-00001962,77258621,77,28.500000,29
req-00001963,77293103,77,28.500000,29
req-00001964,77327586,77,28.500000,29
req-00001965,77362069,77,28.500000,29
req-00001966,77396552,77,28.500000,29
req-00001967,77431034,77,28.500000,29
req-00001968,77465517,77,28.500000,29
req-00001969,77500000,77,28.500000,29
req-00001970,77534483,77,28.500000,29
req-00001971,77568966,77,28.500000,29
req-00001972,77603448,77,28.500000,29
req-00001973,77637931,77,28.500000,29
req-00001974,77672414,77,28.500000,29
req-00001975,77706897,77,28.500000,29
req-00001976,77741379,77,28.500000,29
req-00001977,77775862,77,28.500000,29
req-00001978,77810345,77,28.500000,29
req-00001979,77844828,77,28.500000,29
req-00001980,77879310,77,28.500000,29
req-00001981,77913793,77,28.500000,29
req-00001982,77948276,77,28.500000,29
req-00001983,77982759,77,28.500000,29
req-00001984,78017857,78,28.694444,28
req-00001985,78053571,78,28.694444,28
req-00001986,78089286,78,28.694444,28
req-00001987,78125000,78,28.694444,28
req-00001988,78160714,78,28.694444,28
req-00001989,78196429,78,28.694444,28
req-00001990,78232143,78,28.694444,28
req-00001991,78267857,78,28.694444,28
req-00001992,78303571,78,28.694444,28
req-00001993,78339286,78,28.694444,28
req-00001994,78375000,78,28.694444,28
req-00001995,78410714,78,28.694444,28
req-00001996,78446429,78,28.694444,28
req-00001997,78482143,78,28.694444,28
req-00001998,78517857,78,28.694444,28
req-00001999,78553571,78,28.694444,28
req-00002000,78589286,78,28.694444,28
req-00002001,78625000,78,28.694444,28
req-00002002,78660714,78,28.694444,28
req-00002003,78696429,78,28.694444,28
req-00002004,78732143,78,28.694444,28
req-00002005,78767857,78,28.694444,28
req-00002006,78803571,78,28.694444,28
req-00002007,78839286,78,28.694444,28
req-00002008,78875000,78,28.694444,28
req-00002009,78910714,78,28.694444,28
req-00002010,78946429,78,28.694444,28
req-00002011,78982143,78,28.694444,28
req-00002012,79017241,79,28.888889,29
req-00002013,79051724,79,28.888889,29
req-00002014,79086207,79,28.888889,29
req-00002015,79120690,79,28.888889,29
req-00002016,79155172,79,28.888889,29
req-00002017,79189655,79,28.888889,29
req-00002018,79224138,79,28.888889,29
req-00002019,79258621,79,28.888889,29
req-00002020,79293103,79,28.888889,29
req-00002021,79327586,79,28.888889,29
req-00002022,79362069,79,28.888889,29
req-00002023,79396552,79,28.888889,29
req-00002024,79431034,79,28.888889,29
req-00002025,79465517,79,28.888889,29
req-00002026,79500000,79,28.888889,29
req-00002027,79534483,79,28.888889,29
req-00002028,79568966,79,28.888889,29
req-00002029,79603448,79,28.888889,29
req-00002030,79637931,79,28.888889,29
req-00002031,79672414,79,28.888889,29
req-00002032,79706897,79,28.888889,29
req-00002033,79741379,79,28.888889,29
req-00002034,79775862,79,28.888889,29
req-00002035,79810345,79,28.888889,29
req-00002036,79844828,79,28.888889,29
req-00002037,79879310,79,28.888889,29
req-00002038,79913793,79,28.888889,29
req-00002039,79948276,79,28.888889,29
req-00002040,79982759,79,28.888889,29
req-00002041,80017241,80,29.083333,29
req-00002042,80051724,80,29.083333,29
req-00002043,80086207,80,29.083333,29
req-00002044,80120690,80,29.083333,29
req-00002045,80155172,80,29.083333,29
req-00002046,80189655,80,29.083333,29
req-00002047,80224138,80,29.083333,29
req-00002048,80258621,80,29.083333,29
req-00002049,80293103,80,29.083333,29
req-00002050,80327586,80,29.083333,29
req-00002051,80362069,80,29.083333,29
req-00002052,80396552,80,29.083333,29
req-00002053,80431034,80,29.083333,29
req-00002054,80465517,80,29.083333,29
req-00002055,80500000,80,29.083333,29
req-00002056,80534483,80,29.083333,29
req-00002057,80568966,80,29.083333,29
req-00002058,80603448,80,29.083333,29
req-00002059,80637931,80,29.083333,29
req-00002060,80672414,80,29.083333,29
req-00002061,80706897,80,29.083333,29
req-00002062,80741379,80,29.083333,29
req-00002063,80775862,80,29.083333,29
req-00002064,80810345,80,29.083333,29
req-00002065,80844828,80,29.083333,29
req-00002066,80879310,80,29.083333,29
req-00002067,80913793,80,29.083333,29
req-00002068,80948276,80,29.083333,29
req-00002069,80982759,80,29.083333,29
req-00002070,81016667,81,29.277778,30
req-00002071,81050000,81,29.277778,30
req-00002072,81083333,81,29.277778,30
req-00002073,81116667,81,29.277778,30
req-00002074,81150000,81,29.277778,30
req-00002075,81183333,81,29.277778,30
req-00002076,81216667,81,29.277778,30
req-00002077,81250000,81,29.277778,30
req-00002078,81283333,81,29.277778,30
req-00002079,81316667,81,29.277778,30
req-00002080,81350000,81,29.277778,30
req-00002081,81383333,81,29.277778,30
req-00002082,81416667,81,29.277778,30
req-00002083,81450000,81,29.277778,30
req-00002084,81483333,81,29.277778,30
req-00002085,81516667,81,29.277778,30
req-00002086,81550000,81,29.277778,30
req-00002087,81583333,81,29.277778,30
req-00002088,81616667,81,29.277778,30
req-00002089,81650000,81,29.277778,30
req-00002090,81683333,81,29.277778,30
req-00002091,81716667,81,29.277778,30
req-00002092,81750000,81,29.277778,30
req-00002093,81783333,81,29.277778,30
req-00002094,81816667,81,29.277778,30
req-00002095,81850000,81,29.277778,30
req-00002096,81883333,81,29.277778,30
req-00002097,81916667,81,29.277778,30
req-00002098,81950000,81,29.277778,30
req-00002099,81983333,81,29.277778,30
req-00002100,82017241,82,29.472222,29
req-00002101,82051724,82,29.472222,29
req-00002102,82086207,82,29.472222,29
req-00002103,82120690,82,29.472222,29
req-00002104,82155172,82,29.472222,29
req-00002105,82189655,82,29.472222,29
req-00002106,82224138,82,29.472222,29
req-00002107,82258621,82,29.472222,29
req-00002108,82293103,82,29.472222,29
req-00002109,82327586,82,29.472222,29
req-00002110,82362069,82,29.472222,29
req-00002111,82396552,82,29.472222,29
req-00002112,82431034,82,29.472222,29
req-00002113,82465517,82,29.472222,29
req-00002114,82500000,82,29.472222,29
req-00002115,82534483,82,29.472222,29
req-00002116,82568966,82,29.472222,29
req-00002117,82603448,82,29.472222,29
req-00002118,82637931,82,29.472222,29
req-00002119,82672414,82,29.472222,29
req-00002120,82706897,82,29.472222,29
req-00002121,82741379,82,29.472222,29
req-00002122,82775862,82,29.472222,29
req-00002123,82810345,82,29.472222,29
req-00002124,82844828,82,29.472222,29
req-00002125,82879310,82,29.472222,29
req-00002126,82913793,82,29.472222,29
req-00002127,82948276,82,29.472222,29
req-00002128,82982759,82,29.472222,29
req-00002129,83016667,83,29.666667,30
req-00002130,83050000,83,29.666667,30
req-00002131,83083333,83,29.666667,30
req-00002132,83116667,83,29.666667,30
req-00002133,83150000,83,29.666667,30
req-00002134,83183333,83,29.666667,30
req-00002135,83216667,83,29.666667,30
req-00002136,83250000,83,29.666667,30
req-00002137,83283333,83,29.666667,30
req-00002138,83316667,83,29.666667,30
req-00002139,83350000,83,29.666667,30
req-00002140,83383333,83,29.666667,30
req-00002141,83416667,83,29.666667,30
req-00002142,83450000,83,29.666667,30
req-00002143,83483333,83,29.666667,30
req-00002144,83516667,83,29.666667,30
req-00002145,83550000,83,29.666667,30
req-00002146,83583333,83,29.666667,30
req-00002147,83616667,83,29.666667,30
req-00002148,83650000,83,29.666667,30
req-00002149,83683333,83,29.666667,30
req-00002150,83716667,83,29.666667,30
req-00002151,83750000,83,29.666667,30
req-00002152,83783333,83,29.666667,30
req-00002153,83816667,83,29.666667,30
req-00002154,83850000,83,29.666667,30
req-00002155,83883333,83,29.666667,30
req-00002156,83916667,83,29.666667,30
req-00002157,83950000,83,29.666667,30
req-00002158,83983333,83,29.666667,30
req-00002159,84016667,84,29.861111,30
req-00002160,84050000,84,29.861111,30
req-00002161,84083333,84,29.861111,30
req-00002162,84116667,84,29.861111,30
req-00002163,84150000,84,29.861111,30
req-00002164,84183333,84,29.861111,30
req-00002165,84216667,84,29.861111,30
req-00002166,84250000,84,29.861111,30
req-00002167,84283333,84,29.861111,30
req-00002168,84316667,84,29.861111,30
req-00002169,84350000,84,29.861111,30
req-00002170,84383333,84,29.861111,30
req-00002171,84416667,84,29.861111,30
req-00002172,84450000,84,29.861111,30
req-00002173,84483333,84,29.861111,30
req-00002174,84516667,84,29.861111,30
req-00002175,84550000,84,29.861111,30
req-00002176,84583333,84,29.861111,30
req-00002177,84616667,84,29.861111,30
req-00002178,84650000,84,29.861111,30
req-00002179,84683333,84,29.861111,30
req-00002180,84716667,84,29.861111,30
req-00002181,84750000,84,29.861111,30
req-00002182,84783333,84,29.861111,30
req-00002183,84816667,84,29.861111,30
req-00002184,84850000,84,29.861111,30
req-00002185,84883333,84,29.861111,30
req-00002186,84916667,84,29.861111,30
req-00002187,84950000,84,29.861111,30
req-00002188,84983333,84,29.861111,30
req-00002189,85016667,85,30.055556,30
req-00002190,85050000,85,30.055556,30
req-00002191,85083333,85,30.055556,30
req-00002192,85116667,85,30.055556,30
req-00002193,85150000,85,30.055556,30
req-00002194,85183333,85,30.055556,30
req-00002195,85216667,85,30.055556,30
req-00002196,85250000,85,30.055556,30
req-00002197,85283333,85,30.055556,30
req-00002198,85316667,85,30.055556,30
req-00002199,85350000,85,30.055556,30
req-00002200,85383333,85,30.055556,30
req-00002201,85416667,85,30.055556,30
req-00002202,85450000,85,30.055556,30
req-00002203,85483333,85,30.055556,30
req-00002204,85516667,85,30.055556,30
req-00002205,85550000,85,30.055556,30
req-00002206,85583333,85,30.055556,30
req-00002207,85616667,85,30.055556,30
req-00002208,85650000,85,30.055556,30
req-00002209,85683333,85,30.055556,30
req-00002210,85716667,85,30.055556,30
req-00002211,85750000,85,30.055556,30
req-00002212,85783333,85,30.055556,30
req-00002213,85816667,85,30.055556,30
req-00002214,85850000,85,30.055556,30
req-00002215,85883333,85,30.055556,30
req-00002216,85916667,85,30.055556,30
req-00002217,85950000,85,30.055556,30
req-00002218,85983333,85,30.055556,30
req-00002219,86016667,86,30.250000,30
req-00002220,86050000,86,30.250000,30
req-00002221,86083333,86,30.250000,30
req-00002222,86116667,86,30.250000,30
req-00002223,86150000,86,30.250000,30
req-00002224,86183333,86,30.250000,30
req-00002225,86216667,86,30.250000,30
req-00002226,86250000,86,30.250000,30
req-00002227,86283333,86,30.250000,30
req-00002228,86316667,86,30.250000,30
req-00002229,86350000,86,30.250000,30
req-00002230,86383333,86,30.250000,30
req-00002231,86416667,86,30.250000,30
req-00002232,86450000,86,30.250000,30
req-00002233,86483333,86,30.250000,30
req-00002234,86516667,86,30.250000,30
req-00002235,86550000,86,30.250000,30
req-00002236,86583333,86,30.250000,30
req-00002237,86616667,86,30.250000,30
req-00002238,86650000,86,30.250000,30
req-00002239,86683333,86,30.250000,30
req-00002240,86716667,86,30.250000,30
req-00002241,86750000,86,30.250000,30
req-00002242,86783333,86,30.250000,30
req-00002243,86816667,86,30.250000,30
req-00002244,86850000,86,30.250000,30
req-00002245,86883333,86,30.250000,30
req-00002246,86916667,86,30.250000,30
req-00002247,86950000,86,30.250000,30
req-00002248,86983333,86,30.250000,30
req-00002249,87016667,87,30.444444,30
req-00002250,87050000,87,30.444444,30
req-00002251,87083333,87,30.444444,30
req-00002252,87116667,87,30.444444,30
req-00002253,87150000,87,30.444444,30
req-00002254,87183333,87,30.444444,30
req-00002255,87216667,87,30.444444,30
req-00002256,87250000,87,30.444444,30
req-00002257,87283333,87,30.444444,30
req-00002258,87316667,87,30.444444,30
req-00002259,87350000,87,30.444444,30
req-00002260,87383333,87,30.444444,30
req-00002261,87416667,87,30.444444,30
req-00002262,87450000,87,30.444444,30
req-00002263,87483333,87,30.444444,30
req-00002264,87516667,87,30.444444,30
req-00002265,87550000,87,30.444444,30
req-00002266,87583333,87,30.444444,30
req-00002267,87616667,87,30.444444,30
req-00002268,87650000,87,30.444444,30
req-00002269,87683333,87,30.444444,30
req-00002270,87716667,87,30.444444,30
req-00002271,87750000,87,30.444444,30
req-00002272,87783333,87,30.444444,30
req-00002273,87816667,87,30.444444,30
req-00002274,87850000,87,30.444444,30
req-00002275,87883333,87,30.444444,30
req-00002276,87916667,87,30.444444,30
req-00002277,87950000,87,30.444444,30
req-00002278,87983333,87,30.444444,30
req-00002279,88016129,88,30.638889,31
req-00002280,88048387,88,30.638889,31
req-00002281,88080645,88,30.638889,31
req-00002282,88112903,88,30.638889,31
req-00002283,88145161,88,30.638889,31
req-00002284,88177419,88,30.638889,31
req-00002285,88209677,88,30.638889,31
req-00002286,88241935,88,30.638889,31
req-00002287,88274194,88,30.638889,31
req-00002288,88306452,88,30.638889,31
req-00002289,88338710,88,30.638889,31
req-00002290,88370968,88,30.638889,31
req-00002291,88403226,88,30.638889,31
req-00002292,88435484,88,30.638889,31
req-00002293,88467742,88,30.638889,31
req-00002294,88500000,88,30.638889,31
req-00002295,88532258,88,30.638889,31
req-00002296,88564516,88,30.638889,31
req-00002297,88596774,88,30.638889,31
req-00002298,88629032,88,30.638889,31
req-00002299,88661290,88,30.638889,31
req-00002300,88693548,88,30.638889,31
req-00002301,88725806,88,30.638889,31
req-00002302,88758065,88,30.638889,31
req-00002303,88790323,88,30.638889,31
req-00002304,88822581,88,30.638889,31
req-00002305,88854839,88,30.638889,31
req-00002306,88887097,88,30.638889,31
req-00002307,88919355,88,30.638889,31
req-00002308,88951613,88,30.638889,31
req-00002309,88983871,88,30.638889,31
req-00002310,89016129,89,30.833333,31
req-00002311,89048387,89,30.833333,31
req-00002312,89080645,89,30.833333,31
req-00002313,89112903,89,30.833333,31
req-00002314,89145161,89,30.833333,31
req-00002315,89177419,89,30.833333,31
req-00002316,89209677,89,30.833333,31
req-00002317,89241935,89,30.833333,31
req-00002318,89274194,89,30.833333,31
req-00002319,89306452,89,30.833333,31
req-00002320,89338710,89,30.833333,31
req-00002321,89370968,89,30.833333,31
req-00002322,89403226,89,30.833333,31
req-00002323,89435484,89,30.833333,31
req-00002324,89467742,89,30.833333,31
req-00002325,89500000,89,30.833333,31
req-00002326,89532258,89,30.833333,31
req-00002327,89564516,89,30.833333,31
req-00002328,89596774,89,30.833333,31
req-00002329,89629032,89,30.833333,31
req-00002330,89661290,89,30.833333,31
req-00002331,89693548,89,30.833333,31
req-00002332,89725806,89,30.833333,31
req-00002333,89758065,89,30.833333,31
req-00002334,89790323,89,30.833333,31
req-00002335,89822581,89,30.833333,31
req-00002336,89854839,89,30.833333,31
req-00002337,89887097,89,30.833333,31
req-00002338,89919355,89,30.833333,31
req-00002339,89951613,89,30.833333,31
req-00002340,89983871,89,30.833333,31
req-00002341,90016129,90,31.027778,31
req-00002342,90048387,90,31.027778,31
req-00002343,90080645,90,31.027778,31
req-00002344,90112903,90,31.027778,31
req-00002345,90145161,90,31.027778,31
req-00002346,90177419,90,31.027778,31
req-00002347,90209677,90,31.027778,31
req-00002348,90241935,90,31.027778,31
req-00002349,90274194,90,31.027778,31
req-00002350,90306452,90,31.027778,31
req-00002351,90338710,90,31.027778,31
req-00002352,90370968,90,31.027778,31
req-00002353,90403226,90,31.027778,31
req-00002354,90435484,90,31.027778,31
req-00002355,90467742,90,31.027778,31
req-00002356,90500000,90,31.027778,31
req-00002357,90532258,90,31.027778,31
req-00002358,90564516,90,31.027778,31
req-00002359,90596774,90,31.027778,31
req-00002360,90629032,90,31.027778,31
req-00002361,90661290,90,31.027778,31
req-00002362,90693548,90,31.027778,31
req-00002363,90725806,90,31.027778,31
req-00002364,90758065,90,31.027778,31
req-00002365,90790323,90,31.027778,31
req-00002366,90822581,90,31.027778,31
req-00002367,90854839,90,31.027778,31
req-00002368,90887097,90,31.027778,31
req-00002369,90919355,90,31.027778,31
req-00002370,90951613,90,31.027778,31
req-00002371,90983871,90,31.027778,31
req-00002372,91016129,91,31.222222,31
req-00002373,91048387,91,31.222222,31
req-00002374,91080645,91,31.222222,31
req-00002375,91112903,91,31.222222,31
req-00002376,91145161,91,31.222222,31
req-00002377,91177419,91,31.222222,31
req-00002378,91209677,91,31.222222,31
req-00002379,91241935,91,31.222222,31
req-00002380,91274194,91,31.222222,31
req-00002381,91306452,91,31.222222,31
req-00002382,91338710,91,31.222222,31
req-00002383,91370968,91,31.222222,31
req-00002384,91403226,91,31.222222,31
req-00002385,91435484,91,31.222222,31
req-00002386,91467742,91,31.222222,31
req-00002387,91500000,91,31.222222,31
req-00002388,91532258,91,31.222222,31
req-00002389,91564516,91,31.222222,31
req-00002390,91596774,91,31.222222,31
req-00002391,91629032,91,31.222222,31
req-00002392,91661290,91,31.222222,31
req-00002393,91693548,91,31.222222,31
req-00002394,91725806,91,31.222222,31
req-00002395,91758065,91,31.222222,31
req-00002396,91790323,91,31.222222,31
req-00002397,91822581,91,31.222222,31
req-00002398,91854839,91,31.222222,31
req-00002399,91887097,91,31.222222,31
req-00002400,91919355,91,31.222222,31
req-00002401,91951613,91,31.222222,31
req-00002402,91983871,91,31.222222,31
req-00002403,92015625,92,31.416667,32
req-00002404,92046875,92,31.416667,32
req-00002405,92078125,92,31.416667,32
req-00002406,92109375,92,31.416667,32
req-00002407,92140625,92,31.416667,32
req-00002408,92171875,92,31.416667,32
req-00002409,92203125,92,31.416667,32
req-00002410,92234375,92,31.416667,32
req-00002411,92265625,92,31.416667,32
req-00002412,92296875,92,31.416667,32
req-00002413,92328125,92,31.416667,32
req-00002414,92359375,92,31.416667,32
req-00002415,92390625,92,31.416667,32
req-00002416,92421875,92,31.416667,32
req-00002417,92453125,92,31.416667,32
req-00002418,92484375,92,31.416667,32
req-00002419,92515625,92,31.416667,32
req-00002420,92546875,92,31.416667,32
req-00002421,92578125,92,31.416667,32
req-00002422,92609375,92,31.416667,32
req-00002423,92640625,92,31.416667,32
req-00002424,92671875,92,31.416667,32
req-00002425,92703125,92,31.416667,32
req-00002426,92734375,92,31.416667,32
req-00002427,92765625,92,31.416667,32
req-00002428,92796875,92,31.416667,32
req-00002429,92828125,92,31.416667,32
req-00002430,92859375,92,31.416667,32
req-00002431,92890625,92,31.416667,32
req-00002432,92921875,92,31.416667,32
req-00002433,92953125,92,31.416667,32
req-00002434,92984375,92,31.416667,32
req-00002435,93016129,93,31.611111,31
req-00002436,93048387,93,31.611111,31
req-00002437,93080645,93,31.611111,31
req-00002438,93112903,93,31.611111,31
req-00002439,93145161,93,31.611111,31
req-00002440,93177419,93,31.611111,31
req-00002441,93209677,93,31.611111,31
req-00002442,93241935,93,31.611111,31
req-00002443,93274194,93,31.611111,31
req-00002444,93306452,93,31.611111,31
req-00002445,93338710,93,31.611111,31
req-00002446,93370968,93,31.611111,31
req-00002447,93403226,93,31.611111,31
req-00002448,93435484,93,31.611111,31
req-00002449,93467742,93,31.611111,31
req-00002450,93500000,93,31.611111,31
req-00002451,93532258,93,31.611111,31
req-00002452,93564516,93,31.611111,31
req-00002453,93596774,93,31.611111,31
req-00002454,93629032,93,31.611111,31
req-00002455,93661290,93,31.611111,31
req-00002456,93693548,93,31.611111,31
req-00002457,93725806,93,31.611111,31
req-00002458,93758065,93,31.611111,31
req-00002459,93790323,93,31.611111,31
req-00002460,93822581,93,31.611111,31
req-00002461,93854839,93,31.611111,31
req-00002462,93887097,93,31.611111,31
req-00002463,93919355,93,31.611111,31
req-00002464,93951613,93,31.611111,31
req-00002465,93983871,93,31.611111,31
req-00002466,94015625,94,31.805556,32
req-00002467,94046875,94,31.805556,32
req-00002468,94078125,94,31.805556,32
req-00002469,94109375,94,31.805556,32
req-00002470,94140625,94,31.805556,32
req-00002471,94171875,94,31.805556,32
req-00002472,94203125,94,31.805556,32
req-00002473,94234375,94,31.805556,32
req-00002474,94265625,94,31.805556,32
req-00002475,94296875,94,31.805556,32
req-00002476,94328125,94,31.805556,32
req-00002477,94359375,94,31.805556,32
req-00002478,94390625,94,31.805556,32
req-00002479,94421875,94,31.805556,32
req-00002480,94453125,94,31.805556,32
req-00002481,94484375,94,31.805556,32
req-00002482,94515625,94,31.805556,32
req-00002483,94546875,94,31.805556,32
req-00002484,94578125,94,31.805556,32
req-00002485,94609375,94,31.805556,32
req-00002486,94640625,94,31.805556,32
req-00002487,94671875,94,31.805556,32
req-00002488,94703125,94,31.805556,32
req-00002489,94734375,94,31.805556,32
req-00002490,94765625,94,31.805556,32
req-00002491,94796875,94,31.805556,32
req-00002492,94828125,94,31.805556,32
req-00002493,94859375,94,31.805556,32
req-00002494,94890625,94,31.805556,32
req-00002495,94921875,94,31.805556,32
req-00002496,94953125,94,31.805556,32
req-00002497,94984375,94,31.805556,32
req-00002498,95015625,95,32.000000,32
req-00002499,95046875,95,32.000000,32
req-00002500,95078125,95,32.000000,32
req-00002501,95109375,95,32.000000,32
req-00002502,95140625,95,32.000000,32
req-00002503,95171875,95,32.000000,32
req-00002504,95203125,95,32.000000,32
req-00002505,95234375,95,32.000000,32
req-00002506,95265625,95,32.000000,32
req-00002507,95296875,95,32.000000,32
req-00002508,95328125,95,32.000000,32
req-00002509,95359375,95,32.000000,32
req-00002510,95390625,95,32.000000,32
req-00002511,95421875,95,32.000000,32
req-00002512,95453125,95,32.000000,32
req-00002513,95484375,95,32.000000,32
req-00002514,95515625,95,32.000000,32
req-00002515,95546875,95,32.000000,32
req-00002516,95578125,95,32.000000,32
req-00002517,95609375,95,32.000000,32
req-00002518,95640625,95,32.000000,32
req-00002519,95671875,95,32.000000,32
req-00002520,95703125,95,32.000000,32
req-00002521,95734375,95,32.000000,32
req-00002522,95765625,95,32.000000,32
req-00002523,95796875,95,32.000000,32
req-00002524,95828125,95,32.000000,32
req-00002525,95859375,95,32.000000,32
req-00002526,95890625,95,32.000000,32
req-00002527,95921875,95,32.000000,32
req-00002528,95953125,95,32.000000,32
req-00002529,95984375,95,32.000000,32
req-00002530,96015625,96,32.194444,32
req-00002531,96046875,96,32.194444,32
req-00002532,96078125,96,32.194444,32
req-00002533,96109375,96,32.194444,32
req-00002534,96140625,96,32.194444,32
req-00002535,96171875,96,32.194444,32
req-00002536,96203125,96,32.194444,32
req-00002537,96234375,96,32.194444,32
req-00002538,96265625,96,32.194444,32
req-00002539,96296875,96,32.194444,32
req-00002540,96328125,96,32.194444,32
req-00002541,96359375,96,32.194444,32
req-00002542,96390625,96,32.194444,32
req-00002543,96421875,96,32.194444,32
req-00002544,96453125,96,32.194444,32
req-00002545,96484375,96,32.194444,32
req-00002546,96515625,96,32.194444,32
req-00002547,96546875,96,32.194444,32
req-00002548,96578125,96,32.194444,32
req-00002549,96609375,96,32.194444,32
req-00002550,96640625,96,32.194444,32
req-00002551,96671875,96,32.194444,32
req-00002552,96703125,96,32.194444,32
req-00002553,96734375,96,32.194444,32
req-00002554,96765625,96,32.194444,32
req-00002555,96796875,96,32.194444,32
req-00002556,96828125,96,32.194444,32
req-00002557,96859375,96,32.194444,32
req-00002558,96890625,96,32.194444,32
req-00002559,96921875,96,32.194444,32
req-00002560,96953125,96,32.194444,32
req-00002561,96984375,96,32.194444,32
req-00002562,97015152,97,32.388889,33
req-00002563,97045455,97,32.388889,33
req-00002564,97075758,97,32.388889,33
req-00002565,97106061,97,32.388889,33
req-00002566,97136364,97,32.388889,33
req-00002567,97166667,97,32.388889,33
req-00002568,97196970,97,32.388889,33
req-00002569,97227273,97,32.388889,33
req-00002570,97257576,97,32.388889,33
req-00002571,97287879,97,32.388889,33
req-00002572,97318182,97,32.388889,33
req-00002573,97348485,97,32.388889,33
req-00002574,97378788,97,32.388889,33
req-00002575,97409091,97,32.388889,33
req-00002576,97439394,97,32.388889,33
req-00002577,97469697,97,32.388889,33
req-00002578,97500000,97,32.388889,33
req-00002579,97530303,97,32.388889,33
req-00002580,97560606,97,32.388889,33
req-00002581,97590909,97,32.388889,33
req-00002582,97621212,97,32.388889,33
req-00002583,97651515,97,32.388889,33
req-00002584,97681818,97,32.388889,33
req-00002585,97712121,97,32.388889,33
req-00002586,97742424,97,32.388889,33
req-00002587,97772727,97,32.388889,33
req-00002588,97803030,97,32.388889,33
req-00002589,97833333,97,32.388889,33
req-00002590,97863636,97,32.388889,33
req-00002591,97893939,97,32.388889,33
req-00002592,97924242,97,32.388889,33
req-00002593,97954545,97,32.388889,33
req-00002594,97984848,97,32.388889,33
req-00002595,98015625,98,32.583333,32
req-00002596,98046875,98,32.583333,32
req-00002597,98078125,98,32.583333,32
req-00002598,98109375,98,32.583333,32
req-00002599,98140625,98,32.583333,32
req-00002600,98171875,98,32.583333,32
req-00002601,98203125,98,32.583333,32
req-00002602,98234375,98,32.583333,32
req-00002603,98265625,98,32.583333,32
req-00002604,98296875,98,32.583333,32
req-00002605,98328125,98,32.583333,32
req-00002606,98359375,98,32.583333,32
req-00002607,98390625,98,32.583333,32
req-00002608,98421875,98,32.583333,32
req-00002609,98453125,98,32.583333,32
req-00002610,98484375,98,32.583333,32
req-00002611,98515625,98,32.583333,32
req-00002612,98546875,98,32.583333,32
req-00002613,98578125,98,32.583333,32
req-00002614,98609375,98,32.583333,32
req-00002615,98640625,98,32.583333,32
req-00002616,98671875,98,32.583333,32
req-00002617,98703125,98,32.583333,32
req-00002618,98734375,98,32.583333,32
req-00002619,98765625,98,32.583333,32
req-00002620,98796875,98,32.583333,32
req-00002621,98828125,98,32.583333,32
req-00002622,98859375,98,32.583333,32
req-00002623,98890625,98,32.583333,32
req-00002624,98921875,98,32.583333,32
req-00002625,98953125,98,32.583333,32
req-00002626,98984375,98,32.583333,32
req-00002627,99015152,99,32.777778,33
req-00002628,99045455,99,32.777778,33
req-00002629,99075758,99,32.777778,33
req-00002630,99106061,99,32.777778,33
req-00002631,99136364,99,32.777778,33
req-00002632,99166667,99,32.777778,33
req-00002633,99196970,99,32.777778,33
req-00002634,99227273,99,32.777778,33
req-00002635,99257576,99,32.777778,33
req-00002636,99287879,99,32.777778,33
req-00002637,99318182,99,32.777778,33
req-00002638,99348485,99,32.777778,33
req-00002639,99378788,99,32.777778,33
req-00002640,99409091,99,32.777778,33
req-00002641,99439394,99,32.777778,33
req-00002642,99469697,99,32.777778,33
req-00002643,99500000,99,32.777778,33
req-00002644,99530303,99,32.777778,33
req-00002645,99560606,99,32.777778,33
req-00002646,99590909,99,32.777778,33
req-00002647,99621212,99,32.777778,33
req-00002648,99651515,99,32.777778,33
req-00002649,99681818,99,32.777778,33
req-00002650,99712121,99,32.777778,33
req-00002651,99742424,99,32.777778,33
req-00002652,99772727,99,32.777778,33
req-00002653,99803030,99,32.777778,33
req-00002654,99833333,99,32.777778,33
req-00002655,99863636,99,32.777778,33
req-00002656,99893939,99,32.777778,33
req-00002657,99924242,99,32.777778,33
req-00002658,99954545,99,32.777778,33
req-00002659,99984848,99,32.777778,33
req-00002660,100015152,100,32.972222,33
req-00002661,100045455,100,32.972222,33
req-00002662,100075758,100,32.972222,33
req-00002663,100106061,100,32.972222,33
req-00002664,100136364,100,32.972222,33
req-00002665,100166667,100,32.972222,33
req-00002666,100196970,100,32.972222,33
req-00002667,100227273,100,32.972222,33
req-00002668,100257576,100,32.972222,33
req-00002669,100287879,100,32.972222,33
req-00002670,100318182,100,32.972222,33
req-00002671,100348485,100,32.972222,33
req-00002672,100378788,100,32.972222,33
req-00002673,100409091,100,32.972222,33
req-00002674,100439394,100,32.972222,33
req-00002675,100469697,100,32.972222,33
req-00002676,100500000,100,32.972222,33
req-00002677,100530303,100,32.972222,33
req-00002678,100560606,100,32.972222,33
req-00002679,100590909,100,32.972222,33
req-00002680,100621212,100,32.972222,33
req-00002681,100651515,100,32.972222,33
req-00002682,100681818,100,32.972222,33
req-00002683,100712121,100,32.972222,33
req-00002684,100742424,100,32.972222,33
req-00002685,100772727,100,32.972222,33
req-00002686,100803030,100,32.972222,33
req-00002687,100833333,100,32.972222,33
req-00002688,100863636,100,32.972222,33
req-00002689,100893939,100,32.972222,33
req-00002690,100924242,100,32.972222,33
req-00002691,100954545,100,32.972222,33
req-00002692,100984848,100,32.972222,33
req-00002693,101015152,101,33.166667,33
req-00002694,101045455,101,33.166667,33
req-00002695,101075758,101,33.166667,33
req-00002696,101106061,101,33.166667,33
req-00002697,101136364,101,33.166667,33
req-00002698,101166667,101,33.166667,33
req-00002699,101196970,101,33.166667,33
req-00002700,101227273,101,33.166667,33
req-00002701,101257576,101,33.166667,33
req-00002702,101287879,101,33.166667,33
req-00002703,101318182,101,33.166667,33
req-00002704,101348485,101,33.166667,33
req-00002705,101378788,101,33.166667,33
req-00002706,101409091,101,33.166667,33
req-00002707,101439394,101,33.166667,33
req-00002708,101469697,101,33.166667,33
req-00002709,101500000,101,33.166667,33
req-00002710,101530303,101,33.166667,33
req-00002711,101560606,101,33.166667,33
req-00002712,101590909,101,33.166667,33
req-00002713,101621212,101,33.166667,33
req-00002714,101651515,101,33.166667,33
req-00002715,101681818,101,33.166667,33
req-00002716,101712121,101,33.166667,33
req-00002717,101742424,101,33.166667,33
req-00002718,101772727,101,33.166667,33
req-00002719,101803030,101,33.166667,33
req-00002720,101833333,101,33.166667,33
req-00002721,101863636,101,33.166667,33
req-00002722,101893939,101,33.166667,33
req-00002723,101924242,101,33.166667,33
req-00002724,101954545,101,33.166667,33
req-00002725,101984848,101,33.166667,33
req-00002726,102015152,102,33.361111,33
req-00002727,102045455,102,33.361111,33
req-00002728,102075758,102,33.361111,33
req-00002729,102106061,102,33.361111,33
req-00002730,102136364,102,33.361111,33
req-00002731,102166667,102,33.361111,33
req-00002732,102196970,102,33.361111,33
req-00002733,102227273,102,33.361111,33
req-00002734,102257576,102,33.361111,33
req-00002735,102287879,102,33.361111,33
req-00002736,102318182,102,33.361111,33
req-00002737,102348485,102,33.361111,33
req-00002738,102378788,102,33.361111,33
req-00002739,102409091,102,33.361111,33
req-00002740,102439394,102,33.361111,33
req-00002741,102469697,102,33.361111,33
req-00002742,102500000,102,33.361111,33
req-00002743,102530303,102,33.361111,33
req-00002744,102560606,102,33.361111,33
req-00002745,102590909,102,33.361111,33
req-00002746,102621212,102,33.361111,33
req-00002747,102651515,102,33.361111,33
req-00002748,102681818,102,33.361111,33
req-00002749,102712121,102,33.361111,33
req-00002750,102742424,102,33.361111,33
req-00002751,102772727,102,33.361111,33
req-00002752,102803030,102,33.361111,33
req-00002753,102833333,102,33.361111,33
req-00002754,102863636,102,33.361111,33
req-00002755,102893939,102,33.361111,33
req-00002756,102924242,102,33.361111,33
req-00002757,102954545,102,33.361111,33
req-00002758,102984848,102,33.361111,33
req-00002759,103014706,103,33.555556,34
req-00002760,103044118,103,33.555556,34
req-00002761,103073529,103,33.555556,34
req-00002762,103102941,103,33.555556,34
req-00002763,103132353,103,33.555556,34
req-00002764,103161765,103,33.555556,34
req-00002765,103191176,103,33.555556,34
req-00002766,103220588,103,33.555556,34
req-00002767,103250000,103,33.555556,34
req-00002768,103279412,103,33.555556,34
req-00002769,103308824,103,33.555556,34
req-00002770,103338235,103,33.555556,34
req-00002771,103367647,103,33.555556,34
req-00002772,103397059,103,33.555556,34
req-00002773,103426471,103,33.555556,34
req-00002774,103455882,103,33.555556,34
req-00002775,103485294,103,33.555556,34
req-00002776,103514706,103,33.555556,34
req-00002777,103544118,103,33.555556,34
req-00002778,103573529,103,33.555556,34
req-00002779,103602941,103,33.555556,34
req-00002780,103632353,103,33.555556,34
req-00002781,103661765,103,33.555556,34
req-00002782,103691176,103,33.555556,34
req-00002783,103720588,103,33.555556,34
req-00002784,103750000,103,33.555556,34
req-00002785,103779412,103,33.555556,34
req-00002786,103808824,103,33.555556,34
req-00002787,103838235,103,33.555556,34
req-00002788,103867647,103,33.555556,34
req-00002789,103897059,103,33.555556,34
req-00002790,103926471,103,33.555556,34
req-00002791,103955882,103,33.555556,34
req-00002792,103985294,103,33.555556,34
req-00002793,104014706,104,33.750000,34
req-00002794,104044118,104,33.750000,34
req-00002795,104073529,104,33.750000,34
req-00002796,104102941,104,33.750000,34
req-00002797,104132353,104,33.750000,34
req-00002798,104161765,104,33.750000,34
req-00002799,104191176,104,33.750000,34
req-00002800,104220588,104,33.750000,34
req-00002801,104250000,104,33.750000,34
req-00002802,104279412,104,33.750000,34
req-00002803,104308824,104,33.750000,34
req-00002804,104338235,104,33.750000,34
req-00002805,104367647,104,33.750000,34
req-00002806,104397059,104,33.750000,34
req-00002807,104426471,104,33.750000,34
req-00002808,104455882,104,33.750000,34
req-00002809,104485294,104,33.750000,34
req-00002810,104514706,104,33.750000,34
req-00002811,104544118,104,33.750000,34
req-00002812,104573529,104,33.750000,34
req-00002813,104602941,104,33.750000,34
req-00002814,104632353,104,33.750000,34
req-00002815,104661765,104,33.750000,34
req-00002816,104691176,104,33.750000,34
req-00002817,104720588,104,33.750000,34
req-00002818,104750000,104,33.750000,34
req-00002819,104779412,104,33.750000,34
req-00002820,104808824,104,33.750000,34
req-00002821,104838235,104,33.750000,34
req-00002822,104867647,104,33.750000,34
req-00002823,104897059,104,33.750000,34
req-00002824,104926471,104,33.750000,34
req-00002825,104955882,104,33.750000,34
req-00002826,104985294,104,33.750000,34
req-00002827,105014706,105,33.944444,34
req-00002828,105044118,105,33.944444,34
req-00002829,105073529,105,33.944444,34
req-00002830,105102941,105,33.944444,34
req-00002831,105132353,105,33.944444,34
req-00002832,105161765,105,33.944444,34
req-00002833,105191176,105,33.944444,34
req-00002834,105220588,105,33.944444,34
req-00002835,105250000,105,33.944444,34
req-00002836,105279412,105,33.944444,34
req-00002837,105308824,105,33.944444,34
req-00002838,105338235,105,33.944444,34
req-00002839,105367647,105,33.944444,34
req-00002840,105397059,105,33.944444,34
req-00002841,105426471,105,33.944444,34
req-00002842,105455882,105,33.944444,34
req-00002843,105485294,105,33.944444,34
req-00002844,105514706,105,33.944444,34
req-00002845,105544118,105,33.944444,34
req-00002846,105573529,105,33.944444,34
req-00002847,105602941,105,33.944444,34
req-00002848,105632353,105,33.944444,34
req-00002849,105661765,105,33.944444,34
req-00002850,105691176,105,33.944444,34
req-00002851,105720588,105,33.944444,34
req-00002852,105750000,105,33.944444,34
req-00002853,105779412,105,33.944444,34
req-00002854,105808824,105,33.944444,34
req-00002855,105838235,105,33.944444,34
req-00002856,105867647,105,33.944444,34
req-00002857,105897059,105,33.944444,34
req-00002858,105926471,105,33.944444,34
req-00002859,105955882,105,33.944444,34
req-00002860,105985294,105,33.944444,34
req-00002861,106014706,106,34.138889,34
req-00002862,106044118,106,34.138889,34
req-00002863,106073529,106,34.138889,34
req-00002864,106102941,106,34.138889,34
req-00002865,106132353,106,34.138889,34
req-00002866,106161765,106,34.138889,34
req-00002867,106191176,106,34.138889,34
req-00002868,106220588,106,34.138889,34
req-00002869,106250000,106,34.138889,34
req-00002870,106279412,106,34.138889,34
req-00002871,106308824,106,34.138889,34
req-00002872,106338235,106,34.138889,34
req-00002873,106367647,106,34.138889,34
req-00002874,106397059,106,34.138889,34
req-00002875,106426471,106,34.138889,34
req-00002876,106455882,106,34.138889,34
req-00002877,106485294,106,34.138889,34
req-00002878,106514706,106,34.138889,34
req-00002879,106544118,106,34.138889,34
req-00002880,106573529,106,34.138889,34
req-00002881,106602941,106,34.138889,34
req-00002882,106632353,106,34.138889,34
req-00002883,106661765,106,34.138889,34
req-00002884,106691176,106,34.138889,34
req-00002885,106720588,106,34.138889,34
req-00002886,106750000,106,34.138889,34
req-00002887,106779412,106,34.138889,34
req-00002888,106808824,106,34.138889,34
req-00002889,106838235,106,34.138889,34
req-00002890,106867647,106,34.138889,34
req-00002891,106897059,106,34.138889,34
req-00002892,106926471,106,34.138889,34
req-00002893,106955882,106,34.138889,34
req-00002894,106985294,106,34.138889,34
req-00002895,107014706,107,34.333333,34
req-00002896,107044118,107,34.333333,34
req-00002897,107073529,107,34.333333,34
req-00002898,107102941,107,34.333333,34
req-00002899,107132353,107,34.333333,34
req-00002900,107161765,107,34.333333,34
req-00002901,107191176,107,34.333333,34
req-00002902,107220588,107,34.333333,34
req-00002903,107250000,107,34.333333,34
req-00002904,107279412,107,34.333333,34
req-00002905,107308824,107,34.333333,34
req-00002906,107338235,107,34.333333,34
req-00002907,107367647,107,34.333333,34
req-00002908,107397059,107,34.333333,34
req-00002909,107426471,107,34.333333,34
req-00002910,107455882,107,34.333333,34
req-00002911,107485294,107,34.333333,34
req-00002912,107514706,107,34.333333,34
req-00002913,107544118,107,34.333333,34
req-00002914,107573529,107,34.333333,34
req-00002915,107602941,107,34.333333,34
req-00002916,107632353,107,34.333333,34
req-00002917,107661765,107,34.333333,34
req-00002918,107691176,107,34.333333,34
req-00002919,107720588,107,34.333333,34
req-00002920,107750000,107,34.333333,34
req-00002921,107779412,107,34.333333,34
req-00002922,107808824,107,34.333333,34
req-00002923,107838235,107,34.333333,34
req-00002924,107867647,107,34.333333,34
req-00002925,107897059,107,34.333333,34
req-00002926,107926471,107,34.333333,34
req-00002927,107955882,107,34.333333,34
req-00002928,107985294,107,34.333333,34
req-00002929,108014286,108,34.527778,35
req-00002930,108042857,108,34.527778,35
req-00002931,108071429,108,34.527778,35
req-00002932,108100000,108,34.527778,35
req-00002933,108128571,108,34.527778,35
req-00002934,108157143,108,34.527778,35
req-00002935,108185714,108,34.527778,35
req-00002936,108214286,108,34.527778,35
req-00002937,108242857,108,34.527778,35
req-00002938,108271429,108,34.527778,35
req-00002939,108300000,108,34.527778,35
req-00002940,108328571,108,34.527778,35
req-00002941,108357143,108,34.527778,35
req-00002942,108385714,108,34.527778,35
req-00002943,108414286,108,34.527778,35
req-00002944,108442857,108,34.527778,35
req-00002945,108471429,108,34.527778,35
req-00002946,108500000,108,34.527778,35
req-00002947,108528571,108,34.527778,35
req-00002948,108557143,108,34.527778,35
req-00002949,108585714,108,34.527778,35
req-00002950,108614286,108,34.527778,35
req-00002951,108642857,108,34.527778,35
req-00002952,108671429,108,34.527778,35
req-00002953,108700000,108,34.527778,35
req-00002954,108728571,108,34.527778,35
req-00002955,108757143,108,34.527778,35
req-00002956,108785714,108,34.527778,35
req-00002957,108814286,108,34.527778,35
req-00002958,108842857,108,34.527778,35
req-00002959,108871429,108,34.527778,35
req-00002960,108900000,108,34.527778,35
req-00002961,108928571,108,34.527778,35
req-00002962,108957143,108,34.527778,35
req-00002963,108985714,108,34.527778,35
req-00002964,109014706,109,34.722222,34
req-00002965,109044118,109,34.722222,34
req-00002966,109073529,109,34.722222,34
req-00002967,109102941,109,34.722222,34
req-00002968,109132353,109,34.722222,34
req-00002969,109161765,109,34.722222,34
req-00002970,109191176,109,34.722222,34
req-00002971,109220588,109,34.722222,34
req-00002972,109250000,109,34.722222,34
req-00002973,109279412,109,34.722222,34
req-00002974,109308824,109,34.722222,34
req-00002975,109338235,109,34.722222,34
req-00002976,109367647,109,34.722222,34
req-00002977,109397059,109,34.722222,34
req-00002978,109426471,109,34.722222,34
req-00002979,109455882,109,34.722222,34
req-00002980,109485294,109,34.722222,34
req-00002981,109514706,109,34.722222,34
req-00002982,109544118,109,34.722222,34
req-00002983,109573529,109,34.722222,34
req-00002984,109602941,109,34.722222,34
req-00002985,109632353,109,34.722222,34
req-00002986,109661765,109,34.722222,34
req-00002987,109691176,109,34.722222,34
req-00002988,109720588,109,34.722222,34
req-00002989,109750000,109,34.722222,34
req-00002990,109779412,109,34.722222,34
req-00002991,109808824,109,34.722222,34
req-00002992,109838235,109,34.722222,34
req-00002993,109867647,109,34.722222,34
req-00002994,109897059,109,34.722222,34
req-00002995,109926471,109,34.722222,34
req-00002996,109955882,109,34.722222,34
req-00002997,109985294,109,34.722222,34
req-00002998,110014286,110,34.916667,35
req-00002999,110042857,110,34.916667,35
req-00003000,110071429,110,34.916667,35
req-00003001,110100000,110,34.916667,35
req-00003002,110128571,110,34.916667,35
req-00003003,110157143,110,34.916667,35
req-00003004,110185714,110,34.916667,35
req-00003005,110214286,110,34.916667,35
req-00003006,110242857,110,34.916667,35
req-00003007,110271429,110,34.916667,35
req-00003008,110300000,110,34.916667,35
req-00003009,110328571,110,34.916667,35
req-00003010,110357143,110,34.916667,35
req-00003011,110385714,110,34.916667,35
req-00003012,110414286,110,34.916667,35
req-00003013,110442857,110,34.916667,35
req-00003014,110471429,110,34.916667,35
req-00003015,110500000,110,34.916667,35
req-00003016,110528571,110,34.916667,35
req-00003017,110557143,110,34.916667,35
req-00003018,110585714,110,34.916667,35
req-00003019,110614286,110,34.916667,35
req-00003020,110642857,110,34.916667,35
req-00003021,110671429,110,34.916667,35
req-00003022,110700000,110,34.916667,35
req-00003023,110728571,110,34.916667,35
req-00003024,110757143,110,34.916667,35
req-00003025,110785714,110,34.916667,35
req-00003026,110814286,110,34.916667,35
req-00003027,110842857,110,34.916667,35
req-00003028,110871429,110,34.916667,35
req-00003029,110900000,110,34.916667,35
req-00003030,110928571,110,34.916667,35
req-00003031,110957143,110,34.916667,35
req-00003032,110985714,110,34.916667,35
req-00003033,111014286,111,35.111111,35
req-00003034,111042857,111,35.111111,35
req-00003035,111071429,111,35.111111,35
req-00003036,111100000,111,35.111111,35
req-00003037,111128571,111,35.111111,35
req-00003038,111157143,111,35.111111,35
req-00003039,111185714,111,35.111111,35
req-00003040,111214286,111,35.111111,35
req-00003041,111242857,111,35.111111,35
req-00003042,111271429,111,35.111111,35
req-00003043,111300000,111,35.111111,35
req-00003044,111328571,111,35.111111,35
req-00003045,111357143,111,35.111111,35
req-00003046,111385714,111,35.111111,35
req-00003047,111414286,111,35.111111,35
req-00003048,111442857,111,35.111111,35
req-00003049,111471429,111,35.111111,35
req-00003050,111500000,111,35.111111,35
req-00003051,111528571,111,35.111111,35
req-00003052,111557143,111,35.111111,35
req-00003053,111585714,111,35.111111,35
req-00003054,111614286,111,35.111111,35
req-00003055,111642857,111,35.111111,35
req-00003056,111671429,111,35.111111,35
req-00003057,111700000,111,35.111111,35
req-00003058,111728571,111,35.111111,35
req-00003059,111757143,111,35.111111,35
req-00003060,111785714,111,35.111111,35
req-00003061,111814286,111,35.111111,35
req-00003062,111842857,111,35.111111,35
req-00003063,111871429,111,35.111111,35
req-00003064,111900000,111,35.111111,35
req-00003065,111928571,111,35.111111,35
req-00003066,111957143,111,35.111111,35
req-00003067,111985714,111,35.111111,35
req-00003068,112013889,112,35.305556,36
req-00003069,112041667,112,35.305556,36
req-00003070,112069444,112,35.305556,36
req-00003071,112097222,112,35.305556,36
req-00003072,112125000,112,35.305556,36
req-00003073,112152778,112,35.305556,36
req-00003074,112180556,112,35.305556,36
req-00003075,112208333,112,35.305556,36
req-00003076,112236111,112,35.305556,36
req-00003077,112263889,112,35.305556,36
req-00003078,112291667,112,35.305556,36
req-00003079,112319444,112,35.305556,36
req-00003080,112347222,112,35.305556,36
req-00003081,112375000,112,35.305556,36
req-00003082,112402778,112,35.305556,36
req-00003083,112430556,112,35.305556,36
req-00003084,112458333,112,35.305556,36
req-00003085,112486111,112,35.305556,36
req-00003086,112513889,112,35.305556,36
req-00003087,112541667,112,35.305556,36
req-00003088,112569444,112,35.305556,36
req-00003089,112597222,112,35.305556,36
req-00003090,112625000,112,35.305556,36
req-00003091,112652778,112,35.305556,36
req-00003092,112680556,112,35.305556,36
req-00003093,112708333,112,35.305556,36
req-00003094,112736111,112,35.305556,36
req-00003095,112763889,112,35.305556,36
req-00003096,112791667,112,35.305556,36
req-00003097,112819444,112,35.305556,36
req-00003098,112847222,112,35.305556,36
req-00003099,112875000,112,35.305556,36
req-00003100,112902778,112,35.305556,36
req-00003101,112930556,112,35.305556,36
req-00003102,112958333,112,35.305556,36
req-00003103,112986111,112,35.305556,36
req-00003104,113014286,113,35.500000,35
req-00003105,113042857,113,35.500000,35
req-00003106,113071429,113,35.500000,35
req-00003107,113100000,113,35.500000,35
req-00003108,113128571,113,35.500000,35
req-00003109,113157143,113,35.500000,35
req-00003110,113185714,113,35.500000,35
req-00003111,113214286,113,35.500000,35
req-00003112,113242857,113,35.500000,35
req-00003113,113271429,113,35.500000,35
req-00003114,113300000,113,35.500000,35
req-00003115,113328571,113,35.500000,35
req-00003116,113357143,113,35.500000,35
req-00003117,113385714,113,35.500000,35
req-00003118,113414286,113,35.500000,35
req-00003119,113442857,113,35.500000,35
req-00003120,113471429,113,35.500000,35
req-00003121,113500000,113,35.500000,35
req-00003122,113528571,113,35.500000,35
req-00003123,113557143,113,35.500000,35
req-00003124,113585714,113,35.500000,35
req-00003125,113614286,113,35.500000,35
req-00003126,113642857,113,35.500000,35
req-00003127,113671429,113,35.500000,35
req-00003128,113700000,113,35.500000,35
req-00003129,113728571,113,35.500000,35
req-00003130,113757143,113,35.500000,35
req-00003131,113785714,113,35.500000,35
req-00003132,113814286,113,35.500000,35
req-00003133,113842857,113,35.500000,35
req-00003134,113871429,113,35.500000,35
req-00003135,113900000,113,35.500000,35
req-00003136,113928571,113,35.500000,35
req-00003137,113957143,113,35.500000,35
req-00003138,113985714,113,35.500000,35
req-00003139,114013889,114,35.694444,36
req-00003140,114041667,114,35.694444,36
req-00003141,114069444,114,35.694444,36
req-00003142,114097222,114,35.694444,36
req-00003143,114125000,114,35.694444,36
req-00003144,114152778,114,35.694444,36
req-00003145,114180556,114,35.694444,36
req-00003146,114208333,114,35.694444,36
req-00003147,114236111,114,35.694444,36
req-00003148,114263889,114,35.694444,36
req-00003149,114291667,114,35.694444,36
req-00003150,114319444,114,35.694444,36
req-00003151,114347222,114,35.694444,36
req-00003152,114375000,114,35.694444,36
req-00003153,114402778,114,35.694444,36
req-00003154,114430556,114,35.694444,36
req-00003155,114458333,114,35.694444,36
req-00003156,114486111,114,35.694444,36
req-00003157,114513889,114,35.694444,36
req-00003158,114541667,114,35.694444,36
req-00003159,114569444,114,35.694444,36
req-00003160,114597222,114,35.694444,36
req-00003161,114625000,114,35.694444,36
req-00003162,114652778,114,35.694444,36
req-00003163,114680556,114,35.694444,36
req-00003164,114708333,114,35.694444,36
req-00003165,114736111,114,35.694444,36
req-00003166,114763889,114,35.694444,36
req-00003167,114791667,114,35.694444,36
req-00003168,114819444,114,35.694444,36
req-00003169,114847222,114,35.694444,36
req-00003170,114875000,114,35.694444,36
req-00003171,114902778,114,35.694444,36
req-00003172,114930556,114,35.694444,36
req-00003173,114958333,114,35.694444,36
req-00003174,114986111,114,35.694444,36
req-00003175,115013889,115,35.888889,36
req-00003176,115041667,115,35.888889,36
req-00003177,115069444,115,35.888889,36
req-00003178,115097222,115,35.888889,36
req-00003179,115125000,115,35.888889,36
req-00003180,115152778,115,35.888889,36
req-00003181,115180556,115,35.888889,36
req-00003182,115208333,115,35.888889,36
req-00003183,115236111,115,35.888889,36
req-00003184,115263889,115,35.888889,36
req-00003185,115291667,115,35.888889,36
req-00003186,115319444,115,35.888889,36
req-00003187,115347222,115,35.888889,36
req-00003188,115375000,115,35.888889,36
req-00003189,115402778,115,35.888889,36
req-00003190,115430556,115,35.888889,36
req-00003191,115458333,115,35.888889,36
req-00003192,115486111,115,35.888889,36
req-00003193,115513889,115,35.888889,36
req-00003194,115541667,115,35.888889,36
req-00003195,115569444,115,35.888889,36
req-00003196,115597222,115,35.888889,36
req-00003197,115625000,115,35.888889,36
req-00003198,115652778,115,35.888889,36
req-00003199,115680556,115,35.888889,36
req-00003200,115708333,115,35.888889,36
req-00003201,115736111,115,35.888889,36
req-00003202,115763889,115,35.888889,36
req-00003203,115791667,115,35.888889,36
req-00003204,115819444,115,35.888889,36
req-00003205,115847222,115,35.888889,36
req-00003206,115875000,115,35.888889,36
req-00003207,115902778,115,35.888889,36
req-00003208,115930556,115,35.888889,36
req-00003209,115958333,115,35.888889,36
req-00003210,115986111,115,35.888889,36
req-00003211,116013889,116,36.083333,36
req-00003212,116041667,116,36.083333,36
req-00003213,116069444,116,36.083333,36
req-00003214,116097222,116,36.083333,36
req-00003215,116125000,116,36.083333,36
req-00003216,116152778,116,36.083333,36
req-00003217,116180556,116,36.083333,36
req-00003218,116208333,116,36.083333,36
req-00003219,116236111,116,36.083333,36
req-00003220,116263889,116,36.083333,36
req-00003221,116291667,116,36.083333,36
req-00003222,116319444,116,36.083333,36
req-00003223,116347222,116,36.083333,36
req-00003224,116375000,116,36.083333,36
req-00003225,116402778,116,36.083333,36
req-00003226,116430556,116,36.083333,36
req-00003227,116458333,116,36.083333,36
req-00003228,116486111,116,36.083333,36
req-00003229,116513889,116,36.083333,36
req-00003230,116541667,116,36.083333,36
req-00003231,116569444,116,36.083333,36
req-00003232,116597222,116,36.083333,36
req-00003233,116625000,116,36.083333,36
req-00003234,116652778,116,36.083333,36
req-00003235,116680556,116,36.083333,36
req-00003236,116708333,116,36.083333,36
req-00003237,116736111,116,36.083333,36
req-00003238,116763889,116,36.083333,36
req-00003239,116791667,116,36.083333,36
req-00003240,116819444,116,36.083333,36
req-00003241,116847222,116,36.083333,36
req-00003242,116875000,116,36.083333,36
req-00003243,116902778,116,36.083333,36
req-00003244,116930556,116,36.083333,36
req-00003245,116958333,116,36.083333,36
req-00003246,116986111,116,36.083333,36
req-00003247,117013889,117,36.277778,36
req-00003248,117041667,117,36.277778,36
req-00003249,117069444,117,36.277778,36
req-00003250,117097222,117,36.277778,36
req-00003251,117125000,117,36.277778,36
req-00003252,117152778,117,36.277778,36
req-00003253,117180556,117,36.277778,36
req-00003254,117208333,117,36.277778,36
req-00003255,117236111,117,36.277778,36
req-00003256,117263889,117,36.277778,36
req-00003257,117291667,117,36.277778,36
req-00003258,117319444,117,36.277778,36
req-00003259,117347222,117,36.277778,36
req-00003260,117375000,117,36.277778,36
req-00003261,117402778,117,36.277778,36
req-00003262,117430556,117,36.277778,36
req-00003263,117458333,117,36.277778,36
req-00003264,117486111,117,36.277778,36
req-00003265,117513889,117,36.277778,36
req-00003266,117541667,117,36.277778,36
req-00003267,117569444,117,36.277778,36
req-00003268,117597222,117,36.277778,36
req-00003269,117625000,117,36.277778,36
req-00003270,117652778,117,36.277778,36
req-00003271,117680556,117,36.277778,36
req-00003272,117708333,117,36.277778,36
req-00003273,117736111,117,36.277778,36
req-00003274,117763889,117,36.277778,36
req-00003275,117791667,117,36.277778,36
req-00003276,117819444,117,36.277778,36
req-00003277,117847222,117,36.277778,36
req-00003278,117875000,117,36.277778,36
req-00003279,117902778,117,36.277778,36
req-00003280,117930556,117,36.277778,36
req-00003281,117958333,117,36.277778,36
req-00003282,117986111,117,36.277778,36
req-00003283,118013514,118,36.472222,37
req-00003284,118040541,118,36.472222,37
req-00003285,118067568,118,36.472222,37
req-00003286,118094595,118,36.472222,37
req-00003287,118121622,118,36.472222,37
req-00003288,118148649,118,36.472222,37
req-00003289,118175676,118,36.472222,37
req-00003290,118202703,118,36.472222,37
req-00003291,118229730,118,36.472222,37
req-00003292,118256757,118,36.472222,37
req-00003293,118283784,118,36.472222,37
req-00003294,118310811,118,36.472222,37
req-00003295,118337838,118,36.472222,37
req-00003296,118364865,118,36.472222,37
req-00003297,118391892,118,36.472222,37
req-00003298,118418919,118,36.472222,37
req-00003299,118445946,118,36.472222,37
req-00003300,118472973,118,36.472222,37
req-00003301,118500000,118,36.472222,37
req-00003302,118527027,118,36.472222,37
req-00003303,118554054,118,36.472222,37
req-00003304,118581081,118,36.472222,37
req-00003305,118608108,118,36.472222,37
req-00003306,118635135,118,36.472222,37
req-00003307,118662162,118,36.472222,37
req-00003308,118689189,118,36.472222,37
req-00003309,118716216,118,36.472222,37
req-00003310,118743243,118,36.472222,37
req-00003311,118770270,118,36.472222,37
req-00003312,118797297,118,36.472222,37
req-00003313,118824324,118,36.472222,37
req-00003314,118851351,118,36.472222,37
req-00003315,118878378,118,36.472222,37
req-00003316,118905405,118,36.472222,37
req-00003317,118932432,118,36.472222,37
req-00003318,118959459,118,36.472222,37
req-00003319,118986486,118,36.472222,37
req-00003320,119013889,119,36.666667,36
req-00003321,119041667,119,36.666667,36
req-00003322,119069444,119,36.666667,36
req-00003323,119097222,119,36.666667,36
req-00003324,119125000,119,36.666667,36
req-00003325,119152778,119,36.666667,36
req-00003326,119180556,119,36.666667,36
req-00003327,119208333,119,36.666667,36
req-00003328,119236111,119,36.666667,36
req-00003329,119263889,119,36.666667,36
req-00003330,119291667,119,36.666667,36
req-00003331,119319444,119,36.666667,36
req-00003332,119347222,119,36.666667,36
req-00003333,119375000,119,36.666667,36
req-00003334,119402778,119,36.666667,36
req-00003335,119430556,119,36.666667,36
req-00003336,119458333,119,36.666667,36
req-00003337,119486111,119,36.666667,36
req-00003338,119513889,119,36.666667,36
req-00003339,119541667,119,36.666667,36
req-00003340,119569444,119,36.666667,36
req-00003341,119597222,119,36.666667,36
req-00003342,119625000,119,36.666667,36
req-00003343,119652778,119,36.666667,36
req-00003344,119680556,119,36.666667,36
req-00003345,119708333,119,36.666667,36
req-00003346,119736111,119,36.666667,36
req-00003347,119763889,119,36.666667,36
req-00003348,119791667,119,36.666667,36
req-00003349,119819444,119,36.666667,36
req-00003350,119847222,119,36.666667,36
req-00003351,119875000,119,36.666667,36
req-00003352,119902778,119,36.666667,36
req-00003353,119930556,119,36.666667,36
req-00003354,119958333,119,36.666667,36
req-00003355,119986111,119,36.666667,36
req-00003356,120013514,120,36.861111,37
req-00003357,120040541,120,36.861111,37
req-00003358,120067568,120,36.861111,37
req-00003359,120094595,120,36.861111,37
req-00003360,120121622,120,36.861111,37
req-00003361,120148649,120,36.861111,37
req-00003362,120175676,120,36.861111,37
req-00003363,120202703,120,36.861111,37
req-00003364,120229730,120,36.861111,37
req-00003365,120256757,120,36.861111,37
req-00003366,120283784,120,36.861111,37
req-00003367,120310811,120,36.861111,37
req-00003368,120337838,120,36.861111,37
req-00003369,120364865,120,36.861111,37
req-00003370,120391892,120,36.861111,37
req-00003371,120418919,120,36.861111,37
req-00003372,120445946,120,36.861111,37
req-00003373,120472973,120,36.861111,37
req-00003374,120500000,120,36.861111,37
req-00003375,120527027,120,36.861111,37
req-00003376,120554054,120,36.861111,37
req-00003377,120581081,120,36.861111,37
req-00003378,120608108,120,36.861111,37
req-00003379,120635135,120,36.861111,37
req-00003380,120662162,120,36.861111,37
req-00003381,120689189,120,36.861111,37
req-00003382,120716216,120,36.861111,37
req-00003383,120743243,120,36.861111,37
req-00003384,120770270,120,36.861111,37
req-00003385,120797297,120,36.861111,37
req-00003386,120824324,120,36.861111,37
req-00003387,120851351,120,36.861111,37
req-00003388,120878378,120,36.861111,37
req-00003389,120905405,120,36.861111,37
req-00003390,120932432,120,36.861111,37
req-00003391,120959459,120,36.861111,37
req-00003392,120986486,120,36.861111,37
req-00003393,121013514,121,37.055556,37
req-00003394,121040541,121,37.055556,37
req-00003395,121067568,121,37.055556,37
req-00003396,121094595,121,37.055556,37
req-00003397,121121622,121,37.055556,37
req-00003398,121148649,121,37.055556,37
req-00003399,121175676,121,37.055556,37
req-00003400,121202703,121,37.055556,37
req-00003401,121229730,121,37.055556,37
req-00003402,121256757,121,37.055556,37
req-00003403,121283784,121,37.055556,37
req-00003404,121310811,121,37.055556,37
req-00003405,121337838,121,37.055556,37
req-00003406,121364865,121,37.055556,37
req-00003407,121391892,121,37.055556,37
req-00003408,121418919,121,37.055556,37
req-00003409,121445946,121,37.055556,37
req-00003410,121472973,121,37.055556,37
req-00003411,121500000,121,37.055556,37
req-00003412,121527027,121,37.055556,37
req-00003413,121554054,121,37.055556,37
req-00003414,121581081,121,37.055556,37
req-00003415,121608108,121,37.055556,37
req-00003416,121635135,121,37.055556,37
req-00003417,121662162,121,37.055556,37
req-00003418,121689189,121,37.055556,37
req-00003419,121716216,121,37.055556,37
req-00003420,121743243,121,37.055556,37
req-00003421,121770270,121,37.055556,37
req-00003422,121797297,121,37.055556,37
req-00003423,121824324,121,37.055556,37
req-00003424,121851351,121,37.055556,37
req-00003425,121878378,121,37.055556,37
req-00003426,121905405,121,37.055556,37
req-00003427,121932432,121,37.055556,37
req-00003428,121959459,121,37.055556,37
req-00003429,121986486,121,37.055556,37
req-00003430,122013158,122,37.250000,38
req-00003431,122039474,122,37.250000,38
req-00003432,122065789,122,37.250000,38
req-00003433,122092105,122,37.250000,38
req-00003434,122118421,122,37.250000,38
req-00003435,122144737,122,37.250000,38
req-00003436,122171053,122,37.250000,38
req-00003437,122197368,122,37.250000,38
req-00003438,122223684,122,37.250000,38
req-00003439,122250000,122,37.250000,38
req-00003440,122276316,122,37.250000,38
req-00003441,122302632,122,37.250000,38
req-00003442,122328947,122,37.250000,38
req-00003443,122355263,122,37.250000,38
req-00003444,122381579,122,37.250000,38
req-00003445,122407895,122,37.250000,38
req-00003446,122434211,122,37.250000,38
req-00003447,122460526,122,37.250000,38
req-00003448,122486842,122,37.250000,38
req-00003449,122513158,122,37.250000,38
req-00003450,122539474,122,37.250000,38
req-00003451,122565789,122,37.250000,38
req-00003452,122592105,122,37.250000,38
req-00003453,122618421,122,37.250000,38
req-00003454,122644737,122,37.250000,38
req-00003455,122671053,122,37.250000,38
req-00003456,122697368,122,37.250000,38
req-00003457,122723684,122,37.250000,38
req-00003458,122750000,122,37.250000,38
req-00003459,122776316,122,37.250000,38
req-00003460,122802632,122,37.250000,38
req-00003461,122828947,122,37.250000,38
req-00003462,122855263,122,37.250000,38
req-00003463,122881579,122,37.250000,38
req-00003464,122907895,122,37.250000,38
req-00003465,122934211,122,37.250000,38
req-00003466,122960526,122,37.250000,38
req-00003467,122986842,122,37.250000,38
req-00003468,123013514,123,37.444444,37
req-00003469,123040541,123,37.444444,37
req-00003470,123067568,123,37.444444,37
req-00003471,123094595,123,37.444444,37
req-00003472,123121622,123,37.444444,37
req-00003473,123148649,123,37.444444,37
req-00003474,123175676,123,37.444444,37
req-00003475,123202703,123,37.444444,37
req-00003476,123229730,123,37.444444,37
req-00003477,123256757,123,37.444444,37
req-00003478,123283784,123,37.444444,37
req-00003479,123310811,123,37.444444,37
req-00003480,123337838,123,37.444444,37
req-00003481,123364865,123,37.444444,37
req-00003482,123391892,123,37.444444,37
req-00003483,123418919,123,37.444444,37
req-00003484,123445946,123,37.444444,37
req-00003485,123472973,123,37.444444,37
req-00003486,123500000,123,37.444444,37
req-00003487,123527027,123,37.444444,37
req-00003488,123554054,123,37.444444,37
req-00003489,123581081,123,37.444444,37
req-00003490,123608108,123,37.444444,37
req-00003491,123635135,123,37.444444,37
req-00003492,123662162,123,37.444444,37
req-00003493,123689189,123,37.444444,37
req-00003494,123716216,123,37.444444,37
req-00003495,123743243,123,37.444444,37
req-00003496,123770270,123,37.444444,37
req-00003497,123797297,123,37.444444,37
req-00003498,123824324,123,37.444444,37
req-00003499,123851351,123,37.444444,37
req-00003500,123878378,123,37.444444,37
req-00003501,123905405,123,37.444444,37
req-00003502,123932432,123,37.444444,37
req-00003503,123959459,123,37.444444,37
req-00003504,123986486,123,37.444444,37
req-00003505,124013158,124,37.638889,38
req-00003506,124039474,124,37.638889,38
req-00003507,124065789,124,37.638889,38
req-00003508,124092105,124,37.638889,38
req-00003509,124118421,124,37.638889,38
req-00003510,124144737,124,37.638889,38
req-00003511,124171053,124,37.638889,38
req-00003512,124197368,124,37.638889,38
req-00003513,124223684,124,37.638889,38
req-00003514,124250000,124,37.638889,38
req-00003515,124276316,124,37.638889,38
req-00003516,124302632,124,37.638889,38
req-00003517,124328947,124,37.638889,38
req-00003518,124355263,124,37.638889,38
req-00003519,124381579,124,37.638889,38
req-00003520,124407895,124,37.638889,38
req-00003521,124434211,124,37.638889,38
req-00003522,124460526,124,37.638889,38
req-00003523,124486842,124,37.638889,38
req-00003524,124513158,124,37.638889,38
req-00003525,124539474,124,37.638889,38
req-00003526,124565789,124,37.638889,38
req-00003527,124592105,124,37.638889,38
req-00003528,124618421,124,37.638889,38
req-00003529,124644737,124,37.638889,38
req-00003530,124671053,124,37.638889,38
req-00003531,124697368,124,37.638889,38
req-00003532,124723684,124,37.638889,38
req-00003533,124750000,124,37.638889,38
req-00003534,124776316,124,37.638889,38
req-00003535,124802632,124,37.638889,38
req-00003536,124828947,124,37.638889,38
req-00003537,124855263,124,37.638889,38
req-00003538,124881579,124,37.638889,38
req-00003539,124907895,124,37.638889,38
req-00003540,124934211,124,37.638889,38
req-00003541,124960526,124,37.638889,38
req-00003542,124986842,124,37.638889,38
req-00003543,125013514,125,37.833333,37
req-00003544,125040541,125,37.833333,37
req-00003545,125067568,125,37.833333,37
req-00003546,125094595,125,37.833333,37
req-00003547,125121622,125,37.833333,37
req-00003548,125148649,125,37.833333,37
req-00003549,125175676,125,37.833333,37
req-00003550,125202703,125,37.833333,37
req-00003551,125229730,125,37.833333,37
req-00003552,125256757,125,37.833333,37
req-00003553,125283784,125,37.833333,37
req-00003554,125310811,125,37.833333,37
req-00003555,125337838,125,37.833333,37
req-00003556,125364865,125,37.833333,37
req-00003557,125391892,125,37.833333,37
req-00003558,125418919,125,37.833333,37
req-00003559,125445946,125,37.833333,37
req-00003560,125472973,125,37.833333,37
req-00003561,125500000,125,37.833333,37
req-00003562,125527027,125,37.833333,37
req-00003563,125554054,125,37.833333,37
req-00003564,125581081,125,37.833333,37
req-00003565,125608108,125,37.833333,37
req-00003566,125635135,125,37.833333,37
req-00003567,125662162,125,37.833333,37
req-00003568,125689189,125,37.833333,37
req-00003569,125716216,125,37.833333,37
req-00003570,125743243,125,37.833333,37
req-00003571,125770270,125,37.833333,37
req-00003572,125797297,125,37.833333,37
req-00003573,125824324,125,37.833333,37
req-00003574,125851351,125,37.833333,37
req-00003575,125878378,125,37.833333,37
req-00003576,125905405,125,37.833333,37
req-00003577,125932432,125,37.833333,37
req-00003578,125959459,125,37.833333,37
req-00003579,125986486,125,37.833333,37
req-00003580,126013158,126,38.027778,38
req-00003581,126039474,126,38.027778,38
req-00003582,126065789,126,38.027778,38
req-00003583,126092105,126,38.027778,38
req-00003584,126118421,126,38.027778,38
req-00003585,126144737,126,38.027778,38
req-00003586,126171053,126,38.027778,38
req-00003587,126197368,126,38.027778,38
req-00003588,126223684,126,38.027778,38
req-00003589,126250000,126,38.027778,38
req-00003590,126276316,126,38.027778,38
req-00003591,126302632,126,38.027778,38
req-00003592,126328947,126,38.027778,38
req-00003593,126355263,126,38.027778,38
req-00003594,126381579,126,38.027778,38
req-00003595,126407895,126,38.027778,38
req-00003596,126434211,126,38.027778,38
req-00003597,126460526,126,38.027778,38
req-00003598,126486842,126,38.027778,38
req-00003599,126513158,126,38.027778,38
req-00003600,126539474,126,38.027778,38
req-00003601,126565789,126,38.027778,38
req-00003602,126592105,126,38.027778,38
req-00003603,126618421,126,38.027778,38
req-00003604,126644737,126,38.027778,38
req-00003605,126671053,126,38.027778,38
req-00003606,126697368,126,38.027778,38
req-00003607,126723684,126,38.027778,38
req-00003608,126750000,126,38.027778,38
req-00003609,126776316,126,38.027778,38
req-00003610,126802632,126,38.027778,38
req-00003611,126828947,126,38.027778,38
req-00003612,126855263,126,38.027778,38
req-00003613,126881579,126,38.027778,38
req-00003614,126907895,126,38.027778,38
req-00003615,126934211,126,38.027778,38
req-00003616,126960526,126,38.027778,38
req-00003617,126986842,126,38.027778,38
req-00003618,127012821,127,38.222222,39
req-00003619,127038462,127,38.222222,39
req-00003620,127064103,127,38.222222,39
req-00003621,127089744,127,38.222222,39
req-00003622,127115385,127,38.222222,39
req-00003623,127141026,127,38.222222,39
req-00003624,127166667,127,38.222222,39
req-00003625,127192308,127,38.222222,39
req-00003626,127217949,127,38.222222,39
req-00003627,127243590,127,38.222222,39
req-00003628,127269231,127,38.222222,39
req-00003629,127294872,127,38.222222,39
req-00003630,127320513,127,38.222222,39
req-00003631,127346154,127,38.222222,39
req-00003632,127371795,127,38.222222,39
req-00003633,127397436,127,38.222222,39
req-00003634,127423077,127,38.222222,39
req-00003635,127448718,127,38.222222,39
req-00003636,127474359,127,38.222222,39
req-00003637,127500000,127,38.222222,39
req-00003638,127525641,127,38.222222,39
req-00003639,127551282,127,38.222222,39
req-00003640,127576923,127,38.222222,39
req-00003641,127602564,127,38.222222,39
req-00003642,127628205,127,38.222222,39
req-00003643,127653846,127,38.222222,39
req-00003644,127679487,127,38.222222,39
req-00003645,127705128,127,38.222222,39
req-00003646,127730769,127,38.222222,39
req-00003647,127756410,127,38.222222,39
req-00003648,127782051,127,38.222222,39
req-00003649,127807692,127,38.222222,39
req-00003650,127833333,127,38.222222,39
req-00003651,127858974,127,38.222222,39
req-00003652,127884615,127,38.222222,39
req-00003653,127910256,127,38.222222,39
req-00003654,127935897,127,38.222222,39
req-00003655,127961538,127,38.222222,39
req-00003656,127987179,127,38.222222,39
req-00003657,128013158,128,38.416667,38
req-00003658,128039474,128,38.416667,38
req-00003659,128065789,128,38.416667,38
req-00003660,128092105,128,38.416667,38
req-00003661,128118421,128,38.416667,38
req-00003662,128144737,128,38.416667,38
req-00003663,128171053,128,38.416667,38
req-00003664,128197368,128,38.416667,38
req-00003665,128223684,128,38.416667,38
req-00003666,128250000,128,38.416667,38
req-00003667,128276316,128,38.416667,38
req-00003668,128302632,128,38.416667,38
req-00003669,128328947,128,38.416667,38
req-00003670,128355263,128,38.416667,38
req-00003671,128381579,128,38.416667,38
req-00003672,128407895,128,38.416667,38
req-00003673,128434211,128,38.416667,38
req-00003674,128460526,128,38.416667,38
req-00003675,128486842,128,38.416667,38
req-00003676,128513158,128,38.416667,38
req-00003677,128539474,128,38.416667,38
req-00003678,128565789,128,38.416667,38
req-00003679,128592105,128,38.416667,38
req-00003680,128618421,128,38.416667,38
req-00003681,128644737,128,38.416667,38
req-00003682,128671053,128,38.416667,38
req-00003683,128697368,128,38.416667,38
req-00003684,128723684,128,38.416667,38
req-00003685,128750000,128,38.416667,38
req-00003686,128776316,128,38.416667,38
req-00003687,128802632,128,38.416667,38
req-00003688,128828947,128,38.416667,38
req-00003689,128855263,128,38.416667,38
req-00003690,128881579,128,38.416667,38
req-00003691,128907895,128,38.416667,38
req-00003692,128934211,128,38.416667,38
req-00003693,128960526,128,38.416667,38
req-00003694,128986842,128,38.416667,38
req-00003695,129012821,129,38.611111,39
req-00003696,129038462,129,38.611111,39
req-00003697,129064103,129,38.611111,39
req-00003698,129089744,129,38.611111,39
req-00003699,129115385,129,38.611111,39
req-00003700,129141026,129,38.611111,39
req-00003701,129166667,129,38.611111,39
req-00003702,129192308,129,38.611111,39
req-00003703,129217949,129,38.611111,39
req-00003704,129243590,129,38.611111,39
req-00003705,129269231,129,38.611111,39
req-00003706,129294872,129,38.611111,39
req-00003707,129320513,129,38.611111,39
req-00003708,129346154,129,38.611111,39
req-00003709,129371795,129,38.611111,39
req-00003710,129397436,129,38.611111,39
req-00003711,129423077,129,38.611111,39
req-00003712,129448718,129,38.611111,39
req-00003713,129474359,129,38.611111,39
req-00003714,129500000,129,38.611111,39
req-00003715,129525641,129,38.611111,39
req-00003716,129551282,129,38.611111,39
req-00003717,129576923,129,38.611111,39
req-00003718,129602564,129,38.611111,39
req-00003719,129628205,129,38.611111,39
req-00003720,129653846,129,38.611111,39
req-00003721,129679487,129,38.611111,39
req-00003722,129705128,129,38.611111,39
req-00003723,129730769,129,38.611111,39
req-00003724,129756410,129,38.611111,39
req-00003725,129782051,129,38.611111,39
req-00003726,129807692,129,38.611111,39
req-00003727,129833333,129,38.611111,39
req-00003728,129858974,129,38.611111,39
req-00003729,129884615,129,38.611111,39
req-00003730,129910256,129,38.611111,39
req-00003731,129935897,129,38.611111,39
req-00003732,129961538,129,38.611111,39
req-00003733,129987179,129,38.611111,39
req-00003734,130012821,130,38.805556,39
req-00003735,130038462,130,38.805556,39
req-00003736,130064103,130,38.805556,39
req-00003737,130089744,130,38.805556,39
req-00003738,130115385,130,38.805556,39
req-00003739,130141026,130,38.805556,39
req-00003740,130166667,130,38.805556,39
req-00003741,130192308,130,38.805556,39
req-00003742,130217949,130,38.805556,39
req-00003743,130243590,130,38.805556,39
req-00003744,130269231,130,38.805556,39
req-00003745,130294872,130,38.805556,39
req-00003746,130320513,130,38.805556,39
req-00003747,130346154,130,38.805556,39
req-00003748,130371795,130,38.805556,39
req-00003749,130397436,130,38.805556,39
req-00003750,130423077,130,38.805556,39
req-00003751,130448718,130,38.805556,39
req-00003752,130474359,130,38.805556,39
req-00003753,130500000,130,38.805556,39
req-00003754,130525641,130,38.805556,39
req-00003755,130551282,130,38.805556,39
req-00003756,130576923,130,38.805556,39
req-00003757,130602564,130,38.805556,39
req-00003758,130628205,130,38.805556,39
req-00003759,130653846,130,38.805556,39
req-00003760,130679487,130,38.805556,39
req-00003761,130705128,130,38.805556,39
req-00003762,130730769,130,38.805556,39
req-00003763,130756410,130,38.805556,39
req-00003764,130782051,130,38.805556,39
req-00003765,130807692,130,38.805556,39
req-00003766,130833333,130,38.805556,39
req-00003767,130858974,130,38.805556,39
req-00003768,130884615,130,38.805556,39
req-00003769,130910256,130,38.805556,39
req-00003770,130935897,130,38.805556,39
req-00003771,130961538,130,38.805556,39
req-00003772,130987179,130,38.805556,39
req-00003773,131012821,131,39.000000,39
req-00003774,131038462,131,39.000000,39
req-00003775,131064103,131,39.000000,39
req-00003776,131089744,131,39.000000,39
req-00003777,131115385,131,39.000000,39
req-00003778,131141026,131,39.000000,39
req-00003779,131166667,131,39.000000,39
req-00003780,131192308,131,39.000000,39
req-00003781,131217949,131,39.000000,39
req-00003782,131243590,131,39.000000,39
req-00003783,131269231,131,39.000000,39
req-00003784,131294872,131,39.000000,39
req-00003785,131320513,131,39.000000,39
req-00003786,131346154,131,39.000000,39
req-00003787,131371795,131,39.000000,39
req-00003788,131397436,131,39.000000,39
req-00003789,131423077,131,39.000000,39
req-00003790,131448718,131,39.000000,39
req-00003791,131474359,131,39.000000,39
req-00003792,131500000,131,39.000000,39
req-00003793,131525641,131,39.000000,39
req-00003794,131551282,131,39.000000,39
req-00003795,131576923,131,39.000000,39
req-00003796,131602564,131,39.000000,39
req-00003797,131628205,131,39.000000,39
req-00003798,131653846,131,39.000000,39
req-00003799,131679487,131,39.000000,39
req-00003800,131705128,131,39.000000,39
req-00003801,131730769,131,39.000000,39
req-00003802,131756410,131,39.000000,39
req-00003803,131782051,131,39.000000,39
req-00003804,131807692,131,39.000000,39
req-00003805,131833333,131,39.000000,39
req-00003806,131858974,131,39.000000,39
req-00003807,131884615,131,39.000000,39
req-00003808,131910256,131,39.000000,39
req-00003809,131935897,131,39.000000,39
req-00003810,131961538,131,39.000000,39
req-00003811,131987179,131,39.000000,39
req-00003812,132012821,132,39.194444,39
req-00003813,132038462,132,39.194444,39
req-00003814,132064103,132,39.194444,39
req-00003815,132089744,132,39.194444,39
req-00003816,132115385,132,39.194444,39
req-00003817,132141026,132,39.194444,39
req-00003818,132166667,132,39.194444,39
req-00003819,132192308,132,39.194444,39
req-00003820,132217949,132,39.194444,39
req-00003821,132243590,132,39.194444,39
req-00003822,132269231,132,39.194444,39
req-00003823,132294872,132,39.194444,39
req-00003824,132320513,132,39.194444,39
req-00003825,132346154,132,39.194444,39
req-00003826,132371795,132,39.194444,39
req-00003827,132397436,132,39.194444,39
req-00003828,132423077,132,39.194444,39
req-00003829,132448718,132,39.194444,39
req-00003830,132474359,132,39.194444,39
req-00003831,132500000,132,39.194444,39
req-00003832,132525641,132,39.194444,39
req-00003833,132551282,132,39.194444,39
req-00003834,132576923,132,39.194444,39
req-00003835,132602564,132,39.194444,39
req-00003836,132628205,132,39.194444,39
req-00003837,132653846,132,39.194444,39
req-00003838,132679487,132,39.194444,39
req-00003839,132705128,132,39.194444,39
req-00003840,132730769,132,39.194444,39
req-00003841,132756410,132,39.194444,39
req-00003842,132782051,132,39.194444,39
req-00003843,132807692,132,39.194444,39
req-00003844,132833333,132,39.194444,39
req-00003845,132858974,132,39.194444,39
req-00003846,132884615,132,39.194444,39
req-00003847,132910256,132,39.194444,39
req-00003848,132935897,132,39.194444,39
req-00003849,132961538,132,39.194444,39
req-00003850,132987179,132,39.194444,39
req-00003851,133012821,133,39.388889,39
req-00003852,133038462,133,39.388889,39
req-00003853,133064103,133,39.388889,39
req-00003854,133089744,133,39.388889,39
req-00003855,133115385,133,39.388889,39
req-00003856,133141026,133,39.388889,39
req-00003857,133166667,133,39.388889,39
req-00003858,133192308,133,39.388889,39
req-00003859,133217949,133,39.388889,39
req-00003860,133243590,133,39.388889,39
req-00003861,133269231,133,39.388889,39
req-00003862,133294872,133,39.388889,39
req-00003863,133320513,133,39.388889,39
req-00003864,133346154,133,39.388889,39
req-00003865,133371795,133,39.388889,39
req-00003866,133397436,133,39.388889,39
req-00003867,133423077,133,39.388889,39
req-00003868,133448718,133,39.388889,39
req-00003869,133474359,133,39.388889,39
req-00003870,133500000,133,39.388889,39
req-00003871,133525641,133,39.388889,39
req-00003872,133551282,133,39.388889,39
req-00003873,133576923,133,39.388889,39
req-00003874,133602564,133,39.388889,39
req-00003875,133628205,133,39.388889,39
req-00003876,133653846,133,39.388889,39
req-00003877,133679487,133,39.388889,39
req-00003878,133705128,133,39.388889,39
req-00003879,133730769,133,39.388889,39
req-00003880,133756410,133,39.388889,39
req-00003881,133782051,133,39.388889,39
req-00003882,133807692,133,39.388889,39
req-00003883,133833333,133,39.388889,39
req-00003884,133858974,133,39.388889,39
req-00003885,133884615,133,39.388889,39
req-00003886,133910256,133,39.388889,39
req-00003887,133935897,133,39.388889,39
req-00003888,133961538,133,39.388889,39
req-00003889,133987179,133,39.388889,39
req-00003890,134012500,134,39.583333,40
req-00003891,134037500,134,39.583333,40
req-00003892,134062500,134,39.583333,40
req-00003893,134087500,134,39.583333,40
req-00003894,134112500,134,39.583333,40
req-00003895,134137500,134,39.583333,40
req-00003896,134162500,134,39.583333,40
req-00003897,134187500,134,39.583333,40
req-00003898,134212500,134,39.583333,40
req-00003899,134237500,134,39.583333,40
req-00003900,134262500,134,39.583333,40
req-00003901,134287500,134,39.583333,40
req-00003902,134312500,134,39.583333,40
req-00003903,134337500,134,39.583333,40
req-00003904,134362500,134,39.583333,40
req-00003905,134387500,134,39.583333,40
req-00003906,134412500,134,39.583333,40
req-00003907,134437500,134,39.583333,40
req-00003908,134462500,134,39.583333,40
req-00003909,134487500,134,39.583333,40
req-00003910,134512500,134,39.583333,40
req-00003911,134537500,134,39.583333,40
req-00003912,134562500,134,39.583333,40
req-00003913,134587500,134,39.583333,40
req-00003914,134612500,134,39.583333,40
req-00003915,134637500,134,39.583333,40
req-00003916,134662500,134,39.583333,40
req-00003917,134687500,134,39.583333,40
req-00003918,134712500,134,39.583333,40
req-00003919,134737500,134,39.583333,40
req-00003920,134762500,134,39.583333,40
req-00003921,134787500,134,39.583333,40
req-00003922,134812500,134,39.583333,40
req-00003923,134837500,134,39.583333,40
req-00003924,134862500,134,39.583333,40
req-00003925,134887500,134,39.583333,40
req-00003926,134912500,134,39.583333,40
req-00003927,134937500,134,39.583333,40
req-00003928,134962500,134,39.583333,40
req-00003929,134987500,134,39.583333,40
req-00003930,135012821,135,39.777778,39
req-00003931,135038462,135,39.777778,39
req-00003932,135064103,135,39.777778,39
req-00003933,135089744,135,39.777778,39
req-00003934,135115385,135,39.777778,39
req-00003935,135141026,135,39.777778,39
req-00003936,135166667,135,39.777778,39
req-00003937,135192308,135,39.777778,39
req-00003938,135217949,135,39.777778,39
req-00003939,135243590,135,39.777778,39
req-00003940,135269231,135,39.777778,39
req-00003941,135294872,135,39.777778,39
req-00003942,135320513,135,39.777778,39
req-00003943,135346154,135,39.777778,39
req-00003944,135371795,135,39.777778,39
req-00003945,135397436,135,39.777778,39
req-00003946,135423077,135,39.777778,39
req-00003947,135448718,135,39.777778,39
req-00003948,135474359,135,39.777778,39
req-00003949,135500000,135,39.777778,39
req-00003950,135525641,135,39.777778,39
req-00003951,135551282,135,39.777778,39
req-00003952,135576923,135,39.777778,39
req-00003953,135602564,135,39.777778,39
req-00003954,135628205,135,39.777778,39
req-00003955,135653846,135,39.777778,39
req-00003956,135679487,135,39.777778,39
req-00003957,135705128,135,39.777778,39
req-00003958,135730769,135,39.777778,39
req-00003959,135756410,135,39.777778,39
req-00003960,135782051,135,39.777778,39
req-00003961,135807692,135,39.777778,39
req-00003962,135833333,135,39.777778,39
req-00003963,135858974,135,39.777778,39
req-00003964,135884615,135,39.777778,39
req-00003965,135910256,135,39.777778,39
req-00003966,135935897,135,39.777778,39
req-00003967,135961538,135,39.777778,39
req-00003968,135987179,135,39.777778,39
req-00003969,136012500,136,39.972222,40
req-00003970,136037500,136,39.972222,40
req-00003971,136062500,136,39.972222,40
req-00003972,136087500,136,39.972222,40
req-00003973,136112500,136,39.972222,40
req-00003974,136137500,136,39.972222,40
req-00003975,136162500,136,39.972222,40
req-00003976,136187500,136,39.972222,40
req-00003977,136212500,136,39.972222,40
req-00003978,136237500,136,39.972222,40
req-00003979,136262500,136,39.972222,40
req-00003980,136287500,136,39.972222,40
req-00003981,136312500,136,39.972222,40
req-00003982,136337500,136,39.972222,40
req-00003983,136362500,136,39.972222,40
req-00003984,136387500,136,39.972222,40
req-00003985,136412500,136,39.972222,40
req-00003986,136437500,136,39.972222,40
req-00003987,136462500,136,39.972222,40
req-00003988,136487500,136,39.972222,40
req-00003989,136512500,136,39.972222,40
req-00003990,136537500,136,39.972222,40
req-00003991,136562500,136,39.972222,40
req-00003992,136587500,136,39.972222,40
req-00003993,136612500,136,39.972222,40
req-00003994,136637500,136,39.972222,40
req-00003995,136662500,136,39.972222,40
req-00003996,136687500,136,39.972222,40
req-00003997,136712500,136,39.972222,40
req-00003998,136737500,136,39.972222,40
req-00003999,136762500,136,39.972222,40
req-00004000,136787500,136,39.972222,40
req-00004001,136812500,136,39.972222,40
req-00004002,136837500,136,39.972222,40
req-00004003,136862500,136,39.972222,40
req-00004004,136887500,136,39.972222,40
req-00004005,136912500,136,39.972222,40
req-00004006,136937500,136,39.972222,40
req-00004007,136962500,136,39.972222,40
req-00004008,136987500,136,39.972222,40
req-00004009,137012195,137,40.166667,41
req-00004010,137036585,137,40.166667,41
req-00004011,137060976,137,40.166667,41
req-00004012,137085366,137,40.166667,41
req-00004013,137109756,137,40.166667,41
req-00004014,137134146,137,40.166667,41
req-00004015,137158537,137,40.166667,41
req-00004016,137182927,137,40.166667,41
req-00004017,137207317,137,40.166667,41
req-00004018,137231707,137,40.166667,41
req-00004019,137256098,137,40.166667,41
req-00004020,137280488,137,40.166667,41
req-00004021,137304878,137,40.166667,41
req-00004022,137329268,137,40.166667,41
req-00004023,137353659,137,40.166667,41
req-00004024,137378049,137,40.166667,41
req-00004025,137402439,137,40.166667,41
req-00004026,137426829,137,40.166667,41
req-00004027,137451220,137,40.166667,41
req-00004028,137475610,137,40.166667,41
req-00004029,137500000,137,40.166667,41
req-00004030,137524390,137,40.166667,41
req-00004031,137548780,137,40.166667,41
req-00004032,137573171,137,40.166667,41
req-00004033,137597561,137,40.166667,41
req-00004034,137621951,137,40.166667,41
req-00004035,137646341,137,40.166667,41
req-00004036,137670732,137,40.166667,41
req-00004037,137695122,137,40.166667,41
req-00004038,137719512,137,40.166667,41
req-00004039,137743902,137,40.166667,41
req-00004040,137768293,137,40.166667,41
req-00004041,137792683,137,40.166667,41
req-00004042,137817073,137,40.166667,41
req-00004043,137841463,137,40.166667,41
req-00004044,137865854,137,40.166667,41
req-00004045,137890244,137,40.166667,41
req-00004046,137914634,137,40.166667,41
req-00004047,137939024,137,40.166667,41
req-00004048,137963415,137,40.166667,41
req-00004049,137987805,137,40.166667,41
req-00004050,138012500,138,40.361111,40
req-00004051,138037500,138,40.361111,40
req-00004052,138062500,138,40.361111,40
req-00004053,138087500,138,40.361111,40
req-00004054,138112500,138,40.361111,40
req-00004055,138137500,138,40.361111,40
req-00004056,138162500,138,40.361111,40
req-00004057,138187500,138,40.361111,40
req-00004058,138212500,138,40.361111,40
req-00004059,138237500,138,40.361111,40
req-00004060,138262500,138,40.361111,40
req-00004061,138287500,138,40.361111,40
req-00004062,138312500,138,40.361111,40
req-00004063,138337500,138,40.361111,40
req-00004064,138362500,138,40.361111,40
req-00004065,138387500,138,40.361111,40
req-00004066,138412500,138,40.361111,40
req-00004067,138437500,138,40.361111,40
req-00004068,138462500,138,40.361111,40
req-00004069,138487500,138,40.361111,40
req-00004070,138512500,138,40.361111,40
req-00004071,138537500,138,40.361111,40
req-00004072,138562500,138,40.361111,40
req-00004073,138587500,138,40.361111,40
req-00004074,138612500,138,40.361111,40
req-00004075,138637500,138,40.361111,40
req-00004076,138662500,138,40.361111,40
req-00004077,138687500,138,40.361111,40
req-00004078,138712500,138,40.361111,40
req-00004079,138737500,138,40.361111,40
req-00004080,138762500,138,40.361111,40
req-00004081,138787500,138,40.361111,40
req-00004082,138812500,138,40.361111,40
req-00004083,138837500,138,40.361111,40
req-00004084,138862500,138,40.361111,40
req-00004085,138887500,138,40.361111,40
req-00004086,138912500,138,40.361111,40
req-00004087,138937500,138,40.361111,40
req-00004088,138962500,138,40.361111,40
req-00004089,138987500,138,40.361111,40
req-00004090,139012195,139,40.555556,41
req-00004091,139036585,139,40.555556,41
req-00004092,139060976,139,40.555556,41
req-00004093,139085366,139,40.555556,41
req-00004094,139109756,139,40.555556,41
req-00004095,139134146,139,40.555556,41
req-00004096,139158537,139,40.555556,41
req-00004097,139182927,139,40.555556,41
req-00004098,139207317,139,40.555556,41
req-00004099,139231707,139,40.555556,41
req-00004100,139256098,139,40.555556,41
req-00004101,139280488,139,40.555556,41
req-00004102,139304878,139,40.555556,41
req-00004103,139329268,139,40.555556,41
req-00004104,139353659,139,40.555556,41
req-00004105,139378049,139,40.555556,41
req-00004106,139402439,139,40.555556,41
req-00004107,139426829,139,40.555556,41
req-00004108,139451220,139,40.555556,41
req-00004109,139475610,139,40.555556,41
req-00004110,139500000,139,40.555556,41
req-00004111,139524390,139,40.555556,41
req-00004112,139548780,139,40.555556,41
req-00004113,139573171,139,40.555556,41
req-00004114,139597561,139,40.555556,41
req-00004115,139621951,139,40.555556,41
req-00004116,139646341,139,40.555556,41
req-00004117,139670732,139,40.555556,41
req-00004118,139695122,139,40.555556,41
req-00004119,139719512,139,40.555556,41
req-00004120,139743902,139,40.555556,41
req-00004121,139768293,139,40.555556,41
req-00004122,139792683,139,40.555556,41
req-00004123,139817073,139,40.555556,41
req-00004124,139841463,139,40.555556,41
req-00004125,139865854,139,40.555556,41
req-00004126,139890244,139,40.555556,41
req-00004127,139914634,139,40.555556,41
req-00004128,139939024,139,40.555556,41
req-00004129,139963415,139,40.555556,41
req-00004130,139987805,139,40.555556,41
req-00004131,140012500,140,40.750000,40
req-00004132,140037500,140,40.750000,40
req-00004133,140062500,140,40.750000,40
req-00004134,140087500,140,40.750000,40
req-00004135,140112500,140,40.750000,40
req-00004136,140137500,140,40.750000,40
req-00004137,140162500,140,40.750000,40
req-00004138,140187500,140,40.750000,40
req-00004139,140212500,140,40.750000,40
req-00004140,140237500,140,40.750000,40
req-00004141,140262500,140,40.750000,40
req-00004142,140287500,140,40.750000,40
req-00004143,140312500,140,40.750000,40
req-00004144,140337500,140,40.750000,40
req-00004145,140362500,140,40.750000,40
req-00004146,140387500,140,40.750000,40
req-00004147,140412500,140,40.750000,40
req-00004148,140437500,140,40.750000,40
req-00004149,140462500,140,40.750000,40
req-00004150,140487500,140,40.750000,40
req-00004151,140512500,140,40.750000,40
req-00004152,140537500,140,40.750000,40
req-00004153,140562500,140,40.750000,40
req-00004154,140587500,140,40.750000,40
req-00004155,140612500,140,40.750000,40
req-00004156,140637500,140,40.750000,40
req-00004157,140662500,140,40.750000,40
req-00004158,140687500,140,40.750000,40
req-00004159,140712500,140,40.750000,40
req-00004160,140737500,140,40.750000,40
req-00004161,140762500,140,40.750000,40
req-00004162,140787500,140,40.750000,40
req-00004163,140812500,140,40.750000,40
req-00004164,140837500,140,40.750000,40
req-00004165,140862500,140,40.750000,40
req-00004166,140887500,140,40.750000,40
req-00004167,140912500,140,40.750000,40
req-00004168,140937500,140,40.750000,40
req-00004169,140962500,140,40.750000,40
req-00004170,140987500,140,40.750000,40
req-00004171,141012195,141,40.944444,41
req-00004172,141036585,141,40.944444,41
req-00004173,141060976,141,40.944444,41
req-00004174,141085366,141,40.944444,41
req-00004175,141109756,141,40.944444,41
req-00004176,141134146,141,40.944444,41
req-00004177,141158537,141,40.944444,41
req-00004178,141182927,141,40.944444,41
req-00004179,141207317,141,40.944444,41
req-00004180,141231707,141,40.944444,41
req-00004181,141256098,141,40.944444,41
req-00004182,141280488,141,40.944444,41
req-00004183,141304878,141,40.944444,41
req-00004184,141329268,141,40.944444,41
req-00004185,141353659,141,40.944444,41
req-00004186,141378049,141,40.944444,41
req-00004187,141402439,141,40.944444,41
req-00004188,141426829,141,40.944444,41
req-00004189,141451220,141,40.944444,41
req-00004190,141475610,141,40.944444,41
req-00004191,141500000,141,40.944444,41
req-00004192,141524390,141,40.944444,41
req-00004193,141548780,141,40.944444,41
req-00004194,141573171,141,40.944444,41
req-00004195,141597561,141,40.944444,41
req-00004196,141621951,141,40.944444,41
req-00004197,141646341,141,40.944444,41
req-00004198,141670732,141,40.944444,41
req-00004199,141695122,141,40.944444,41
req-00004200,141719512,141,40.944444,41
req-00004201,141743902,141,40.944444,41
req-00004202,141768293,141,40.944444,41
req-00004203,141792683,141,40.944444,41
req-00004204,141817073,141,40.944444,41
req-00004205,141841463,141,40.944444,41
req-00004206,141865854,141,40.944444,41
req-00004207,141890244,141,40.944444,41
req-00004208,141914634,141,40.944444,41
req-00004209,141939024,141,40.944444,41
req-00004210,141963415,141,40.944444,41
req-00004211,141987805,141,40.944444,41
req-00004212,142012195,142,41.138889,41
req-00004213,142036585,142,41.138889,41
req-00004214,142060976,142,41.138889,41
req-00004215,142085366,142,41.138889,41
req-00004216,142109756,142,41.138889,41
req-00004217,142134146,142,41.138889,41
req-00004218,142158537,142,41.138889,41
req-00004219,142182927,142,41.138889,41
req-00004220,142207317,142,41.138889,41
req-00004221,142231707,142,41.138889,41
req-00004222,142256098,142,41.138889,41
req-00004223,142280488,142,41.138889,41
req-00004224,142304878,142,41.138889,41
req-00004225,142329268,142,41.138889,41
req-00004226,142353659,142,41.138889,41
req-00004227,142378049,142,41.138889,41
req-00004228,142402439,142,41.138889,41
req-00004229,142426829,142,41.138889,41
req-00004230,142451220,142,41.138889,41
req-00004231,142475610,142,41.138889,41
req-00004232,142500000,142,41.138889,41
req-00004233,142524390,142,41.138889,41
req-00004234,142548780,142,41.138889,41
req-00004235,142573171,142,41.138889,41
req-00004236,142597561,142,41.138889,41
req-00004237,142621951,142,41.138889,41
req-00004238,142646341,142,41.138889,41
req-00004239,142670732,142,41.138889,41
req-00004240,142695122,142,41.138889,41
req-00004241,142719512,142,41.138889,41
req-00004242,142743902,142,41.138889,41
req-00004243,142768293,142,41.138889,41
req-00004244,142792683,142,41.138889,41
req-00004245,142817073,142,41.138889,41
req-00004246,142841463,142,41.138889,41
req-00004247,142865854,142,41.138889,41
req-00004248,142890244,142,41.138889,41
req-00004249,142914634,142,41.138889,41
req-00004250,142939024,142,41.138889,41
req-00004251,142963415,142,41.138889,41
req-00004252,142987805,142,41.138889,41
req-00004253,143011905,143,41.333333,42
req-00004254,143035714,143,41.333333,42
req-00004255,143059524,143,41.333333,42
req-00004256,143083333,143,41.333333,42
req-00004257,143107143,143,41.333333,42
req-00004258,143130952,143,41.333333,42
req-00004259,143154762,143,41.333333,42
req-00004260,143178571,143,41.333333,42
req-00004261,143202381,143,41.333333,42
req-00004262,143226190,143,41.333333,42
req-00004263,143250000,143,41.333333,42
req-00004264,143273810,143,41.333333,42
req-00004265,143297619,143,41.333333,42
req-00004266,143321429,143,41.333333,42
req-00004267,143345238,143,41.333333,42
req-00004268,143369048,143,41.333333,42
req-00004269,143392857,143,41.333333,42
req-00004270,143416667,143,41.333333,42
req-00004271,143440476,143,41.333333,42
req-00004272,143464286,143,41.333333,42
req-00004273,143488095,143,41.333333,42
req-00004274,143511905,143,41.333333,42
req-00004275,143535714,143,41.333333,42
req-00004276,143559524,143,41.333333,42
req-00004277,143583333,143,41.333333,42
req-00004278,143607143,143,41.333333,42
req-00004279,143630952,143,41.333333,42
req-00004280,143654762,143,41.333333,42
req-00004281,143678571,143,41.333333,42
req-00004282,143702381,143,41.333333,42
req-00004283,143726190,143,41.333333,42
req-00004284,143750000,143,41.333333,42
req-00004285,143773810,143,41.333333,42
req-00004286,143797619,143,41.333333,42
req-00004287,143821429,143,41.333333,42
req-00004288,143845238,143,41.333333,42
req-00004289,143869048,143,41.333333,42
req-00004290,143892857,143,41.333333,42
req-00004291,143916667,143,41.333333,42
req-00004292,143940476,143,41.333333,42
req-00004293,143964286,143,41.333333,42
req-00004294,143988095,143,41.333333,42
req-00004295,144012195,144,41.527778,41
req-00004296,144036585,144,41.527778,41
req-00004297,144060976,144,41.527778,41
req-00004298,144085366,144,41.527778,41
req-00004299,144109756,144,41.527778,41
req-00004300,144134146,144,41.527778,41
req-00004301,144158537,144,41.527778,41
req-00004302,144182927,144,41.527778,41
req-00004303,144207317,144,41.527778,41
req-00004304,144231707,144,41.527778,41
req-00004305,144256098,144,41.527778,41
req-00004306,144280488,144,41.527778,41
req-00004307,144304878,144,41.527778,41
req-00004308,144329268,144,41.527778,41
req-00004309,144353659,144,41.527778,41
req-00004310,144378049,144,41.527778,41
req-00004311,144402439,144,41.527778,41
req-00004312,144426829,144,41.527778,41
req-00004313,144451220,144,41.527778,41
req-00004314,144475610,144,41.527778,41
req-00004315,144500000,144,41.527778,41
req-00004316,144524390,144,41.527778,41
req-00004317,144548780,144,41.527778,41
req-00004318,144573171,144,41.527778,41
req-00004319,144597561,144,41.527778,41
req-00004320,144621951,144,41.527778,41
req-00004321,144646341,144,41.527778,41
req-00004322,144670732,144,41.527778,41
req-00004323,144695122,144,41.527778,41
req-00004324,144719512,144,41.527778,41
req-00004325,144743902,144,41.527778,41
req-00004326,144768293,144,41.527778,41
req-00004327,144792683,144,41.527778,41
req-00004328,144817073,144,41.527778,41
req-00004329,144841463,144,41.527778,41
req-00004330,144865854,144,41.527778,41
req-00004331,144890244,144,41.527778,41
req-00004332,144914634,144,41.527778,41
req-00004333,144939024,144,41.527778,41
req-00004334,144963415,144,41.527778,41
req-00004335,144987805,144,41.527778,41
req-00004336,145011905,145,41.722222,42
req-00004337,145035714,145,41.722222,42
req-00004338,145059524,145,41.722222,42
req-00004339,145083333,145,41.722222,42
req-00004340,145107143,145,41.722222,42
req-00004341,145130952,145,41.722222,42
req-00004342,145154762,145,41.722222,42
req-00004343,145178571,145,41.722222,42
req-00004344,145202381,145,41.722222,42
req-00004345,145226190,145,41.722222,42
req-00004346,145250000,145,41.722222,42
req-00004347,145273810,145,41.722222,42
req-00004348,145297619,145,41.722222,42
req-00004349,145321429,145,41.722222,42
req-00004350,145345238,145,41.722222,42
req-00004351,145369048,145,41.722222,42
req-00004352,145392857,145,41.722222,42
req-00004353,145416667,145,41.722222,42
req-00004354,145440476,145,41.722222,42
req-00004355,145464286,145,41.722222,42
req-00004356,145488095,145,41.722222,42
req-00004357,145511905,145,41.722222,42
req-00004358,145535714,145,41.722222,42
req-00004359,145559524,145,41.722222,42
req-00004360,145583333,145,41.722222,42
req-00004361,145607143,145,41.722222,42
req-00004362,145630952,145,41.722222,42
req-00004363,145654762,145,41.722222,42
req-00004364,145678571,145,41.722222,42
req-00004365,145702381,145,41.722222,42
req-00004366,145726190,145,41.722222,42
req-00004367,145750000,145,41.722222,42
req-00004368,145773810,145,41.722222,42
req-00004369,145797619,145,41.722222,42
req-00004370,145821429,145,41.722222,42
req-00004371,145845238,145,41.722222,42
req-00004372,145869048,145,41.722222,42
req-00004373,145892857,145,41.722222,42
req-00004374,145916667,145,41.722222,42
req-00004375,145940476,145,41.722222,42
req-00004376,145964286,145,41.722222,42
req-00004377,145988095,145,41.722222,42
req-00004378,146011905,146,41.916667,42
req-00004379,146035714,146,41.916667,42
req-00004380,146059524,146,41.916667,42
req-00004381,146083333,146,41.916667,42
req-00004382,146107143,146,41.916667,42
req-00004383,146130952,146,41.916667,42
req-00004384,146154762,146,41.916667,42
req-00004385,146178571,146,41.916667,42
req-00004386,146202381,146,41.916667,42
req-00004387,146226190,146,41.916667,42
req-00004388,146250000,146,41.916667,42
req-00004389,146273810,146,41.916667,42
req-00004390,146297619,146,41.916667,42
req-00004391,146321429,146,41.916667,42
req-00004392,146345238,146,41.916667,42
req-00004393,146369048,146,41.916667,42
req-00004394,146392857,146,41.916667,42
req-00004395,146416667,146,41.916667,42
req-00004396,146440476,146,41.916667,42
req-00004397,146464286,146,41.916667,42
req-00004398,146488095,146,41.916667,42
req-00004399,146511905,146,41.916667,42
req-00004400,146535714,146,41.916667,42
req-00004401,146559524,146,41.916667,42
req-00004402,146583333,146,41.916667,42
req-00004403,146607143,146,41.916667,42
req-00004404,146630952,146,41.916667,42
req-00004405,146654762,146,41.916667,42
req-00004406,146678571,146,41.916667,42
req-00004407,146702381,146,41.916667,42
req-00004408,146726190,146,41.916667,42
req-00004409,146750000,146,41.916667,42
req-00004410,146773810,146,41.916667,42
req-00004411,146797619,146,41.916667,42
req-00004412,146821429,146,41.916667,42
req-00004413,146845238,146,41.916667,42
req-00004414,146869048,146,41.916667,42
req-00004415,146892857,146,41.916667,42
req-00004416,146916667,146,41.916667,42
req-00004417,146940476,146,41.916667,42
req-00004418,146964286,146,41.916667,42
req-00004419,146988095,146,41.916667,42
req-00004420,147011905,147,42.111111,42
req-00004421,147035714,147,42.111111,42
req-00004422,147059524,147,42.111111,42
req-00004423,147083333,147,42.111111,42
req-00004424,147107143,147,42.111111,42
req-00004425,147130952,147,42.111111,42
req-00004426,147154762,147,42.111111,42
req-00004427,147178571,147,42.111111,42
req-00004428,147202381,147,42.111111,42
req-00004429,147226190,147,42.111111,42
req-00004430,147250000,147,42.111111,42
req-00004431,147273810,147,42.111111,42
req-00004432,147297619,147,42.111111,42
req-00004433,147321429,147,42.111111,42
req-00004434,147345238,147,42.111111,42
req-00004435,147369048,147,42.111111,42
req-00004436,147392857,147,42.111111,42
req-00004437,147416667,147,42.111111,42
req-00004438,147440476,147,42.111111,42
req-00004439,147464286,147,42.111111,42
req-00004440,147488095,147,42.111111,42
req-00004441,147511905,147,42.111111,42
req-00004442,147535714,147,42.111111,42
req-00004443,147559524,147,42.111111,42
req-00004444,147583333,147,42.111111,42
req-00004445,147607143,147,42.111111,42
req-00004446,147630952,147,42.111111,42
req-00004447,147654762,147,42.111111,42
req-00004448,147678571,147,42.111111,42
req-00004449,147702381,147,42.111111,42
req-00004450,147726190,147,42.111111,42
req-00004451,147750000,147,42.111111,42
req-00004452,147773810,147,42.111111,42
req-00004453,147797619,147,42.111111,42
req-00004454,147821429,147,42.111111,42
req-00004455,147845238,147,42.111111,42
req-00004456,147869048,147,42.111111,42
req-00004457,147892857,147,42.111111,42
req-00004458,147916667,147,42.111111,42
req-00004459,147940476,147,42.111111,42
req-00004460,147964286,147,42.111111,42
req-00004461,147988095,147,42.111111,42
req-00004462,148011905,148,42.305556,42
req-00004463,148035714,148,42.305556,42
req-00004464,148059524,148,42.305556,42
req-00004465,148083333,148,42.305556,42
req-00004466,148107143,148,42.305556,42
req-00004467,148130952,148,42.305556,42
req-00004468,148154762,148,42.305556,42
req-00004469,148178571,148,42.305556,42
req-00004470,148202381,148,42.305556,42
req-00004471,148226190,148,42.305556,42
req-00004472,148250000,148,42.305556,42
req-00004473,148273810,148,42.305556,42
req-00004474,148297619,148,42.305556,42
req-00004475,148321429,148,42.305556,42
req-00004476,148345238,148,42.305556,42
req-00004477,148369048,148,42.305556,42
req-00004478,148392857,148,42.305556,42
req-00004479,148416667,148,42.305556,42
req-00004480,148440476,148,42.305556,42
req-00004481,148464286,148,42.305556,42
req-00004482,148488095,148,42.305556,42
req-00004483,148511905,148,42.305556,42
req-00004484,148535714,148,42.305556,42
req-00004485,148559524,148,42.305556,42
req-00004486,148583333,148,42.305556,42
req-00004487,148607143,148,42.305556,42
req-00004488,148630952,148,42.305556,42
req-00004489,148654762,148,42.305556,42
req-00004490,148678571,148,42.305556,42
req-00004491,148702381,148,42.305556,42
req-00004492,148726190,148,42.305556,42
req-00004493,148750000,148,42.305556,42
req-00004494,148773810,148,42.305556,42
req-00004495,148797619,148,42.305556,42
req-00004496,148821429,148,42.305556,42
req-00004497,148845238,148,42.305556,42
req-00004498,148869048,148,42.305556,42
req-00004499,148892857,148,42.305556,42
req-00004500,148916667,148,42.305556,42
req-00004501,148940476,148,42.305556,42
req-00004502,148964286,148,42.305556,42
req-00004503,148988095,148,42.305556,42
req-00004504,149011628,149,42.500000,43
req-00004505,149034884,149,42.500000,43
req-00004506,149058140,149,42.500000,43
req-00004507,149081395,149,42.500000,43
req-00004508,149104651,149,42.500000,43
req-00004509,149127907,149,42.500000,43
req-00004510,149151163,149,42.500000,43
req-00004511,149174419,149,42.500000,43
req-00004512,149197674,149,42.500000,43
req-00004513,149220930,149,42.500000,43
req-00004514,149244186,149,42.500000,43
req-00004515,149267442,149,42.500000,43
req-00004516,149290698,149,42.500000,43
req-00004517,149313953,149,42.500000,43
req-00004518,149337209,149,42.500000,43
req-00004519,149360465,149,42.500000,43
req-00004520,149383721,149,42.500000,43
req-00004521,149406977,149,42.500000,43
req-00004522,149430233,149,42.500000,43
req-00004523,149453488,149,42.500000,43
req-00004524,149476744,149,42.500000,43
req-00004525,149500000,149,42.500000,43
req-00004526,149523256,149,42.500000,43
req-00004527,149546512,149,42.500000,43
req-00004528,149569767,149,42.500000,43
req-00004529,149593023,149,42.500000,43
req-00004530,149616279,149,42.500000,43
req-00004531,149639535,149,42.500000,43
req-00004532,149662791,149,42.500000,43
req-00004533,149686047,149,42.500000,43
req-00004534,149709302,149,42.500000,43
req-00004535,149732558,149,42.500000,43
req-00004536,149755814,149,42.500000,43
req-00004537,149779070,149,42.500000,43
req-00004538,149802326,149,42.500000,43
req-00004539,149825581,149,42.500000,43
req-00004540,149848837,149,42.500000,43
req-00004541,149872093,149,42.500000,43
req-00004542,149895349,149,42.500000,43
req-00004543,149918605,149,42.500000,43
req-00004544,149941860,149,42.500000,43
req-00004545,149965116,149,42.500000,43
req-00004546,149988372,149,42.500000,43
req-00004547,150011905,150,42.694444,42
req-00004548,150035714,150,42.694444,42
req-00004549,150059524,150,42.694444,42
req-00004550,150083333,150,42.694444,42
req-00004551,150107143,150,42.694444,42
req-00004552,150130952,150,42.694444,42
req-00004553,150154762,150,42.694444,42
req-00004554,150178571,150,42.694444,42
req-00004555,150202381,150,42.694444,42
req-00004556,150226190,150,42.694444,42
req-00004557,150250000,150,42.694444,42
req-00004558,150273810,150,42.694444,42
req-00004559,150297619,150,42.694444,42
req-00004560,150321429,150,42.694444,42
req-00004561,150345238,150,42.694444,42
req-00004562,150369048,150,42.694444,42
req-00004563,150392857,150,42.694444,42
req-00004564,150416667,150,42.694444,42
req-00004565,150440476,150,42.694444,42
req-00004566,150464286,150,42.694444,42
req-00004567,150488095,150,42.694444,42
req-00004568,150511905,150,42.694444,42
req-00004569,150535714,150,42.694444,42
req-00004570,150559524,150,42.694444,42
req-00004571,150583333,150,42.694444,42
req-00004572,150607143,150,42.694444,42
req-00004573,150630952,150,42.694444,42
req-00004574,150654762,150,42.694444,42
req-00004575,150678571,150,42.694444,42
req-00004576,150702381,150,42.694444,42
req-00004577,150726190,150,42.694444,42
req-00004578,150750000,150,42.694444,42
req-00004579,150773810,150,42.694444,42
req-00004580,150797619,150,42.694444,42
req-00004581,150821429,150,42.694444,42
req-00004582,150845238,150,42.694444,42
req-00004583,150869048,150,42.694444,42
req-00004584,150892857,150,42.694444,42
req-00004585,150916667,150,42.694444,42
req-00004586,150940476,150,42.694444,42
req-00004587,150964286,150,42.694444,42
req-00004588,150988095,150,42.694444,42
req-00004589,151011628,151,42.888889,43
req-00004590,151034884,151,42.888889,43
req-00004591,151058140,151,42.888889,43
req-00004592,151081395,151,42.888889,43
req-00004593,151104651,151,42.888889,43
req-00004594,151127907,151,42.888889,43
req-00004595,151151163,151,42.888889,43
req-00004596,151174419,151,42.888889,43
req-00004597,151197674,151,42.888889,43
req-00004598,151220930,151,42.888889,43
req-00004599,151244186,151,42.888889,43
req-00004600,151267442,151,42.888889,43
req-00004601,151290698,151,42.888889,43
req-00004602,151313953,151,42.888889,43
req-00004603,151337209,151,42.888889,43
req-00004604,151360465,151,42.888889,43
req-00004605,151383721,151,42.888889,43
req-00004606,151406977,151,42.888889,43
req-00004607,151430233,151,42.888889,43
req-00004608,151453488,151,42.888889,43
req-00004609,151476744,151,42.888889,43
req-00004610,151500000,151,42.888889,43
req-00004611,151523256,151,42.888889,43
req-00004612,151546512,151,42.888889,43
req-00004613,151569767,151,42.888889,43
req-00004614,151593023,151,42.888889,43
req-00004615,151616279,151,42.888889,43
req-00004616,151639535,151,42.888889,43
req-00004617,151662791,151,42.888889,43
req-00004618,151686047,151,42.888889,43
req-00004619,151709302,151,42.888889,43
req-00004620,151732558,151,42.888889,43
req-00004621,151755814,151,42.888889,43
req-00004622,151779070,151,42.888889,43
req-00004623,151802326,151,42.888889,43
req-00004624,151825581,151,42.888889,43
req-00004625,151848837,151,42.888889,43
req-00004626,151872093,151,42.888889,43
req-00004627,151895349,151,42.888889,43
req-00004628,151918605,151,42.888889,43
req-00004629,151941860,151,42.888889,43
req-00004630,151965116,151,42.888889,43
req-00004631,151988372,151,42.888889,43
req-00004632,152011628,152,43.083333,43
req-00004633,152034884,152,43.083333,43
req-00004634,152058140,152,43.083333,43
req-00004635,152081395,152,43.083333,43
req-00004636,152104651,152,43.083333,43
req-00004637,152127907,152,43.083333,43
req-00004638,152151163,152,43.083333,43
req-00004639,152174419,152,43.083333,43
req-00004640,152197674,152,43.083333,43
req-00004641,152220930,152,43.083333,43
req-00004642,152244186,152,43.083333,43
req-00004643,152267442,152,43.083333,43
req-00004644,152290698,152,43.083333,43
req-00004645,152313953,152,43.083333,43
req-00004646,152337209,152,43.083333,43
req-00004647,152360465,152,43.083333,43
req-00004648,152383721,152,43.083333,43
req-00004649,152406977,152,43.083333,43
req-00004650,152430233,152,43.083333,43
req-00004651,152453488,152,43.083333,43
req-00004652,152476744,152,43.083333,43
req-00004653,152500000,152,43.083333,43
req-00004654,152523256,152,43.083333,43
req-00004655,152546512,152,43.083333,43
req-00004656,152569767,152,43.083333,43
req-00004657,152593023,152,43.083333,43
req-00004658,152616279,152,43.083333,43
req-00004659,152639535,152,43.083333,43
req-00004660,152662791,152,43.083333,43
req-00004661,152686047,152,43.083333,43
req-00004662,152709302,152,43.083333,43
req-00004663,152732558,152,43.083333,43
req-00004664,152755814,152,43.083333,43
req-00004665,152779070,152,43.083333,43
req-00004666,152802326,152,43.083333,43
req-00004667,152825581,152,43.083333,43
req-00004668,152848837,152,43.083333,43
req-00004669,152872093,152,43.083333,43
req-00004670,152895349,152,43.083333,43
req-00004671,152918605,152,43.083333,43
req-00004672,152941860,152,43.083333,43
req-00004673,152965116,152,43.083333,43
req-00004674,152988372,152,43.083333,43
req-00004675,153011364,153,43.277778,44
req-00004676,153034091,153,43.277778,44
req-00004677,153056818,153,43.277778,44
req-00004678,153079545,153,43.277778,44
req-00004679,153102273,153,43.277778,44
req-00004680,153125000,153,43.277778,44
req-00004681,153147727,153,43.277778,44
req-00004682,153170455,153,43.277778,44
req-00004683,153193182,153,43.277778,44
req-00004684,153215909,153,43.277778,44
req-00004685,153238636,153,43.277778,44
req-00004686,153261364,153,43.277778,44
req-00004687,153284091,153,43.277778,44
req-00004688,153306818,153,43.277778,44
req-00004689,153329545,153,43.277778,44
req-00004690,153352273,153,43.277778,44
req-00004691,153375000,153,43.277778,44
req-00004692,153397727,153,43.277778,44
req-00004693,153420455,153,43.277778,44
req-00004694,153443182,153,43.277778,44
req-00004695,153465909,153,43.277778,44
req-00004696,153488636,153,43.277778,44
req-00004697,153511364,153,43.277778,44
req-00004698,153534091,153,43.277778,44
req-00004699,153556818,153,43.277778,44
req-00004700,153579545,153,43.277778,44
req-00004701,153602273,153,43.277778,44
req-00004702,153625000,153,43.277778,44
req-00004703,153647727,153,43.277778,44
req-00004704,153670455,153,43.277778,44
req-00004705,153693182,153,43.277778,44
req-00004706,153715909,153,43.277778,44
req-00004707,153738636,153,43.277778,44
req-00004708,153761364,153,43.277778,44
req-00004709,153784091,153,43.277778,44
req-00004710,153806818,153,43.277778,44
req-00004711,153829545,153,43.277778,44
req-00004712,153852273,153,43.277778,44
req-00004713,153875000,153,43.277778,44
req-00004714,153897727,153,43.277778,44
req-00004715,153920455,153,43.277778,44
req-00004716,153943182,153,43.277778,44
req-00004717,153965909,153,43.277778,44
req-00004718,153988636,153,43.277778,44
req-00004719,154011628,154,43.472222,43
req-00004720,154034884,154,43.472222,43
req-00004721,154058140,154,43.472222,43
req-00004722,154081395,154,43.472222,43
req-00004723,154104651,154,43.472222,43
req-00004724,154127907,154,43.472222,43
req-00004725,154151163,154,43.472222,43
req-00004726,154174419,154,43.472222,43
req-00004727,154197674,154,43.472222,43
req-00004728,154220930,154,43.472222,43
req-00004729,154244186,154,43.472222,43
req-00004730,154267442,154,43.472222,43
req-00004731,154290698,154,43.472222,43
req-00004732,154313953,154,43.472222,43
req-00004733,154337209,154,43.472222,43
req-00004734,154360465,154,43.472222,43
req-00004735,154383721,154,43.472222,43
req-00004736,154406977,154,43.472222,43
req-00004737,154430233,154,43.472222,43
req-00004738,154453488,154,43.472222,43
req-00004739,154476744,154,43.472222,43
req-00004740,154500000,154,43.472222,43
req-00004741,154523256,154,43.472222,43
req-00004742,154546512,154,43.472222,43
req-00004743,154569767,154,43.472222,43
req-00004744,154593023,154,43.472222,43
req-00004745,154616279,154,43.472222,43
req-00004746,154639535,154,43.472222,43
req-00004747,154662791,154,43.472222,43
req-00004748,154686047,154,43.472222,43
req-00004749,154709302,154,43.472222,43
req-00004750,154732558,154,43.472222,43
req-00004751,154755814,154,43.472222,43
req-00004752,154779070,154,43.472222,43
req-00004753,154802326,154,43.472222,43
req-00004754,154825581,154,43.472222,43
req-00004755,154848837,154,43.472222,43
req-00004756,154872093,154,43.472222,43
req-00004757,154895349,154,43.472222,43
req-00004758,154918605,154,43.472222,43
req-00004759,154941860,154,43.472222,43
req-00004760,154965116,154,43.472222,43
req-00004761,154988372,154,43.472222,43
req-00004762,155011364,155,43.666667,44
req-00004763,155034091,155,43.666667,44
req-00004764,155056818,155,43.666667,44
req-00004765,155079545,155,43.666667,44
req-00004766,155102273,155,43.666667,44
req-00004767,155125000,155,43.666667,44
req-00004768,155147727,155,43.666667,44
req-00004769,155170455,155,43.666667,44
req-00004770,155193182,155,43.666667,44
req-00004771,155215909,155,43.666667,44
req-00004772,155238636,155,43.666667,44
req-00004773,155261364,155,43.666667,44
req-00004774,155284091,155,43.666667,44
req-00004775,155306818,155,43.666667,44
req-00004776,155329545,155,43.666667,44
req-00004777,155352273,155,43.666667,44
req-00004778,155375000,155,43.666667,44
req-00004779,155397727,155,43.666667,44
req-00004780,155420455,155,43.666667,44
req-00004781,155443182,155,43.666667,44
req-00004782,155465909,155,43.666667,44
req-00004783,155488636,155,43.666667,44
req-00004784,155511364,155,43.666667,44
req-00004785,155534091,155,43.666667,44
req-00004786,155556818,155,43.666667,44
req-00004787,155579545,155,43.666667,44
req-00004788,155602273,155,43.666667,44
req-00004789,155625000,155,43.666667,44
req-00004790,155647727,155,43.666667,44
req-00004791,155670455,155,43.666667,44
req-00004792,155693182,155,43.666667,44
req-00004793,155715909,155,43.666667,44
req-00004794,155738636,155,43.666667,44
req-00004795,155761364,155,43.666667,44
req-00004796,155784091,155,43.666667,44
req-00004797,155806818,155,43.666667,44
req-00004798,155829545,155,43.666667,44
req-00004799,155852273,155,43.666667,44
req-00004800,155875000,155,43.666667,44
req-00004801,155897727,155,43.666667,44
req-00004802,155920455,155,43.666667,44
req-00004803,155943182,155,43.666667,44
req-00004804,155965909,155,43.666667,44
req-00004805,155988636,155,43.666667,44
req-00004806,156011364,156,43.861111,44
req-00004807,156034091,156,43.861111,44
req-00004808,156056818,156,43.861111,44
req-00004809,156079545,156,43.861111,44
req-00004810,156102273,156,43.861111,44
req-00004811,156125000,156,43.861111,44
req-00004812,156147727,156,43.861111,44
req-00004813,156170455,156,43.861111,44
req-00004814,156193182,156,43.861111,44
req-00004815,156215909,156,43.861111,44
req-00004816,156238636,156,43.861111,44
req-00004817,156261364,156,43.861111,44
req-00004818,156284091,156,43.861111,44
req-00004819,156306818,156,43.861111,44
req-00004820,156329545,156,43.861111,44
req-00004821,156352273,156,43.861111,44
req-00004822,156375000,156,43.861111,44
req-00004823,156397727,156,43.861111,44
req-00004824,156420455,156,43.861111,44
req-00004825,156443182,156,43.861111,44
req-00004826,156465909,156,43.861111,44
req-00004827,156488636,156,43.861111,44
req-00004828,156511364,156,43.861111,44
req-00004829,156534091,156,43.861111,44
req-00004830,156556818,156,43.861111,44
req-00004831,156579545,156,43.861111,44
req-00004832,156602273,156,43.861111,44
req-00004833,156625000,156,43.861111,44
req-00004834,156647727,156,43.861111,44
req-00004835,156670455,156,43.861111,44
req-00004836,156693182,156,43.861111,44
req-00004837,156715909,156,43.861111,44
req-00004838,156738636,156,43.861111,44
req-00004839,156761364,156,43.861111,44
req-00004840,156784091,156,43.861111,44
req-00004841,156806818,156,43.861111,44
req-00004842,156829545,156,43.861111,44
req-00004843,156852273,156,43.861111,44
req-00004844,156875000,156,43.861111,44
req-00004845,156897727,156,43.861111,44
req-00004846,156920455,156,43.861111,44
req-00004847,156943182,156,43.861111,44
req-00004848,156965909,156,43.861111,44
req-00004849,156988636,156,43.861111,44
req-00004850,157011364,157,44.055556,44
req-00004851,157034091,157,44.055556,44
req-00004852,157056818,157,44.055556,44
req-00004853,157079545,157,44.055556,44
req-00004854,157102273,157,44.055556,44
req-00004855,157125000,157,44.055556,44
req-00004856,157147727,157,44.055556,44
req-00004857,157170455,157,44.055556,44
req-00004858,157193182,157,44.055556,44
req-00004859,157215909,157,44.055556,44
req-00004860,157238636,157,44.055556,44
req-00004861,157261364,157,44.055556,44
req-00004862,157284091,157,44.055556,44
req-00004863,157306818,157,44.055556,44
req-00004864,157329545,157,44.055556,44
req-00004865,157352273,157,44.055556,44
req-00004866,157375000,157,44.055556,44
req-00004867,157397727,157,44.055556,44
req-00004868,157420455,157,44.055556,44
req-00004869,157443182,157,44.055556,44
req-00004870,157465909,157,44.055556,44
req-00004871,157488636,157,44.055556,44
req-00004872,157511364,157,44.055556,44
req-00004873,157534091,157,44.055556,44
req-00004874,157556818,157,44.055556,44
req-00004875,157579545,157,44.055556,44
req-00004876,157602273,157,44.055556,44
req-00004877,157625000,157,44.055556,44
req-00004878,157647727,157,44.055556,44
req-00004879,157670455,157,44.055556,44
req-00004880,157693182,157,44.055556,44
req-00004881,157715909,157,44.055556,44
req-00004882,157738636,157,44.055556,44
req-00004883,157761364,157,44.055556,44
req-00004884,157784091,157,44.055556,44
req-00004885,157806818,157,44.055556,44
req-00004886,157829545,157,44.055556,44
req-00004887,157852273,157,44.055556,44
req-00004888,157875000,157,44.055556,44
req-00004889,157897727,157,44.055556,44
req-00004890,157920455,157,44.055556,44
req-00004891,157943182,157,44.055556,44
req-00004892,157965909,157,44.055556,44
req-00004893,157988636,157,44.055556,44
req-00004894,158011364,158,44.250000,44
req-00004895,158034091,158,44.250000,44
req-00004896,158056818,158,44.250000,44
req-00004897,158079545,158,44.250000,44
req-00004898,158102273,158,44.250000,44
req-00004899,158125000,158,44.250000,44
req-00004900,158147727,158,44.250000,44
req-00004901,158170455,158,44.250000,44
req-00004902,158193182,158,44.250000,44
req-00004903,158215909,158,44.250000,44
req-00004904,158238636,158,44.250000,44
req-00004905,158261364,158,44.250000,44
req-00004906,158284091,158,44.250000,44
req-00004907,158306818,158,44.250000,44
req-00004908,158329545,158,44.250000,44
req-00004909,158352273,158,44.250000,44
req-00004910,158375000,158,44.250000,44
req-00004911,158397727,158,44.250000,44
req-00004912,158420455,158,44.250000,44
req-00004913,158443182,158,44.250000,44
req-00004914,158465909,158,44.250000,44
req-00004915,158488636,158,44.250000,44
req-00004916,158511364,158,44.250000,44
req-00004917,158534091,158,44.250000,44
req-00004918,158556818,158,44.250000,44
req-00004919,158579545,158,44.250000,44
req-00004920,158602273,158,44.250000,44
req-00004921,158625000,158,44.250000,44
req-00004922,158647727,158,44.250000,44
req-00004923,158670455,158,44.250000,44
req-00004924,158693182,158,44.250000,44
req-00004925,158715909,158,44.250000,44
req-00004926,158738636,158,44.250000,44
req-00004927,158761364,158,44.250000,44
req-00004928,158784091,158,44.250000,44
req-00004929,158806818,158,44.250000,44
req-00004930,158829545,158,44.250000,44
req-00004931,158852273,158,44.250000,44
req-00004932,158875000,158,44.250000,44
req-00004933,158897727,158,44.250000,44
req-00004934,158920455,158,44.250000,44
req-00004935,158943182,158,44.250000,44
req-00004936,158965909,158,44.250000,44
req-00004937,158988636,158,44.250000,44
req-00004938,159011364,159,44.444444,44
req-00004939,159034091,159,44.444444,44
req-00004940,159056818,159,44.444444,44
req-00004941,159079545,159,44.444444,44
req-00004942,159102273,159,44.444444,44
req-00004943,159125000,159,44.444444,44
req-00004944,159147727,159,44.444444,44
req-00004945,159170455,159,44.444444,44
req-00004946,159193182,159,44.444444,44
req-00004947,159215909,159,44.444444,44
req-00004948,159238636,159,44.444444,44
req-00004949,159261364,159,44.444444,44
req-00004950,159284091,159,44.444444,44
req-00004951,159306818,159,44.444444,44
req-00004952,159329545,159,44.444444,44
req-00004953,159352273,159,44.444444,44
req-00004954,159375000,159,44.444444,44
req-00004955,159397727,159,44.444444,44
req-00004956,159420455,159,44.444444,44
req-00004957,159443182,159,44.444444,44
req-00004958,159465909,159,44.444444,44
req-00004959,159488636,159,44.444444,44
req-00004960,159511364,159,44.444444,44
req-00004961,159534091,159,44.444444,44
req-00004962,159556818,159,44.444444,44
req-00004963,159579545,159,44.444444,44
req-00004964,159602273,159,44.444444,44
req-00004965,159625000,159,44.444444,44
req-00004966,159647727,159,44.444444,44
req-00004967,159670455,159,44.444444,44
req-00004968,159693182,159,44.444444,44
req-00004969,159715909,159,44.444444,44
req-00004970,159738636,159,44.444444,44
req-00004971,159761364,159,44.444444,44
req-00004972,159784091,159,44.444444,44
req-00004973,159806818,159,44.444444,44
req-00004974,159829545,159,44.444444,44
req-00004975,159852273,159,44.444444,44
req-00004976,159875000,159,44.444444,44
req-00004977,159897727,159,44.444444,44
req-00004978,159920455,159,44.444444,44
req-00004979,159943182,159,44.444444,44
req-00004980,159965909,159,44.444444,44
req-00004981,159988636,159,44.444444,44
req-00004982,160011111,160,44.638889,45
req-00004983,160033333,160,44.638889,45
req-00004984,160055556,160,44.638889,45
req-00004985,160077778,160,44.638889,45
req-00004986,160100000,160,44.638889,45
req-00004987,160122222,160,44.638889,45
req-00004988,160144444,160,44.638889,45
req-00004989,160166667,160,44.638889,45
req-00004990,160188889,160,44.638889,45
req-00004991,160211111,160,44.638889,45
req-00004992,160233333,160,44.638889,45
req-00004993,160255556,160,44.638889,45
req-00004994,160277778,160,44.638889,45
req-00004995,160300000,160,44.638889,45
req-00004996,160322222,160,44.638889,45
req-00004997,160344444,160,44.638889,45
req-00004998,160366667,160,44.638889,45
req-00004999,160388889,160,44.638889,45
req-00005000,160411111,160,44.638889,45
req-00005001,160433333,160,44.638889,45
req-00005002,160455556,160,44.638889,45
req-00005003,160477778,160,44.638889,45
req-00005004,160500000,160,44.638889,45
req-00005005,160522222,160,44.638889,45
req-00005006,160544444,160,44.638889,45
req-00005007,160566667,160,44.638889,45
req-00005008,160588889,160,44.638889,45
req-00005009,160611111,160,44.638889,45
req-00005010,160633333,160,44.638889,45
req-00005011,160655556,160,44.638889,45
req-00005012,160677778,160,44.638889,45
req-00005013,160700000,160,44.638889,45
req-00005014,160722222,160,44.638889,45
req-00005015,160744444,160,44.638889,45
req-00005016,160766667,160,44.638889,45
req-00005017,160788889,160,44.638889,45
req-00005018,160811111,160,44.638889,45
req-00005019,160833333,160,44.638889,45
req-00005020,160855556,160,44.638889,45
req-00005021,160877778,160,44.638889,45
req-00005022,160900000,160,44.638889,45
req-00005023,160922222,160,44.638889,45
req-00005024,160944444,160,44.638889,45
req-00005025,160966667,160,44.638889,45
req-00005026,160988889,160,44.638889,45
req-00005027,161011111,161,44.833333,45
req-00005028,161033333,161,44.833333,45
req-00005029,161055556,161,44.833333,45
req-00005030,161077778,161,44.833333,45
req-00005031,161100000,161,44.833333,45
req-00005032,161122222,161,44.833333,45
req-00005033,161144444,161,44.833333,45
req-00005034,161166667,161,44.833333,45
req-00005035,161188889,161,44.833333,45
req-00005036,161211111,161,44.833333,45
req-00005037,161233333,161,44.833333,45
req-00005038,161255556,161,44.833333,45
req-00005039,161277778,161,44.833333,45
req-00005040,161300000,161,44.833333,45
req-00005041,161322222,161,44.833333,45
req-00005042,161344444,161,44.833333,45
req-00005043,161366667,161,44.833333,45
req-00005044,161388889,161,44.833333,45
req-00005045,161411111,161,44.833333,45
req-00005046,161433333,161,44.833333,45
req-00005047,161455556,161,44.833333,45
req-00005048,161477778,161,44.833333,45
req-00005049,161500000,161,44.833333,45
req-00005050,161522222,161,44.833333,45
req-00005051,161544444,161,44.833333,45
req-00005052,161566667,161,44.833333,45
req-00005053,161588889,161,44.833333,45
req-00005054,161611111,161,44.833333,45
req-00005055,161633333,161,44.833333,45
req-00005056,161655556,161,44.833333,45
req-00005057,161677778,161,44.833333,45
req-00005058,161700000,161,44.833333,45
req-00005059,161722222,161,44.833333,45
req-00005060,161744444,161,44.833333,45
req-00005061,161766667,161,44.833333,45
req-00005062,161788889,161,44.833333,45
req-00005063,161811111,161,44.833333,45
req-00005064,161833333,161,44.833333,45
req-00005065,161855556,161,44.833333,45
req-00005066,161877778,161,44.833333,45
req-00005067,161900000,161,44.833333,45
req-00005068,161922222,161,44.833333,45
req-00005069,161944444,161,44.833333,45
req-00005070,161966667,161,44.833333,45
req-00005071,161988889,161,44.833333,45
req-00005072,162011111,162,45.027778,45
req-00005073,162033333,162,45.027778,45
req-00005074,162055556,162,45.027778,45
req-00005075,162077778,162,45.027778,45
req-00005076,162100000,162,45.027778,45
req-00005077,162122222,162,45.027778,45
req-00005078,162144444,162,45.027778,45
req-00005079,162166667,162,45.027778,45
req-00005080,162188889,162,45.027778,45
req-00005081,162211111,162,45.027778,45
req-00005082,162233333,162,45.027778,45
req-00005083,162255556,162,45.027778,45
req-00005084,162277778,162,45.027778,45
req-00005085,162300000,162,45.027778,45
req-00005086,162322222,162,45.027778,45
req-00005087,162344444,162,45.027778,45
req-00005088,162366667,162,45.027778,45
req-00005089,162388889,162,45.027778,45
req-00005090,162411111,162,45.027778,45
req-00005091,162433333,162,45.027778,45
req-00005092,162455556,162,45.027778,45
req-00005093,162477778,162,45.027778,45
req-00005094,162500000,162,45.027778,45
req-00005095,162522222,162,45.027778,45
req-00005096,162544444,162,45.027778,45
req-00005097,162566667,162,45.027778,45
req-00005098,162588889,162,45.027778,45
req-00005099,162611111,162,45.027778,45
req-00005100,162633333,162,45.027778,45
req-00005101,162655556,162,45.027778,45
req-00005102,162677778,162,45.027778,45
req-00005103,162700000,162,45.027778,45
req-00005104,162722222,162,45.027778,45
req-00005105,162744444,162,45.027778,45
req-00005106,162766667,162,45.027778,45
req-00005107,162788889,162,45.027778,45
req-00005108,162811111,162,45.027778,45
req-00005109,162833333,162,45.027778,45
req-00005110,162855556,162,45.027778,45
req-00005111,162877778,162,45.027778,45
req-00005112,162900000,162,45.027778,45
req-00005113,162922222,162,45.027778,45
req-00005114,162944444,162,45.027778,45
req-00005115,162966667,162,45.027778,45
req-00005116,162988889,162,45.027778,45
req-00005117,163011111,163,45.222222,45
req-00005118,163033333,163,45.222222,45
req-00005119,163055556,163,45.222222,45
req-00005120,163077778,163,45.222222,45
req-00005121,163100000,163,45.222222,45
req-00005122,163122222,163,45.222222,45
req-00005123,163144444,163,45.222222,45
req-00005124,163166667,163,45.222222,45
req-00005125,163188889,163,45.222222,45
req-00005126,163211111,163,45.222222,45
req-00005127,163233333,163,45.222222,45
req-00005128,163255556,163,45.222222,45
req-00005129,163277778,163,45.222222,45
req-00005130,163300000,163,45.222222,45
req-00005131,163322222,163,45.222222,45
req-00005132,163344444,163,45.222222,45
req-00005133,163366667,163,45.222222,45
req-00005134,163388889,163,45.222222,45
req-00005135,163411111,163,45.222222,45
req-00005136,163433333,163,45.222222,45
req-00005137,163455556,163,45.222222,45
req-00005138,163477778,163,45.222222,45
req-00005139,163500000,163,45.222222,45
req-00005140,163522222,163,45.222222,45
req-00005141,163544444,163,45.222222,45
req-00005142,163566667,163,45.222222,45
req-00005143,163588889,163,45.222222,45
req-00005144,163611111,163,45.222222,45
req-00005145,163633333,163,45.222222,45
req-00005146,163655556,163,45.222222,45
req-00005147,163677778,163,45.222222,45
req-00005148,163700000,163,45.222222,45
req-00005149,163722222,163,45.222222,45
req-00005150,163744444,163,45.222222,45
req-00005151,163766667,163,45.222222,45
req-00005152,163788889,163,45.222222,45
req-00005153,163811111,163,45.222222,45
req-00005154,163833333,163,45.222222,45
req-00005155,163855556,163,45.222222,45
req-00005156,163877778,163,45.222222,45
req-00005157,163900000,163,45.222222,45
req-00005158,163922222,163,45.222222,45
req-00005159,163944444,163,45.222222,45
req-00005160,163966667,163,45.222222,45
req-00005161,163988889,163,45.222222,45
req-00005162,164010870,164,45.416667,46
req-00005163,164032609,164,45.416667,46
req-00005164,164054348,164,45.416667,46
req-00005165,164076087,164,45.416667,46
req-00005166,164097826,164,45.416667,46
req-00005167,164119565,164,45.416667,46
req-00005168,164141304,164,45.416667,46
req-00005169,164163043,164,45.416667,46
req-00005170,164184783,164,45.416667,46
req-00005171,164206522,164,45.416667,46
req-00005172,164228261,164,45.416667,46
req-00005173,164250000,164,45.416667,46
req-00005174,164271739,164,45.416667,46
req-00005175,164293478,164,45.416667,46
req-00005176,164315217,164,45.416667,46
req-00005177,164336957,164,45.416667,46
req-00005178,164358696,164,45.416667,46
req-00005179,164380435,164,45.416667,46
req-00005180,164402174,164,45.416667,46
req-00005181,164423913,164,45.416667,46
req-00005182,164445652,164,45.416667,46
req-00005183,164467391,164,45.416667,46
req-00005184,164489130,164,45.416667,46
req-00005185,164510870,164,45.416667,46
req-00005186,164532609,164,45.416667,46
req-00005187,164554348,164,45.416667,46
req-00005188,164576087,164,45.416667,46
req-00005189,164597826,164,45.416667,46
req-00005190,164619565,164,45.416667,46
req-00005191,164641304,164,45.416667,46
req-00005192,164663043,164,45.416667,46
req-00005193,164684783,164,45.416667,46
req-00005194,164706522,164,45.416667,46
req-00005195,164728261,164,45.416667,46
req-00005196,164750000,164,45.416667,46
req-00005197,164771739,164,45.416667,46
req-00005198,164793478,164,45.416667,46
req-00005199,164815217,164,45.416667,46
req-00005200,164836957,164,45.416667,46
req-00005201,164858696,164,45.416667,46
req-00005202,164880435,164,45.416667,46
req-00005203,164902174,164,45.416667,46
req-00005204,164923913,164,45.416667,46
req-00005205,164945652,164,45.416667,46
req-00005206,164967391,164,45.416667,46
req-00005207,164989130,164,45.416667,46
req-00005208,165011111,165,45.611111,45
req-00005209,165033333,165,45.611111,45
req-00005210,165055556,165,45.611111,45
req-00005211,165077778,165,45.611111,45
req-00005212,165100000,165,45.611111,45
req-00005213,165122222,165,45.611111,45
req-00005214,165144444,165,45.611111,45
req-00005215,165166667,165,45.611111,45
req-00005216,165188889,165,45.611111,45
req-00005217,165211111,165,45.611111,45
req-00005218,165233333,165,45.611111,45
req-00005219,165255556,165,45.611111,45
req-00005220,165277778,165,45.611111,45
req-00005221,165300000,165,45.611111,45
req-00005222,165322222,165,45.611111,45
req-00005223,165344444,165,45.611111,45
req-00005224,165366667,165,45.611111,45
req-00005225,165388889,165,45.611111,45
req-00005226,165411111,165,45.611111,45
req-00005227,165433333,165,45.611111,45
req-00005228,165455556,165,45.611111,45
req-00005229,165477778,165,45.611111,45
req-00005230,165500000,165,45.611111,45
req-00005231,165522222,165,45.611111,45
req-00005232,165544444,165,45.611111,45
req-00005233,165566667,165,45.611111,45
req-00005234,165588889,165,45.611111,45
req-00005235,165611111,165,45.611111,45
req-00005236,165633333,165,45.611111,45
req-00005237,165655556,165,45.611111,45
req-00005238,165677778,165,45.611111,45
req-00005239,165700000,165,45.611111,45
req-00005240,165722222,165,45.611111,45
req-00005241,165744444,165,45.611111,45
req-00005242,165766667,165,45.611111,45
req-00005243,165788889,165,45.611111,45
req-00005244,165811111,165,45.611111,45
req-00005245,165833333,165,45.611111,45
req-00005246,165855556,165,45.611111,45
req-00005247,165877778,165,45.611111,45
req-00005248,165900000,165,45.611111,45
req-00005249,165922222,165,45.611111,45
req-00005250,165944444,165,45.611111,45
req-00005251,165966667,165,45.611111,45
req-00005252,165988889,165,45.611111,45
req-00005253,166010870,166,45.805556,46
req-00005254,166032609,166,45.805556,46
req-00005255,166054348,166,45.805556,46
req-00005256,166076087,166,45.805556,46
req-00005257,166097826,166,45.805556,46
req-00005258,166119565,166,45.805556,46
req-00005259,166141304,166,45.805556,46
req-00005260,166163043,166,45.805556,46
req-00005261,166184783,166,45.805556,46
req-00005262,166206522,166,45.805556,46
req-00005263,166228261,166,45.805556,46
req-00005264,166250000,166,45.805556,46
req-00005265,166271739,166,45.805556,46
req-00005266,166293478,166,45.805556,46
req-00005267,166315217,166,45.805556,46
req-00005268,166336957,166,45.805556,46
req-00005269,166358696,166,45.805556,46
req-00005270,166380435,166,45.805556,46
req-00005271,166402174,166,45.805556,46
req-00005272,166423913,166,45.805556,46
req-00005273,166445652,166,45.805556,46
req-00005274,166467391,166,45.805556,46
req-00005275,166489130,166,45.805556,46
req-00005276,166510870,166,45.805556,46
req-00005277,166532609,166,45.805556,46
req-00005278,166554348,166,45.805556,46
req-00005279,166576087,166,45.805556,46
req-00005280,166597826,166,45.805556,46
req-00005281,166619565,166,45.805556,46
req-00005282,166641304,166,45.805556,46
req-00005283,166663043,166,45.805556,46
req-00005284,166684783,166,45.805556,46
req-00005285,166706522,166,45.805556,46
req-00005286,166728261,166,45.805556,46
req-00005287,166750000,166,45.805556,46
req-00005288,166771739,166,45.805556,46
req-00005289,166793478,166,45.805556,46
req-00005290,166815217,166,45.805556,46
req-00005291,166836957,166,45.805556,46
req-00005292,166858696,166,45.805556,46
req-00005293,166880435,166,45.805556,46
req-00005294,166902174,166,45.805556,46
req-00005295,166923913,166,45.805556,46
req-00005296,166945652,166,45.805556,46
req-00005297,166967391,166,45.805556,46
req-00005298,166989130,166,45.805556,46
req-00005299,167010870,167,46.000000,46
req-00005300,167032609,167,46.000000,46
req-00005301,167054348,167,46.000000,46
req-00005302,167076087,167,46.000000,46
req-00005303,167097826,167,46.000000,46
req-00005304,167119565,167,46.000000,46
req-00005305,167141304,167,46.000000,46
req-00005306,167163043,167,46.000000,46
req-00005307,167184783,167,46.000000,46
req-00005308,167206522,167,46.000000,46
req-00005309,167228261,167,46.000000,46
req-00005310,167250000,167,46.000000,46
req-00005311,167271739,167,46.000000,46
req-00005312,167293478,167,46.000000,46
req-00005313,167315217,167,46.000000,46
req-00005314,167336957,167,46.000000,46
req-00005315,167358696,167,46.000000,46
req-00005316,167380435,167,46.000000,46
req-00005317,167402174,167,46.000000,46
req-00005318,167423913,167,46.000000,46
req-00005319,167445652,167,46.000000,46
req-00005320,167467391,167,46.000000,46
req-00005321,167489130,167,46.000000,46
req-00005322,167510870,167,46.000000,46
req-00005323,167532609,167,46.000000,46
req-00005324,167554348,167,46.000000,46
req-00005325,167576087,167,46.000000,46
req-00005326,167597826,167,46.000000,46
req-00005327,167619565,167,46.000000,46
req-00005328,167641304,167,46.000000,46
req-00005329,167663043,167,46.000000,46
req-00005330,167684783,167,46.000000,46
req-00005331,167706522,167,46.000000,46
req-00005332,167728261,167,46.000000,46
req-00005333,167750000,167,46.000000,46
req-00005334,167771739,167,46.000000,46
req-00005335,167793478,167,46.000000,46
req-00005336,167815217,167,46.000000,46
req-00005337,167836957,167,46.000000,46
req-00005338,167858696,167,46.000000,46
req-00005339,167880435,167,46.000000,46
req-00005340,167902174,167,46.000000,46
req-00005341,167923913,167,46.000000,46
req-00005342,167945652,167,46.000000,46
req-00005343,167967391,167,46.000000,46
req-00005344,167989130,167,46.000000,46
req-00005345,168010870,168,46.194444,46
req-00005346,168032609,168,46.194444,46
req-00005347,168054348,168,46.194444,46
req-00005348,168076087,168,46.194444,46
req-00005349,168097826,168,46.194444,46
req-00005350,168119565,168,46.194444,46
req-00005351,168141304,168,46.194444,46
req-00005352,168163043,168,46.194444,46
req-00005353,168184783,168,46.194444,46
req-00005354,168206522,168,46.194444,46
req-00005355,168228261,168,46.194444,46
req-00005356,168250000,168,46.194444,46
req-00005357,168271739,168,46.194444,46
req-00005358,168293478,168,46.194444,46
req-00005359,168315217,168,46.194444,46
req-00005360,168336957,168,46.194444,46
req-00005361,168358696,168,46.194444,46
req-00005362,168380435,168,46.194444,46
req-00005363,168402174,168,46.194444,46
req-00005364,168423913,168,46.194444,46
req-00005365,168445652,168,46.194444,46
req-00005366,168467391,168,46.194444,46
req-00005367,168489130,168,46.194444,46
req-00005368,168510870,168,46.194444,46
req-00005369,168532609,168,46.194444,46
req-00005370,168554348,168,46.194444,46
req-00005371,168576087,168,46.194444,46
req-00005372,168597826,168,46.194444,46
req-00005373,168619565,168,46.194444,46
req-00005374,168641304,168,46.194444,46
req-00005375,168663043,168,46.194444,46
req-00005376,168684783,168,46.194444,46
req-00005377,168706522,168,46.194444,46
req-00005378,168728261,168,46.194444,46
req-00005379,168750000,168,46.194444,46
req-00005380,168771739,168,46.194444,46
req-00005381,168793478,168,46.194444,46
req-00005382,168815217,168,46.194444,46
req-00005383,168836957,168,46.194444,46
req-00005384,168858696,168,46.194444,46
req-00005385,168880435,168,46.194444,46
req-00005386,168902174,168,46.194444,46
req-00005387,168923913,168,46.194444,46
req-00005388,168945652,168,46.194444,46
req-00005389,168967391,168,46.194444,46
req-00005390,168989130,168,46.194444,46
req-00005391,169010638,169,46.388889,47
req-00005392,169031915,169,46.388889,47
req-00005393,169053191,169,46.388889,47
req-00005394,169074468,169,46.388889,47
req-00005395,169095745,169,46.388889,47
req-00005396,169117021,169,46.388889,47
req-00005397,169138298,169,46.388889,47
req-00005398,169159574,169,46.388889,47
req-00005399,169180851,169,46.388889,47
req-00005400,169202128,169,46.388889,47
req-00005401,169223404,169,46.388889,47
req-00005402,169244681,169,46.388889,47
req-00005403,169265957,169,46.388889,47
req-00005404,169287234,169,46.388889,47
req-00005405,169308511,169,46.388889,47
req-00005406,169329787,169,46.388889,47
req-00005407,169351064,169,46.388889,47
req-00005408,169372340,169,46.388889,47
req-00005409,169393617,169,46.388889,47
req-00005410,169414894,169,46.388889,47
req-00005411,169436170,169,46.388889,47
req-00005412,169457447,169,46.388889,47
req-00005413,169478723,169,46.388889,47
req-00005414,169500000,169,46.388889,47
req-00005415,169521277,169,46.388889,47
req-00005416,169542553,169,46.388889,47
req-00005417,169563830,169,46.388889,47
req-00005418,169585106,169,46.388889,47
req-00005419,169606383,169,46.388889,47
req-00005420,169627660,169,46.388889,47
req-00005421,169648936,169,46.388889,47
req-00005422,169670213,169,46.388889,47
req-00005423,169691489,169,46.388889,47
req-00005424,169712766,169,46.388889,47
req-00005425,169734043,169,46.388889,47
req-00005426,169755319,169,46.388889,47
req-00005427,169776596,169,46.388889,47
req-00005428,169797872,169,46.388889,47
req-00005429,169819149,169,46.388889,47
req-00005430,169840426,169,46.388889,47
req-00005431,169861702,169,46.388889,47
req-00005432,169882979,169,46.388889,47
req-00005433,169904255,169,46.388889,47
req-00005434,169925532,169,46.388889,47
req-00005435,169946809,169,46.388889,47
req-00005436,169968085,169,46.388889,47
req-00005437,169989362,169,46.388889,47
req-00005438,170010870,170,46.583333,46
req-00005439,170032609,170,46.583333,46
req-00005440,170054348,170,46.583333,46
req-00005441,170076087,170,46.583333,46
req-00005442,170097826,170,46.583333,46
req-00005443,170119565,170,46.583333,46
req-00005444,170141304,170,46.583333,46
req-00005445,170163043,170,46.583333,46
req-00005446,170184783,170,46.583333,46
req-00005447,170206522,170,46.583333,46
req-00005448,170228261,170,46.583333,46
req-00005449,170250000,170,46.583333,46
req-00005450,170271739,170,46.583333,46
req-00005451,170293478,170,46.583333,46
req-00005452,170315217,170,46.583333,46
req-00005453,170336957,170,46.583333,46
req-00005454,170358696,170,46.583333,46
req-00005455,170380435,170,46.583333,46
req-00005456,170402174,170,46.583333,46
req-00005457,170423913,170,46.583333,46
req-00005458,170445652,170,46.583333,46
req-00005459,170467391,170,46.583333,46
req-00005460,170489130,170,46.583333,46
req-00005461,170510870,170,46.583333,46
req-00005462,170532609,170,46.583333,46
req-00005463,170554348,170,46.583333,46
req-00005464,170576087,170,46.583333,46
req-00005465,170597826,170,46.583333,46
req-00005466,170619565,170,46.583333,46
req-00005467,170641304,170,46.583333,46
req-00005468,170663043,170,46.583333,46
req-00005469,170684783,170,46.583333,46
req-00005470,170706522,170,46.583333,46
req-00005471,170728261,170,46.583333,46
req-00005472,170750000,170,46.583333,46
req-00005473,170771739,170,46.583333,46
req-00005474,170793478,170,46.583333,46
req-00005475,170815217,170,46.583333,46
req-00005476,170836957,170,46.583333,46
req-00005477,170858696,170,46.583333,46
req-00005478,170880435,170,46.583333,46
req-00005479,170902174,170,46.583333,46
req-00005480,170923913,170,46.583333,46
req-00005481,170945652,170,46.583333,46
req-00005482,170967391,170,46.583333,46
req-00005483,170989130,170,46.583333,46
req-00005484,171010638,171,46.777778,47
req-00005485,171031915,171,46.777778,47
req-00005486,171053191,171,46.777778,47
req-00005487,171074468,171,46.777778,47
req-00005488,171095745,171,46.777778,47
req-00005489,171117021,171,46.777778,47
req-00005490,171138298,171,46.777778,47
req-00005491,171159574,171,46.777778,47
req-00005492,171180851,171,46.777778,47
req-00005493,171202128,171,46.777778,47
req-00005494,171223404,171,46.777778,47
req-00005495,171244681,171,46.777778,47
req-00005496,171265957,171,46.777778,47
req-00005497,171287234,171,46.777778,47
req-00005498,171308511,171,46.777778,47
req-00005499,171329787,171,46.777778,47
req-00005500,171351064,171,46.777778,47
req-00005501,171372340,171,46.777778,47
req-00005502,171393617,171,46.777778,47
req-00005503,171414894,171,46.777778,47
req-00005504,171436170,171,46.777778,47
req-00005505,171457447,171,46.777778,47
req-00005506,171478723,171,46.777778,47
req-00005507,171500000,171,46.777778,47
req-00005508,171521277,171,46.777778,47
req-00005509,171542553,171,46.777778,47
req-00005510,171563830,171,46.777778,47
req-00005511,171585106,171,46.777778,47
req-00005512,171606383,171,46.777778,47
req-00005513,171627660,171,46.777778,47
req-00005514,171648936,171,46.777778,47
req-00005515,171670213,171,46.777778,47
req-00005516,171691489,171,46.777778,47
req-00005517,171712766,171,46.777778,47
req-00005518,171734043,171,46.777778,47
req-00005519,171755319,171,46.777778,47
req-00005520,171776596,171,46.777778,47
req-00005521,171797872,171,46.777778,47
req-00005522,171819149,171,46.777778,47
req-00005523,171840426,171,46.777778,47
req-00005524,171861702,171,46.777778,47
req-00005525,171882979,171,46.777778,47
req-00005526,171904255,171,46.777778,47
req-00005527,171925532,171,46.777778,47
req-00005528,171946809,171,46.777778,47
req-00005529,171968085,171,46.777778,47
req-00005530,171989362,171,46.777778,47
req-00005531,172010638,172,46.972222,47
req-00005532,172031915,172,46.972222,47
req-00005533,172053191,172,46.972222,47
req-00005534,172074468,172,46.972222,47
req-00005535,172095745,172,46.972222,47
req-00005536,172117021,172,46.972222,47
req-00005537,172138298,172,46.972222,47
req-00005538,172159574,172,46.972222,47
req-00005539,172180851,172,46.972222,47
req-00005540,172202128,172,46.972222,47
req-00005541,172223404,172,46.972222,47
req-00005542,172244681,172,46.972222,47
req-00005543,172265957,172,46.972222,47
req-00005544,172287234,172,46.972222,47
req-00005545,172308511,172,46.972222,47
req-00005546,172329787,172,46.972222,47
req-00005547,172351064,172,46.972222,47
req-00005548,172372340,172,46.972222,47
req-00005549,172393617,172,46.972222,47
req-00005550,172414894,172,46.972222,47
req-00005551,172436170,172,46.972222,47
req-00005552,172457447,172,46.972222,47
req-00005553,172478723,172,46.972222,47
req-00005554,172500000,172,46.972222,47
req-00005555,172521277,172,46.972222,47
req-00005556,172542553,172,46.972222,47
req-00005557,172563830,172,46.972222,47
req-00005558,172585106,172,46.972222,47
req-00005559,172606383,172,46.972222,47
req-00005560,172627660,172,46.972222,47
req-00005561,172648936,172,46.972222,47
req-00005562,172670213,172,46.972222,47
req-00005563,172691489,172,46.972222,47
req-00005564,172712766,172,46.972222,47
req-00005565,172734043,172,46.972222,47
req-00005566,172755319,172,46.972222,47
req-00005567,172776596,172,46.972222,47
req-00005568,172797872,172,46.972222,47
req-00005569,172819149,172,46.972222,47
req-00005570,172840426,172,46.972222,47
req-00005571,172861702,172,46.972222,47
req-00005572,172882979,172,46.972222,47
req-00005573,172904255,172,46.972222,47
req-00005574,172925532,172,46.972222,47
req-00005575,172946809,172,46.972222,47
req-00005576,172968085,172,46.972222,47
req-00005577,172989362,172,46.972222,47
req-00005578,173010638,173,47.166667,47
req-00005579,173031915,173,47.166667,47
req-00005580,173053191,173,47.166667,47
req-00005581,173074468,173,47.166667,47
req-00005582,173095745,173,47.166667,47
req-00005583,173117021,173,47.166667,47
req-00005584,173138298,173,47.166667,47
req-00005585,173159574,173,47.166667,47
req-00005586,173180851,173,47.166667,47
req-00005587,173202128,173,47.166667,47
req-00005588,173223404,173,47.166667,47
req-00005589,173244681,173,47.166667,47
req-00005590,173265957,173,47.166667,47
req-00005591,173287234,173,47.166667,47
req-00005592,173308511,173,47.166667,47
req-00005593,173329787,173,47.166667,47
req-00005594,173351064,173,47.166667,47
req-00005595,173372340,173,47.166667,47
req-00005596,173393617,173,47.166667,47
req-00005597,173414894,173,47.166667,47
req-00005598,173436170,173,47.166667,47
req-00005599,173457447,173,47.166667,47
req-00005600,173478723,173,47.166667,47
req-00005601,173500000,173,47.166667,47
req-00005602,173521277,173,47.166667,47
req-00005603,173542553,173,47.166667,47
req-00005604,173563830,173,47.166667,47
req-00005605,173585106,173,47.166667,47
req-00005606,173606383,173,47.166667,47
req-00005607,173627660,173,47.166667,47
req-00005608,173648936,173,47.166667,47
req-00005609,173670213,173,47.166667,47
req-00005610,173691489,173,47.166667,47
req-00005611,173712766,173,47.166667,47
req-00005612,173734043,173,47.166667,47
req-00005613,173755319,173,47.166667,47
req-00005614,173776596,173,47.166667,47
req-00005615,173797872,173,47.166667,47
req-00005616,173819149,173,47.166667,47
req-00005617,173840426,173,47.166667,47
req-00005618,173861702,173,47.166667,47
req-00005619,173882979,173,47.166667,47
req-00005620,173904255,173,47.166667,47
req-00005621,173925532,173,47.166667,47
req-00005622,173946809,173,47.166667,47
req-00005623,173968085,173,47.166667,47
req-00005624,173989362,173,47.166667,47
req-00005625,174010638,174,47.361111,47
req-00005626,174031915,174,47.361111,47
req-00005627,174053191,174,47.361111,47
req-00005628,174074468,174,47.361111,47
req-00005629,174095745,174,47.361111,47
req-00005630,174117021,174,47.361111,47
req-00005631,174138298,174,47.361111,47
req-00005632,174159574,174,47.361111,47
req-00005633,174180851,174,47.361111,47
req-00005634,174202128,174,47.361111,47
req-00005635,174223404,174,47.361111,47
req-00005636,174244681,174,47.361111,47
req-00005637,174265957,174,47.361111,47
req-00005638,174287234,174,47.361111,47
req-00005639,174308511,174,47.361111,47
req-00005640,174329787,174,47.361111,47
req-00005641,174351064,174,47.361111,47
req-00005642,174372340,174,47.361111,47
req-00005643,174393617,174,47.361111,47
req-00005644,174414894,174,47.361111,47
req-00005645,174436170,174,47.361111,47
req-00005646,174457447,174,47.361111,47
req-00005647,174478723,174,47.361111,47
req-00005648,174500000,174,47.361111,47
req-00005649,174521277,174,47.361111,47
req-00005650,174542553,174,47.361111,47
req-00005651,174563830,174,47.361111,47
req-00005652,174585106,174,47.361111,47
req-00005653,174606383,174,47.361111,47
req-00005654,174627660,174,47.361111,47
req-00005655,174648936,174,47.361111,47
req-00005656,174670213,174,47.361111,47
req-00005657,174691489,174,47.361111,47
req-00005658,174712766,174,47.361111,47
req-00005659,174734043,174,47.361111,47
req-00005660,174755319,174,47.361111,47
req-00005661,174776596,174,47.361111,47
req-00005662,174797872,174,47.361111,47
req-00005663,174819149,174,47.361111,47
req-00005664,174840426,174,47.361111,47
req-00005665,174861702,174,47.361111,47
req-00005666,174882979,174,47.361111,47
req-00005667,174904255,174,47.361111,47
req-00005668,174925532,174,47.361111,47
req-00005669,174946809,174,47.361111,47
req-00005670,174968085,174,47.361111,47
req-00005671,174989362,174,47.361111,47
req-00005672,175010417,175,47.555556,48
req-00005673,175031250,175,47.555556,48
req-00005674,175052083,175,47.555556,48
req-00005675,175072917,175,47.555556,48
req-00005676,175093750,175,47.555556,48
req-00005677,175114583,175,47.555556,48
req-00005678,175135417,175,47.555556,48
req-00005679,175156250,175,47.555556,48
req-00005680,175177083,175,47.555556,48
req-00005681,175197917,175,47.555556,48
req-00005682,175218750,175,47.555556,48
req-00005683,175239583,175,47.555556,48
req-00005684,175260417,175,47.555556,48
req-00005685,175281250,175,47.555556,48
req-00005686,175302083,175,47.555556,48
req-00005687,175322917,175,47.555556,48
req-00005688,175343750,175,47.555556,48
req-00005689,175364583,175,47.555556,48
req-00005690,175385417,175,47.555556,48
req-00005691,175406250,175,47.555556,48
req-00005692,175427083,175,47.555556,48
req-00005693,175447917,175,47.555556,48
req-00005694,175468750,175,47.555556,48
req-00005695,175489583,175,47.555556,48
req-00005696,175510417,175,47.555556,48
req-00005697,175531250,175,47.555556,48
req-00005698,175552083,175,47.555556,48
req-00005699,175572917,175,47.555556,48
req-00005700,175593750,175,47.555556,48
req-00005701,175614583,175,47.555556,48
req-00005702,175635417,175,47.555556,48
req-00005703,175656250,175,47.555556,48
req-00005704,175677083,175,47.555556,48
req-00005705,175697917,175,47.555556,48
req-00005706,175718750,175,47.555556,48
req-00005707,175739583,175,47.555556,48
req-00005708,175760417,175,47.555556,48
req-00005709,175781250,175,47.555556,48
req-00005710,175802083,175,47.555556,48
req-00005711,175822917,175,47.555556,48
req-00005712,175843750,175,47.555556,48
req-00005713,175864583,175,47.555556,48
req-00005714,175885417,175,47.555556,48
req-00005715,175906250,175,47.555556,48
req-00005716,175927083,175,47.555556,48
req-00005717,175947917,175,47.555556,48
req-00005718,175968750,175,47.555556,48
req-00005719,175989583,175,47.555556,48
req-00005720,176010417,176,47.750000,48
req-00005721,176031250,176,47.750000,48
req-00005722,176052083,176,47.750000,48
req-00005723,176072917,176,47.750000,48
req-00005724,176093750,176,47.750000,48
req-00005725,176114583,176,47.750000,48
req-00005726,176135417,176,47.750000,48
req-00005727,176156250,176,47.750000,48
req-00005728,176177083,176,47.750000,48
req-00005729,176197917,176,47.750000,48
req-00005730,176218750,176,47.750000,48
req-00005731,176239583,176,47.750000,48
req-00005732,176260417,176,47.750000,48
req-00005733,176281250,176,47.750000,48
req-00005734,176302083,176,47.750000,48
req-00005735,176322917,176,47.750000,48
req-00005736,176343750,176,47.750000,48
req-00005737,176364583,176,47.750000,48
req-00005738,176385417,176,47.750000,48
req-00005739,176406250,176,47.750000,48
req-00005740,176427083,176,47.750000,48
req-00005741,176447917,176,47.750000,48
req-00005742,176468750,176,47.750000,48
req-00005743,176489583,176,47.750000,48
req-00005744,176510417,176,47.750000,48
req-00005745,176531250,176,47.750000,48
req-00005746,176552083,176,47.750000,48
req-00005747,176572917,176,47.750000,48
req-00005748,176593750,176,47.750000,48
req-00005749,176614583,176,47.750000,48
req-00005750,176635417,176,47.750000,48
req-00005751,176656250,176,47.750000,48
req-00005752,176677083,176,47.750000,48
req-00005753,176697917,176,47.750000,48
req-00005754,176718750,176,47.750000,48
req-00005755,176739583,176,47.750000,48
req-00005756,176760417,176,47.750000,48
req-00005757,176781250,176,47.750000,48
req-00005758,176802083,176,47.750000,48
req-00005759,176822917,176,47.750000,48
req-00005760,176843750,176,47.750000,48
req-00005761,176864583,176,47.750000,48
req-00005762,176885417,176,47.750000,48
req-00005763,176906250,176,47.750000,48
req-00005764,176927083,176,47.750000,48
req-00005765,176947917,176,47.750000,48
req-00005766,176968750,176,47.750000,48
req-00005767,176989583,176,47.750000,48
req-00005768,177010417,177,47.944444,48
req-00005769,177031250,177,47.944444,48
req-00005770,177052083,177,47.944444,48
req-00005771,177072917,177,47.944444,48
req-00005772,177093750,177,47.944444,48
req-00005773,177114583,177,47.944444,48
req-00005774,177135417,177,47.944444,48
req-00005775,177156250,177,47.944444,48
req-00005776,177177083,177,47.944444,48
req-00005777,177197917,177,47.944444,48
req-00005778,177218750,177,47.944444,48
req-00005779,177239583,177,47.944444,48
req-00005780,177260417,177,47.944444,48
req-00005781,177281250,177,47.944444,48
req-00005782,177302083,177,47.944444,48
req-00005783,177322917,177,47.944444,48
req-00005784,177343750,177,47.944444,48
req-00005785,177364583,177,47.944444,48
req-00005786,177385417,177,47.944444,48
req-00005787,177406250,177,47.944444,48
req-00005788,177427083,177,47.944444,48
req-00005789,177447917,177,47.944444,48
req-00005790,177468750,177,47.944444,48
req-00005791,177489583,177,47.944444,48
req-00005792,177510417,177,47.944444,48
req-00005793,177531250,177,47.944444,48
req-00005794,177552083,177,47.944444,48
req-00005795,177572917,177,47.944444,48
req-00005796,177593750,177,47.944444,48
req-00005797,177614583,177,47.944444,48
req-00005798,177635417,177,47.944444,48
req-00005799,177656250,177,47.944444,48
req-00005800,177677083,177,47.944444,48
req-00005801,177697917,177,47.944444,48
req-00005802,177718750,177,47.944444,48
req-00005803,177739583,177,47.944444,48
req-00005804,177760417,177,47.944444,48
req-00005805,177781250,177,47.944444,48
req-00005806,177802083,177,47.944444,48
req-00005807,177822917,177,47.944444,48
req-00005808,177843750,177,47.944444,48
req-00005809,177864583,177,47.944444,48
req-00005810,177885417,177,47.944444,48
req-00005811,177906250,177,47.944444,48
req-00005812,177927083,177,47.944444,48
req-00005813,177947917,177,47.944444,48
req-00005814,177968750,177,47.944444,48
req-00005815,177989583,177,47.944444,48
req-00005816,178010417,178,48.138889,48
req-00005817,178031250,178,48.138889,48
req-00005818,178052083,178,48.138889,48
req-00005819,178072917,178,48.138889,48
req-00005820,178093750,178,48.138889,48
req-00005821,178114583,178,48.138889,48
req-00005822,178135417,178,48.138889,48
req-00005823,178156250,178,48.138889,48
req-00005824,178177083,178,48.138889,48
req-00005825,178197917,178,48.138889,48
req-00005826,178218750,178,48.138889,48
req-00005827,178239583,178,48.138889,48
req-00005828,178260417,178,48.138889,48
req-00005829,178281250,178,48.138889,48
req-00005830,178302083,178,48.138889,48
req-00005831,178322917,178,48.138889,48
req-00005832,178343750,178,48.138889,48
req-00005833,178364583,178,48.138889,48
req-00005834,178385417,178,48.138889,48
req-00005835,178406250,178,48.138889,48
req-00005836,178427083,178,48.138889,48
req-00005837,178447917,178,48.138889,48
req-00005838,178468750,178,48.138889,48
req-00005839,178489583,178,48.138889,48
req-00005840,178510417,178,48.138889,48
req-00005841,178531250,178,48.138889,48
req-00005842,178552083,178,48.138889,48
req-00005843,178572917,178,48.138889,48
req-00005844,178593750,178,48.138889,48
req-00005845,178614583,178,48.138889,48
req-00005846,178635417,178,48.138889,48
req-00005847,178656250,178,48.138889,48
req-00005848,178677083,178,48.138889,48
req-00005849,178697917,178,48.138889,48
req-00005850,178718750,178,48.138889,48
req-00005851,178739583,178,48.138889,48
req-00005852,178760417,178,48.138889,48
req-00005853,178781250,178,48.138889,48
req-00005854,178802083,178,48.138889,48
req-00005855,178822917,178,48.138889,48
req-00005856,178843750,178,48.138889,48
req-00005857,178864583,178,48.138889,48
req-00005858,178885417,178,48.138889,48
req-00005859,178906250,178,48.138889,48
req-00005860,178927083,178,48.138889,48
req-00005861,178947917,178,48.138889,48
req-00005862,178968750,178,48.138889,48
req-00005863,178989583,178,48.138889,48
req-00005864,179010417,179,48.333333,48
req-00005865,179031250,179,48.333333,48
req-00005866,179052083,179,48.333333,48
req-00005867,179072917,179,48.333333,48
req-00005868,179093750,179,48.333333,48
req-00005869,179114583,179,48.333333,48
req-00005870,179135417,179,48.333333,48
req-00005871,179156250,179,48.333333,48
req-00005872,179177083,179,48.333333,48
req-00005873,179197917,179,48.333333,48
req-00005874,179218750,179,48.333333,48
req-00005875,179239583,179,48.333333,48
req-00005876,179260417,179,48.333333,48
req-00005877,179281250,179,48.333333,48
req-00005878,179302083,179,48.333333,48
req-00005879,179322917,179,48.333333,48
req-00005880,179343750,179,48.333333,48
req-00005881,179364583,179,48.333333,48
req-00005882,179385417,179,48.333333,48
req-00005883,179406250,179,48.333333,48
req-00005884,179427083,179,48.333333,48
req-00005885,179447917,179,48.333333,48
req-00005886,179468750,179,48.333333,48
req-00005887,179489583,179,48.333333,48
req-00005888,179510417,179,48.333333,48
req-00005889,179531250,179,48.333333,48
req-00005890,179552083,179,48.333333,48
req-00005891,179572917,179,48.333333,48
req-00005892,179593750,179,48.333333,48
req-00005893,179614583,179,48.333333,48
req-00005894,179635417,179,48.333333,48
req-00005895,179656250,179,48.333333,48
req-00005896,179677083,179,48.333333,48
req-00005897,179697917,179,48.333333,48
req-00005898,179718750,179,48.333333,48
req-00005899,179739583,179,48.333333,48
req-00005900,179760417,179,48.333333,48
req-00005901,179781250,179,48.333333,48
req-00005902,179802083,179,48.333333,48
req-00005903,179822917,179,48.333333,48
req-00005904,179843750,179,48.333333,48
req-00005905,179864583,179,48.333333,48
req-00005906,179885417,179,48.333333,48
req-00005907,179906250,179,48.333333,48
req-00005908,179927083,179,48.333333,48
req-00005909,179947917,179,48.333333,48
req-00005910,179968750,179,48.333333,48
req-00005911,179989583,179,48.333333,48
req-00005912,180010204,180,48.527778,49
req-00005913,180030612,180,48.527778,49
req-00005914,180051020,180,48.527778,49
req-00005915,180071429,180,48.527778,49
req-00005916,180091837,180,48.527778,49
req-00005917,180112245,180,48.527778,49
req-00005918,180132653,180,48.527778,49
req-00005919,180153061,180,48.527778,49
req-00005920,180173469,180,48.527778,49
req-00005921,180193878,180,48.527778,49
req-00005922,180214286,180,48.527778,49
req-00005923,180234694,180,48.527778,49
req-00005924,180255102,180,48.527778,49
req-00005925,180275510,180,48.527778,49
req-00005926,180295918,180,48.527778,49
req-00005927,180316327,180,48.527778,49
req-00005928,180336735,180,48.527778,49
req-00005929,180357143,180,48.527778,49
req-00005930,180377551,180,48.527778,49
req-00005931,180397959,180,48.527778,49
req-00005932,180418367,180,48.527778,49
req-00005933,180438776,180,48.527778,49
req-00005934,180459184,180,48.527778,49
req-00005935,180479592,180,48.527778,49
req-00005936,180500000,180,48.527778,49
req-00005937,180520408,180,48.527778,49
req-00005938,180540816,180,48.527778,49
req-00005939,180561224,180,48.527778,49
req-00005940,180581633,180,48.527778,49
req-00005941,180602041,180,48.527778,49
req-00005942,180622449,180,48.527778,49
req-00005943,180642857,180,48.527778,49
req-00005944,180663265,180,48.527778,49
req-00005945,180683673,180,48.527778,49
req-00005946,180704082,180,48.527778,49
req-00005947,180724490,180,48.527778,49
req-00005948,180744898,180,48.527778,49
req-00005949,180765306,180,48.527778,49
req-00005950,180785714,180,48.527778,49
req-00005951,180806122,180,48.527778,49
req-00005952,180826531,180,48.527778,49
req-00005953,180846939,180,48.527778,49
req-00005954,180867347,180,48.527778,49
req-00005955,180887755,180,48.527778,49
req-00005956,180908163,180,48.527778,49
req-00005957,180928571,180,48.527778,49
req-00005958,180948980,180,48.527778,49
req-00005959,180969388,180,48.527778,49
req-00005960,180989796,180,48.527778,49
req-00005961,181010417,181,48.722222,48
req-00005962,181031250,181,48.722222,48
req-00005963,181052083,181,48.722222,48
req-00005964,181072917,181,48.722222,48
req-00005965,181093750,181,48.722222,48
req-00005966,181114583,181,48.722222,48
req-00005967,181135417,181,48.722222,48
req-00005968,181156250,181,48.722222,48
req-00005969,181177083,181,48.722222,48
req-00005970,181197917,181,48.722222,48
req-00005971,181218750,181,48.722222,48
req-00005972,181239583,181,48.722222,48
req-00005973,181260417,181,48.722222,48
req-00005974,181281250,181,48.722222,48
req-00005975,181302083,181,48.722222,48
req-00005976,181322917,181,48.722222,48
req-00005977,181343750,181,48.722222,48
req-00005978,181364583,181,48.722222,48
req-00005979,181385417,181,48.722222,48
req-00005980,181406250,181,48.722222,48
req-00005981,181427083,181,48.722222,48
req-00005982,181447917,181,48.722222,48
req-00005983,181468750,181,48.722222,48
req-00005984,181489583,181,48.722222,48
req-00005985,181510417,181,48.722222,48
req-00005986,181531250,181,48.722222,48
req-00005987,181552083,181,48.722222,48
req-00005988,181572917,181,48.722222,48
req-00005989,181593750,181,48.722222,48
req-00005990,181614583,181,48.722222,48
req-00005991,181635417,181,48.722222,48
req-00005992,181656250,181,48.722222,48
req-00005993,181677083,181,48.722222,48
req-00005994,181697917,181,48.722222,48
req-00005995,181718750,181,48.722222,48
req-00005996,181739583,181,48.722222,48
req-00005997,181760417,181,48.722222,48
req-00005998,181781250,181,48.722222,48
req-00005999,181802083,181,48.722222,48
req-00006000,181822917,181,48.722222,48
req-00006001,181843750,181,48.722222,48
req-00006002,181864583,181,48.722222,48
req-00006003,181885417,181,48.722222,48
req-00006004,181906250,181,48.722222,48
req-00006005,181927083,181,48.722222,48
req-00006006,181947917,181,48.722222,48
req-00006007,181968750,181,48.722222,48
req-00006008,181989583,181,48.722222,48
req-00006009,182010204,182,48.916667,49
req-00006010,182030612,182,48.916667,49
req-00006011,182051020,182,48.916667,49
req-00006012,182071429,182,48.916667,49
req-00006013,182091837,182,48.916667,49
req-00006014,182112245,182,48.916667,49
req-00006015,182132653,182,48.916667,49
req-00006016,182153061,182,48.916667,49
req-00006017,182173469,182,48.916667,49
req-00006018,182193878,182,48.916667,49
req-00006019,182214286,182,48.916667,49
req-00006020,182234694,182,48.916667,49
req-00006021,182255102,182,48.916667,49
req-00006022,182275510,182,48.916667,49
req-00006023,182295918,182,48.916667,49
req-00006024,182316327,182,48.916667,49
req-00006025,182336735,182,48.916667,49
req-00006026,182357143,182,48.916667,49
req-00006027,182377551,182,48.916667,49
req-00006028,182397959,182,48.916667,49
req-00006029,182418367,182,48.916667,49
req-00006030,182438776,182,48.916667,49
req-00006031,182459184,182,48.916667,49
req-00006032,182479592,182,48.916667,49
req-00006033,182500000,182,48.916667,49
req-00006034,182520408,182,48.916667,49
req-00006035,182540816,182,48.916667,49
req-00006036,182561224,182,48.916667,49
req-00006037,182581633,182,48.916667,49
req-00006038,182602041,182,48.916667,49
req-00006039,182622449,182,48.916667,49
req-00006040,182642857,182,48.916667,49
req-00006041,182663265,182,48.916667,49
req-00006042,182683673,182,48.916667,49
req-00006043,182704082,182,48.916667,49
req-00006044,182724490,182,48.916667,49
req-00006045,182744898,182,48.916667,49
req-00006046,182765306,182,48.916667,49
req-00006047,182785714,182,48.916667,49
req-00006048,182806122,182,48.916667,49
req-00006049,182826531,182,48.916667,49
req-00006050,182846939,182,48.916667,49
req-00006051,182867347,182,48.916667,49
req-00006052,182887755,182,48.916667,49
req-00006053,182908163,182,48.916667,49
req-00006054,182928571,182,48.916667,49
req-00006055,182948980,182,48.916667,49
req-00006056,182969388,182,48.916667,49
req-00006057,182989796,182,48.916667,49
req-00006058,183010204,183,49.111111,49
req-00006059,183030612,183,49.111111,49
req-00006060,183051020,183,49.111111,49
req-00006061,183071429,183,49.111111,49
req-00006062,183091837,183,49.111111,49
req-00006063,183112245,183,49.111111,49
req-00006064,183132653,183,49.111111,49
req-00006065,183153061,183,49.111111,49
req-00006066,183173469,183,49.111111,49
req-00006067,183193878,183,49.111111,49
req-00006068,183214286,183,49.111111,49
req-00006069,183234694,183,49.111111,49
req-00006070,183255102,183,49.111111,49
req-00006071,183275510,183,49.111111,49
req-00006072,183295918,183,49.111111,49
req-00006073,183316327,183,49.111111,49
req-00006074,183336735,183,49.111111,49
req-00006075,183357143,183,49.111111,49
req-00006076,183377551,183,49.111111,49
req-00006077,183397959,183,49.111111,49
req-00006078,183418367,183,49.111111,49
req-00006079,183438776,183,49.111111,49
req-00006080,183459184,183,49.111111,49
req-00006081,183479592,183,49.111111,49
req-00006082,183500000,183,49.111111,49
req-00006083,183520408,183,49.111111,49
req-00006084,183540816,183,49.111111,49
req-00006085,183561224,183,49.111111,49
req-00006086,183581633,183,49.111111,49
req-00006087,183602041,183,49.111111,49
req-00006088,183622449,183,49.111111,49
req-00006089,183642857,183,49.111111,49
req-00006090,183663265,183,49.111111,49
req-00006091,183683673,183,49.111111,49
req-00006092,183704082,183,49.111111,49
req-00006093,183724490,183,49.111111,49
req-00006094,183744898,183,49.111111,49
req-00006095,183765306,183,49.111111,49
req-00006096,183785714,183,49.111111,49
req-00006097,183806122,183,49.111111,49
req-00006098,183826531,183,49.111111,49
req-00006099,183846939,183,49.111111,49
req-00006100,183867347,183,49.111111,49
req-00006101,183887755,183,49.111111,49
req-00006102,183908163,183,49.111111,49
req-00006103,183928571,183,49.111111,49
req-00006104,183948980,183,49.111111,49
req-00006105,183969388,183,49.111111,49
req-00006106,183989796,183,49.111111,49
req-00006107,184010000,184,49.305556,50
req-00006108,184030000,184,49.305556,50
req-00006109,184050000,184,49.305556,50
req-00006110,184070000,184,49.305556,50
req-00006111,184090000,184,49.305556,50
req-00006112,184110000,184,49.305556,50
req-00006113,184130000,184,49.305556,50
req-00006114,184150000,184,49.305556,50
req-00006115,184170000,184,49.305556,50
req-00006116,184190000,184,49.305556,50
req-00006117,184210000,184,49.305556,50
req-00006118,184230000,184,49.305556,50
req-00006119,184250000,184,49.305556,50
req-00006120,184270000,184,49.305556,50
req-00006121,184290000,184,49.305556,50
req-00006122,184310000,184,49.305556,50
req-00006123,184330000,184,49.305556,50
req-00006124,184350000,184,49.305556,50
req-00006125,184370000,184,49.305556,50
req-00006126,184390000,184,49.305556,50
req-00006127,184410000,184,49.305556,50
req-00006128,184430000,184,49.305556,50
req-00006129,184450000,184,49.305556,50
req-00006130,184470000,184,49.305556,50
req-00006131,184490000,184,49.305556,50
req-00006132,184510000,184,49.305556,50
req-00006133,184530000,184,49.305556,50
req-00006134,184550000,184,49.305556,50
req-00006135,184570000,184,49.305556,50
req-00006136,184590000,184,49.305556,50
req-00006137,184610000,184,49.305556,50
req-00006138,184630000,184,49.305556,50
req-00006139,184650000,184,49.305556,50
req-00006140,184670000,184,49.305556,50
req-00006141,184690000,184,49.305556,50
req-00006142,184710000,184,49.305556,50
req-00006143,184730000,184,49.305556,50
req-00006144,184750000,184,49.305556,50
req-00006145,184770000,184,49.305556,50
req-00006146,184790000,184,49.305556,50
req-00006147,184810000,184,49.305556,50
req-00006148,184830000,184,49.305556,50
req-00006149,184850000,184,49.305556,50
req-00006150,184870000,184,49.305556,50
req-00006151,184890000,184,49.305556,50
req-00006152,184910000,184,49.305556,50
req-00006153,184930000,184,49.305556,50
req-00006154,184950000,184,49.305556,50
req-00006155,184970000,184,49.305556,50
req-00006156,184990000,184,49.305556,50
req-00006157,185010204,185,49.500000,49
req-00006158,185030612,185,49.500000,49
req-00006159,185051020,185,49.500000,49
req-00006160,185071429,185,49.500000,49
req-00006161,185091837,185,49.500000,49
req-00006162,185112245,185,49.500000,49
req-00006163,185132653,185,49.500000,49
req-00006164,185153061,185,49.500000,49
req-00006165,185173469,185,49.500000,49
req-00006166,185193878,185,49.500000,49
req-00006167,185214286,185,49.500000,49
req-00006168,185234694,185,49.500000,49
req-00006169,185255102,185,49.500000,49
req-00006170,185275510,185,49.500000,49
req-00006171,185295918,185,49.500000,49
req-00006172,185316327,185,49.500000,49
req-00006173,185336735,185,49.500000,49
req-00006174,185357143,185,49.500000,49
req-00006175,185377551,185,49.500000,49
req-00006176,185397959,185,49.500000,49
req-00006177,185418367,185,49.500000,49
req-00006178,185438776,185,49.500000,49
req-00006179,185459184,185,49.500000,49
req-00006180,185479592,185,49.500000,49
req-00006181,185500000,185,49.500000,49
req-00006182,185520408,185,49.500000,49
req-00006183,185540816,185,49.500000,49
req-00006184,185561224,185,49.500000,49
req-00006185,185581633,185,49.500000,49
req-00006186,185602041,185,49.500000,49
req-00006187,185622449,185,49.500000,49
req-00006188,185642857,185,49.500000,49
req-00006189,185663265,185,49.500000,49
req-00006190,185683673,185,49.500000,49
req-00006191,185704082,185,49.500000,49
req-00006192,185724490,185,49.500000,49
req-00006193,185744898,185,49.500000,49
req-00006194,185765306,185,49.500000,49
req-00006195,185785714,185,49.500000,49
req-00006196,185806122,185,49.500000,49
req-00006197,185826531,185,49.500000,49
req-00006198,185846939,185,49.500000,49
req-00006199,185867347,185,49.500000,49
req-00006200,185887755,185,49.500000,49
req-00006201,185908163,185,49.500000,49
req-00006202,185928571,185,49.500000,49
req-00006203,185948980,185,49.500000,49
req-00006204,185969388,185,49.500000,49
req-00006205,185989796,185,49.500000,49
req-00006206,186010000,186,49.694444,50
req-00006207,186030000,186,49.694444,50
req-00006208,186050000,186,49.694444,50
req-00006209,186070000,186,49.694444,50
req-00006210,186090000,186,49.694444,50
req-00006211,186110000,186,49.694444,50
req-00006212,186130000,186,49.694444,50
req-00006213,186150000,186,49.694444,50
req-00006214,186170000,186,49.694444,50
req-00006215,186190000,186,49.694444,50
req-00006216,186210000,186,49.694444,50
req-00006217,186230000,186,49.694444,50
req-00006218,186250000,186,49.694444,50
req-00006219,186270000,186,49.694444,50
req-00006220,186290000,186,49.694444,50
req-00006221,186310000,186,49.694444,50
req-00006222,186330000,186,49.694444,50
req-00006223,186350000,186,49.694444,50
req-00006224,186370000,186,49.694444,50
req-00006225,186390000,186,49.694444,50
req-00006226,186410000,186,49.694444,50
req-00006227,186430000,186,49.694444,50
req-00006228,186450000,186,49.694444,50
req-00006229,186470000,186,49.694444,50
req-00006230,186490000,186,49.694444,50
req-00006231,186510000,186,49.694444,50
req-00006232,186530000,186,49.694444,50
req-00006233,186550000,186,49.694444,50
req-00006234,186570000,186,49.694444,50
req-00006235,186590000,186,49.694444,50
req-00006236,186610000,186,49.694444,50
req-00006237,186630000,186,49.694444,50
req-00006238,186650000,186,49.694444,50
req-00006239,186670000,186,49.694444,50
req-00006240,186690000,186,49.694444,50
req-00006241,186710000,186,49.694444,50
req-00006242,186730000,186,49.694444,50
req-00006243,186750000,186,49.694444,50
req-00006244,186770000,186,49.694444,50
req-00006245,186790000,186,49.694444,50
req-00006246,186810000,186,49.694444,50
req-00006247,186830000,186,49.694444,50
req-00006248,186850000,186,49.694444,50
req-00006249,186870000,186,49.694444,50
req-00006250,186890000,186,49.694444,50
req-00006251,186910000,186,49.694444,50
req-00006252,186930000,186,49.694444,50
req-00006253,186950000,186,49.694444,50
req-00006254,186970000,186,49.694444,50
req-00006255,186990000,186,49.694444,50
req-00006256,187010000,187,49.888889,50
req-00006257,187030000,187,49.888889,50
req-00006258,187050000,187,49.888889,50
req-00006259,187070000,187,49.888889,50
req-00006260,187090000,187,49.888889,50
req-00006261,187110000,187,49.888889,50
req-00006262,187130000,187,49.888889,50
req-00006263,187150000,187,49.888889,50
req-00006264,187170000,187,49.888889,50
req-00006265,187190000,187,49.888889,50
req-00006266,187210000,187,49.888889,50
req-00006267,187230000,187,49.888889,50
req-00006268,187250000,187,49.888889,50
req-00006269,187270000,187,49.888889,50
req-00006270,187290000,187,49.888889,50
req-00006271,187310000,187,49.888889,50
req-00006272,187330000,187,49.888889,50
req-00006273,187350000,187,49.888889,50
req-00006274,187370000,187,49.888889,50
req-00006275,187390000,187,49.888889,50
req-00006276,187410000,187,49.888889,50
req-00006277,187430000,187,49.888889,50
req-00006278,187450000,187,49.888889,50
req-00006279,187470000,187,49.888889,50
req-00006280,187490000,187,49.888889,50
req-00006281,187510000,187,49.888889,50
req-00006282,187530000,187,49.888889,50
req-00006283,187550000,187,49.888889,50
req-00006284,187570000,187,49.888889,50
req-00006285,187590000,187,49.888889,50
req-00006286,187610000,187,49.888889,50
req-00006287,187630000,187,49.888889,50
req-00006288,187650000,187,49.888889,50
req-00006289,187670000,187,49.888889,50
req-00006290,187690000,187,49.888889,50
req-00006291,187710000,187,49.888889,50
req-00006292,187730000,187,49.888889,50
req-00006293,187750000,187,49.888889,50
req-00006294,187770000,187,49.888889,50
req-00006295,187790000,187,49.888889,50
req-00006296,187810000,187,49.888889,50
req-00006297,187830000,187,49.888889,50
req-00006298,187850000,187,49.888889,50
req-00006299,187870000,187,49.888889,50
req-00006300,187890000,187,49.888889,50
req-00006301,187910000,187,49.888889,50
req-00006302,187930000,187,49.888889,50
req-00006303,187950000,187,49.888889,50
req-00006304,187970000,187,49.888889,50
req-00006305,187990000,187,49.888889,50
req-00006306,188010000,188,50.083333,50
req-00006307,188030000,188,50.083333,50
req-00006308,188050000,188,50.083333,50
req-00006309,188070000,188,50.083333,50
req-00006310,188090000,188,50.083333,50
req-00006311,188110000,188,50.083333,50
req-00006312,188130000,188,50.083333,50
req-00006313,188150000,188,50.083333,50
req-00006314,188170000,188,50.083333,50
req-00006315,188190000,188,50.083333,50
req-00006316,188210000,188,50.083333,50
req-00006317,188230000,188,50.083333,50
req-00006318,188250000,188,50.083333,50
req-00006319,188270000,188,50.083333,50
req-00006320,188290000,188,50.083333,50
req-00006321,188310000,188,50.083333,50
req-00006322,188330000,188,50.083333,50
req-00006323,188350000,188,50.083333,50
req-00006324,188370000,188,50.083333,50
req-00006325,188390000,188,50.083333,50
req-00006326,188410000,188,50.083333,50
req-00006327,188430000,188,50.083333,50
req-00006328,188450000,188,50.083333,50
req-00006329,188470000,188,50.083333,50
req-00006330,188490000,188,50.083333,50
req-00006331,188510000,188,50.083333,50
req-00006332,188530000,188,50.083333,50
req-00006333,188550000,188,50.083333,50
req-00006334,188570000,188,50.083333,50
req-00006335,188590000,188,50.083333,50
req-00006336,188610000,188,50.083333,50
req-00006337,188630000,188,50.083333,50
req-00006338,188650000,188,50.083333,50
req-00006339,188670000,188,50.083333,50
req-00006340,188690000,188,50.083333,50
req-00006341,188710000,188,50.083333,50
req-00006342,188730000,188,50.083333,50
req-00006343,188750000,188,50.083333,50
req-00006344,188770000,188,50.083333,50
req-00006345,188790000,188,50.083333,50
req-00006346,188810000,188,50.083333,50
req-00006347,188830000,188,50.083333,50
req-00006348,188850000,188,50.083333,50
req-00006349,188870000,188,50.083333,50
req-00006350,188890000,188,50.083333,50
req-00006351,188910000,188,50.083333,50
req-00006352,188930000,188,50.083333,50
req-00006353,188950000,188,50.083333,50
req-00006354,188970000,188,50.083333,50
req-00006355,188990000,188,50.083333,50
req-00006356,189010000,189,50.277778,50
req-00006357,189030000,189,50.277778,50
req-00006358,189050000,189,50.277778,50
req-00006359,189070000,189,50.277778,50
req-00006360,189090000,189,50.277778,50
req-00006361,189110000,189,50.277778,50
req-00006362,189130000,189,50.277778,50
req-00006363,189150000,189,50.277778,50
req-00006364,189170000,189,50.277778,50
req-00006365,189190000,189,50.277778,50
req-00006366,189210000,189,50.277778,50
req-00006367,189230000,189,50.277778,50
req-00006368,189250000,189,50.277778,50
req-00006369,189270000,189,50.277778,50
req-00006370,189290000,189,50.277778,50
req-00006371,189310000,189,50.277778,50
req-00006372,189330000,189,50.277778,50
req-00006373,189350000,189,50.277778,50
req-00006374,189370000,189,50.277778,50
req-00006375,189390000,189,50.277778,50
req-00006376,189410000,189,50.277778,50
req-00006377,189430000,189,50.277778,50
req-00006378,189450000,189,50.277778,50
req-00006379,189470000,189,50.277778,50
req-00006380,189490000,189,50.277778,50
req-00006381,189510000,189,50.277778,50
req-00006382,189530000,189,50.277778,50
req-00006383,189550000,189,50.277778,50
req-00006384,189570000,189,50.277778,50
req-00006385,189590000,189,50.277778,50
req-00006386,189610000,189,50.277778,50
req-00006387,189630000,189,50.277778,50
req-00006388,189650000,189,50.277778,50
req-00006389,189670000,189,50.277778,50
req-00006390,189690000,189,50.277778,50
req-00006391,189710000,189,50.277778,50
req-00006392,189730000,189,50.277778,50
req-00006393,189750000,189,50.277778,50
req-00006394,189770000,189,50.277778,50
req-00006395,189790000,189,50.277778,50
req-00006396,189810000,189,50.277778,50
req-00006397,189830000,189,50.277778,50
req-00006398,189850000,189,50.277778,50
req-00006399,189870000,189,50.277778,50
req-00006400,189890000,189,50.277778,50
req-00006401,189910000,189,50.277778,50
req-00006402,189930000,189,50.277778,50
req-00006403,189950000,189,50.277778,50
req-00006404,189970000,189,50.277778,50
req-00006405,189990000,189,50.277778,50
req-00006406,190009804,190,50.472222,51
req-00006407,190029412,190,50.472222,51
req-00006408,190049020,190,50.472222,51
req-00006409,190068627,190,50.472222,51
req-00006410,190088235,190,50.472222,51
req-00006411,190107843,190,50.472222,51
req-00006412,190127451,190,50.472222,51
req-00006413,190147059,190,50.472222,51
req-00006414,190166667,190,50.472222,51
req-00006415,190186275,190,50.472222,51
req-00006416,190205882,190,50.472222,51
req-00006417,190225490,190,50.472222,51
req-00006418,190245098,190,50.472222,51
req-00006419,190264706,190,50.472222,51
req-00006420,190284314,190,50.472222,51
req-00006421,190303922,190,50.472222,51
req-00006422,190323529,190,50.472222,51
req-00006423,190343137,190,50.472222,51
req-00006424,190362745,190,50.472222,51
req-00006425,190382353,190,50.472222,51
req-00006426,190401961,190,50.472222,51
req-00006427,190421569,190,50.472222,51
req-00006428,190441176,190,50.472222,51
req-00006429,190460784,190,50.472222,51
req-00006430,190480392,190,50.472222,51
req-00006431,190500000,190,50.472222,51
req-00006432,190519608,190,50.472222,51
req-00006433,190539216,190,50.472222,51
req-00006434,190558824,190,50.472222,51
req-00006435,190578431,190,50.472222,51
req-00006436,190598039,190,50.472222,51
req-00006437,190617647,190,50.472222,51
req-00006438,190637255,190,50.472222,51
req-00006439,190656863,190,50.472222,51
req-00006440,190676471,190,50.472222,51
req-00006441,190696078,190,50.472222,51
req-00006442,190715686,190,50.472222,51
req-00006443,190735294,190,50.472222,51
req-00006444,190754902,190,50.472222,51
req-00006445,190774510,190,50.472222,51
req-00006446,190794118,190,50.472222,51
req-00006447,190813725,190,50.472222,51
req-00006448,190833333,190,50.472222,51
req-00006449,190852941,190,50.472222,51
req-00006450,190872549,190,50.472222,51
req-00006451,190892157,190,50.472222,51
req-00006452,190911765,190,50.472222,51
req-00006453,190931373,190,50.472222,51
req-00006454,190950980,190,50.472222,51
req-00006455,190970588,190,50.472222,51
req-00006456,190990196,190,50.472222,51
req-00006457,191010000,191,50.666667,50
req-00006458,191030000,191,50.666667,50
req-00006459,191050000,191,50.666667,50
req-00006460,191070000,191,50.666667,50
req-00006461,191090000,191,50.666667,50
req-00006462,191110000,191,50.666667,50
req-00006463,191130000,191,50.666667,50
req-00006464,191150000,191,50.666667,50
req-00006465,191170000,191,50.666667,50
req-00006466,191190000,191,50.666667,50
req-00006467,191210000,191,50.666667,50
req-00006468,191230000,191,50.666667,50
req-00006469,191250000,191,50.666667,50
req-00006470,191270000,191,50.666667,50
req-00006471,191290000,191,50.666667,50
req-00006472,191310000,191,50.666667,50
req-00006473,191330000,191,50.666667,50
req-00006474,191350000,191,50.666667,50
req-00006475,191370000,191,50.666667,50
req-00006476,191390000,191,50.666667,50
req-00006477,191410000,191,50.666667,50
req-00006478,191430000,191,50.666667,50
req-00006479,191450000,191,50.666667,50
req-00006480,191470000,191,50.666667,50
req-00006481,191490000,191,50.666667,50
req-00006482,191510000,191,50.666667,50
req-00006483,191530000,191,50.666667,50
req-00006484,191550000,191,50.666667,50
req-00006485,191570000,191,50.666667,50
req-00006486,191590000,191,50.666667,50
req-00006487,191610000,191,50.666667,50
req-00006488,191630000,191,50.666667,50
req-00006489,191650000,191,50.666667,50
req-00006490,191670000,191,50.666667,50
req-00006491,191690000,191,50.666667,50
req-00006492,191710000,191,50.666667,50
req-00006493,191730000,191,50.666667,50
req-00006494,191750000,191,50.666667,50
req-00006495,191770000,191,50.666667,50
req-00006496,191790000,191,50.666667,50
req-00006497,191810000,191,50.666667,50
req-00006498,191830000,191,50.666667,50
req-00006499,191850000,191,50.666667,50
req-00006500,191870000,191,50.666667,50
req-00006501,191890000,191,50.666667,50
req-00006502,191910000,191,50.666667,50
req-00006503,191930000,191,50.666667,50
req-00006504,191950000,191,50.666667,50
req-00006505,191970000,191,50.666667,50
req-00006506,191990000,191,50.666667,50
req-00006507,192009804,192,50.861111,51
req-00006508,192029412,192,50.861111,51
req-00006509,192049020,192,50.861111,51
req-00006510,192068627,192,50.861111,51
req-00006511,192088235,192,50.861111,51
req-00006512,192107843,192,50.861111,51
req-00006513,192127451,192,50.861111,51
req-00006514,192147059,192,50.861111,51
req-00006515,192166667,192,50.861111,51
req-00006516,192186275,192,50.861111,51
req-00006517,192205882,192,50.861111,51
req-00006518,192225490,192,50.861111,51
req-00006519,192245098,192,50.861111,51
req-00006520,192264706,192,50.861111,51
req-00006521,192284314,192,50.861111,51
req-00006522,192303922,192,50.861111,51
req-00006523,192323529,192,50.861111,51
req-00006524,192343137,192,50.861111,51
req-00006525,192362745,192,50.861111,51
req-00006526,192382353,192,50.861111,51
req-00006527,192401961,192,50.861111,51
req-00006528,192421569,192,50.861111,51
req-00006529,192441176,192,50.861111,51
req-00006530,192460784,192,50.861111,51
req-00006531,192480392,192,50.861111,51
req-00006532,192500000,192,50.861111,51
req-00006533,192519608,192,50.861111,51
req-00006534,192539216,192,50.861111,51
req-00006535,192558824,192,50.861111,51
req-00006536,192578431,192,50.861111,51
req-00006537,192598039,192,50.861111,51
req-00006538,192617647,192,50.861111,51
req-00006539,192637255,192,50.861111,51
req-00006540,192656863,192,50.861111,51
req-00006541,192676471,192,50.861111,51
req-00006542,192696078,192,50.861111,51
req-00006543,192715686,192,50.861111,51
req-00006544,192735294,192,50.861111,51
req-00006545,192754902,192,50.861111,51
req-00006546,192774510,192,50.861111,51
req-00006547,192794118,192,50.861111,51
req-00006548,192813725,192,50.861111,51
req-00006549,192833333,192,50.861111,51
req-00006550,192852941,192,50.861111,51
req-00006551,192872549,192,50.861111,51
req-00006552,192892157,192,50.861111,51
req-00006553,192911765,192,50.861111,51
req-00006554,192931373,192,50.861111,51
req-00006555,192950980,192,50.861111,51
req-00006556,192970588,192,50.861111,51
req-00006557,192990196,192,50.861111,51
req-00006558,193009804,193,51.055556,51
req-00006559,193029412,193,51.055556,51
req-00006560,193049020,193,51.055556,51
req-00006561,193068627,193,51.055556,51
req-00006562,193088235,193,51.055556,51
req-00006563,193107843,193,51.055556,51
req-00006564,193127451,193,51.055556,51
req-00006565,193147059,193,51.055556,51
req-00006566,193166667,193,51.055556,51
req-00006567,193186275,193,51.055556,51
req-00006568,193205882,193,51.055556,51
req-00006569,193225490,193,51.055556,51
req-00006570,193245098,193,51.055556,51
req-00006571,193264706,193,51.055556,51
req-00006572,193284314,193,51.055556,51
req-00006573,193303922,193,51.055556,51
req-00006574,193323529,193,51.055556,51
req-00006575,193343137,193,51.055556,51
req-00006576,193362745,193,51.055556,51
req-00006577,193382353,193,51.055556,51
req-00006578,193401961,193,51.055556,51
req-00006579,193421569,193,51.055556,51
req-00006580,193441176,193,51.055556,51
req-00006581,193460784,193,51.055556,51
req-00006582,193480392,193,51.055556,51
req-00006583,193500000,193,51.055556,51
req-00006584,193519608,193,51.055556,51
req-00006585,193539216,193,51.055556,51
req-00006586,193558824,193,51.055556,51
req-00006587,193578431,193,51.055556,51
req-00006588,193598039,193,51.055556,51
req-00006589,193617647,193,51.055556,51
req-00006590,193637255,193,51.055556,51
req-00006591,193656863,193,51.055556,51
req-00006592,193676471,193,51.055556,51
req-00006593,193696078,193,51.055556,51
req-00006594,193715686,193,51.055556,51
req-00006595,193735294,193,51.055556,51
req-00006596,193754902,193,51.055556,51
req-00006597,193774510,193,51.055556,51
req-00006598,193794118,193,51.055556,51
req-00006599,193813725,193,51.055556,51
req-00006600,193833333,193,51.055556,51
req-00006601,193852941,193,51.055556,51
req-00006602,193872549,193,51.055556,51
req-00006603,193892157,193,51.055556,51
req-00006604,193911765,193,51.055556,51
req-00006605,193931373,193,51.055556,51
req-00006606,193950980,193,51.055556,51
req-00006607,193970588,193,51.055556,51
req-00006608,193990196,193,51.055556,51
req-00006609,194009615,194,51.250000,52
req-00006610,194028846,194,51.250000,52
req-00006611,194048077,194,51.250000,52
req-00006612,194067308,194,51.250000,52
req-00006613,194086538,194,51.250000,52
req-00006614,194105769,194,51.250000,52
req-00006615,194125000,194,51.250000,52
req-00006616,194144231,194,51.250000,52
req-00006617,194163462,194,51.250000,52
req-00006618,194182692,194,51.250000,52
req-00006619,194201923,194,51.250000,52
req-00006620,194221154,194,51.250000,52
req-00006621,194240385,194,51.250000,52
req-00006622,194259615,194,51.250000,52
req-00006623,194278846,194,51.250000,52
req-00006624,194298077,194,51.250000,52
req-00006625,194317308,194,51.250000,52
req-00006626,194336538,194,51.250000,52
req-00006627,194355769,194,51.250000,52
req-00006628,194375000,194,51.250000,52
req-00006629,194394231,194,51.250000,52
req-00006630,194413462,194,51.250000,52
req-00006631,194432692,194,51.250000,52
req-00006632,194451923,194,51.250000,52
req-00006633,194471154,194,51.250000,52
req-00006634,194490385,194,51.250000,52
req-00006635,194509615,194,51.250000,52
req-00006636,194528846,194,51.250000,52
req-00006637,194548077,194,51.250000,52
req-00006638,194567308,194,51.250000,52
req-00006639,194586538,194,51.250000,52
req-00006640,194605769,194,51.250000,52
req-00006641,194625000,194,51.250000,52
req-00006642,194644231,194,51.250000,52
req-00006643,194663462,194,51.250000,52
req-00006644,194682692,194,51.250000,52
req-00006645,194701923,194,51.250000,52
req-00006646,194721154,194,51.250000,52
req-00006647,194740385,194,51.250000,52
req-00006648,194759615,194,51.250000,52
req-00006649,194778846,194,51.250000,52
req-00006650,194798077,194,51.250000,52
req-00006651,194817308,194,51.250000,52
req-00006652,194836538,194,51.250000,52
req-00006653,194855769,194,51.250000,52
req-00006654,194875000,194,51.250000,52
req-00006655,194894231,194,51.250000,52
req-00006656,194913462,194,51.250000,52
req-00006657,194932692,194,51.250000,52
req-00006658,194951923,194,51.250000,52
req-00006659,194971154,194,51.250000,52
req-00006660,194990385,194,51.250000,52
req-00006661,195009804,195,51.444444,51
req-00006662,195029412,195,51.444444,51
req-00006663,195049020,195,51.444444,51
req-00006664,195068627,195,51.444444,51
req-00006665,195088235,195,51.444444,51
req-00006666,195107843,195,51.444444,51
req-00006667,195127451,195,51.444444,51
req-00006668,195147059,195,51.444444,51
req-00006669,195166667,195,51.444444,51
req-00006670,195186275,195,51.444444,51
req-00006671,195205882,195,51.444444,51
req-00006672,195225490,195,51.444444,51
req-00006673,195245098,195,51.444444,51
req-00006674,195264706,195,51.444444,51
req-00006675,195284314,195,51.444444,51
req-00006676,195303922,195,51.444444,51
req-00006677,195323529,195,51.444444,51
req-00006678,195343137,195,51.444444,51
req-00006679,195362745,195,51.444444,51
req-00006680,195382353,195,51.444444,51
req-00006681,195401961,195,51.444444,51
req-00006682,195421569,195,51.444444,51
req-00006683,195441176,195,51.444444,51
req-00006684,195460784,195,51.444444,51
req-00006685,195480392,195,51.444444,51
req-00006686,195500000,195,51.444444,51
req-00006687,195519608,195,51.444444,51
req-00006688,195539216,195,51.444444,51
req-00006689,195558824,195,51.444444,51
req-00006690,195578431,195,51.444444,51
req-00006691,195598039,195,51.444444,51
req-00006692,195617647,195,51.444444,51
req-00006693,195637255,195,51.444444,51
req-00006694,195656863,195,51.444444,51
req-00006695,195676471,195,51.444444,51
req-00006696,195696078,195,51.444444,51
req-00006697,195715686,195,51.444444,51
req-00006698,195735294,195,51.444444,51
req-00006699,195754902,195,51.444444,51
req-00006700,195774510,195,51.444444,51
req-00006701,195794118,195,51.444444,51
req-00006702,195813725,195,51.444444,51
req-00006703,195833333,195,51.444444,51
req-00006704,195852941,195,51.444444,51
req-00006705,195872549,195,51.444444,51
req-00006706,195892157,195,51.444444,51
req-00006707,195911765,195,51.444444,51
req-00006708,195931373,195,51.444444,51
req-00006709,195950980,195,51.444444,51
req-00006710,195970588,195,51.444444,51
req-00006711,195990196,195,51.444444,51
req-00006712,196009615,196,51.638889,52
req-00006713,196028846,196,51.638889,52
req-00006714,196048077,196,51.638889,52
req-00006715,196067308,196,51.638889,52
req-00006716,196086538,196,51.638889,52
req-00006717,196105769,196,51.638889,52
req-00006718,196125000,196,51.638889,52
req-00006719,196144231,196,51.638889,52
req-00006720,196163462,196,51.638889,52
req-00006721,196182692,196,51.638889,52
req-00006722,196201923,196,51.638889,52
req-00006723,196221154,196,51.638889,52
req-00006724,196240385,196,51.638889,52
req-00006725,196259615,196,51.638889,52
req-00006726,196278846,196,51.638889,52
req-00006727,196298077,196,51.638889,52
req-00006728,196317308,196,51.638889,52
req-00006729,196336538,196,51.638889,52
req-00006730,196355769,196,51.638889,52
req-00006731,196375000,196,51.638889,52
req-00006732,196394231,196,51.638889,52
req-00006733,196413462,196,51.638889,52
req-00006734,196432692,196,51.638889,52
req-00006735,196451923,196,51.638889,52
req-00006736,196471154,196,51.638889,52
req-00006737,196490385,196,51.638889,52
req-00006738,196509615,196,51.638889,52
req-00006739,196528846,196,51.638889,52
req-00006740,196548077,196,51.638889,52
req-00006741,196567308,196,51.638889,52
req-00006742,196586538,196,51.638889,52
req-00006743,196605769,196,51.638889,52
req-00006744,196625000,196,51.638889,52
req-00006745,196644231,196,51.638889,52
req-00006746,196663462,196,51.638889,52
req-00006747,196682692,196,51.638889,52
req-00006748,196701923,196,51.638889,52
req-00006749,196721154,196,51.638889,52
req-00006750,196740385,196,51.638889,52
req-00006751,196759615,196,51.638889,52
req-00006752,196778846,196,51.638889,52
req-00006753,196798077,196,51.638889,52
req-00006754,196817308,196,51.638889,52
req-00006755,196836538,196,51.638889,52
req-00006756,196855769,196,51.638889,52
req-00006757,196875000,196,51.638889,52
req-00006758,196894231,196,51.638889,52
req-00006759,196913462,196,51.638889,52
req-00006760,196932692,196,51.638889,52
req-00006761,196951923,196,51.638889,52
req-00006762,196971154,196,51.638889,52
req-00006763,196990385,196,51.638889,52
req-00006764,197009804,197,51.833333,51
req-00006765,197029412,197,51.833333,51
req-00006766,197049020,197,51.833333,51
req-00006767,197068627,197,51.833333,51
req-00006768,197088235,197,51.833333,51
req-00006769,197107843,197,51.833333,51
req-00006770,197127451,197,51.833333,51
req-00006771,197147059,197,51.833333,51
req-00006772,197166667,197,51.833333,51
req-00006773,197186275,197,51.833333,51
req-00006774,197205882,197,51.833333,51
req-00006775,197225490,197,51.833333,51
req-00006776,197245098,197,51.833333,51
req-00006777,197264706,197,51.833333,51
req-00006778,197284314,197,51.833333,51
req-00006779,197303922,197,51.833333,51
req-00006780,197323529,197,51.833333,51
req-00006781,197343137,197,51.833333,51
req-00006782,197362745,197,51.833333,51
req-00006783,197382353,197,51.833333,51
req-00006784,197401961,197,51.833333,51
req-00006785,197421569,197,51.833333,51
req-00006786,197441176,197,51.833333,51
req-00006787,197460784,197,51.833333,51
req-00006788,197480392,197,51.833333,51
req-00006789,197500000,197,51.833333,51
req-00006790,197519608,197,51.833333,51
req-00006791,197539216,197,51.833333,51
req-00006792,197558824,197,51.833333,51
req-00006793,197578431,197,51.833333,51
req-00006794,197598039,197,51.833333,51
req-00006795,197617647,197,51.833333,51
req-00006796,197637255,197,51.833333,51
req-00006797,197656863,197,51.833333,51
req-00006798,197676471,197,51.833333,51
req-00006799,197696078,197,51.833333,51
req-00006800,197715686,197,51.833333,51
req-00006801,197735294,197,51.833333,51
req-00006802,197754902,197,51.833333,51
req-00006803,197774510,197,51.833333,51
req-00006804,197794118,197,51.833333,51
req-00006805,197813725,197,51.833333,51
req-00006806,197833333,197,51.833333,51
req-00006807,197852941,197,51.833333,51
req-00006808,197872549,197,51.833333,51
req-00006809,197892157,197,51.833333,51
req-00006810,197911765,197,51.833333,51
req-00006811,197931373,197,51.833333,51
req-00006812,197950980,197,51.833333,51
req-00006813,197970588,197,51.833333,51
req-00006814,197990196,197,51.833333,51
req-00006815,198009615,198,52.027778,52
req-00006816,198028846,198,52.027778,52
req-00006817,198048077,198,52.027778,52
req-00006818,198067308,198,52.027778,52
req-00006819,198086538,198,52.027778,52
req-00006820,198105769,198,52.027778,52
req-00006821,198125000,198,52.027778,52
req-00006822,198144231,198,52.027778,52
req-00006823,198163462,198,52.027778,52
req-00006824,198182692,198,52.027778,52
req-00006825,198201923,198,52.027778,52
req-00006826,198221154,198,52.027778,52
req-00006827,198240385,198,52.027778,52
req-00006828,198259615,198,52.027778,52
req-00006829,198278846,198,52.027778,52
req-00006830,198298077,198,52.027778,52
req-00006831,198317308,198,52.027778,52
req-00006832,198336538,198,52.027778,52
req-00006833,198355769,198,52.027778,52
req-00006834,198375000,198,52.027778,52
req-00006835,198394231,198,52.027778,52
req-00006836,198413462,198,52.027778,52
req-00006837,198432692,198,52.027778,52
req-00006838,198451923,198,52.027778,52
req-00006839,198471154,198,52.027778,52
req-00006840,198490385,198,52.027778,52
req-00006841,198509615,198,52.027778,52
req-00006842,198528846,198,52.027778,52
req-00006843,198548077,198,52.027778,52
req-00006844,198567308,198,52.027778,52
req-00006845,198586538,198,52.027778,52
req-00006846,198605769,198,52.027778,52
req-00006847,198625000,198,52.027778,52
req-00006848,198644231,198,52.027778,52
req-00006849,198663462,198,52.027778,52
req-00006850,198682692,198,52.027778,52
req-00006851,198701923,198,52.027778,52
req-00006852,198721154,198,52.027778,52
req-00006853,198740385,198,52.027778,52
req-00006854,198759615,198,52.027778,52
req-00006855,198778846,198,52.027778,52
req-00006856,198798077,198,52.027778,52
req-00006857,198817308,198,52.027778,52
req-00006858,198836538,198,52.027778,52
req-00006859,198855769,198,52.027778,52
req-00006860,198875000,198,52.027778,52
req-00006861,198894231,198,52.027778,52
req-00006862,198913462,198,52.027778,52
req-00006863,198932692,198,52.027778,52
req-00006864,198951923,198,52.027778,52
req-00006865,198971154,198,52.027778,52
req-00006866,198990385,198,52.027778,52
req-00006867,199009434,199,52.222222,53
req-00006868,199028302,199,52.222222,53
req-00006869,199047170,199,52.222222,53
req-00006870,199066038,199,52.222222,53
req-00006871,199084906,199,52.222222,53
req-00006872,199103774,199,52.222222,53
req-00006873,199122642,199,52.222222,53
req-00006874,199141509,199,52.222222,53
req-00006875,199160377,199,52.222222,53
req-00006876,199179245,199,52.222222,53
req-00006877,199198113,199,52.222222,53
req-00006878,199216981,199,52.222222,53
req-00006879,199235849,199,52.222222,53
req-00006880,199254717,199,52.222222,53
req-00006881,199273585,199,52.222222,53
req-00006882,199292453,199,52.222222,53
req-00006883,199311321,199,52.222222,53
req-00006884,199330189,199,52.222222,53
req-00006885,199349057,199,52.222222,53
req-00006886,199367925,199,52.222222,53
req-00006887,199386792,199,52.222222,53
req-00006888,199405660,199,52.222222,53
req-00006889,199424528,199,52.222222,53
req-00006890,199443396,199,52.222222,53
req-00006891,199462264,199,52.222222,53
req-00006892,199481132,199,52.222222,53
req-00006893,199500000,199,52.222222,53
req-00006894,199518868,199,52.222222,53
req-00006895,199537736,199,52.222222,53
req-00006896,199556604,199,52.222222,53
req-00006897,199575472,199,52.222222,53
req-00006898,199594340,199,52.222222,53
req-00006899,199613208,199,52.222222,53
req-00006900,199632075,199,52.222222,53
req-00006901,199650943,199,52.222222,53
req-00006902,199669811,199,52.222222,53
req-00006903,199688679,199,52.222222,53
req-00006904,199707547,199,52.222222,53
req-00006905,199726415,199,52.222222,53
req-00006906,199745283,199,52.222222,53
req-00006907,199764151,199,52.222222,53
req-00006908,199783019,199,52.222222,53
req-00006909,199801887,199,52.222222,53
req-00006910,199820755,199,52.222222,53
req-00006911,199839623,199,52.222222,53
req-00006912,199858491,199,52.222222,53
req-00006913,199877358,199,52.222222,53
req-00006914,199896226,199,52.222222,53
req-00006915,199915094,199,52.222222,53
req-00006916,199933962,199,52.222222,53
req-00006917,199952830,199,52.222222,53
req-00006918,199971698,199,52.222222,53
req-00006919,199990566,199,52.222222,53
req-00006920,200009615,200,52.416667,52
req-00006921,200028846,200,52.416667,52
req-00006922,200048077,200,52.416667,52
req-00006923,200067308,200,52.416667,52
req-00006924,200086538,200,52.416667,52
req-00006925,200105769,200,52.416667,52
req-00006926,200125000,200,52.416667,52
req-00006927,200144231,200,52.416667,52
req-00006928,200163462,200,52.416667,52
req-00006929,200182692,200,52.416667,52
req-00006930,200201923,200,52.416667,52
req-00006931,200221154,200,52.416667,52
req-00006932,200240385,200,52.416667,52
req-00006933,200259615,200,52.416667,52
req-00006934,200278846,200,52.416667,52
req-00006935,200298077,200,52.416667,52
req-00006936,200317308,200,52.416667,52
req-00006937,200336538,200,52.416667,52
req-00006938,200355769,200,52.416667,52
req-00006939,200375000,200,52.416667,52
req-00006940,200394231,200,52.416667,52
req-00006941,200413462,200,52.416667,52
req-00006942,200432692,200,52.416667,52
req-00006943,200451923,200,52.416667,52
req-00006944,200471154,200,52.416667,52
req-00006945,200490385,200,52.416667,52
req-00006946,200509615,200,52.416667,52
req-00006947,200528846,200,52.416667,52
req-00006948,200548077,200,52.416667,52
req-00006949,200567308,200,52.416667,52
req-00006950,200586538,200,52.416667,52
req-00006951,200605769,200,52.416667,52
req-00006952,200625000,200,52.416667,52
req-00006953,200644231,200,52.416667,52
req-00006954,200663462,200,52.416667,52
req-00006955,200682692,200,52.416667,52
req-00006956,200701923,200,52.416667,52
req-00006957,200721154,200,52.416667,52
req-00006958,200740385,200,52.416667,52
req-00006959,200759615,200,52.416667,52
req-00006960,200778846,200,52.416667,52
req-00006961,200798077,200,52.416667,52
req-00006962,200817308,200,52.416667,52
req-00006963,200836538,200,52.416667,52
req-00006964,200855769,200,52.416667,52
req-00006965,200875000,200,52.416667,52
req-00006966,200894231,200,52.416667,52
req-00006967,200913462,200,52.416667,52
req-00006968,200932692,200,52.416667,52
req-00006969,200951923,200,52.416667,52
req-00006970,200971154,200,52.416667,52
req-00006971,200990385,200,52.416667,52
req-00006972,201009434,201,52.611111,53
req-00006973,201028302,201,52.611111,53
req-00006974,201047170,201,52.611111,53
req-00006975,201066038,201,52.611111,53
req-00006976,201084906,201,52.611111,53
req-00006977,201103774,201,52.611111,53
req-00006978,201122642,201,52.611111,53
req-00006979,201141509,201,52.611111,53
req-00006980,201160377,201,52.611111,53
req-00006981,201179245,201,52.611111,53
req-00006982,201198113,201,52.611111,53
req-00006983,201216981,201,52.611111,53
req-00006984,201235849,201,52.611111,53
req-00006985,201254717,201,52.611111,53
req-00006986,201273585,201,52.611111,53
req-00006987,201292453,201,52.611111,53
req-00006988,201311321,201,52.611111,53
req-00006989,201330189,201,52.611111,53
req-00006990,201349057,201,52.611111,53
req-00006991,201367925,201,52.611111,53
req-00006992,201386792,201,52.611111,53
req-00006993,201405660,201,52.611111,53
req-00006994,201424528,201,52.611111,53
req-00006995,201443396,201,52.611111,53
req-00006996,201462264,201,52.611111,53
req-00006997,201481132,201,52.611111,53
req-00006998,201500000,201,52.611111,53
req-00006999,201518868,201,52.611111,53
req-00007000,201537736,201,52.611111,53
req-00007001,201556604,201,52.611111,53
req-00007002,201575472,201,52.611111,53
req-00007003,201594340,201,52.611111,53
req-00007004,201613208,201,52.611111,53
req-00007005,201632075,201,52.611111,53
req-00007006,201650943,201,52.611111,53
req-00007007,201669811,201,52.611111,53
req-00007008,201688679,201,52.611111,53
req-00007009,201707547,201,52.611111,53
req-00007010,201726415,201,52.611111,53
req-00007011,201745283,201,52.611111,53
req-00007012,201764151,201,52.611111,53
req-00007013,201783019,201,52.611111,53
req-00007014,201801887,201,52.611111,53
req-00007015,201820755,201,52.611111,53
req-00007016,201839623,201,52.611111,53
req-00007017,201858491,201,52.611111,53
req-00007018,201877358,201,52.611111,53
req-00007019,201896226,201,52.611111,53
req-00007020,201915094,201,52.611111,53
req-00007021,201933962,201,52.611111,53
req-00007022,201952830,201,52.611111,53
req-00007023,201971698,201,52.611111,53
req-00007024,201990566,201,52.611111,53
req-00007025,202009434,202,52.805556,53
req-00007026,202028302,202,52.805556,53
req-00007027,202047170,202,52.805556,53
req-00007028,202066038,202,52.805556,53
req-00007029,202084906,202,52.805556,53
req-00007030,202103774,202,52.805556,53
req-00007031,202122642,202,52.805556,53
req-00007032,202141509,202,52.805556,53
req-00007033,202160377,202,52.805556,53
req-00007034,202179245,202,52.805556,53
req-00007035,202198113,202,52.805556,53
req-00007036,202216981,202,52.805556,53
req-00007037,202235849,202,52.805556,53
req-00007038,202254717,202,52.805556,53
req-00007039,202273585,202,52.805556,53
req-00007040,202292453,202,52.805556,53
req-00007041,202311321,202,52.805556,53
req-00007042,202330189,202,52.805556,53
req-00007043,202349057,202,52.805556,53
req-00007044,202367925,202,52.805556,53
req-00007045,202386792,202,52.805556,53
req-00007046,202405660,202,52.805556,53
req-00007047,202424528,202,52.805556,53
req-00007048,202443396,202,52.805556,53
req-00007049,202462264,202,52.805556,53
req-00007050,202481132,202,52.805556,53
req-00007051,202500000,202,52.805556,53
req-00007052,202518868,202,52.805556,53
req-00007053,202537736,202,52.805556,53
req-00007054,202556604,202,52.805556,53
req-00007055,202575472,202,52.805556,53
req-00007056,202594340,202,52.805556,53
req-00007057,202613208,202,52.805556,53
req-00007058,202632075,202,52.805556,53
req-00007059,202650943,202,52.805556,53
req-00007060,202669811,202,52.805556,53
req-00007061,202688679,202,52.805556,53
req-00007062,202707547,202,52.805556,53
req-00007063,202726415,202,52.805556,53
req-00007064,202745283,202,52.805556,53
req-00007065,202764151,202,52.805556,53
req-00007066,202783019,202,52.805556,53
req-00007067,202801887,202,52.805556,53
req-00007068,202820755,202,52.805556,53
req-00007069,202839623,202,52.805556,53
req-00007070,202858491,202,52.805556,53
req-00007071,202877358,202,52.805556,53
req-00007072,202896226,202,52.805556,53
req-00007073,202915094,202,52.805556,53
req-00007074,202933962,202,52.805556,53
req-00007075,202952830,202,52.805556,53
req-00007076,202971698,202,52.805556,53
req-00007077,202990566,202,52.805556,53
req-00007078,203009434,203,53.000000,53
req-00007079,203028302,203,53.000000,53
req-00007080,203047170,203,53.000000,53
req-00007081,203066038,203,53.000000,53
req-00007082,203084906,203,53.000000,53
req-00007083,203103774,203,53.000000,53
req-00007084,203122642,203,53.000000,53
req-00007085,203141509,203,53.000000,53
req-00007086,203160377,203,53.000000,53
req-00007087,203179245,203,53.000000,53
req-00007088,203198113,203,53.000000,53
req-00007089,203216981,203,53.000000,53
req-00007090,203235849,203,53.000000,53
req-00007091,203254717,203,53.000000,53
req-00007092,203273585,203,53.000000,53
req-00007093,203292453,203,53.000000,53
req-00007094,203311321,203,53.000000,53
req-00007095,203330189,203,53.000000,53
req-00007096,203349057,203,53.000000,53
req-00007097,203367925,203,53.000000,53
req-00007098,203386792,203,53.000000,53
req-00007099,203405660,203,53.000000,53
req-00007100,203424528,203,53.000000,53
req-00007101,203443396,203,53.000000,53
req-00007102,203462264,203,53.000000,53
req-00007103,203481132,203,53.000000,53
req-00007104,203500000,203,53.000000,53
req-00007105,203518868,203,53.000000,53
req-00007106,203537736,203,53.000000,53
req-00007107,203556604,203,53.000000,53
req-00007108,203575472,203,53.000000,53
req-00007109,203594340,203,53.000000,53
req-00007110,203613208,203,53.000000,53
req-00007111,203632075,203,53.000000,53
req-00007112,203650943,203,53.000000,53
req-00007113,203669811,203,53.000000,53
req-00007114,203688679,203,53.000000,53
req-00007115,203707547,203,53.000000,53
req-00007116,203726415,203,53.000000,53
req-00007117,203745283,203,53.000000,53
req-00007118,203764151,203,53.000000,53
req-00007119,203783019,203,53.000000,53
req-00007120,203801887,203,53.000000,53
req-00007121,203820755,203,53.000000,53
req-00007122,203839623,203,53.000000,53
req-00007123,203858491,203,53.000000,53
req-00007124,203877358,203,53.000000,53
req-00007125,203896226,203,53.000000,53
req-00007126,203915094,203,53.000000,53
req-00007127,203933962,203,53.000000,53
req-00007128,203952830,203,53.000000,53
req-00007129,203971698,203,53.000000,53
req-00007130,203990566,203,53.000000,53
req-00007131,204009434,204,53.194444,53
req-00007132,204028302,204,53.194444,53
req-00007133,204047170,204,53.194444,53
req-00007134,204066038,204,53.194444,53
req-00007135,204084906,204,53.194444,53
req-00007136,204103774,204,53.194444,53
req-00007137,204122642,204,53.194444,53
req-00007138,204141509,204,53.194444,53
req-00007139,204160377,204,53.194444,53
req-00007140,204179245,204,53.194444,53
req-00007141,204198113,204,53.194444,53
req-00007142,204216981,204,53.194444,53
req-00007143,204235849,204,53.194444,53
req-00007144,204254717,204,53.194444,53
req-00007145,204273585,204,53.194444,53
req-00007146,204292453,204,53.194444,53
req-00007147,204311321,204,53.194444,53
req-00007148,204330189,204,53.194444,53
req-00007149,204349057,204,53.194444,53
req-00007150,204367925,204,53.194444,53
req-00007151,204386792,204,53.194444,53
req-00007152,204405660,204,53.194444,53
req-00007153,204424528,204,53.194444,53
req-00007154,204443396,204,53.194444,53
req-00007155,204462264,204,53.194444,53
req-00007156,204481132,204,53.194444,53
req-00007157,204500000,204,53.194444,53
req-00007158,204518868,204,53.194444,53
req-00007159,204537736,204,53.194444,53
req-00007160,204556604,204,53.194444,53
req-00007161,204575472,204,53.194444,53
req-00007162,204594340,204,53.194444,53
req-00007163,204613208,204,53.194444,53
req-00007164,204632075,204,53.194444,53
req-00007165,204650943,204,53.194444,53
req-00007166,204669811,204,53.194444,53
req-00007167,204688679,204,53.194444,53
req-00007168,204707547,204,53.194444,53
req-00007169,204726415,204,53.194444,53
req-00007170,204745283,204,53.194444,53
req-00007171,204764151,204,53.194444,53
req-00007172,204783019,204,53.194444,53
req-00007173,204801887,204,53.194444,53
req-00007174,204820755,204,53.194444,53
req-00007175,204839623,204,53.194444,53
req-00007176,204858491,204,53.194444,53
req-00007177,204877358,204,53.194444,53
req-00007178,204896226,204,53.194444,53
req-00007179,204915094,204,53.194444,53
req-00007180,204933962,204,53.194444,53
req-00007181,204952830,204,53.194444,53
req-00007182,204971698,204,53.194444,53
req-00007183,204990566,204,53.194444,53
req-00007184,205009434,205,53.388889,53
req-00007185,205028302,205,53.388889,53
req-00007186,205047170,205,53.388889,53
req-00007187,205066038,205,53.388889,53
req-00007188,205084906,205,53.388889,53
req-00007189,205103774,205,53.388889,53
req-00007190,205122642,205,53.388889,53
req-00007191,205141509,205,53.388889,53
req-00007192,205160377,205,53.388889,53
req-00007193,205179245,205,53.388889,53
req-00007194,205198113,205,53.388889,53
req-00007195,205216981,205,53.388889,53
req-00007196,205235849,205,53.388889,53
req-00007197,205254717,205,53.388889,53
req-00007198,205273585,205,53.388889,53
req-00007199,205292453,205,53.388889,53
req-00007200,205311321,205,53.388889,53
req-00007201,205330189,205,53.388889,53
req-00007202,205349057,205,53.388889,53
req-00007203,205367925,205,53.388889,53
req-00007204,205386792,205,53.388889,53
req-00007205,205405660,205,53.388889,53
req-00007206,205424528,205,53.388889,53
req-00007207,205443396,205,53.388889,53
req-00007208,205462264,205,53.388889,53
req-00007209,205481132,205,53.388889,53
req-00007210,205500000,205,53.388889,53
req-00007211,205518868,205,53.388889,53
req-00007212,205537736,205,53.388889,53
req-00007213,205556604,205,53.388889,53
req-00007214,205575472,205,53.388889,53
req-00007215,205594340,205,53.388889,53
req-00007216,205613208,205,53.388889,53
req-00007217,205632075,205,53.388889,53
req-00007218,205650943,205,53.388889,53
req-00007219,205669811,205,53.388889,53
req-00007220,205688679,205,53.388889,53
req-00007221,205707547,205,53.388889,53
req-00007222,205726415,205,53.388889,53
req-00007223,205745283,205,53.388889,53
req-00007224,205764151,205,53.388889,53
req-00007225,205783019,205,53.388889,53
req-00007226,205801887,205,53.388889,53
req-00007227,205820755,205,53.388889,53
req-00007228,205839623,205,53.388889,53
req-00007229,205858491,205,53.388889,53
req-00007230,205877358,205,53.388889,53
req-00007231,205896226,205,53.388889,53
req-00007232,205915094,205,53.388889,53
req-00007233,205933962,205,53.388889,53
req-00007234,205952830,205,53.388889,53
req-00007235,205971698,205,53.388889,53
req-00007236,205990566,205,53.388889,53
req-00007237,206009259,206,53.583333,54
req-00007238,206027778,206,53.583333,54
req-00007239,206046296,206,53.583333,54
req-00007240,206064815,206,53.583333,54
req-00007241,206083333,206,53.583333,54
req-00007242,206101852,206,53.583333,54
req-00007243,206120370,206,53.583333,54
req-00007244,206138889,206,53.583333,54
req-00007245,206157407,206,53.583333,54
req-00007246,206175926,206,53.583333,54
req-00007247,206194444,206,53.583333,54
req-00007248,206212963,206,53.583333,54
req-00007249,206231481,206,53.583333,54
req-00007250,206250000,206,53.583333,54
req-00007251,206268519,206,53.583333,54
req-00007252,206287037,206,53.583333,54
req-00007253,206305556,206,53.583333,54
req-00007254,206324074,206,53.583333,54
req-00007255,206342593,206,53.583333,54
req-00007256,206361111,206,53.583333,54
req-00007257,206379630,206,53.583333,54
req-00007258,206398148,206,53.583333,54
req-00007259,206416667,206,53.583333,54
req-00007260,206435185,206,53.583333,54
req-00007261,206453704,206,53.583333,54
req-00007262,206472222,206,53.583333,54
req-00007263,206490741,206,53.583333,54
req-00007264,206509259,206,53.583333,54
req-00007265,206527778,206,53.583333,54
req-00007266,206546296,206,53.583333,54
req-00007267,206564815,206,53.583333,54
req-00007268,206583333,206,53.583333,54
req-00007269,206601852,206,53.583333,54
req-00007270,206620370,206,53.583333,54
req-00007271,206638889,206,53.583333,54
req-00007272,206657407,206,53.583333,54
req-00007273,206675926,206,53.583333,54
req-00007274,206694444,206,53.583333,54
req-00007275,206712963,206,53.583333,54
req-00007276,206731481,206,53.583333,54
req-00007277,206750000,206,53.583333,54
req-00007278,206768519,206,53.583333,54
req-00007279,206787037,206,53.583333,54
req-00007280,206805556,206,53.583333,54
req-00007281,206824074,206,53.583333,54
req-00007282,206842593,206,53.583333,54
req-00007283,206861111,206,53.583333,54
req-00007284,206879630,206,53.583333,54
req-00007285,206898148,206,53.583333,54
req-00007286,206916667,206,53.583333,54
req-00007287,206935185,206,53.583333,54
req-00007288,206953704,206,53.583333,54
req-00007289,206972222,206,53.583333,54
req-00007290,206990741,206,53.583333,54
req-00007291,207009434,207,53.777778,53
req-00007292,207028302,207,53.777778,53
req-00007293,207047170,207,53.777778,53
req-00007294,207066038,207,53.777778,53
req-00007295,207084906,207,53.777778,53
req-00007296,207103774,207,53.777778,53
req-00007297,207122642,207,53.777778,53
req-00007298,207141509,207,53.777778,53
req-00007299,207160377,207,53.777778,53
req-00007300,207179245,207,53.777778,53
req-00007301,207198113,207,53.777778,53
req-00007302,207216981,207,53.777778,53
req-00007303,207235849,207,53.777778,53
req-00007304,207254717,207,53.777778,53
req-00007305,207273585,207,53.777778,53
req-00007306,207292453,207,53.777778,53
req-00007307,207311321,207,53.777778,53
req-00007308,207330189,207,53.777778,53
req-00007309,207349057,207,53.777778,53
req-00007310,207367925,207,53.777778,53
req-00007311,207386792,207,53.777778,53
req-00007312,207405660,207,53.777778,53
req-00007313,207424528,207,53.777778,53
req-00007314,207443396,207,53.777778,53
req-00007315,207462264,207,53.777778,53
req-00007316,207481132,207,53.777778,53
req-00007317,207500000,207,53.777778,53
req-00007318,207518868,207,53.777778,53
req-00007319,207537736,207,53.777778,53
req-00007320,207556604,207,53.777778,53
req-00007321,207575472,207,53.777778,53
req-00007322,207594340,207,53.777778,53
req-00007323,207613208,207,53.777778,53
req-00007324,207632075,207,53.777778,53
req-00007325,207650943,207,53.777778,53
req-00007326,207669811,207,53.777778,53
req-00007327,207688679,207,53.777778,53
req-00007328,207707547,207,53.777778,53
req-00007329,207726415,207,53.777778,53
req-00007330,207745283,207,53.777778,53
req-00007331,207764151,207,53.777778,53
req-00007332,207783019,207,53.777778,53
req-00007333,207801887,207,53.777778,53
req-00007334,207820755,207,53.777778,53
req-00007335,207839623,207,53.777778,53
req-00007336,207858491,207,53.777778,53
req-00007337,207877358,207,53.777778,53
req-00007338,207896226,207,53.777778,53
req-00007339,207915094,207,53.777778,53
req-00007340,207933962,207,53.777778,53
req-00007341,207952830,207,53.777778,53
req-00007342,207971698,207,53.777778,53
req-00007343,207990566,207,53.777778,53
req-00007344,208009259,208,53.972222,54
req-00007345,208027778,208,53.972222,54
req-00007346,208046296,208,53.972222,54
req-00007347,208064815,208,53.972222,54
req-00007348,208083333,208,53.972222,54
req-00007349,208101852,208,53.972222,54
req-00007350,208120370,208,53.972222,54
req-00007351,208138889,208,53.972222,54
req-00007352,208157407,208,53.972222,54
req-00007353,208175926,208,53.972222,54
req-00007354,208194444,208,53.972222,54
req-00007355,208212963,208,53.972222,54
req-00007356,208231481,208,53.972222,54
req-00007357,208250000,208,53.972222,54
req-00007358,208268519,208,53.972222,54
req-00007359,208287037,208,53.972222,54
req-00007360,208305556,208,53.972222,54
req-00007361,208324074,208,53.972222,54
req-00007362,208342593,208,53.972222,54
req-00007363,208361111,208,53.972222,54
req-00007364,208379630,208,53.972222,54
req-00007365,208398148,208,53.972222,54
req-00007366,208416667,208,53.972222,54
req-00007367,208435185,208,53.972222,54
req-00007368,208453704,208,53.972222,54
req-00007369,208472222,208,53.972222,54
req-00007370,208490741,208,53.972222,54
req-00007371,208509259,208,53.972222,54
req-00007372,208527778,208,53.972222,54
req-00007373,208546296,208,53.972222,54
req-00007374,208564815,208,53.972222,54
req-00007375,208583333,208,53.972222,54
req-00007376,208601852,208,53.972222,54
req-00007377,208620370,208,53.972222,54
req-00007378,208638889,208,53.972222,54
req-00007379,208657407,208,53.972222,54
req-00007380,208675926,208,53.972222,54
req-00007381,208694444,208,53.972222,54
req-00007382,208712963,208,53.972222,54
req-00007383,208731481,208,53.972222,54
req-00007384,208750000,208,53.972222,54
req-00007385,208768519,208,53.972222,54
req-00007386,208787037,208,53.972222,54
req-00007387,208805556,208,53.972222,54
req-00007388,208824074,208,53.972222,54
req-00007389,208842593,208,53.972222,54
req-00007390,208861111,208,53.972222,54
req-00007391,208879630,208,53.972222,54
req-00007392,208898148,208,53.972222,54
req-00007393,208916667,208,53.972222,54
req-00007394,208935185,208,53.972222,54
req-00007395,208953704,208,53.972222,54
req-00007396,208972222,208,53.972222,54
req-00007397,208990741,208,53.972222,54
req-00007398,209009091,209,54.166667,55
req-00007399,209027273,209,54.166667,55
req-00007400,209045455,209,54.166667,55
req-00007401,209063636,209,54.166667,55
req-00007402,209081818,209,54.166667,55
req-00007403,209100000,209,54.166667,55
req-00007404,209118182,209,54.166667,55
req-00007405,209136364,209,54.166667,55
req-00007406,209154545,209,54.166667,55
req-00007407,209172727,209,54.166667,55
req-00007408,209190909,209,54.166667,55
req-00007409,209209091,209,54.166667,55
req-00007410,209227273,209,54.166667,55
req-00007411,209245455,209,54.166667,55
req-00007412,209263636,209,54.166667,55
req-00007413,209281818,209,54.166667,55
req-00007414,209300000,209,54.166667,55
req-00007415,209318182,209,54.166667,55
req-00007416,209336364,209,54.166667,55
req-00007417,209354545,209,54.166667,55
req-00007418,209372727,209,54.166667,55
req-00007419,209390909,209,54.166667,55
req-00007420,209409091,209,54.166667,55
req-00007421,209427273,209,54.166667,55
req-00007422,209445455,209,54.166667,55
req-00007423,209463636,209,54.166667,55
req-00007424,209481818,209,54.166667,55
req-00007425,209500000,209,54.166667,55
req-00007426,209518182,209,54.166667,55
req-00007427,209536364,209,54.166667,55
req-00007428,209554545,209,54.166667,55
req-00007429,209572727,209,54.166667,55
req-00007430,209590909,209,54.166667,55
req-00007431,209609091,209,54.166667,55
req-00007432,209627273,209,54.166667,55
req-00007433,209645455,209,54.166667,55
req-00007434,209663636,209,54.166667,55
req-00007435,209681818,209,54.166667,55
req-00007436,209700000,209,54.166667,55
req-00007437,209718182,209,54.166667,55
req-00007438,209736364,209,54.166667,55
req-00007439,209754545,209,54.166667,55
req-00007440,209772727,209,54.166667,55
req-00007441,209790909,209,54.166667,55
req-00007442,209809091,209,54.166667,55
req-00007443,209827273,209,54.166667,55
req-00007444,209845455,209,54.166667,55
req-00007445,209863636,209,54.166667,55
req-00007446,209881818,209,54.166667,55
req-00007447,209900000,209,54.166667,55
req-00007448,209918182,209,54.166667,55
req-00007449,209936364,209,54.166667,55
req-00007450,209954545,209,54.166667,55
req-00007451,209972727,209,54.166667,55
req-00007452,209990909,209,54.166667,55
req-00007453,210009259,210,54.361111,54
req-00007454,210027778,210,54.361111,54
req-00007455,210046296,210,54.361111,54
req-00007456,210064815,210,54.361111,54
req-00007457,210083333,210,54.361111,54
req-00007458,210101852,210,54.361111,54
req-00007459,210120370,210,54.361111,54
req-00007460,210138889,210,54.361111,54
req-00007461,210157407,210,54.361111,54
req-00007462,210175926,210,54.361111,54
req-00007463,210194444,210,54.361111,54
req-00007464,210212963,210,54.361111,54
req-00007465,210231481,210,54.361111,54
req-00007466,210250000,210,54.361111,54
req-00007467,210268519,210,54.361111,54
req-00007468,210287037,210,54.361111,54
req-00007469,210305556,210,54.361111,54
req-00007470,210324074,210,54.361111,54
req-00007471,210342593,210,54.361111,54
req-00007472,210361111,210,54.361111,54
req-00007473,210379630,210,54.361111,54
req-00007474,210398148,210,54.361111,54
req-00007475,210416667,210,54.361111,54
req-00007476,210435185,210,54.361111,54
req-00007477,210453704,210,54.361111,54
req-00007478,210472222,210,54.361111,54
req-00007479,210490741,210,54.361111,54
req-00007480,210509259,210,54.361111,54
req-00007481,210527778,210,54.361111,54
req-00007482,210546296,210,54.361111,54
req-00007483,210564815,210,54.361111,54
req-00007484,210583333,210,54.361111,54
req-00007485,210601852,210,54.361111,54
req-00007486,210620370,210,54.361111,54
req-00007487,210638889,210,54.361111,54
req-00007488,210657407,210,54.361111,54
req-00007489,210675926,210,54.361111,54
req-00007490,210694444,210,54.361111,54
req-00007491,210712963,210,54.361111,54
req-00007492,210731481,210,54.361111,54
req-00007493,210750000,210,54.361111,54
req-00007494,210768519,210,54.361111,54
req-00007495,210787037,210,54.361111,54
req-00007496,210805556,210,54.361111,54
req-00007497,210824074,210,54.361111,54
req-00007498,210842593,210,54.361111,54
req-00007499,210861111,210,54.361111,54
req-00007500,210879630,210,54.361111,54
req-00007501,210898148,210,54.361111,54
req-00007502,210916667,210,54.361111,54
req-00007503,210935185,210,54.361111,54
req-00007504,210953704,210,54.361111,54
req-00007505,210972222,210,54.361111,54
req-00007506,210990741,210,54.361111,54
req-00007507,211009091,211,54.555556,55
req-00007508,211027273,211,54.555556,55
req-00007509,211045455,211,54.555556,55
req-00007510,211063636,211,54.555556,55
req-00007511,211081818,211,54.555556,55
req-00007512,211100000,211,54.555556,55
req-00007513,211118182,211,54.555556,55
req-00007514,211136364,211,54.555556,55
req-00007515,211154545,211,54.555556,55
req-00007516,211172727,211,54.555556,55
req-00007517,211190909,211,54.555556,55
req-00007518,211209091,211,54.555556,55
req-00007519,211227273,211,54.555556,55
req-00007520,211245455,211,54.555556,55
req-00007521,211263636,211,54.555556,55
req-00007522,211281818,211,54.555556,55
req-00007523,211300000,211,54.555556,55
req-00007524,211318182,211,54.555556,55
req-00007525,211336364,211,54.555556,55
req-00007526,211354545,211,54.555556,55
req-00007527,211372727,211,54.555556,55
req-00007528,211390909,211,54.555556,55
req-00007529,211409091,211,54.555556,55
req-00007530,211427273,211,54.555556,55
req-00007531,211445455,211,54.555556,55
req-00007532,211463636,211,54.555556,55
req-00007533,211481818,211,54.555556,55
req-00007534,211500000,211,54.555556,55
req-00007535,211518182,211,54.555556,55
req-00007536,211536364,211,54.555556,55
req-00007537,211554545,211,54.555556,55
req-00007538,211572727,211,54.555556,55
req-00007539,211590909,211,54.555556,55
req-00007540,211609091,211,54.555556,55
req-00007541,211627273,211,54.555556,55
req-00007542,211645455,211,54.555556,55
req-00007543,211663636,211,54.555556,55
req-00007544,211681818,211,54.555556,55
req-00007545,211700000,211,54.555556,55
req-00007546,211718182,211,54.555556,55
req-00007547,211736364,211,54.555556,55
req-00007548,211754545,211,54.555556,55
req-00007549,211772727,211,54.555556,55
req-00007550,211790909,211,54.555556,55
req-00007551,211809091,211,54.555556,55
req-00007552,211827273,211,54.555556,55
req-00007553,211845455,211,54.555556,55
req-00007554,211863636,211,54.555556,55
req-00007555,211881818,211,54.555556,55
req-00007556,211900000,211,54.555556,55
req-00007557,211918182,211,54.555556,55
req-00007558,211936364,211,54.555556,55
req-00007559,211954545,211,54.555556,55
req-00007560,211972727,211,54.555556,55
req-00007561,211990909,211,54.555556,55
req-00007562,212009259,212,54.750000,54
req-00007563,212027778,212,54.750000,54
req-00007564,212046296,212,54.750000,54
req-00007565,212064815,212,54.750000,54
req-00007566,212083333,212,54.750000,54
req-00007567,212101852,212,54.750000,54
req-00007568,212120370,212,54.750000,54
req-00007569,212138889,212,54.750000,54
req-00007570,212157407,212,54.750000,54
req-00007571,212175926,212,54.750000,54
req-00007572,212194444,212,54.750000,54
req-00007573,212212963,212,54.750000,54
req-00007574,212231481,212,54.750000,54
req-00007575,212250000,212,54.750000,54
req-00007576,212268519,212,54.750000,54
req-00007577,212287037,212,54.750000,54
req-00007578,212305556,212,54.750000,54
req-00007579,212324074,212,54.750000,54
req-00007580,212342593,212,54.750000,54
req-00007581,212361111,212,54.750000,54
req-00007582,212379630,212,54.750000,54
req-00007583,212398148,212,54.750000,54
req-00007584,212416667,212,54.750000,54
req-00007585,212435185,212,54.750000,54
req-00007586,212453704,212,54.750000,54
req-00007587,212472222,212,54.750000,54
req-00007588,212490741,212,54.750000,54
req-00007589,212509259,212,54.750000,54
req-00007590,212527778,212,54.750000,54
req-00007591,212546296,212,54.750000,54
req-00007592,212564815,212,54.750000,54
req-00007593,212583333,212,54.750000,54
req-00007594,212601852,212,54.750000,54
req-00007595,212620370,212,54.750000,54
req-00007596,212638889,212,54.750000,54
req-00007597,212657407,212,54.750000,54
req-00007598,212675926,212,54.750000,54
req-00007599,212694444,212,54.750000,54
req-00007600,212712963,212,54.750000,54
req-00007601,212731481,212,54.750000,54
req-00007602,212750000,212,54.750000,54
req-00007603,212768519,212,54.750000,54
req-00007604,212787037,212,54.750000,54
req-00007605,212805556,212,54.750000,54
req-00007606,212824074,212,54.750000,54
req-00007607,212842593,212,54.750000,54
req-00007608,212861111,212,54.750000,54
req-00007609,212879630,212,54.750000,54
req-00007610,212898148,212,54.750000,54
req-00007611,212916667,212,54.750000,54
req-00007612,212935185,212,54.750000,54
req-00007613,212953704,212,54.750000,54
req-00007614,212972222,212,54.750000,54
req-00007615,212990741,212,54.750000,54
req-00007616,213009091,213,54.944444,55
req-00007617,213027273,213,54.944444,55
req-00007618,213045455,213,54.944444,55
req-00007619,213063636,213,54.944444,55
req-00007620,213081818,213,54.944444,55
req-00007621,213100000,213,54.944444,55
req-00007622,213118182,213,54.944444,55
req-00007623,213136364,213,54.944444,55
req-00007624,213154545,213,54.944444,55
req-00007625,213172727,213,54.944444,55
req-00007626,213190909,213,54.944444,55
req-00007627,213209091,213,54.944444,55
req-00007628,213227273,213,54.944444,55
req-00007629,213245455,213,54.944444,55
req-00007630,213263636,213,54.944444,55
req-00007631,213281818,213,54.944444,55
req-00007632,213300000,213,54.944444,55
req-00007633,213318182,213,54.944444,55
req-00007634,213336364,213,54.944444,55
req-00007635,213354545,213,54.944444,55
req-00007636,213372727,213,54.944444,55
req-00007637,213390909,213,54.944444,55
req-00007638,213409091,213,54.944444,55
req-00007639,213427273,213,54.944444,55
req-00007640,213445455,213,54.944444,55
req-00007641,213463636,213,54.944444,55
req-00007642,213481818,213,54.944444,55
req-00007643,213500000,213,54.944444,55
req-00007644,213518182,213,54.944444,55
req-00007645,213536364,213,54.944444,55
req-00007646,213554545,213,54.944444,55
req-00007647,213572727,213,54.944444,55
req-00007648,213590909,213,54.944444,55
req-00007649,213609091,213,54.944444,55
req-00007650,213627273,213,54.944444,55
req-00007651,213645455,213,54.944444,55
req-00007652,213663636,213,54.944444,55
req-00007653,213681818,213,54.944444,55
req-00007654,213700000,213,54.944444,55
req-00007655,213718182,213,54.944444,55
req-00007656,213736364,213,54.944444,55
req-00007657,213754545,213,54.944444,55
req-00007658,213772727,213,54.944444,55
req-00007659,213790909,213,54.944444,55
req-00007660,213809091,213,54.944444,55
req-00007661,213827273,213,54.944444,55
req-00007662,213845455,213,54.944444,55
req-00007663,213863636,213,54.944444,55
req-00007664,213881818,213,54.944444,55
req-00007665,213900000,213,54.944444,55
req-00007666,213918182,213,54.944444,55
req-00007667,213936364,213,54.944444,55
req-00007668,213954545,213,54.944444,55
req-00007669,213972727,213,54.944444,55
req-00007670,213990909,213,54.944444,55
req-00007671,214009091,214,55.138889,55
req-00007672,214027273,214,55.138889,55
req-00007673,214045455,214,55.138889,55
req-00007674,214063636,214,55.138889,55
req-00007675,214081818,214,55.138889,55
req-00007676,214100000,214,55.138889,55
req-00007677,214118182,214,55.138889,55
req-00007678,214136364,214,55.138889,55
req-00007679,214154545,214,55.138889,55
req-00007680,214172727,214,55.138889,55
req-00007681,214190909,214,55.138889,55
req-00007682,214209091,214,55.138889,55
req-00007683,214227273,214,55.138889,55
req-00007684,214245455,214,55.138889,55
req-00007685,214263636,214,55.138889,55
req-00007686,214281818,214,55.138889,55
req-00007687,214300000,214,55.138889,55
req-00007688,214318182,214,55.138889,55
req-00007689,214336364,214,55.138889,55
req-00007690,214354545,214,55.138889,55
req-00007691,214372727,214,55.138889,55
req-00007692,214390909,214,55.138889,55
req-00007693,214409091,214,55.138889,55
req-00007694,214427273,214,55.138889,55
req-00007695,214445455,214,55.138889,55
req-00007696,214463636,214,55.138889,55
req-00007697,214481818,214,55.138889,55
req-00007698,214500000,214,55.138889,55
req-00007699,214518182,214,55.138889,55
req-00007700,214536364,214,55.138889,55
req-00007701,214554545,214,55.138889,55
req-00007702,214572727,214,55.138889,55
req-00007703,214590909,214,55.138889,55
req-00007704,214609091,214,55.138889,55
req-00007705,214627273,214,55.138889,55
req-00007706,214645455,214,55.138889,55
req-00007707,214663636,214,55.138889,55
req-00007708,214681818,214,55.138889,55
req-00007709,214700000,214,55.138889,55
req-00007710,214718182,214,55.138889,55
req-00007711,214736364,214,55.138889,55
req-00007712,214754545,214,55.138889,55
req-00007713,214772727,214,55.138889,55
req-00007714,214790909,214,55.138889,55
req-00007715,214809091,214,55.138889,55
req-00007716,214827273,214,55.138889,55
req-00007717,214845455,214,55.138889,55
req-00007718,214863636,214,55.138889,55
req-00007719,214881818,214,55.138889,55
req-00007720,214900000,214,55.138889,55
req-00007721,214918182,214,55.138889,55
req-00007722,214936364,214,55.138889,55
req-00007723,214954545,214,55.138889,55
req-00007724,214972727,214,55.138889,55
req-00007725,214990909,214,55.138889,55
req-00007726,215008929,215,55.333333,56
req-00007727,215026786,215,55.333333,56
req-00007728,215044643,215,55.333333,56
req-00007729,215062500,215,55.333333,56
req-00007730,215080357,215,55.333333,56
req-00007731,215098214,215,55.333333,56
req-00007732,215116071,215,55.333333,56
req-00007733,215133929,215,55.333333,56
req-00007734,215151786,215,55.333333,56
req-00007735,215169643,215,55.333333,56
req-00007736,215187500,215,55.333333,56
req-00007737,215205357,215,55.333333,56
req-00007738,215223214,215,55.333333,56
req-00007739,215241071,215,55.333333,56
req-00007740,215258929,215,55.333333,56
req-00007741,215276786,215,55.333333,56
req-00007742,215294643,215,55.333333,56
req-00007743,215312500,215,55.333333,56
req-00007744,215330357,215,55.333333,56
req-00007745,215348214,215,55.333333,56
req-00007746,215366071,215,55.333333,56
req-00007747,215383929,215,55.333333,56
req-00007748,215401786,215,55.333333,56
req-00007749,215419643,215,55.333333,56
req-00007750,215437500,215,55.333333,56
req-00007751,215455357,215,55.333333,56
req-00007752,215473214,215,55.333333,56
req-00007753,215491071,215,55.333333,56
req-00007754,215508929,215,55.333333,56
req-00007755,215526786,215,55.333333,56
req-00007756,215544643,215,55.333333,56
req-00007757,215562500,215,55.333333,56
req-00007758,215580357,215,55.333333,56
req-00007759,215598214,215,55.333333,56
req-00007760,215616071,215,55.333333,56
req-00007761,215633929,215,55.333333,56
req-00007762,215651786,215,55.333333,56
req-00007763,215669643,215,55.333333,56
req-00007764,215687500,215,55.333333,56
req-00007765,215705357,215,55.333333,56
req-00007766,215723214,215,55.333333,56
req-00007767,215741071,215,55.333333,56
req-00007768,215758929,215,55.333333,56
req-00007769,215776786,215,55.333333,56
req-00007770,215794643,215,55.333333,56
req-00007771,215812500,215,55.333333,56
req-00007772,215830357,215,55.333333,56
req-00007773,215848214,215,55.333333,56
req-00007774,215866071,215,55.333333,56
req-00007775,215883929,215,55.333333,56
req-00007776,215901786,215,55.333333,56
req-00007777,215919643,215,55.333333,56
req-00007778,215937500,215,55.333333,56
req-00007779,215955357,215,55.333333,56
req-00007780,215973214,215,55.333333,56
req-00007781,215991071,215,55.333333,56
req-00007782,216009091,216,55.527778,55
req-00007783,216027273,216,55.527778,55
req-00007784,216045455,216,55.527778,55
req-00007785,216063636,216,55.527778,55
req-00007786,216081818,216,55.527778,55
req-00007787,216100000,216,55.527778,55
req-00007788,216118182,216,55.527778,55
req-00007789,216136364,216,55.527778,55
req-00007790,216154545,216,55.527778,55
req-00007791,216172727,216,55.527778,55
req-00007792,216190909,216,55.527778,55
req-00007793,216209091,216,55.527778,55
req-00007794,216227273,216,55.527778,55
req-00007795,216245455,216,55.527778,55
req-00007796,216263636,216,55.527778,55
req-00007797,216281818,216,55.527778,55
req-00007798,216300000,216,55.527778,55
req-00007799,216318182,216,55.527778,55
req-00007800,216336364,216,55.527778,55
req-00007801,216354545,216,55.527778,55
req-00007802,216372727,216,55.527778,55
req-00007803,216390909,216,55.527778,55
req-00007804,216409091,216,55.527778,55
req-00007805,216427273,216,55.527778,55
req-00007806,216445455,216,55.527778,55
req-00007807,216463636,216,55.527778,55
req-00007808,216481818,216,55.527778,55
req-00007809,216500000,216,55.527778,55
req-00007810,216518182,216,55.527778,55
req-00007811,216536364,216,55.527778,55
req-00007812,216554545,216,55.527778,55
req-00007813,216572727,216,55.527778,55
req-00007814,216590909,216,55.527778,55
req-00007815,216609091,216,55.527778,55
req-00007816,216627273,216,55.527778,55
req-00007817,216645455,216,55.527778,55
req-00007818,216663636,216,55.527778,55
req-00007819,216681818,216,55.527778,55
req-00007820,216700000,216,55.527778,55
req-00007821,216718182,216,55.527778,55
req-00007822,216736364,216,55.527778,55
req-00007823,216754545,216,55.527778,55
req-00007824,216772727,216,55.527778,55
req-00007825,216790909,216,55.527778,55
req-00007826,216809091,216,55.527778,55
req-00007827,216827273,216,55.527778,55
req-00007828,216845455,216,55.527778,55
req-00007829,216863636,216,55.527778,55
req-00007830,216881818,216,55.527778,55
req-00007831,216900000,216,55.527778,55
req-00007832,216918182,216,55.527778,55
req-00007833,216936364,216,55.527778,55
req-00007834,216954545,216,55.527778,55
req-00007835,216972727,216,55.527778,55
req-00007836,216990909,216,55.527778,55
req-00007837,217008929,217,55.722222,56
req-00007838,217026786,217,55.722222,56
req-00007839,217044643,217,55.722222,56
req-00007840,217062500,217,55.722222,56
req-00007841,217080357,217,55.722222,56
req-00007842,217098214,217,55.722222,56
req-00007843,217116071,217,55.722222,56
req-00007844,217133929,217,55.722222,56
req-00007845,217151786,217,55.722222,56
req-00007846,217169643,217,55.722222,56
req-00007847,217187500,217,55.722222,56
req-00007848,217205357,217,55.722222,56
req-00007849,217223214,217,55.722222,56
req-00007850,217241071,217,55.722222,56
req-00007851,217258929,217,55.722222,56
req-00007852,217276786,217,55.722222,56
req-00007853,217294643,217,55.722222,56
req-00007854,217312500,217,55.722222,56
req-00007855,217330357,217,55.722222,56
req-00007856,217348214,217,55.722222,56
req-00007857,217366071,217,55.722222,56
req-00007858,217383929,217,55.722222,56
req-00007859,217401786,217,55.722222,56
req-00007860,217419643,217,55.722222,56
req-00007861,217437500,217,55.722222,56
req-00007862,217455357,217,55.722222,56
req-00007863,217473214,217,55.722222,56
req-00007864,217491071,217,55.722222,56
req-00007865,217508929,217,55.722222,56
req-00007866,217526786,217,55.722222,56
req-00007867,217544643,217,55.722222,56
req-00007868,217562500,217,55.722222,56
req-00007869,217580357,217,55.722222,56
req-00007870,217598214,217,55.722222,56
req-00007871,217616071,217,55.722222,56
req-00007872,217633929,217,55.722222,56
req-00007873,217651786,217,55.722222,56
req-00007874,217669643,217,55.722222,56
req-00007875,217687500,217,55.722222,56
req-00007876,217705357,217,55.722222,56
req-00007877,217723214,217,55.722222,56
req-00007878,217741071,217,55.722222,56
req-00007879,217758929,217,55.722222,56
req-00007880,217776786,217,55.722222,56
req-00007881,217794643,217,55.722222,56
req-00007882,217812500,217,55.722222,56
req-00007883,217830357,217,55.722222,56
req-00007884,217848214,217,55.722222,56
req-00007885,217866071,217,55.722222,56
req-00007886,217883929,217,55.722222,56
req-00007887,217901786,217,55.722222,56
req-00007888,217919643,217,55.722222,56
req-00007889,217937500,217,55.722222,56
req-00007890,217955357,217,55.722222,56
req-00007891,217973214,217,55.722222,56
req-00007892,217991071,217,55.722222,56
req-00007893,218008929,218,55.916667,56
req-00007894,218026786,218,55.916667,56
req-00007895,218044643,218,55.916667,56
req-00007896,218062500,218,55.916667,56
req-00007897,218080357,218,55.916667,56
req-00007898,218098214,218,55.916667,56
req-00007899,218116071,218,55.916667,56
req-00007900,218133929,218,55.916667,56
req-00007901,218151786,218,55.916667,56
req-00007902,218169643,218,55.916667,56
req-00007903,218187500,218,55.916667,56
req-00007904,218205357,218,55.916667,56
req-00007905,218223214,218,55.916667,56
req-00007906,218241071,218,55.916667,56
req-00007907,218258929,218,55.916667,56
req-00007908,218276786,218,55.916667,56
req-00007909,218294643,218,55.916667,56
req-00007910,218312500,218,55.916667,56
req-00007911,218330357,218,55.916667,56
req-00007912,218348214,218,55.916667,56
req-00007913,218366071,218,55.916667,56
req-00007914,218383929,218,55.916667,56
req-00007915,218401786,218,55.916667,56
req-00007916,218419643,218,55.916667,56
req-00007917,218437500,218,55.916667,56
req-00007918,218455357,218,55.916667,56
req-00007919,218473214,218,55.916667,56
req-00007920,218491071,218,55.916667,56
req-00007921,218508929,218,55.916667,56
req-00007922,218526786,218,55.916667,56
req-00007923,218544643,218,55.916667,56
req-00007924,218562500,218,55.916667,56
req-00007925,218580357,218,55.916667,56
req-00007926,218598214,218,55.916667,56
req-00007927,218616071,218,55.916667,56
req-00007928,218633929,218,55.916667,56
req-00007929,218651786,218,55.916667,56
req-00007930,218669643,218,55.916667,56
req-00007931,218687500,218,55.916667,56
req-00007932,218705357,218,55.916667,56
req-00007933,218723214,218,55.916667,56
req-00007934,218741071,218,55.916667,56
req-00007935,218758929,218,55.916667,56
req-00007936,218776786,218,55.916667,56
req-00007937,218794643,218,55.916667,56
req-00007938,218812500,218,55.916667,56
req-00007939,218830357,218,55.916667,56
req-00007940,218848214,218,55.916667,56
req-00007941,218866071,218,55.916667,56
req-00007942,218883929,218,55.916667,56
req-00007943,218901786,218,55.916667,56
req-00007944,218919643,218,55.916667,56
req-00007945,218937500,218,55.916667,56
req-00007946,218955357,218,55.916667,56
req-00007947,218973214,218,55.916667,56
req-00007948,218991071,218,55.916667,56
req-00007949,219008929,219,56.111111,56
req-00007950,219026786,219,56.111111,56
req-00007951,219044643,219,56.111111,56
req-00007952,219062500,219,56.111111,56
req-00007953,219080357,219,56.111111,56
req-00007954,219098214,219,56.111111,56
req-00007955,219116071,219,56.111111,56
req-00007956,219133929,219,56.111111,56
req-00007957,219151786,219,56.111111,56
req-00007958,219169643,219,56.111111,56
req-00007959,219187500,219,56.111111,56
req-00007960,219205357,219,56.111111,56
req-00007961,219223214,219,56.111111,56
req-00007962,219241071,219,56.111111,56
req-00007963,219258929,219,56.111111,56
req-00007964,219276786,219,56.111111,56
req-00007965,219294643,219,56.111111,56
req-00007966,219312500,219,56.111111,56
req-00007967,219330357,219,56.111111,56
req-00007968,219348214,219,56.111111,56
req-00007969,219366071,219,56.111111,56
req-00007970,219383929,219,56.111111,56
req-00007971,219401786,219,56.111111,56
req-00007972,219419643,219,56.111111,56
req-00007973,219437500,219,56.111111,56
req-00007974,219455357,219,56.111111,56
req-00007975,219473214,219,56.111111,56
req-00007976,219491071,219,56.111111,56
req-00007977,219508929,219,56.111111,56
req-00007978,219526786,219,56.111111,56
req-00007979,219544643,219,56.111111,56
req-00007980,219562500,219,56.111111,56
req-00007981,219580357,219,56.111111,56
req-00007982,219598214,219,56.111111,56
req-00007983,219616071,219,56.111111,56
req-00007984,219633929,219,56.111111,56
req-00007985,219651786,219,56.111111,56
req-00007986,219669643,219,56.111111,56
req-00007987,219687500,219,56.111111,56
req-00007988,219705357,219,56.111111,56
req-00007989,219723214,219,56.111111,56
req-00007990,219741071,219,56.111111,56
req-00007991,219758929,219,56.111111,56
req-00007992,219776786,219,56.111111,56
req-00007993,219794643,219,56.111111,56
req-00007994,219812500,219,56.111111,56
req-00007995,219830357,219,56.111111,56
req-00007996,219848214,219,56.111111,56
req-00007997,219866071,219,56.111111,56
req-00007998,219883929,219,56.111111,56
req-00007999,219901786,219,56.111111,56
req-00008000,219919643,219,56.111111,56
req-00008001,219937500,219,56.111111,56
req-00008002,219955357,219,56.111111,56
req-00008003,219973214,219,56.111111,56
req-00008004,219991071,219,56.111111,56
req-00008005,220008929,220,56.305556,56
req-00008006,220026786,220,56.305556,56
req-00008007,220044643,220,56.305556,56
req-00008008,220062500,220,56.305556,56
req-00008009,220080357,220,56.305556,56
req-00008010,220098214,220,56.305556,56
req-00008011,220116071,220,56.305556,56
req-00008012,220133929,220,56.305556,56
req-00008013,220151786,220,56.305556,56
req-00008014,220169643,220,56.305556,56
req-00008015,220187500,220,56.305556,56
req-00008016,220205357,220,56.305556,56
req-00008017,220223214,220,56.305556,56
req-00008018,220241071,220,56.305556,56
req-00008019,220258929,220,56.305556,56
req-00008020,220276786,220,56.305556,56
req-00008021,220294643,220,56.305556,56
req-00008022,220312500,220,56.305556,56
req-00008023,220330357,220,56.305556,56
req-00008024,220348214,220,56.305556,56
req-00008025,220366071,220,56.305556,56
req-00008026,220383929,220,56.305556,56
req-00008027,220401786,220,56.305556,56
req-00008028,220419643,220,56.305556,56
req-00008029,220437500,220,56.305556,56
req-00008030,220455357,220,56.305556,56
req-00008031,220473214,220,56.305556,56
req-00008032,220491071,220,56.305556,56
req-00008033,220508929,220,56.305556,56
req-00008034,220526786,220,56.305556,56
req-00008035,220544643,220,56.305556,56
req-00008036,220562500,220,56.305556,56
req-00008037,220580357,220,56.305556,56
req-00008038,220598214,220,56.305556,56
req-00008039,220616071,220,56.305556,56
req-00008040,220633929,220,56.305556,56
req-00008041,220651786,220,56.305556,56
req-00008042,220669643,220,56.305556,56
req-00008043,220687500,220,56.305556,56
req-00008044,220705357,220,56.305556,56
req-00008045,220723214,220,56.305556,56
req-00008046,220741071,220,56.305556,56
req-00008047,220758929,220,56.305556,56
req-00008048,220776786,220,56.305556,56
req-00008049,220794643,220,56.305556,56
req-00008050,220812500,220,56.305556,56
req-00008051,220830357,220,56.305556,56
req-00008052,220848214,220,56.305556,56
req-00008053,220866071,220,56.305556,56
req-00008054,220883929,220,56.305556,56
req-00008055,220901786,220,56.305556,56
req-00008056,220919643,220,56.305556,56
req-00008057,220937500,220,56.305556,56
req-00008058,220955357,220,56.305556,56
req-00008059,220973214,220,56.305556,56
req-00008060,220991071,220,56.305556,56
req-00008061,221008772,221,56.500000,57
req-00008062,221026316,221,56.500000,57
req-00008063,221043860,221,56.500000,57
req-00008064,221061404,221,56.500000,57
req-00008065,221078947,221,56.500000,57
req-00008066,221096491,221,56.500000,57
req-00008067,221114035,221,56.500000,57
req-00008068,221131579,221,56.500000,57
req-00008069,221149123,221,56.500000,57
req-00008070,221166667,221,56.500000,57
req-00008071,221184211,221,56.500000,57
req-00008072,221201754,221,56.500000,57
req-00008073,221219298,221,56.500000,57
req-00008074,221236842,221,56.500000,57
req-00008075,221254386,221,56.500000,57
req-00008076,221271930,221,56.500000,57
req-00008077,221289474,221,56.500000,57
req-00008078,221307018,221,56.500000,57
req-00008079,221324561,221,56.500000,57
req-00008080,221342105,221,56.500000,57
req-00008081,221359649,221,56.500000,57
req-00008082,221377193,221,56.500000,57
req-00008083,221394737,221,56.500000,57
req-00008084,221412281,221,56.500000,57
req-00008085,221429825,221,56.500000,57
req-00008086,221447368,221,56.500000,57
req-00008087,221464912,221,56.500000,57
req-00008088,221482456,221,56.500000,57
req-00008089,221500000,221,56.500000,57
req-00008090,221517544,221,56.500000,57
req-00008091,221535088,221,56.500000,57
req-00008092,221552632,221,56.500000,57
req-00008093,221570175,221,56.500000,57
req-00008094,221587719,221,56.500000,57
req-00008095,221605263,221,56.500000,57
req-00008096,221622807,221,56.500000,57
req-00008097,221640351,221,56.500000,57
req-00008098,221657895,221,56.500000,57
req-00008099,221675439,221,56.500000,57
req-00008100,221692982,221,56.500000,57
req-00008101,221710526,221,56.500000,57
req-00008102,221728070,221,56.500000,57
req-00008103,221745614,221,56.500000,57
req-00008104,221763158,221,56.500000,57
req-00008105,221780702,221,56.500000,57
req-00008106,221798246,221,56.500000,57
req-00008107,221815789,221,56.500000,57
req-00008108,221833333,221,56.500000,57
req-00008109,221850877,221,56.500000,57
req-00008110,221868421,221,56.500000,57
req-00008111,221885965,221,56.500000,57
req-00008112,221903509,221,56.500000,57
req-00008113,221921053,221,56.500000,57
req-00008114,221938596,221,56.500000,57
req-00008115,221956140,221,56.500000,57
req-00008116,221973684,221,56.500000,57
req-00008117,221991228,221,56.500000,57
req-00008118,222008929,222,56.694444,56
req-00008119,222026786,222,56.694444,56
req-00008120,222044643,222,56.694444,56
req-00008121,222062500,222,56.694444,56
req-00008122,222080357,222,56.694444,56
req-00008123,222098214,222,56.694444,56
req-00008124,222116071,222,56.694444,56
req-00008125,222133929,222,56.694444,56
req-00008126,222151786,222,56.694444,56
req-00008127,222169643,222,56.694444,56
req-00008128,222187500,222,56.694444,56
req-00008129,222205357,222,56.694444,56
req-00008130,222223214,222,56.694444,56
req-00008131,222241071,222,56.694444,56
req-00008132,222258929,222,56.694444,56
req-00008133,222276786,222,56.694444,56
req-00008134,222294643,222,56.694444,56
req-00008135,222312500,222,56.694444,56
req-00008136,222330357,222,56.694444,56
req-00008137,222348214,222,56.694444,56
req-00008138,222366071,222,56.694444,56
req-00008139,222383929,222,56.694444,56
req-00008140,222401786,222,56.694444,56
req-00008141,222419643,222,56.694444,56
req-00008142,222437500,222,56.694444,56
req-00008143,222455357,222,56.694444,56
req-00008144,222473214,222,56.694444,56
req-00008145,222491071,222,56.694444,56
req-00008146,222508929,222,56.694444,56
req-00008147,222526786,222,56.694444,56
req-00008148,222544643,222,56.694444,56
req-00008149,222562500,222,56.694444,56
req-00008150,222580357,222,56.694444,56
req-00008151,222598214,222,56.694444,56
req-00008152,222616071,222,56.694444,56
req-00008153,222633929,222,56.694444,56
req-00008154,222651786,222,56.694444,56
req-00008155,222669643,222,56.694444,56
req-00008156,222687500,222,56.694444,56
req-00008157,222705357,222,56.694444,56
req-00008158,222723214,222,56.694444,56
req-00008159,222741071,222,56.694444,56
req-00008160,222758929,222,56.694444,56
req-00008161,222776786,222,56.694444,56
req-00008162,222794643,222,56.694444,56
req-00008163,222812500,222,56.694444,56
req-00008164,222830357,222,56.694444,56
req-00008165,222848214,222,56.694444,56
req-00008166,222866071,222,56.694444,56
req-00008167,222883929,222,56.694444,56
req-00008168,222901786,222,56.694444,56
req-00008169,222919643,222,56.694444,56
req-00008170,222937500,222,56.694444,56
req-00008171,222955357,222,56.694444,56
req-00008172,222973214,222,56.694444,56
req-00008173,222991071,222,56.694444,56
req-00008174,223008772,223,56.888889,57
req-00008175,223026316,223,56.888889,57
req-00008176,223043860,223,56.888889,57
req-00008177,223061404,223,56.888889,57
req-00008178,223078947,223,56.888889,57
req-00008179,223096491,223,56.888889,57
req-00008180,223114035,223,56.888889,57
req-00008181,223131579,223,56.888889,57
req-00008182,223149123,223,56.888889,57
req-00008183,223166667,223,56.888889,57
req-00008184,223184211,223,56.888889,57
req-00008185,223201754,223,56.888889,57
req-00008186,223219298,223,56.888889,57
req-00008187,223236842,223,56.888889,57
req-00008188,223254386,223,56.888889,57
req-00008189,223271930,223,56.888889,57
req-00008190,223289474,223,56.888889,57
req-00008191,223307018,223,56.888889,57
req-00008192,223324561,223,56.888889,57
req-00008193,223342105,223,56.888889,57
req-00008194,223359649,223,56.888889,57
req-00008195,223377193,223,56.888889,57
req-00008196,223394737,223,56.888889,57
req-00008197,223412281,223,56.888889,57
req-00008198,223429825,223,56.888889,57
req-00008199,223447368,223,56.888889,57
req-00008200,223464912,223,56.888889,57
req-00008201,223482456,223,56.888889,57
req-00008202,223500000,223,56.888889,57
req-00008203,223517544,223,56.888889,57
req-00008204,223535088,223,56.888889,57
req-00008205,223552632,223,56.888889,57
req-00008206,223570175,223,56.888889,57
req-00008207,223587719,223,56.888889,57
req-00008208,223605263,223,56.888889,57
req-00008209,223622807,223,56.888889,57
req-00008210,223640351,223,56.888889,57
req-00008211,223657895,223,56.888889,57
req-00008212,223675439,223,56.888889,57
req-00008213,223692982,223,56.888889,57
req-00008214,223710526,223,56.888889,57
req-00008215,223728070,223,56.888889,57
req-00008216,223745614,223,56.888889,57
req-00008217,223763158,223,56.888889,57
req-00008218,223780702,223,56.888889,57
req-00008219,223798246,223,56.888889,57
req-00008220,223815789,223,56.888889,57
req-00008221,223833333,223,56.888889,57
req-00008222,223850877,223,56.888889,57
req-00008223,223868421,223,56.888889,57
req-00008224,223885965,223,56.888889,57
req-00008225,223903509,223,56.888889,57
req-00008226,223921053,223,56.888889,57
req-00008227,223938596,223,56.888889,57
req-00008228,223956140,223,56.888889,57
req-00008229,223973684,223,56.888889,57
req-00008230,223991228,223,56.888889,57
req-00008231,224008772,224,57.083333,57
req-00008232,224026316,224,57.083333,57
req-00008233,224043860,224,57.083333,57
req-00008234,224061404,224,57.083333,57
req-00008235,224078947,224,57.083333,57
req-00008236,224096491,224,57.083333,57
req-00008237,224114035,224,57.083333,57
req-00008238,224131579,224,57.083333,57
req-00008239,224149123,224,57.083333,57
req-00008240,224166667,224,57.083333,57
req-00008241,224184211,224,57.083333,57
req-00008242,224201754,224,57.083333,57
req-00008243,224219298,224,57.083333,57
req-00008244,224236842,224,57.083333,57
req-00008245,224254386,224,57.083333,57
req-00008246,224271930,224,57.083333,57
req-00008247,224289474,224,57.083333,57
req-00008248,224307018,224,57.083333,57
req-00008249,224324561,224,57.083333,57
req-00008250,224342105,224,57.083333,57
req-00008251,224359649,224,57.083333,57
req-00008252,224377193,224,57.083333,57
req-00008253,224394737,224,57.083333,57
req-00008254,224412281,224,57.083333,57
req-00008255,224429825,224,57.083333,57
req-00008256,224447368,224,57.083333,57
req-00008257,224464912,224,57.083333,57
req-00008258,224482456,224,57.083333,57
req-00008259,224500000,224,57.083333,57
req-00008260,224517544,224,57.083333,57
req-00008261,224535088,224,57.083333,57
req-00008262,224552632,224,57.083333,57
req-00008263,224570175,224,57.083333,57
req-00008264,224587719,224,57.083333,57
req-00008265,224605263,224,57.083333,57
req-00008266,224622807,224,57.083333,57
req-00008267,224640351,224,57.083333,57
req-00008268,224657895,224,57.083333,57
req-00008269,224675439,224,57.083333,57
req-00008270,224692982,224,57.083333,57
req-00008271,224710526,224,57.083333,57
req-00008272,224728070,224,57.083333,57
req-00008273,224745614,224,57.083333,57
req-00008274,224763158,224,57.083333,57
req-00008275,224780702,224,57.083333,57
req-00008276,224798246,224,57.083333,57
req-00008277,224815789,224,57.083333,57
req-00008278,224833333,224,57.083333,57
req-00008279,224850877,224,57.083333,57
req-00008280,224868421,224,57.083333,57
req-00008281,224885965,224,57.083333,57
req-00008282,224903509,224,57.083333,57
req-00008283,224921053,224,57.083333,57
req-00008284,224938596,224,57.083333,57
req-00008285,224956140,224,57.083333,57
req-00008286,224973684,224,57.083333,57
req-00008287,224991228,224,57.083333,57
req-00008288,225008621,225,57.277778,58
req-00008289,225025862,225,57.277778,58
req-00008290,225043103,225,57.277778,58
req-00008291,225060345,225,57.277778,58
req-00008292,225077586,225,57.277778,58
req-00008293,225094828,225,57.277778,58
req-00008294,225112069,225,57.277778,58
req-00008295,225129310,225,57.277778,58
req-00008296,225146552,225,57.277778,58
req-00008297,225163793,225,57.277778,58
req-00008298,225181034,225,57.277778,58
req-00008299,225198276,225,57.277778,58
req-00008300,225215517,225,57.277778,58
req-00008301,225232759,225,57.277778,58
req-00008302,225250000,225,57.277778,58
req-00008303,225267241,225,57.277778,58
req-00008304,225284483,225,57.277778,58
req-00008305,225301724,225,57.277778,58
req-00008306,225318966,225,57.277778,58
req-00008307,225336207,225,57.277778,58
req-00008308,225353448,225,57.277778,58
req-00008309,225370690,225,57.277778,58
req-00008310,225387931,225,57.277778,58
req-00008311,225405172,225,57.277778,58
req-00008312,225422414,225,57.277778,58
req-00008313,225439655,225,57.277778,58
req-00008314,225456897,225,57.277778,58
req-00008315,225474138,225,57.277778,58
req-00008316,225491379,225,57.277778,58
req-00008317,225508621,225,57.277778,58
req-00008318,225525862,225,57.277778,58
req-00008319,225543103,225,57.277778,58
req-00008320,225560345,225,57.277778,58
req-00008321,225577586,225,57.277778,58
req-00008322,225594828,225,57.277778,58
req-00008323,225612069,225,57.277778,58
req-00008324,225629310,225,57.277778,58
req-00008325,225646552,225,57.277778,58
req-00008326,225663793,225,57.277778,58
req-00008327,225681034,225,57.277778,58
req-00008328,225698276,225,57.277778,58
req-00008329,225715517,225,57.277778,58
req-00008330,225732759,225,57.277778,58
req-00008331,225750000,225,57.277778,58
req-00008332,225767241,225,57.277778,58
req-00008333,225784483,225,57.277778,58
req-00008334,225801724,225,57.277778,58
req-00008335,225818966,225,57.277778,58
req-00008336,225836207,225,57.277778,58
req-00008337,225853448,225,57.277778,58
req-00008338,225870690,225,57.277778,58
req-00008339,225887931,225,57.277778,58
req-00008340,225905172,225,57.277778,58
req-00008341,225922414,225,57.277778,58
req-00008342,225939655,225,57.277778,58
req-00008343,225956897,225,57.277778,58
req-00008344,225974138,225,57.277778,58
req-00008345,225991379,225,57.277778,58
req-00008346,226008772,226,57.472222,57
req-00008347,226026316,226,57.472222,57
req-00008348,226043860,226,57.472222,57
req-00008349,226061404,226,57.472222,57
req-00008350,226078947,226,57.472222,57
req-00008351,226096491,226,57.472222,57
req-00008352,226114035,226,57.472222,57
req-00008353,226131579,226,57.472222,57
req-00008354,226149123,226,57.472222,57
req-00008355,226166667,226,57.472222,57
req-00008356,226184211,226,57.472222,57
req-00008357,226201754,226,57.472222,57
req-00008358,226219298,226,57.472222,57
req-00008359,226236842,226,57.472222,57
req-00008360,226254386,226,57.472222,57
req-00008361,226271930,226,57.472222,57
req-00008362,226289474,226,57.472222,57
req-00008363,226307018,226,57.472222,57
req-00008364,226324561,226,57.472222,57
req-00008365,226342105,226,57.472222,57
req-00008366,226359649,226,57.472222,57
req-00008367,226377193,226,57.472222,57
req-00008368,226394737,226,57.472222,57
req-00008369,226412281,226,57.472222,57
req-00008370,226429825,226,57.472222,57
req-00008371,226447368,226,57.472222,57
req-00008372,226464912,226,57.472222,57
req-00008373,226482456,226,57.472222,57
req-00008374,226500000,226,57.472222,57
req-00008375,226517544,226,57.472222,57
req-00008376,226535088,226,57.472222,57
req-00008377,226552632,226,57.472222,57
req-00008378,226570175,226,57.472222,57
req-00008379,226587719,226,57.472222,57
req-00008380,226605263,226,57.472222,57
req-00008381,226622807,226,57.472222,57
req-00008382,226640351,226,57.472222,57
req-00008383,226657895,226,57.472222,57
req-00008384,226675439,226,57.472222,57
req-00008385,226692982,226,57.472222,57
req-00008386,226710526,226,57.472222,57
req-00008387,226728070,226,57.472222,57
req-00008388,226745614,226,57.472222,57
req-00008389,226763158,226,57.472222,57
req-00008390,226780702,226,57.472222,57
req-00008391,226798246,226,57.472222,57
req-00008392,226815789,226,57.472222,57
req-00008393,226833333,226,57.472222,57
req-00008394,226850877,226,57.472222,57
req-00008395,226868421,226,57.472222,57
req-00008396,226885965,226,57.472222,57
req-00008397,226903509,226,57.472222,57
req-00008398,226921053,226,57.472222,57
req-00008399,226938596,226,57.472222,57
req-00008400,226956140,226,57.472222,57
req-00008401,226973684,226,57.472222,57
req-00008402,226991228,226,57.472222,57
req-00008403,227008621,227,57.666667,58
req-00008404,227025862,227,57.666667,58
req-00008405,227043103,227,57.666667,58
req-00008406,227060345,227,57.666667,58
req-00008407,227077586,227,57.666667,58
req-00008408,227094828,227,57.666667,58
req-00008409,227112069,227,57.666667,58
req-00008410,227129310,227,57.666667,58
req-00008411,227146552,227,57.666667,58
req-00008412,227163793,227,57.666667,58
req-00008413,227181034,227,57.666667,58
req-00008414,227198276,227,57.666667,58
req-00008415,227215517,227,57.666667,58
req-00008416,227232759,227,57.666667,58
req-00008417,227250000,227,57.666667,58
req-00008418,227267241,227,57.666667,58
req-00008419,227284483,227,57.666667,58
req-00008420,227301724,227,57.666667,58
req-00008421,227318966,227,57.666667,58
req-00008422,227336207,227,57.666667,58
req-00008423,227353448,227,57.666667,58
req-00008424,227370690,227,57.666667,58
req-00008425,227387931,227,57.666667,58
req-00008426,227405172,227,57.666667,58
req-00008427,227422414,227,57.666667,58
req-00008428,227439655,227,57.666667,58
req-00008429,227456897,227,57.666667,58
req-00008430,227474138,227,57.666667,58
req-00008431,227491379,227,57.666667,58
req-00008432,227508621,227,57.666667,58
req-00008433,227525862,227,57.666667,58
req-00008434,227543103,227,57.666667,58
req-00008435,227560345,227,57.666667,58
req-00008436,227577586,227,57.666667,58
req-00008437,227594828,227,57.666667,58
req-00008438,227612069,227,57.666667,58
req-00008439,227629310,227,57.666667,58
req-00008440,227646552,227,57.666667,58
req-00008441,227663793,227,57.666667,58
req-00008442,227681034,227,57.666667,58
req-00008443,227698276,227,57.666667,58
req-00008444,227715517,227,57.666667,58
req-00008445,227732759,227,57.666667,58
req-00008446,227750000,227,57.666667,58
req-00008447,227767241,227,57.666667,58
req-00008448,227784483,227,57.666667,58
req-00008449,227801724,227,57.666667,58
req-00008450,227818966,227,57.666667,58
req-00008451,227836207,227,57.666667,58
req-00008452,227853448,227,57.666667,58
req-00008453,227870690,227,57.666667,58
req-00008454,227887931,227,57.666667,58
req-00008455,227905172,227,57.666667,58
req-00008456,227922414,227,57.666667,58
req-00008457,227939655,227,57.666667,58
req-00008458,227956897,227,57.666667,58
req-00008459,227974138,227,57.666667,58
req-00008460,227991379,227,57.666667,58
req-00008461,228008621,228,57.861111,58
req-00008462,228025862,228,57.861111,58
req-00008463,228043103,228,57.861111,58
req-00008464,228060345,228,57.861111,58
req-00008465,228077586,228,57.861111,58
req-00008466,228094828,228,57.861111,58
req-00008467,228112069,228,57.861111,58
req-00008468,228129310,228,57.861111,58
req-00008469,228146552,228,57.861111,58
req-00008470,228163793,228,57.861111,58
req-00008471,228181034,228,57.861111,58
req-00008472,228198276,228,57.861111,58
req-00008473,228215517,228,57.861111,58
req-00008474,228232759,228,57.861111,58
req-00008475,228250000,228,57.861111,58
req-00008476,228267241,228,57.861111,58
req-00008477,228284483,228,57.861111,58
req-00008478,228301724,228,57.861111,58
req-00008479,228318966,228,57.861111,58
req-00008480,228336207,228,57.861111,58
req-00008481,228353448,228,57.861111,58
req-00008482,228370690,228,57.861111,58
req-00008483,228387931,228,57.861111,58
req-00008484,228405172,228,57.861111,58
req-00008485,228422414,228,57.861111,58
req-00008486,228439655,228,57.861111,58
req-00008487,228456897,228,57.861111,58
req-00008488,228474138,228,57.861111,58
req-00008489,228491379,228,57.861111,58
req-00008490,228508621,228,57.861111,58
req-00008491,228525862,228,57.861111,58
req-00008492,228543103,228,57.861111,58
req-00008493,228560345,228,57.861111,58
req-00008494,228577586,228,57.861111,58
req-00008495,228594828,228,57.861111,58
req-00008496,228612069,228,57.861111,58
req-00008497,228629310,228,57.861111,58
req-00008498,228646552,228,57.861111,58
req-00008499,228663793,228,57.861111,58
req-00008500,228681034,228,57.861111,58
req-00008501,228698276,228,57.861111,58
req-00008502,228715517,228,57.861111,58
req-00008503,228732759,228,57.861111,58
req-00008504,228750000,228,57.861111,58
req-00008505,228767241,228,57.861111,58
req-00008506,228784483,228,57.861111,58
req-00008507,228801724,228,57.861111,58
req-00008508,228818966,228,57.861111,58
req-00008509,228836207,228,57.861111,58
req-00008510,228853448,228,57.861111,58
req-00008511,228870690,228,57.861111,58
req-00008512,228887931,228,57.861111,58
req-00008513,228905172,228,57.861111,58
req-00008514,228922414,228,57.861111,58
req-00008515,228939655,228,57.861111,58
req-00008516,228956897,228,57.861111,58
req-00008517,228974138,228,57.861111,58
req-00008518,228991379,228,57.861111,58
req-00008519,229008621,229,58.055556,58
req-00008520,229025862,229,58.055556,58
req-00008521,229043103,229,58.055556,58
req-00008522,229060345,229,58.055556,58
req-00008523,229077586,229,58.055556,58
req-00008524,229094828,229,58.055556,58
req-00008525,229112069,229,58.055556,58
req-00008526,229129310,229,58.055556,58
req-00008527,229146552,229,58.055556,58
req-00008528,229163793,229,58.055556,58
req-00008529,229181034,229,58.055556,58
req-00008530,229198276,229,58.055556,58
req-00008531,229215517,229,58.055556,58
req-00008532,229232759,229,58.055556,58
req-00008533,229250000,229,58.055556,58
req-00008534,229267241,229,58.055556,58
req-00008535,229284483,229,58.055556,58
req-00008536,229301724,229,58.055556,58
req-00008537,229318966,229,58.055556,58
req-00008538,229336207,229,58.055556,58
req-00008539,229353448,229,58.055556,58
req-00008540,229370690,229,58.055556,58
req-00008541,229387931,229,58.055556,58
req-00008542,229405172,229,58.055556,58
req-00008543,229422414,229,58.055556,58
req-00008544,229439655,229,58.055556,58
req-00008545,229456897,229,58.055556,58
req-00008546,229474138,229,58.055556,58
req-00008547,229491379,229,58.055556,58
req-00008548,229508621,229,58.055556,58
req-00008549,229525862,229,58.055556,58
req-00008550,229543103,229,58.055556,58
req-00008551,229560345,229,58.055556,58
req-00008552,229577586,229,58.055556,58
req-00008553,229594828,229,58.055556,58
req-00008554,229612069,229,58.055556,58
req-00008555,229629310,229,58.055556,58
req-00008556,229646552,229,58.055556,58
req-00008557,229663793,229,58.055556,58
req-00008558,229681034,229,58.055556,58
req-00008559,229698276,229,58.055556,58
req-00008560,229715517,229,58.055556,58
req-00008561,229732759,229,58.055556,58
req-00008562,229750000,229,58.055556,58
req-00008563,229767241,229,58.055556,58
req-00008564,229784483,229,58.055556,58
req-00008565,229801724,229,58.055556,58
req-00008566,229818966,229,58.055556,58
req-00008567,229836207,229,58.055556,58
req-00008568,229853448,229,58.055556,58
req-00008569,229870690,229,58.055556,58
req-00008570,229887931,229,58.055556,58
req-00008571,229905172,229,58.055556,58
req-00008572,229922414,229,58.055556,58
req-00008573,229939655,229,58.055556,58
req-00008574,229956897,229,58.055556,58
req-00008575,229974138,229,58.055556,58
req-00008576,229991379,229,58.055556,58
req-00008577,230008621,230,58.250000,58
req-00008578,230025862,230,58.250000,58
req-00008579,230043103,230,58.250000,58
req-00008580,230060345,230,58.250000,58
req-00008581,230077586,230,58.250000,58
req-00008582,230094828,230,58.250000,58
req-00008583,230112069,230,58.250000,58
req-00008584,230129310,230,58.250000,58
req-00008585,230146552,230,58.250000,58
req-00008586,230163793,230,58.250000,58
req-00008587,230181034,230,58.250000,58
req-00008588,230198276,230,58.250000,58
req-00008589,230215517,230,58.250000,58
req-00008590,230232759,230,58.250000,58
req-00008591,230250000,230,58.250000,58
req-00008592,230267241,230,58.250000,58
req-00008593,230284483,230,58.250000,58
req-00008594,230301724,230,58.250000,58
req-00008595,230318966,230,58.250000,58
req-00008596,230336207,230,58.250000,58
req-00008597,230353448,230,58.250000,58
req-00008598,230370690,230,58.250000,58
req-00008599,230387931,230,58.250000,58
req-00008600,230405172,230,58.250000,58
req-00008601,230422414,230,58.250000,58
req-00008602,230439655,230,58.250000,58
req-00008603,230456897,230,58.250000,58
req-00008604,230474138,230,58.250000,58
req-00008605,230491379,230,58.250000,58
req-00008606,230508621,230,58.250000,58
req-00008607,230525862,230,58.250000,58
req-00008608,230543103,230,58.250000,58
req-00008609,230560345,230,58.250000,58
req-00008610,230577586,230,58.250000,58
req-00008611,230594828,230,58.250000,58
req-00008612,230612069,230,58.250000,58
req-00008613,230629310,230,58.250000,58
req-00008614,230646552,230,58.250000,58
req-00008615,230663793,230,58.250000,58
req-00008616,230681034,230,58.250000,58
req-00008617,230698276,230,58.250000,58
req-00008618,230715517,230,58.250000,58
req-00008619,230732759,230,58.250000,58
req-00008620,230750000,230,58.250000,58
req-00008621,230767241,230,58.250000,58
req-00008622,230784483,230,58.250000,58
req-00008623,230801724,230,58.250000,58
req-00008624,230818966,230,58.250000,58
req-00008625,230836207,230,58.250000,58
req-00008626,230853448,230,58.250000,58
req-00008627,230870690,230,58.250000,58
req-00008628,230887931,230,58.250000,58
req-00008629,230905172,230,58.250000,58
req-00008630,230922414,230,58.250000,58
req-00008631,230939655,230,58.250000,58
req-00008632,230956897,230,58.250000,58
req-00008633,230974138,230,58.250000,58
req-00008634,230991379,230,58.250000,58
req-00008635,231008621,231,58.444444,58
req-00008636,231025862,231,58.444444,58
req-00008637,231043103,231,58.444444,58
req-00008638,231060345,231,58.444444,58
req-00008639,231077586,231,58.444444,58
req-00008640,231094828,231,58.444444,58
req-00008641,231112069,231,58.444444,58
req-00008642,231129310,231,58.444444,58
req-00008643,231146552,231,58.444444,58
req-00008644,231163793,231,58.444444,58
req-00008645,231181034,231,58.444444,58
req-00008646,231198276,231,58.444444,58
req-00008647,231215517,231,58.444444,58
req-00008648,231232759,231,58.444444,58
req-00008649,231250000,231,58.444444,58
req-00008650,231267241,231,58.444444,58
req-00008651,231284483,231,58.444444,58
req-00008652,231301724,231,58.444444,58
req-00008653,231318966,231,58.444444,58
req-00008654,231336207,231,58.444444,58
req-00008655,231353448,231,58.444444,58
req-00008656,231370690,231,58.444444,58
req-00008657,231387931,231,58.444444,58
req-00008658,231405172,231,58.444444,58
req-00008659,231422414,231,58.444444,58
req-00008660,231439655,231,58.444444,58
req-00008661,231456897,231,58.444444,58
req-00008662,231474138,231,58.444444,58
req-00008663,231491379,231,58.444444,58
req-00008664,231508621,231,58.444444,58
req-00008665,231525862,231,58.444444,58
req-00008666,231543103,231,58.444444,58
req-00008667,231560345,231,58.444444,58
req-00008668,231577586,231,58.444444,58
req-00008669,231594828,231,58.444444,58
req-00008670,231612069,231,58.444444,58
req-00008671,231629310,231,58.444444,58
req-00008672,231646552,231,58.444444,58
req-00008673,231663793,231,58.444444,58
req-00008674,231681034,231,58.444444,58
req-00008675,231698276,231,58.444444,58
req-00008676,231715517,231,58.444444,58
req-00008677,231732759,231,58.444444,58
req-00008678,231750000,231,58.444444,58
req-00008679,231767241,231,58.444444,58
req-00008680,231784483,231,58.444444,58
req-00008681,231801724,231,58.444444,58
req-00008682,231818966,231,58.444444,58
req-00008683,231836207,231,58.444444,58
req-00008684,231853448,231,58.444444,58
req-00008685,231870690,231,58.444444,58
req-00008686,231887931,231,58.444444,58
req-00008687,231905172,231,58.444444,58
req-00008688,231922414,231,58.444444,58
req-00008689,231939655,231,58.444444,58
req-00008690,231956897,231,58.444444,58
req-00008691,231974138,231,58.444444,58
req-00008692,231991379,231,58.444444,58
req-00008693,232008475,232,58.638889,59
req-00008694,232025424,232,58.638889,59
req-00008695,232042373,232,58.638889,59
req-00008696,232059322,232,58.638889,59
req-00008697,232076271,232,58.638889,59
req-00008698,232093220,232,58.638889,59
req-00008699,232110169,232,58.638889,59
req-00008700,232127119,232,58.638889,59
req-00008701,232144068,232,58.638889,59
req-00008702,232161017,232,58.638889,59
req-00008703,232177966,232,58.638889,59
req-00008704,232194915,232,58.638889,59
req-00008705,232211864,232,58.638889,59
req-00008706,232228814,232,58.638889,59
req-00008707,232245763,232,58.638889,59
req-00008708,232262712,232,58.638889,59
req-00008709,232279661,232,58.638889,59
req-00008710,232296610,232,58.638889,59
req-00008711,232313559,232,58.638889,59
req-00008712,232330508,232,58.638889,59
req-00008713,232347458,232,58.638889,59
req-00008714,232364407,232,58.638889,59
req-00008715,232381356,232,58.638889,59
req-00008716,232398305,232,58.638889,59
req-00008717,232415254,232,58.638889,59
req-00008718,232432203,232,58.638889,59
req-00008719,232449153,232,58.638889,59
req-00008720,232466102,232,58.638889,59
req-00008721,232483051,232,58.638889,59
req-00008722,232500000,232,58.638889,59
req-00008723,232516949,232,58.638889,59
req-00008724,232533898,232,58.638889,59
req-00008725,232550847,232,58.638889,59
req-00008726,232567797,232,58.638889,59
req-00008727,232584746,232,58.638889,59
req-00008728,232601695,232,58.638889,59
req-00008729,232618644,232,58.638889,59
req-00008730,232635593,232,58.638889,59
req-00008731,232652542,232,58.638889,59
req-00008732,232669492,232,58.638889,59
req-00008733,232686441,232,58.638889,59
req-00008734,232703390,232,58.638889,59
req-00008735,232720339,232,58.638889,59
req-00008736,232737288,232,58.638889,59
req-00008737,232754237,232,58.638889,59
req-00008738,232771186,232,58.638889,59
req-00008739,232788136,232,58.638889,59
req-00008740,232805085,232,58.638889,59
req-00008741,232822034,232,58.638889,59
req-00008742,232838983,232,58.638889,59
req-00008743,232855932,232,58.638889,59
req-00008744,232872881,232,58.638889,59
req-00008745,232889831,232,58.638889,59
req-00008746,232906780,232,58.638889,59
req-00008747,232923729,232,58.638889,59
req-00008748,232940678,232,58.638889,59
req-00008749,232957627,232,58.638889,59
req-00008750,232974576,232,58.638889,59
req-00008751,232991525,232,58.638889,59
req-00008752,233008475,233,58.833333,59
req-00008753,233025424,233,58.833333,59
req-00008754,233042373,233,58.833333,59
req-00008755,233059322,233,58.833333,59
req-00008756,233076271,233,58.833333,59
req-00008757,233093220,233,58.833333,59
req-00008758,233110169,233,58.833333,59
req-00008759,233127119,233,58.833333,59
req-00008760,233144068,233,58.833333,59
req-00008761,233161017,233,58.833333,59
req-00008762,233177966,233,58.833333,59
req-00008763,233194915,233,58.833333,59
req-00008764,233211864,233,58.833333,59
req-00008765,233228814,233,58.833333,59
req-00008766,233245763,233,58.833333,59
req-00008767,233262712,233,58.833333,59
req-00008768,233279661,233,58.833333,59
req-00008769,233296610,233,58.833333,59
req-00008770,233313559,233,58.833333,59
req-00008771,233330508,233,58.833333,59
req-00008772,233347458,233,58.833333,59
req-00008773,233364407,233,58.833333,59
req-00008774,233381356,233,58.833333,59
req-00008775,233398305,233,58.833333,59
req-00008776,233415254,233,58.833333,59
req-00008777,233432203,233,58.833333,59
req-00008778,233449153,233,58.833333,59
req-00008779,233466102,233,58.833333,59
req-00008780,233483051,233,58.833333,59
req-00008781,233500000,233,58.833333,59
req-00008782,233516949,233,58.833333,59
req-00008783,233533898,233,58.833333,59
req-00008784,233550847,233,58.833333,59
req-00008785,233567797,233,58.833333,59
req-00008786,233584746,233,58.833333,59
req-00008787,233601695,233,58.833333,59
req-00008788,233618644,233,58.833333,59
req-00008789,233635593,233,58.833333,59
req-00008790,233652542,233,58.833333,59
req-00008791,233669492,233,58.833333,59
req-00008792,233686441,233,58.833333,59
req-00008793,233703390,233,58.833333,59
req-00008794,233720339,233,58.833333,59
req-00008795,233737288,233,58.833333,59
req-00008796,233754237,233,58.833333,59
req-00008797,233771186,233,58.833333,59
req-00008798,233788136,233,58.833333,59
req-00008799,233805085,233,58.833333,59
req-00008800,233822034,233,58.833333,59
req-00008801,233838983,233,58.833333,59
req-00008802,233855932,233,58.833333,59
req-00008803,233872881,233,58.833333,59
req-00008804,233889831,233,58.833333,59
req-00008805,233906780,233,58.833333,59
req-00008806,233923729,233,58.833333,59
req-00008807,233940678,233,58.833333,59
req-00008808,233957627,233,58.833333,59
req-00008809,233974576,233,58.833333,59
req-00008810,233991525,233,58.833333,59
req-00008811,234008475,234,59.027778,59
req-00008812,234025424,234,59.027778,59
req-00008813,234042373,234,59.027778,59
req-00008814,234059322,234,59.027778,59
req-00008815,234076271,234,59.027778,59
req-00008816,234093220,234,59.027778,59
req-00008817,234110169,234,59.027778,59
req-00008818,234127119,234,59.027778,59
req-00008819,234144068,234,59.027778,59
req-00008820,234161017,234,59.027778,59
req-00008821,234177966,234,59.027778,59
req-00008822,234194915,234,59.027778,59
req-00008823,234211864,234,59.027778,59
req-00008824,234228814,234,59.027778,59
req-00008825,234245763,234,59.027778,59
req-00008826,234262712,234,59.027778,59
req-00008827,234279661,234,59.027778,59
req-00008828,234296610,234,59.027778,59
req-00008829,234313559,234,59.027778,59
req-00008830,234330508,234,59.027778,59
req-00008831,234347458,234,59.027778,59
req-00008832,234364407,234,59.027778,59
req-00008833,234381356,234,59.027778,59
req-00008834,234398305,234,59.027778,59
req-00008835,234415254,234,59.027778,59
req-00008836,234432203,234,59.027778,59
req-00008837,234449153,234,59.027778,59
req-00008838,234466102,234,59.027778,59
req-00008839,234483051,234,59.027778,59
req-00008840,234500000,234,59.027778,59
req-00008841,234516949,234,59.027778,59
req-00008842,234533898,234,59.027778,59
req-00008843,234550847,234,59.027778,59
req-00008844,234567797,234,59.027778,59
req-00008845,234584746,234,59.027778,59
req-00008846,234601695,234,59.027778,59
req-00008847,234618644,234,59.027778,59
req-00008848,234635593,234,59.027778,59
req-00008849,234652542,234,59.027778,59
req-00008850,234669492,234,59.027778,59
req-00008851,234686441,234,59.027778,59
req-00008852,234703390,234,59.027778,59
req-00008853,234720339,234,59.027778,59
req-00008854,234737288,234,59.027778,59
req-00008855,234754237,234,59.027778,59
req-00008856,234771186,234,59.027778,59
req-00008857,234788136,234,59.027778,59
req-00008858,234805085,234,59.027778,59
req-00008859,234822034,234,59.027778,59
req-00008860,234838983,234,59.027778,59
req-00008861,234855932,234,59.027778,59
req-00008862,234872881,234,59.027778,59
req-00008863,234889831,234,59.027778,59
req-00008864,234906780,234,59.027778,59
req-00008865,234923729,234,59.027778,59
req-00008866,234940678,234,59.027778,59
req-00008867,234957627,234,59.027778,59
req-00008868,234974576,234,59.027778,59
req-00008869,234991525,234,59.027778,59
req-00008870,235008475,235,59.222222,59
req-00008871,235025424,235,59.222222,59
req-00008872,235042373,235,59.222222,59
req-00008873,235059322,235,59.222222,59
req-00008874,235076271,235,59.222222,59
req-00008875,235093220,235,59.222222,59
req-00008876,235110169,235,59.222222,59
req-00008877,235127119,235,59.222222,59
req-00008878,235144068,235,59.222222,59
req-00008879,235161017,235,59.222222,59
req-00008880,235177966,235,59.222222,59
req-00008881,235194915,235,59.222222,59
req-00008882,235211864,235,59.222222,59
req-00008883,235228814,235,59.222222,59
req-00008884,235245763,235,59.222222,59
req-00008885,235262712,235,59.222222,59
req-00008886,235279661,235,59.222222,59
req-00008887,235296610,235,59.222222,59
req-00008888,235313559,235,59.222222,59
req-00008889,235330508,235,59.222222,59
req-00008890,235347458,235,59.222222,59
req-00008891,235364407,235,59.222222,59
req-00008892,235381356,235,59.222222,59
req-00008893,235398305,235,59.222222,59
req-00008894,235415254,235,59.222222,59
req-00008895,235432203,235,59.222222,59
req-00008896,235449153,235,59.222222,59
req-00008897,235466102,235,59.222222,59
req-00008898,235483051,235,59.222222,59
req-00008899,235500000,235,59.222222,59
req-00008900,235516949,235,59.222222,59
req-00008901,235533898,235,59.222222,59
req-00008902,235550847,235,59.222222,59
req-00008903,235567797,235,59.222222,59
req-00008904,235584746,235,59.222222,59
req-00008905,235601695,235,59.222222,59
req-00008906,235618644,235,59.222222,59
req-00008907,235635593,235,59.222222,59
req-00008908,235652542,235,59.222222,59
req-00008909,235669492,235,59.222222,59
req-00008910,235686441,235,59.222222,59
req-00008911,235703390,235,59.222222,59
req-00008912,235720339,235,59.222222,59
req-00008913,235737288,235,59.222222,59
req-00008914,235754237,235,59.222222,59
req-00008915,235771186,235,59.222222,59
req-00008916,235788136,235,59.222222,59
req-00008917,235805085,235,59.222222,59
req-00008918,235822034,235,59.222222,59
req-00008919,235838983,235,59.222222,59
req-00008920,235855932,235,59.222222,59
req-00008921,235872881,235,59.222222,59
req-00008922,235889831,235,59.222222,59
req-00008923,235906780,235,59.222222,59
req-00008924,235923729,235,59.222222,59
req-00008925,235940678,235,59.222222,59
req-00008926,235957627,235,59.222222,59
req-00008927,235974576,235,59.222222,59
req-00008928,235991525,235,59.222222,59
req-00008929,236008333,236,59.416667,60
req-00008930,236025000,236,59.416667,60
req-00008931,236041667,236,59.416667,60
req-00008932,236058333,236,59.416667,60
req-00008933,236075000,236,59.416667,60
req-00008934,236091667,236,59.416667,60
req-00008935,236108333,236,59.416667,60
req-00008936,236125000,236,59.416667,60
req-00008937,236141667,236,59.416667,60
req-00008938,236158333,236,59.416667,60
req-00008939,236175000,236,59.416667,60
req-00008940,236191667,236,59.416667,60
req-00008941,236208333,236,59.416667,60
req-00008942,236225000,236,59.416667,60
req-00008943,236241667,236,59.416667,60
req-00008944,236258333,236,59.416667,60
req-00008945,236275000,236,59.416667,60
req-00008946,236291667,236,59.416667,60
req-00008947,236308333,236,59.416667,60
req-00008948,236325000,236,59.416667,60
req-00008949,236341667,236,59.416667,60
req-00008950,236358333,236,59.416667,60
req-00008951,236375000,236,59.416667,60
req-00008952,236391667,236,59.416667,60
req-00008953,236408333,236,59.416667,60
req-00008954,236425000,236,59.416667,60
req-00008955,236441667,236,59.416667,60
req-00008956,236458333,236,59.416667,60
req-00008957,236475000,236,59.416667,60
req-00008958,236491667,236,59.416667,60
req-00008959,236508333,236,59.416667,60
req-00008960,236525000,236,59.416667,60
req-00008961,236541667,236,59.416667,60
req-00008962,236558333,236,59.416667,60
req-00008963,236575000,236,59.416667,60
req-00008964,236591667,236,59.416667,60
req-00008965,236608333,236,59.416667,60
req-00008966,236625000,236,59.416667,60
req-00008967,236641667,236,59.416667,60
req-00008968,236658333,236,59.416667,60
req-00008969,236675000,236,59.416667,60
req-00008970,236691667,236,59.416667,60
req-00008971,236708333,236,59.416667,60
req-00008972,236725000,236,59.416667,60
req-00008973,236741667,236,59.416667,60
req-00008974,236758333,236,59.416667,60
req-00008975,236775000,236,59.416667,60
req-00008976,236791667,236,59.416667,60
req-00008977,236808333,236,59.416667,60
req-00008978,236825000,236,59.416667,60
req-00008979,236841667,236,59.416667,60
req-00008980,236858333,236,59.416667,60
req-00008981,236875000,236,59.416667,60
req-00008982,236891667,236,59.416667,60
req-00008983,236908333,236,59.416667,60
req-00008984,236925000,236,59.416667,60
req-00008985,236941667,236,59.416667,60
req-00008986,236958333,236,59.416667,60
req-00008987,236975000,236,59.416667,60
req-00008988,236991667,236,59.416667,60
req-00008989,237008475,237,59.611111,59
req-00008990,237025424,237,59.611111,59
req-00008991,237042373,237,59.611111,59
req-00008992,237059322,237,59.611111,59
req-00008993,237076271,237,59.611111,59
req-00008994,237093220,237,59.611111,59
req-00008995,237110169,237,59.611111,59
req-00008996,237127119,237,59.611111,59
req-00008997,237144068,237,59.611111,59
req-00008998,237161017,237,59.611111,59
req-00008999,237177966,237,59.611111,59
req-00009000,237194915,237,59.611111,59
req-00009001,237211864,237,59.611111,59
req-00009002,237228814,237,59.611111,59
req-00009003,237245763,237,59.611111,59
req-00009004,237262712,237,59.611111,59
req-00009005,237279661,237,59.611111,59
req-00009006,237296610,237,59.611111,59
req-00009007,237313559,237,59.611111,59
req-00009008,237330508,237,59.611111,59
req-00009009,237347458,237,59.611111,59
req-00009010,237364407,237,59.611111,59
req-00009011,237381356,237,59.611111,59
req-00009012,237398305,237,59.611111,59
req-00009013,237415254,237,59.611111,59
req-00009014,237432203,237,59.611111,59
req-00009015,237449153,237,59.611111,59
req-00009016,237466102,237,59.611111,59
req-00009017,237483051,237,59.611111,59
req-00009018,237500000,237,59.611111,59
req-00009019,237516949,237,59.611111,59
req-00009020,237533898,237,59.611111,59
req-00009021,237550847,237,59.611111,59
req-00009022,237567797,237,59.611111,59
req-00009023,237584746,237,59.611111,59
req-00009024,237601695,237,59.611111,59
req-00009025,237618644,237,59.611111,59
req-00009026,237635593,237,59.611111,59
req-00009027,237652542,237,59.611111,59
req-00009028,237669492,237,59.611111,59
req-00009029,237686441,237,59.611111,59
req-00009030,237703390,237,59.611111,59
req-00009031,237720339,237,59.611111,59
req-00009032,237737288,237,59.611111,59
req-00009033,237754237,237,59.611111,59
req-00009034,237771186,237,59.611111,59
req-00009035,237788136,237,59.611111,59
req-00009036,237805085,237,59.611111,59
req-00009037,237822034,237,59.611111,59
req-00009038,237838983,237,59.611111,59
req-00009039,237855932,237,59.611111,59
req-00009040,237872881,237,59.611111,59
req-00009041,237889831,237,59.611111,59
req-00009042,237906780,237,59.611111,59
req-00009043,237923729,237,59.611111,59
req-00009044,237940678,237,59.611111,59
req-00009045,237957627,237,59.611111,59
req-00009046,237974576,237,59.611111,59
req-00009047,237991525,237,59.611111,59
req-00009048,238008333,238,59.805556,60
req-00009049,238025000,238,59.805556,60
req-00009050,238041667,238,59.805556,60
req-00009051,238058333,238,59.805556,60
req-00009052,238075000,238,59.805556,60
req-00009053,238091667,238,59.805556,60
req-00009054,238108333,238,59.805556,60
req-00009055,238125000,238,59.805556,60
req-00009056,238141667,238,59.805556,60
req-00009057,238158333,238,59.805556,60
req-00009058,238175000,238,59.805556,60
req-00009059,238191667,238,59.805556,60
req-00009060,238208333,238,59.805556,60
req-00009061,238225000,238,59.805556,60
req-00009062,238241667,238,59.805556,60
req-00009063,238258333,238,59.805556,60
req-00009064,238275000,238,59.805556,60
req-00009065,238291667,238,59.805556,60
req-00009066,238308333,238,59.805556,60
req-00009067,238325000,238,59.805556,60
req-00009068,238341667,238,59.805556,60
req-00009069,238358333,238,59.805556,60
req-00009070,238375000,238,59.805556,60
req-00009071,238391667,238,59.805556,60
req-00009072,238408333,238,59.805556,60
req-00009073,238425000,238,59.805556,60
req-00009074,238441667,238,59.805556,60
req-00009075,238458333,238,59.805556,60
req-00009076,238475000,238,59.805556,60
req-00009077,238491667,238,59.805556,60
req-00009078,238508333,238,59.805556,60
req-00009079,238525000,238,59.805556,60
req-00009080,238541667,238,59.805556,60
req-00009081,238558333,238,59.805556,60
req-00009082,238575000,238,59.805556,60
req-00009083,238591667,238,59.805556,60
req-00009084,238608333,238,59.805556,60
req-00009085,238625000,238,59.805556,60
req-00009086,238641667,238,59.805556,60
req-00009087,238658333,238,59.805556,60
req-00009088,238675000,238,59.805556,60
req-00009089,238691667,238,59.805556,60
req-00009090,238708333,238,59.805556,60
req-00009091,238725000,238,59.805556,60
req-00009092,238741667,238,59.805556,60
req-00009093,238758333,238,59.805556,60
req-00009094,238775000,238,59.805556,60
req-00009095,238791667,238,59.805556,60
req-00009096,238808333,238,59.805556,60
req-00009097,238825000,238,59.805556,60
req-00009098,238841667,238,59.805556,60
req-00009099,238858333,238,59.805556,60
req-00009100,238875000,238,59.805556,60
req-00009101,238891667,238,59.805556,60
req-00009102,238908333,238,59.805556,60
req-00009103,238925000,238,59.805556,60
req-00009104,238941667,238,59.805556,60
req-00009105,238958333,238,59.805556,60
req-00009106,238975000,238,59.805556,60
req-00009107,238991667,238,59.805556,60
req-00009108,239008333,239,60.000000,60
req-00009109,239025000,239,60.000000,60
req-00009110,239041667,239,60.000000,60
req-00009111,239058333,239,60.000000,60
req-00009112,239075000,239,60.000000,60
req-00009113,239091667,239,60.000000,60
req-00009114,239108333,239,60.000000,60
req-00009115,239125000,239,60.000000,60
req-00009116,239141667,239,60.000000,60
req-00009117,239158333,239,60.000000,60
req-00009118,239175000,239,60.000000,60
req-00009119,239191667,239,60.000000,60
req-00009120,239208333,239,60.000000,60
req-00009121,239225000,239,60.000000,60
req-00009122,239241667,239,60.000000,60
req-00009123,239258333,239,60.000000,60
req-00009124,239275000,239,60.000000,60
req-00009125,239291667,239,60.000000,60
req-00009126,239308333,239,60.000000,60
req-00009127,239325000,239,60.000000,60
req-00009128,239341667,239,60.000000,60
req-00009129,239358333,239,60.000000,60
req-00009130,239375000,239,60.000000,60
req-00009131,239391667,239,60.000000,60
req-00009132,239408333,239,60.000000,60
req-00009133,239425000,239,60.000000,60
req-00009134,239441667,239,60.000000,60
req-00009135,239458333,239,60.000000,60
req-00009136,239475000,239,60.000000,60
req-00009137,239491667,239,60.000000,60
req-00009138,239508333,239,60.000000,60
req-00009139,239525000,239,60.000000,60
req-00009140,239541667,239,60.000000,60
req-00009141,239558333,239,60.000000,60
req-00009142,239575000,239,60.000000,60
req-00009143,239591667,239,60.000000,60
req-00009144,239608333,239,60.000000,60
req-00009145,239625000,239,60.000000,60
req-00009146,239641667,239,60.000000,60
req-00009147,239658333,239,60.000000,60
req-00009148,239675000,239,60.000000,60
req-00009149,239691667,239,60.000000,60
req-00009150,239708333,239,60.000000,60
req-00009151,239725000,239,60.000000,60
req-00009152,239741667,239,60.000000,60
req-00009153,239758333,239,60.000000,60
req-00009154,239775000,239,60.000000,60
req-00009155,239791667,239,60.000000,60
req-00009156,239808333,239,60.000000,60
req-00009157,239825000,239,60.000000,60
req-00009158,239841667,239,60.000000,60
req-00009159,239858333,239,60.000000,60
req-00009160,239875000,239,60.000000,60
req-00009161,239891667,239,60.000000,60
req-00009162,239908333,239,60.000000,60
req-00009163,239925000,239,60.000000,60
req-00009164,239941667,239,60.000000,60
req-00009165,239958333,239,60.000000,60
req-00009166,239975000,239,60.000000,60
req-00009167,239991667,239,60.000000,60
req-00009168,240008333,240,60.000000,60
req-00009169,240025000,240,60.000000,60
req-00009170,240041667,240,60.000000,60
req-00009171,240058333,240,60.000000,60
req-00009172,240075000,240,60.000000,60
req-00009173,240091667,240,60.000000,60
req-00009174,240108333,240,60.000000,60
req-00009175,240125000,240,60.000000,60
req-00009176,240141667,240,60.000000,60
req-00009177,240158333,240,60.000000,60
req-00009178,240175000,240,60.000000,60
req-00009179,240191667,240,60.000000,60
req-00009180,240208333,240,60.000000,60
req-00009181,240225000,240,60.000000,60
req-00009182,240241667,240,60.000000,60
req-00009183,240258333,240,60.000000,60
req-00009184,240275000,240,60.000000,60
req-00009185,240291667,240,60.000000,60
req-00009186,240308333,240,60.000000,60
req-00009187,240325000,240,60.000000,60
req-00009188,240341667,240,60.000000,60
req-00009189,240358333,240,60.000000,60
req-00009190,240375000,240,60.000000,60
req-00009191,240391667,240,60.000000,60
req-00009192,240408333,240,60.000000,60
req-00009193,240425000,240,60.000000,60
req-00009194,240441667,240,60.000000,60
req-00009195,240458333,240,60.000000,60
req-00009196,240475000,240,60.000000,60
req-00009197,240491667,240,60.000000,60
req-00009198,240508333,240,60.000000,60
req-00009199,240525000,240,60.000000,60
req-00009200,240541667,240,60.000000,60
req-00009201,240558333,240,60.000000,60
req-00009202,240575000,240,60.000000,60
req-00009203,240591667,240,60.000000,60
req-00009204,240608333,240,60.000000,60
req-00009205,240625000,240,60.000000,60
req-00009206,240641667,240,60.000000,60
req-00009207,240658333,240,60.000000,60
req-00009208,240675000,240,60.000000,60
req-00009209,240691667,240,60.000000,60
req-00009210,240708333,240,60.000000,60
req-00009211,240725000,240,60.000000,60
req-00009212,240741667,240,60.000000,60
req-00009213,240758333,240,60.000000,60
req-00009214,240775000,240,60.000000,60
req-00009215,240791667,240,60.000000,60
req-00009216,240808333,240,60.000000,60
req-00009217,240825000,240,60.000000,60
req-00009218,240841667,240,60.000000,60
req-00009219,240858333,240,60.000000,60
req-00009220,240875000,240,60.000000,60
req-00009221,240891667,240,60.000000,60
req-00009222,240908333,240,60.000000,60
req-00009223,240925000,240,60.000000,60
req-00009224,240941667,240,60.000000,60
req-00009225,240958333,240,60.000000,60
req-00009226,240975000,240,60.000000,60
req-00009227,240991667,240,60.000000,60
req-00009228,241008333,241,60.000000,60
req-00009229,241025000,241,60.000000,60
req-00009230,241041667,241,60.000000,60
req-00009231,241058333,241,60.000000,60
req-00009232,241075000,241,60.000000,60
req-00009233,241091667,241,60.000000,60
req-00009234,241108333,241,60.000000,60
req-00009235,241125000,241,60.000000,60
req-00009236,241141667,241,60.000000,60
req-00009237,241158333,241,60.000000,60
req-00009238,241175000,241,60.000000,60
req-00009239,241191667,241,60.000000,60
req-00009240,241208333,241,60.000000,60
req-00009241,241225000,241,60.000000,60
req-00009242,241241667,241,60.000000,60
req-00009243,241258333,241,60.000000,60
req-00009244,241275000,241,60.000000,60
req-00009245,241291667,241,60.000000,60
req-00009246,241308333,241,60.000000,60
req-00009247,241325000,241,60.000000,60
req-00009248,241341667,241,60.000000,60
req-00009249,241358333,241,60.000000,60
req-00009250,241375000,241,60.000000,60
req-00009251,241391667,241,60.000000,60
req-00009252,241408333,241,60.000000,60
req-00009253,241425000,241,60.000000,60
req-00009254,241441667,241,60.000000,60
req-00009255,241458333,241,60.000000,60
req-00009256,241475000,241,60.000000,60
req-00009257,241491667,241,60.000000,60
req-00009258,241508333,241,60.000000,60
req-00009259,241525000,241,60.000000,60
req-00009260,241541667,241,60.000000,60
req-00009261,241558333,241,60.000000,60
req-00009262,241575000,241,60.000000,60
req-00009263,241591667,241,60.000000,60
req-00009264,241608333,241,60.000000,60
req-00009265,241625000,241,60.000000,60
req-00009266,241641667,241,60.000000,60
req-00009267,241658333,241,60.000000,60
req-00009268,241675000,241,60.000000,60
req-00009269,241691667,241,60.000000,60
req-00009270,241708333,241,60.000000,60
req-00009271,241725000,241,60.000000,60
req-00009272,241741667,241,60.000000,60
req-00009273,241758333,241,60.000000,60
req-00009274,241775000,241,60.000000,60
req-00009275,241791667,241,60.000000,60
req-00009276,241808333,241,60.000000,60
req-00009277,241825000,241,60.000000,60
req-00009278,241841667,241,60.000000,60
req-00009279,241858333,241,60.000000,60
req-00009280,241875000,241,60.000000,60
req-00009281,241891667,241,60.000000,60
req-00009282,241908333,241,60.000000,60
req-00009283,241925000,241,60.000000,60
req-00009284,241941667,241,60.000000,60
req-00009285,241958333,241,60.000000,60
req-00009286,241975000,241,60.000000,60
req-00009287,241991667,241,60.000000,60
req-00009288,242008333,242,60.000000,60
req-00009289,242025000,242,60.000000,60
req-00009290,242041667,242,60.000000,60
req-00009291,242058333,242,60.000000,60
req-00009292,242075000,242,60.000000,60
req-00009293,242091667,242,60.000000,60
req-00009294,242108333,242,60.000000,60
req-00009295,242125000,242,60.000000,60
req-00009296,242141667,242,60.000000,60
req-00009297,242158333,242,60.000000,60
req-00009298,242175000,242,60.000000,60
req-00009299,242191667,242,60.000000,60
req-00009300,242208333,242,60.000000,60
req-00009301,242225000,242,60.000000,60
req-00009302,242241667,242,60.000000,60
req-00009303,242258333,242,60.000000,60
req-00009304,242275000,242,60.000000,60
req-00009305,242291667,242,60.000000,60
req-00009306,242308333,242,60.000000,60
req-00009307,242325000,242,60.000000,60
req-00009308,242341667,242,60.000000,60
req-00009309,242358333,242,60.000000,60
req-00009310,242375000,242,60.000000,60
req-00009311,242391667,242,60.000000,60
req-00009312,242408333,242,60.000000,60
req-00009313,242425000,242,60.000000,60
req-00009314,242441667,242,60.000000,60
req-00009315,242458333,242,60.000000,60
req-00009316,242475000,242,60.000000,60
req-00009317,242491667,242,60.000000,60
req-00009318,242508333,242,60.000000,60
req-00009319,242525000,242,60.000000,60
req-00009320,242541667,242,60.000000,60
req-00009321,242558333,242,60.000000,60
req-00009322,242575000,242,60.000000,60
req-00009323,242591667,242,60.000000,60
req-00009324,242608333,242,60.000000,60
req-00009325,242625000,242,60.000000,60
req-00009326,242641667,242,60.000000,60
req-00009327,242658333,242,60.000000,60
req-00009328,242675000,242,60.000000,60
req-00009329,242691667,242,60.000000,60
req-00009330,242708333,242,60.000000,60
req-00009331,242725000,242,60.000000,60
req-00009332,242741667,242,60.000000,60
req-00009333,242758333,242,60.000000,60
req-00009334,242775000,242,60.000000,60
req-00009335,242791667,242,60.000000,60
req-00009336,242808333,242,60.000000,60
req-00009337,242825000,242,60.000000,60
req-00009338,242841667,242,60.000000,60
req-00009339,242858333,242,60.000000,60
req-00009340,242875000,242,60.000000,60
req-00009341,242891667,242,60.000000,60
req-00009342,242908333,242,60.000000,60
req-00009343,242925000,242,60.000000,60
req-00009344,242941667,242,60.000000,60
req-00009345,242958333,242,60.000000,60
req-00009346,242975000,242,60.000000,60
req-00009347,242991667,242,60.000000,60
req-00009348,243008333,243,60.000000,60
req-00009349,243025000,243,60.000000,60
req-00009350,243041667,243,60.000000,60
req-00009351,243058333,243,60.000000,60
req-00009352,243075000,243,60.000000,60
req-00009353,243091667,243,60.000000,60
req-00009354,243108333,243,60.000000,60
req-00009355,243125000,243,60.000000,60
req-00009356,243141667,243,60.000000,60
req-00009357,243158333,243,60.000000,60
req-00009358,243175000,243,60.000000,60
req-00009359,243191667,243,60.000000,60
req-00009360,243208333,243,60.000000,60
req-00009361,243225000,243,60.000000,60
req-00009362,243241667,243,60.000000,60
req-00009363,243258333,243,60.000000,60
req-00009364,243275000,243,60.000000,60
req-00009365,243291667,243,60.000000,60
req-00009366,243308333,243,60.000000,60
req-00009367,243325000,243,60.000000,60
req-00009368,243341667,243,60.000000,60
req-00009369,243358333,243,60.000000,60
req-00009370,243375000,243,60.000000,60
req-00009371,243391667,243,60.000000,60
req-00009372,243408333,243,60.000000,60
req-00009373,243425000,243,60.000000,60
req-00009374,243441667,243,60.000000,60
req-00009375,243458333,243,60.000000,60
req-00009376,243475000,243,60.000000,60
req-00009377,243491667,243,60.000000,60
req-00009378,243508333,243,60.000000,60
req-00009379,243525000,243,60.000000,60
req-00009380,243541667,243,60.000000,60
req-00009381,243558333,243,60.000000,60
req-00009382,243575000,243,60.000000,60
req-00009383,243591667,243,60.000000,60
req-00009384,243608333,243,60.000000,60
req-00009385,243625000,243,60.000000,60
req-00009386,243641667,243,60.000000,60
req-00009387,243658333,243,60.000000,60
req-00009388,243675000,243,60.000000,60
req-00009389,243691667,243,60.000000,60
req-00009390,243708333,243,60.000000,60
req-00009391,243725000,243,60.000000,60
req-00009392,243741667,243,60.000000,60
req-00009393,243758333,243,60.000000,60
req-00009394,243775000,243,60.000000,60
req-00009395,243791667,243,60.000000,60
req-00009396,243808333,243,60.000000,60
req-00009397,243825000,243,60.000000,60
req-00009398,243841667,243,60.000000,60
req-00009399,243858333,243,60.000000,60
req-00009400,243875000,243,60.000000,60
req-00009401,243891667,243,60.000000,60
req-00009402,243908333,243,60.000000,60
req-00009403,243925000,243,60.000000,60
req-00009404,243941667,243,60.000000,60
req-00009405,243958333,243,60.000000,60
req-00009406,243975000,243,60.000000,60
req-00009407,243991667,243,60.000000,60
req-00009408,244008333,244,60.000000,60
req-00009409,244025000,244,60.000000,60
req-00009410,244041667,244,60.000000,60
req-00009411,244058333,244,60.000000,60
req-00009412,244075000,244,60.000000,60
req-00009413,244091667,244,60.000000,60
req-00009414,244108333,244,60.000000,60
req-00009415,244125000,244,60.000000,60
req-00009416,244141667,244,60.000000,60
req-00009417,244158333,244,60.000000,60
req-00009418,244175000,244,60.000000,60
req-00009419,244191667,244,60.000000,60
req-00009420,244208333,244,60.000000,60
req-00009421,244225000,244,60.000000,60
req-00009422,244241667,244,60.000000,60
req-00009423,244258333,244,60.000000,60
req-00009424,244275000,244,60.000000,60
req-00009425,244291667,244,60.000000,60
req-00009426,244308333,244,60.000000,60
req-00009427,244325000,244,60.000000,60
req-00009428,244341667,244,60.000000,60
req-00009429,244358333,244,60.000000,60
req-00009430,244375000,244,60.000000,60
req-00009431,244391667,244,60.000000,60
req-00009432,244408333,244,60.000000,60
req-00009433,244425000,244,60.000000,60
req-00009434,244441667,244,60.000000,60
req-00009435,244458333,244,60.000000,60
req-00009436,244475000,244,60.000000,60
req-00009437,244491667,244,60.000000,60
req-00009438,244508333,244,60.000000,60
req-00009439,244525000,244,60.000000,60
req-00009440,244541667,244,60.000000,60
req-00009441,244558333,244,60.000000,60
req-00009442,244575000,244,60.000000,60
req-00009443,244591667,244,60.000000,60
req-00009444,244608333,244,60.000000,60
req-00009445,244625000,244,60.000000,60
req-00009446,244641667,244,60.000000,60
req-00009447,244658333,244,60.000000,60
req-00009448,244675000,244,60.000000,60
req-00009449,244691667,244,60.000000,60
req-00009450,244708333,244,60.000000,60
req-00009451,244725000,244,60.000000,60
req-00009452,244741667,244,60.000000,60
req-00009453,244758333,244,60.000000,60
req-00009454,244775000,244,60.000000,60
req-00009455,244791667,244,60.000000,60
req-00009456,244808333,244,60.000000,60
req-00009457,244825000,244,60.000000,60
req-00009458,244841667,244,60.000000,60
req-00009459,244858333,244,60.000000,60
req-00009460,244875000,244,60.000000,60
req-00009461,244891667,244,60.000000,60
req-00009462,244908333,244,60.000000,60
req-00009463,244925000,244,60.000000,60
req-00009464,244941667,244,60.000000,60
req-00009465,244958333,244,60.000000,60
req-00009466,244975000,244,60.000000,60
req-00009467,244991667,244,60.000000,60
req-00009468,245008333,245,60.000000,60
req-00009469,245025000,245,60.000000,60
req-00009470,245041667,245,60.000000,60
req-00009471,245058333,245,60.000000,60
req-00009472,245075000,245,60.000000,60
req-00009473,245091667,245,60.000000,60
req-00009474,245108333,245,60.000000,60
req-00009475,245125000,245,60.000000,60
req-00009476,245141667,245,60.000000,60
req-00009477,245158333,245,60.000000,60
req-00009478,245175000,245,60.000000,60
req-00009479,245191667,245,60.000000,60
req-00009480,245208333,245,60.000000,60
req-00009481,245225000,245,60.000000,60
req-00009482,245241667,245,60.000000,60
req-00009483,245258333,245,60.000000,60
req-00009484,245275000,245,60.000000,60
req-00009485,245291667,245,60.000000,60
req-00009486,245308333,245,60.000000,60
req-00009487,245325000,245,60.000000,60
req-00009488,245341667,245,60.000000,60
req-00009489,245358333,245,60.000000,60
req-00009490,245375000,245,60.000000,60
req-00009491,245391667,245,60.000000,60
req-00009492,245408333,245,60.000000,60
req-00009493,245425000,245,60.000000,60
req-00009494,245441667,245,60.000000,60
req-00009495,245458333,245,60.000000,60
req-00009496,245475000,245,60.000000,60
req-00009497,245491667,245,60.000000,60
req-00009498,245508333,245,60.000000,60
req-00009499,245525000,245,60.000000,60
req-00009500,245541667,245,60.000000,60
req-00009501,245558333,245,60.000000,60
req-00009502,245575000,245,60.000000,60
req-00009503,245591667,245,60.000000,60
req-00009504,245608333,245,60.000000,60
req-00009505,245625000,245,60.000000,60
req-00009506,245641667,245,60.000000,60
req-00009507,245658333,245,60.000000,60
req-00009508,245675000,245,60.000000,60
req-00009509,245691667,245,60.000000,60
req-00009510,245708333,245,60.000000,60
req-00009511,245725000,245,60.000000,60
req-00009512,245741667,245,60.000000,60
req-00009513,245758333,245,60.000000,60
req-00009514,245775000,245,60.000000,60
req-00009515,245791667,245,60.000000,60
req-00009516,245808333,245,60.000000,60
req-00009517,245825000,245,60.000000,60
req-00009518,245841667,245,60.000000,60
req-00009519,245858333,245,60.000000,60
req-00009520,245875000,245,60.000000,60
req-00009521,245891667,245,60.000000,60
req-00009522,245908333,245,60.000000,60
req-00009523,245925000,245,60.000000,60
req-00009524,245941667,245,60.000000,60
req-00009525,245958333,245,60.000000,60
req-00009526,245975000,245,60.000000,60
req-00009527,245991667,245,60.000000,60
req-00009528,246008333,246,60.000000,60
req-00009529,246025000,246,60.000000,60
req-00009530,246041667,246,60.000000,60
req-00009531,246058333,246,60.000000,60
req-00009532,246075000,246,60.000000,60
req-00009533,246091667,246,60.000000,60
req-00009534,246108333,246,60.000000,60
req-00009535,246125000,246,60.000000,60
req-00009536,246141667,246,60.000000,60
req-00009537,246158333,246,60.000000,60
req-00009538,246175000,246,60.000000,60
req-00009539,246191667,246,60.000000,60
req-00009540,246208333,246,60.000000,60
req-00009541,246225000,246,60.000000,60
req-00009542,246241667,246,60.000000,60
req-00009543,246258333,246,60.000000,60
req-00009544,246275000,246,60.000000,60
req-00009545,246291667,246,60.000000,60
req-00009546,246308333,246,60.000000,60
req-00009547,246325000,246,60.000000,60
req-00009548,246341667,246,60.000000,60
req-00009549,246358333,246,60.000000,60
req-00009550,246375000,246,60.000000,60
req-00009551,246391667,246,60.000000,60
req-00009552,246408333,246,60.000000,60
req-00009553,246425000,246,60.000000,60
req-00009554,246441667,246,60.000000,60
req-00009555,246458333,246,60.000000,60
req-00009556,246475000,246,60.000000,60
req-00009557,246491667,246,60.000000,60
req-00009558,246508333,246,60.000000,60
req-00009559,246525000,246,60.000000,60
req-00009560,246541667,246,60.000000,60
req-00009561,246558333,246,60.000000,60
req-00009562,246575000,246,60.000000,60
req-00009563,246591667,246,60.000000,60
req-00009564,246608333,246,60.000000,60
req-00009565,246625000,246,60.000000,60
req-00009566,246641667,246,60.000000,60
req-00009567,246658333,246,60.000000,60
req-00009568,246675000,246,60.000000,60
req-00009569,246691667,246,60.000000,60
req-00009570,246708333,246,60.000000,60
req-00009571,246725000,246,60.000000,60
req-00009572,246741667,246,60.000000,60
req-00009573,246758333,246,60.000000,60
req-00009574,246775000,246,60.000000,60
req-00009575,246791667,246,60.000000,60
req-00009576,246808333,246,60.000000,60
req-00009577,246825000,246,60.000000,60
req-00009578,246841667,246,60.000000,60
req-00009579,246858333,246,60.000000,60
req-00009580,246875000,246,60.000000,60
req-00009581,246891667,246,60.000000,60
req-00009582,246908333,246,60.000000,60
req-00009583,246925000,246,60.000000,60
req-00009584,246941667,246,60.000000,60
req-00009585,246958333,246,60.000000,60
req-00009586,246975000,246,60.000000,60
req-00009587,246991667,246,60.000000,60
req-00009588,247008333,247,60.000000,60
req-00009589,247025000,247,60.000000,60
req-00009590,247041667,247,60.000000,60
req-00009591,247058333,247,60.000000,60
req-00009592,247075000,247,60.000000,60
req-00009593,247091667,247,60.000000,60
req-00009594,247108333,247,60.000000,60
req-00009595,247125000,247,60.000000,60
req-00009596,247141667,247,60.000000,60
req-00009597,247158333,247,60.000000,60
req-00009598,247175000,247,60.000000,60
req-00009599,247191667,247,60.000000,60
req-00009600,247208333,247,60.000000,60
req-00009601,247225000,247,60.000000,60
req-00009602,247241667,247,60.000000,60
req-00009603,247258333,247,60.000000,60
req-00009604,247275000,247,60.000000,60
req-00009605,247291667,247,60.000000,60
req-00009606,247308333,247,60.000000,60
req-00009607,247325000,247,60.000000,60
req-00009608,247341667,247,60.000000,60
req-00009609,247358333,247,60.000000,60
req-00009610,247375000,247,60.000000,60
req-00009611,247391667,247,60.000000,60
req-00009612,247408333,247,60.000000,60
req-00009613,247425000,247,60.000000,60
req-00009614,247441667,247,60.000000,60
req-00009615,247458333,247,60.000000,60
req-00009616,247475000,247,60.000000,60
req-00009617,247491667,247,60.000000,60
req-00009618,247508333,247,60.000000,60
req-00009619,247525000,247,60.000000,60
req-00009620,247541667,247,60.000000,60
req-00009621,247558333,247,60.000000,60
req-00009622,247575000,247,60.000000,60
req-00009623,247591667,247,60.000000,60
req-00009624,247608333,247,60.000000,60
req-00009625,247625000,247,60.000000,60
req-00009626,247641667,247,60.000000,60
req-00009627,247658333,247,60.000000,60
req-00009628,247675000,247,60.000000,60
req-00009629,247691667,247,60.000000,60
req-00009630,247708333,247,60.000000,60
req-00009631,247725000,247,60.000000,60
req-00009632,247741667,247,60.000000,60
req-00009633,247758333,247,60.000000,60
req-00009634,247775000,247,60.000000,60
req-00009635,247791667,247,60.000000,60
req-00009636,247808333,247,60.000000,60
req-00009637,247825000,247,60.000000,60
req-00009638,247841667,247,60.000000,60
req-00009639,247858333,247,60.000000,60
req-00009640,247875000,247,60.000000,60
req-00009641,247891667,247,60.000000,60
req-00009642,247908333,247,60.000000,60
req-00009643,247925000,247,60.000000,60
req-00009644,247941667,247,60.000000,60
req-00009645,247958333,247,60.000000,60
req-00009646,247975000,247,60.000000,60
req-00009647,247991667,247,60.000000,60
req-00009648,248008333,248,60.000000,60
req-00009649,248025000,248,60.000000,60
req-00009650,248041667,248,60.000000,60
req-00009651,248058333,248,60.000000,60
req-00009652,248075000,248,60.000000,60
req-00009653,248091667,248,60.000000,60
req-00009654,248108333,248,60.000000,60
req-00009655,248125000,248,60.000000,60
req-00009656,248141667,248,60.000000,60
req-00009657,248158333,248,60.000000,60
req-00009658,248175000,248,60.000000,60
req-00009659,248191667,248,60.000000,60
req-00009660,248208333,248,60.000000,60
req-00009661,248225000,248,60.000000,60
req-00009662,248241667,248,60.000000,60
req-00009663,248258333,248,60.000000,60
req-00009664,248275000,248,60.000000,60
req-00009665,248291667,248,60.000000,60
req-00009666,248308333,248,60.000000,60
req-00009667,248325000,248,60.000000,60
req-00009668,248341667,248,60.000000,60
req-00009669,248358333,248,60.000000,60
req-00009670,248375000,248,60.000000,60
req-00009671,248391667,248,60.000000,60
req-00009672,248408333,248,60.000000,60
req-00009673,248425000,248,60.000000,60
req-00009674,248441667,248,60.000000,60
req-00009675,248458333,248,60.000000,60
req-00009676,248475000,248,60.000000,60
req-00009677,248491667,248,60.000000,60
req-00009678,248508333,248,60.000000,60
req-00009679,248525000,248,60.000000,60
req-00009680,248541667,248,60.000000,60
req-00009681,248558333,248,60.000000,60
req-00009682,248575000,248,60.000000,60
req-00009683,248591667,248,60.000000,60
req-00009684,248608333,248,60.000000,60
req-00009685,248625000,248,60.000000,60
req-00009686,248641667,248,60.000000,60
req-00009687,248658333,248,60.000000,60
req-00009688,248675000,248,60.000000,60
req-00009689,248691667,248,60.000000,60
req-00009690,248708333,248,60.000000,60
req-00009691,248725000,248,60.000000,60
req-00009692,248741667,248,60.000000,60
req-00009693,248758333,248,60.000000,60
req-00009694,248775000,248,60.000000,60
req-00009695,248791667,248,60.000000,60
req-00009696,248808333,248,60.000000,60
req-00009697,248825000,248,60.000000,60
req-00009698,248841667,248,60.000000,60
req-00009699,248858333,248,60.000000,60
req-00009700,248875000,248,60.000000,60
req-00009701,248891667,248,60.000000,60
req-00009702,248908333,248,60.000000,60
req-00009703,248925000,248,60.000000,60
req-00009704,248941667,248,60.000000,60
req-00009705,248958333,248,60.000000,60
req-00009706,248975000,248,60.000000,60
req-00009707,248991667,248,60.000000,60
req-00009708,249008333,249,60.000000,60
req-00009709,249025000,249,60.000000,60
req-00009710,249041667,249,60.000000,60
req-00009711,249058333,249,60.000000,60
req-00009712,249075000,249,60.000000,60
req-00009713,249091667,249,60.000000,60
req-00009714,249108333,249,60.000000,60
req-00009715,249125000,249,60.000000,60
req-00009716,249141667,249,60.000000,60
req-00009717,249158333,249,60.000000,60
req-00009718,249175000,249,60.000000,60
req-00009719,249191667,249,60.000000,60
req-00009720,249208333,249,60.000000,60
req-00009721,249225000,249,60.000000,60
req-00009722,249241667,249,60.000000,60
req-00009723,249258333,249,60.000000,60
req-00009724,249275000,249,60.000000,60
req-00009725,249291667,249,60.000000,60
req-00009726,249308333,249,60.000000,60
req-00009727,249325000,249,60.000000,60
req-00009728,249341667,249,60.000000,60
req-00009729,249358333,249,60.000000,60
req-00009730,249375000,249,60.000000,60
req-00009731,249391667,249,60.000000,60
req-00009732,249408333,249,60.000000,60
req-00009733,249425000,249,60.000000,60
req-00009734,249441667,249,60.000000,60
req-00009735,249458333,249,60.000000,60
req-00009736,249475000,249,60.000000,60
req-00009737,249491667,249,60.000000,60
req-00009738,249508333,249,60.000000,60
req-00009739,249525000,249,60.000000,60
req-00009740,249541667,249,60.000000,60
req-00009741,249558333,249,60.000000,60
req-00009742,249575000,249,60.000000,60
req-00009743,249591667,249,60.000000,60
req-00009744,249608333,249,60.000000,60
req-00009745,249625000,249,60.000000,60
req-00009746,249641667,249,60.000000,60
req-00009747,249658333,249,60.000000,60
req-00009748,249675000,249,60.000000,60
req-00009749,249691667,249,60.000000,60
req-00009750,249708333,249,60.000000,60
req-00009751,249725000,249,60.000000,60
req-00009752,249741667,249,60.000000,60
req-00009753,249758333,249,60.000000,60
req-00009754,249775000,249,60.000000,60
req-00009755,249791667,249,60.000000,60
req-00009756,249808333,249,60.000000,60
req-00009757,249825000,249,60.000000,60
req-00009758,249841667,249,60.000000,60
req-00009759,249858333,249,60.000000,60
req-00009760,249875000,249,60.000000,60
req-00009761,249891667,249,60.000000,60
req-00009762,249908333,249,60.000000,60
req-00009763,249925000,249,60.000000,60
req-00009764,249941667,249,60.000000,60
req-00009765,249958333,249,60.000000,60
req-00009766,249975000,249,60.000000,60
req-00009767,249991667,249,60.000000,60
req-00009768,250008333,250,60.000000,60
req-00009769,250025000,250,60.000000,60
req-00009770,250041667,250,60.000000,60
req-00009771,250058333,250,60.000000,60
req-00009772,250075000,250,60.000000,60
req-00009773,250091667,250,60.000000,60
req-00009774,250108333,250,60.000000,60
req-00009775,250125000,250,60.000000,60
req-00009776,250141667,250,60.000000,60
req-00009777,250158333,250,60.000000,60
req-00009778,250175000,250,60.000000,60
req-00009779,250191667,250,60.000000,60
req-00009780,250208333,250,60.000000,60
req-00009781,250225000,250,60.000000,60
req-00009782,250241667,250,60.000000,60
req-00009783,250258333,250,60.000000,60
req-00009784,250275000,250,60.000000,60
req-00009785,250291667,250,60.000000,60
req-00009786,250308333,250,60.000000,60
req-00009787,250325000,250,60.000000,60
req-00009788,250341667,250,60.000000,60
req-00009789,250358333,250,60.000000,60
req-00009790,250375000,250,60.000000,60
req-00009791,250391667,250,60.000000,60
req-00009792,250408333,250,60.000000,60
req-00009793,250425000,250,60.000000,60
req-00009794,250441667,250,60.000000,60
req-00009795,250458333,250,60.000000,60
req-00009796,250475000,250,60.000000,60
req-00009797,250491667,250,60.000000,60
req-00009798,250508333,250,60.000000,60
req-00009799,250525000,250,60.000000,60
req-00009800,250541667,250,60.000000,60
req-00009801,250558333,250,60.000000,60
req-00009802,250575000,250,60.000000,60
req-00009803,250591667,250,60.000000,60
req-00009804,250608333,250,60.000000,60
req-00009805,250625000,250,60.000000,60
req-00009806,250641667,250,60.000000,60
req-00009807,250658333,250,60.000000,60
req-00009808,250675000,250,60.000000,60
req-00009809,250691667,250,60.000000,60
req-00009810,250708333,250,60.000000,60
req-00009811,250725000,250,60.000000,60
req-00009812,250741667,250,60.000000,60
req-00009813,250758333,250,60.000000,60
req-00009814,250775000,250,60.000000,60
req-00009815,250791667,250,60.000000,60
req-00009816,250808333,250,60.000000,60
req-00009817,250825000,250,60.000000,60
req-00009818,250841667,250,60.000000,60
req-00009819,250858333,250,60.000000,60
req-00009820,250875000,250,60.000000,60
req-00009821,250891667,250,60.000000,60
req-00009822,250908333,250,60.000000,60
req-00009823,250925000,250,60.000000,60
req-00009824,250941667,250,60.000000,60
req-00009825,250958333,250,60.000000,60
req-00009826,250975000,250,60.000000,60
req-00009827,250991667,250,60.000000,60
req-00009828,251008333,251,60.000000,60
req-00009829,251025000,251,60.000000,60
req-00009830,251041667,251,60.000000,60
req-00009831,251058333,251,60.000000,60
req-00009832,251075000,251,60.000000,60
req-00009833,251091667,251,60.000000,60
req-00009834,251108333,251,60.000000,60
req-00009835,251125000,251,60.000000,60
req-00009836,251141667,251,60.000000,60
req-00009837,251158333,251,60.000000,60
req-00009838,251175000,251,60.000000,60
req-00009839,251191667,251,60.000000,60
req-00009840,251208333,251,60.000000,60
req-00009841,251225000,251,60.000000,60
req-00009842,251241667,251,60.000000,60
req-00009843,251258333,251,60.000000,60
req-00009844,251275000,251,60.000000,60
req-00009845,251291667,251,60.000000,60
req-00009846,251308333,251,60.000000,60
req-00009847,251325000,251,60.000000,60
req-00009848,251341667,251,60.000000,60
req-00009849,251358333,251,60.000000,60
req-00009850,251375000,251,60.000000,60
req-00009851,251391667,251,60.000000,60
req-00009852,251408333,251,60.000000,60
req-00009853,251425000,251,60.000000,60
req-00009854,251441667,251,60.000000,60
req-00009855,251458333,251,60.000000,60
req-00009856,251475000,251,60.000000,60
req-00009857,251491667,251,60.000000,60
req-00009858,251508333,251,60.000000,60
req-00009859,251525000,251,60.000000,60
req-00009860,251541667,251,60.000000,60
req-00009861,251558333,251,60.000000,60
req-00009862,251575000,251,60.000000,60
req-00009863,251591667,251,60.000000,60
req-00009864,251608333,251,60.000000,60
req-00009865,251625000,251,60.000000,60
req-00009866,251641667,251,60.000000,60
req-00009867,251658333,251,60.000000,60
req-00009868,251675000,251,60.000000,60
req-00009869,251691667,251,60.000000,60
req-00009870,251708333,251,60.000000,60
req-00009871,251725000,251,60.000000,60
req-00009872,251741667,251,60.000000,60
req-00009873,251758333,251,60.000000,60
req-00009874,251775000,251,60.000000,60
req-00009875,251791667,251,60.000000,60
req-00009876,251808333,251,60.000000,60
req-00009877,251825000,251,60.000000,60
req-00009878,251841667,251,60.000000,60
req-00009879,251858333,251,60.000000,60
req-00009880,251875000,251,60.000000,60
req-00009881,251891667,251,60.000000,60
req-00009882,251908333,251,60.000000,60
req-00009883,251925000,251,60.000000,60
req-00009884,251941667,251,60.000000,60
req-00009885,251958333,251,60.000000,60
req-00009886,251975000,251,60.000000,60
req-00009887,251991667,251,60.000000,60
req-00009888,252008333,252,60.000000,60
req-00009889,252025000,252,60.000000,60
req-00009890,252041667,252,60.000000,60
req-00009891,252058333,252,60.000000,60
req-00009892,252075000,252,60.000000,60
req-00009893,252091667,252,60.000000,60
req-00009894,252108333,252,60.000000,60
req-00009895,252125000,252,60.000000,60
req-00009896,252141667,252,60.000000,60
req-00009897,252158333,252,60.000000,60
req-00009898,252175000,252,60.000000,60
req-00009899,252191667,252,60.000000,60
req-00009900,252208333,252,60.000000,60
req-00009901,252225000,252,60.000000,60
req-00009902,252241667,252,60.000000,60
req-00009903,252258333,252,60.000000,60
req-00009904,252275000,252,60.000000,60
req-00009905,252291667,252,60.000000,60
req-00009906,252308333,252,60.000000,60
req-00009907,252325000,252,60.000000,60
req-00009908,252341667,252,60.000000,60
req-00009909,252358333,252,60.000000,60
req-00009910,252375000,252,60.000000,60
req-00009911,252391667,252,60.000000,60
req-00009912,252408333,252,60.000000,60
req-00009913,252425000,252,60.000000,60
req-00009914,252441667,252,60.000000,60
req-00009915,252458333,252,60.000000,60
req-00009916,252475000,252,60.000000,60
req-00009917,252491667,252,60.000000,60
req-00009918,252508333,252,60.000000,60
req-00009919,252525000,252,60.000000,60
req-00009920,252541667,252,60.000000,60
req-00009921,252558333,252,60.000000,60
req-00009922,252575000,252,60.000000,60
req-00009923,252591667,252,60.000000,60
req-00009924,252608333,252,60.000000,60
req-00009925,252625000,252,60.000000,60
req-00009926,252641667,252,60.000000,60
req-00009927,252658333,252,60.000000,60
req-00009928,252675000,252,60.000000,60
req-00009929,252691667,252,60.000000,60
req-00009930,252708333,252,60.000000,60
req-00009931,252725000,252,60.000000,60
req-00009932,252741667,252,60.000000,60
req-00009933,252758333,252,60.000000,60
req-00009934,252775000,252,60.000000,60
req-00009935,252791667,252,60.000000,60
req-00009936,252808333,252,60.000000,60
req-00009937,252825000,252,60.000000,60
req-00009938,252841667,252,60.000000,60
req-00009939,252858333,252,60.000000,60
req-00009940,252875000,252,60.000000,60
req-00009941,252891667,252,60.000000,60
req-00009942,252908333,252,60.000000,60
req-00009943,252925000,252,60.000000,60
req-00009944,252941667,252,60.000000,60
req-00009945,252958333,252,60.000000,60
req-00009946,252975000,252,60.000000,60
req-00009947,252991667,252,60.000000,60
req-00009948,253008333,253,60.000000,60
req-00009949,253025000,253,60.000000,60
req-00009950,253041667,253,60.000000,60
req-00009951,253058333,253,60.000000,60
req-00009952,253075000,253,60.000000,60
req-00009953,253091667,253,60.000000,60
req-00009954,253108333,253,60.000000,60
req-00009955,253125000,253,60.000000,60
req-00009956,253141667,253,60.000000,60
req-00009957,253158333,253,60.000000,60
req-00009958,253175000,253,60.000000,60
req-00009959,253191667,253,60.000000,60
req-00009960,253208333,253,60.000000,60
req-00009961,253225000,253,60.000000,60
req-00009962,253241667,253,60.000000,60
req-00009963,253258333,253,60.000000,60
req-00009964,253275000,253,60.000000,60
req-00009965,253291667,253,60.000000,60
req-00009966,253308333,253,60.000000,60
req-00009967,253325000,253,60.000000,60
req-00009968,253341667,253,60.000000,60
req-00009969,253358333,253,60.000000,60
req-00009970,253375000,253,60.000000,60
req-00009971,253391667,253,60.000000,60
req-00009972,253408333,253,60.000000,60
req-00009973,253425000,253,60.000000,60
req-00009974,253441667,253,60.000000,60
req-00009975,253458333,253,60.000000,60
req-00009976,253475000,253,60.000000,60
req-00009977,253491667,253,60.000000,60
req-00009978,253508333,253,60.000000,60
req-00009979,253525000,253,60.000000,60
req-00009980,253541667,253,60.000000,60
req-00009981,253558333,253,60.000000,60
req-00009982,253575000,253,60.000000,60
req-00009983,253591667,253,60.000000,60
req-00009984,253608333,253,60.000000,60
req-00009985,253625000,253,60.000000,60
req-00009986,253641667,253,60.000000,60
req-00009987,253658333,253,60.000000,60
req-00009988,253675000,253,60.000000,60
req-00009989,253691667,253,60.000000,60
req-00009990,253708333,253,60.000000,60
req-00009991,253725000,253,60.000000,60
req-00009992,253741667,253,60.000000,60
req-00009993,253758333,253,60.000000,60
req-00009994,253775000,253,60.000000,60
req-00009995,253791667,253,60.000000,60
req-00009996,253808333,253,60.000000,60
req-00009997,253825000,253,60.000000,60
req-00009998,253841667,253,60.000000,60
req-00009999,253858333,253,60.000000,60
req-00010000,253875000,253,60.000000,60
req-00010001,253891667,253,60.000000,60
req-00010002,253908333,253,60.000000,60
req-00010003,253925000,253,60.000000,60
req-00010004,253941667,253,60.000000,60
req-00010005,253958333,253,60.000000,60
req-00010006,253975000,253,60.000000,60
req-00010007,253991667,253,60.000000,60
req-00010008,254008333,254,60.000000,60
req-00010009,254025000,254,60.000000,60
req-00010010,254041667,254,60.000000,60
req-00010011,254058333,254,60.000000,60
req-00010012,254075000,254,60.000000,60
req-00010013,254091667,254,60.000000,60
req-00010014,254108333,254,60.000000,60
req-00010015,254125000,254,60.000000,60
req-00010016,254141667,254,60.000000,60
req-00010017,254158333,254,60.000000,60
req-00010018,254175000,254,60.000000,60
req-00010019,254191667,254,60.000000,60
req-00010020,254208333,254,60.000000,60
req-00010021,254225000,254,60.000000,60
req-00010022,254241667,254,60.000000,60
req-00010023,254258333,254,60.000000,60
req-00010024,254275000,254,60.000000,60
req-00010025,254291667,254,60.000000,60
req-00010026,254308333,254,60.000000,60
req-00010027,254325000,254,60.000000,60
req-00010028,254341667,254,60.000000,60
req-00010029,254358333,254,60.000000,60
req-00010030,254375000,254,60.000000,60
req-00010031,254391667,254,60.000000,60
req-00010032,254408333,254,60.000000,60
req-00010033,254425000,254,60.000000,60
req-00010034,254441667,254,60.000000,60
req-00010035,254458333,254,60.000000,60
req-00010036,254475000,254,60.000000,60
req-00010037,254491667,254,60.000000,60
req-00010038,254508333,254,60.000000,60
req-00010039,254525000,254,60.000000,60
req-00010040,254541667,254,60.000000,60
req-00010041,254558333,254,60.000000,60
req-00010042,254575000,254,60.000000,60
req-00010043,254591667,254,60.000000,60
req-00010044,254608333,254,60.000000,60
req-00010045,254625000,254,60.000000,60
req-00010046,254641667,254,60.000000,60
req-00010047,254658333,254,60.000000,60
req-00010048,254675000,254,60.000000,60
req-00010049,254691667,254,60.000000,60
req-00010050,254708333,254,60.000000,60
req-00010051,254725000,254,60.000000,60
req-00010052,254741667,254,60.000000,60
req-00010053,254758333,254,60.000000,60
req-00010054,254775000,254,60.000000,60
req-00010055,254791667,254,60.000000,60
req-00010056,254808333,254,60.000000,60
req-00010057,254825000,254,60.000000,60
req-00010058,254841667,254,60.000000,60
req-00010059,254858333,254,60.000000,60
req-00010060,254875000,254,60.000000,60
req-00010061,254891667,254,60.000000,60
req-00010062,254908333,254,60.000000,60
req-00010063,254925000,254,60.000000,60
req-00010064,254941667,254,60.000000,60
req-00010065,254958333,254,60.000000,60
req-00010066,254975000,254,60.000000,60
req-00010067,254991667,254,60.000000,60
req-00010068,255008333,255,60.000000,60
req-00010069,255025000,255,60.000000,60
req-00010070,255041667,255,60.000000,60
req-00010071,255058333,255,60.000000,60
req-00010072,255075000,255,60.000000,60
req-00010073,255091667,255,60.000000,60
req-00010074,255108333,255,60.000000,60
req-00010075,255125000,255,60.000000,60
req-00010076,255141667,255,60.000000,60
req-00010077,255158333,255,60.000000,60
req-00010078,255175000,255,60.000000,60
req-00010079,255191667,255,60.000000,60
req-00010080,255208333,255,60.000000,60
req-00010081,255225000,255,60.000000,60
req-00010082,255241667,255,60.000000,60
req-00010083,255258333,255,60.000000,60
req-00010084,255275000,255,60.000000,60
req-00010085,255291667,255,60.000000,60
req-00010086,255308333,255,60.000000,60
req-00010087,255325000,255,60.000000,60
req-00010088,255341667,255,60.000000,60
req-00010089,255358333,255,60.000000,60
req-00010090,255375000,255,60.000000,60
req-00010091,255391667,255,60.000000,60
req-00010092,255408333,255,60.000000,60
req-00010093,255425000,255,60.000000,60
req-00010094,255441667,255,60.000000,60
req-00010095,255458333,255,60.000000,60
req-00010096,255475000,255,60.000000,60
req-00010097,255491667,255,60.000000,60
req-00010098,255508333,255,60.000000,60
req-00010099,255525000,255,60.000000,60
req-00010100,255541667,255,60.000000,60
req-00010101,255558333,255,60.000000,60
req-00010102,255575000,255,60.000000,60
req-00010103,255591667,255,60.000000,60
req-00010104,255608333,255,60.000000,60
req-00010105,255625000,255,60.000000,60
req-00010106,255641667,255,60.000000,60
req-00010107,255658333,255,60.000000,60
req-00010108,255675000,255,60.000000,60
req-00010109,255691667,255,60.000000,60
req-00010110,255708333,255,60.000000,60
req-00010111,255725000,255,60.000000,60
req-00010112,255741667,255,60.000000,60
req-00010113,255758333,255,60.000000,60
req-00010114,255775000,255,60.000000,60
req-00010115,255791667,255,60.000000,60
req-00010116,255808333,255,60.000000,60
req-00010117,255825000,255,60.000000,60
req-00010118,255841667,255,60.000000,60
req-00010119,255858333,255,60.000000,60
req-00010120,255875000,255,60.000000,60
req-00010121,255891667,255,60.000000,60
req-00010122,255908333,255,60.000000,60
req-00010123,255925000,255,60.000000,60
req-00010124,255941667,255,60.000000,60
req-00010125,255958333,255,60.000000,60
req-00010126,255975000,255,60.000000,60
req-00010127,255991667,255,60.000000,60
req-00010128,256008333,256,60.000000,60
req-00010129,256025000,256,60.000000,60
req-00010130,256041667,256,60.000000,60
req-00010131,256058333,256,60.000000,60
req-00010132,256075000,256,60.000000,60
req-00010133,256091667,256,60.000000,60
req-00010134,256108333,256,60.000000,60
req-00010135,256125000,256,60.000000,60
req-00010136,256141667,256,60.000000,60
req-00010137,256158333,256,60.000000,60
req-00010138,256175000,256,60.000000,60
req-00010139,256191667,256,60.000000,60
req-00010140,256208333,256,60.000000,60
req-00010141,256225000,256,60.000000,60
req-00010142,256241667,256,60.000000,60
req-00010143,256258333,256,60.000000,60
req-00010144,256275000,256,60.000000,60
req-00010145,256291667,256,60.000000,60
req-00010146,256308333,256,60.000000,60
req-00010147,256325000,256,60.000000,60
req-00010148,256341667,256,60.000000,60
req-00010149,256358333,256,60.000000,60
req-00010150,256375000,256,60.000000,60
req-00010151,256391667,256,60.000000,60
req-00010152,256408333,256,60.000000,60
req-00010153,256425000,256,60.000000,60
req-00010154,256441667,256,60.000000,60
req-00010155,256458333,256,60.000000,60
req-00010156,256475000,256,60.000000,60
req-00010157,256491667,256,60.000000,60
req-00010158,256508333,256,60.000000,60
req-00010159,256525000,256,60.000000,60
req-00010160,256541667,256,60.000000,60
req-00010161,256558333,256,60.000000,60
req-00010162,256575000,256,60.000000,60
req-00010163,256591667,256,60.000000,60
req-00010164,256608333,256,60.000000,60
req-00010165,256625000,256,60.000000,60
req-00010166,256641667,256,60.000000,60
req-00010167,256658333,256,60.000000,60
req-00010168,256675000,256,60.000000,60
req-00010169,256691667,256,60.000000,60
req-00010170,256708333,256,60.000000,60
req-00010171,256725000,256,60.000000,60
req-00010172,256741667,256,60.000000,60
req-00010173,256758333,256,60.000000,60
req-00010174,256775000,256,60.000000,60
req-00010175,256791667,256,60.000000,60
req-00010176,256808333,256,60.000000,60
req-00010177,256825000,256,60.000000,60
req-00010178,256841667,256,60.000000,60
req-00010179,256858333,256,60.000000,60
req-00010180,256875000,256,60.000000,60
req-00010181,256891667,256,60.000000,60
req-00010182,256908333,256,60.000000,60
req-00010183,256925000,256,60.000000,60
req-00010184,256941667,256,60.000000,60
req-00010185,256958333,256,60.000000,60
req-00010186,256975000,256,60.000000,60
req-00010187,256991667,256,60.000000,60
req-00010188,257008333,257,60.000000,60
req-00010189,257025000,257,60.000000,60
req-00010190,257041667,257,60.000000,60
req-00010191,257058333,257,60.000000,60
req-00010192,257075000,257,60.000000,60
req-00010193,257091667,257,60.000000,60
req-00010194,257108333,257,60.000000,60
req-00010195,257125000,257,60.000000,60
req-00010196,257141667,257,60.000000,60
req-00010197,257158333,257,60.000000,60
req-00010198,257175000,257,60.000000,60
req-00010199,257191667,257,60.000000,60
req-00010200,257208333,257,60.000000,60
req-00010201,257225000,257,60.000000,60
req-00010202,257241667,257,60.000000,60
req-00010203,257258333,257,60.000000,60
req-00010204,257275000,257,60.000000,60
req-00010205,257291667,257,60.000000,60
req-00010206,257308333,257,60.000000,60
req-00010207,257325000,257,60.000000,60
req-00010208,257341667,257,60.000000,60
req-00010209,257358333,257,60.000000,60
req-00010210,257375000,257,60.000000,60
req-00010211,257391667,257,60.000000,60
req-00010212,257408333,257,60.000000,60
req-00010213,257425000,257,60.000000,60
req-00010214,257441667,257,60.000000,60
req-00010215,257458333,257,60.000000,60
req-00010216,257475000,257,60.000000,60
req-00010217,257491667,257,60.000000,60
req-00010218,257508333,257,60.000000,60
req-00010219,257525000,257,60.000000,60
req-00010220,257541667,257,60.000000,60
req-00010221,257558333,257,60.000000,60
req-00010222,257575000,257,60.000000,60
req-00010223,257591667,257,60.000000,60
req-00010224,257608333,257,60.000000,60
req-00010225,257625000,257,60.000000,60
req-00010226,257641667,257,60.000000,60
req-00010227,257658333,257,60.000000,60
req-00010228,257675000,257,60.000000,60
req-00010229,257691667,257,60.000000,60
req-00010230,257708333,257,60.000000,60
req-00010231,257725000,257,60.000000,60
req-00010232,257741667,257,60.000000,60
req-00010233,257758333,257,60.000000,60
req-00010234,257775000,257,60.000000,60
req-00010235,257791667,257,60.000000,60
req-00010236,257808333,257,60.000000,60
req-00010237,257825000,257,60.000000,60
req-00010238,257841667,257,60.000000,60
req-00010239,257858333,257,60.000000,60
req-00010240,257875000,257,60.000000,60
req-00010241,257891667,257,60.000000,60
req-00010242,257908333,257,60.000000,60
req-00010243,257925000,257,60.000000,60
req-00010244,257941667,257,60.000000,60
req-00010245,257958333,257,60.000000,60
req-00010246,257975000,257,60.000000,60
req-00010247,257991667,257,60.000000,60
req-00010248,258008333,258,60.000000,60
req-00010249,258025000,258,60.000000,60
req-00010250,258041667,258,60.000000,60
req-00010251,258058333,258,60.000000,60
req-00010252,258075000,258,60.000000,60
req-00010253,258091667,258,60.000000,60
req-00010254,258108333,258,60.000000,60
req-00010255,258125000,258,60.000000,60
req-00010256,258141667,258,60.000000,60
req-00010257,258158333,258,60.000000,60
req-00010258,258175000,258,60.000000,60
req-00010259,258191667,258,60.000000,60
req-00010260,258208333,258,60.000000,60
req-00010261,258225000,258,60.000000,60
req-00010262,258241667,258,60.000000,60
req-00010263,258258333,258,60.000000,60
req-00010264,258275000,258,60.000000,60
req-00010265,258291667,258,60.000000,60
req-00010266,258308333,258,60.000000,60
req-00010267,258325000,258,60.000000,60
req-00010268,258341667,258,60.000000,60
req-00010269,258358333,258,60.000000,60
req-00010270,258375000,258,60.000000,60
req-00010271,258391667,258,60.000000,60
req-00010272,258408333,258,60.000000,60
req-00010273,258425000,258,60.000000,60
req-00010274,258441667,258,60.000000,60
req-00010275,258458333,258,60.000000,60
req-00010276,258475000,258,60.000000,60
req-00010277,258491667,258,60.000000,60
req-00010278,258508333,258,60.000000,60
req-00010279,258525000,258,60.000000,60
req-00010280,258541667,258,60.000000,60
req-00010281,258558333,258,60.000000,60
req-00010282,258575000,258,60.000000,60
req-00010283,258591667,258,60.000000,60
req-00010284,258608333,258,60.000000,60
req-00010285,258625000,258,60.000000,60
req-00010286,258641667,258,60.000000,60
req-00010287,258658333,258,60.000000,60
req-00010288,258675000,258,60.000000,60
req-00010289,258691667,258,60.000000,60
req-00010290,258708333,258,60.000000,60
req-00010291,258725000,258,60.000000,60
req-00010292,258741667,258,60.000000,60
req-00010293,258758333,258,60.000000,60
req-00010294,258775000,258,60.000000,60
req-00010295,258791667,258,60.000000,60
req-00010296,258808333,258,60.000000,60
req-00010297,258825000,258,60.000000,60
req-00010298,258841667,258,60.000000,60
req-00010299,258858333,258,60.000000,60
req-00010300,258875000,258,60.000000,60
req-00010301,258891667,258,60.000000,60
req-00010302,258908333,258,60.000000,60
req-00010303,258925000,258,60.000000,60
req-00010304,258941667,258,60.000000,60
req-00010305,258958333,258,60.000000,60
req-00010306,258975000,258,60.000000,60
req-00010307,258991667,258,60.000000,60
req-00010308,259008333,259,60.000000,60
req-00010309,259025000,259,60.000000,60
req-00010310,259041667,259,60.000000,60
req-00010311,259058333,259,60.000000,60
req-00010312,259075000,259,60.000000,60
req-00010313,259091667,259,60.000000,60
req-00010314,259108333,259,60.000000,60
req-00010315,259125000,259,60.000000,60
req-00010316,259141667,259,60.000000,60
req-00010317,259158333,259,60.000000,60
req-00010318,259175000,259,60.000000,60
req-00010319,259191667,259,60.000000,60
req-00010320,259208333,259,60.000000,60
req-00010321,259225000,259,60.000000,60
req-00010322,259241667,259,60.000000,60
req-00010323,259258333,259,60.000000,60
req-00010324,259275000,259,60.000000,60
req-00010325,259291667,259,60.000000,60
req-00010326,259308333,259,60.000000,60
req-00010327,259325000,259,60.000000,60
req-00010328,259341667,259,60.000000,60
req-00010329,259358333,259,60.000000,60
req-00010330,259375000,259,60.000000,60
req-00010331,259391667,259,60.000000,60
req-00010332,259408333,259,60.000000,60
req-00010333,259425000,259,60.000000,60
req-00010334,259441667,259,60.000000,60
req-00010335,259458333,259,60.000000,60
req-00010336,259475000,259,60.000000,60
req-00010337,259491667,259,60.000000,60
req-00010338,259508333,259,60.000000,60
req-00010339,259525000,259,60.000000,60
req-00010340,259541667,259,60.000000,60
req-00010341,259558333,259,60.000000,60
req-00010342,259575000,259,60.000000,60
req-00010343,259591667,259,60.000000,60
req-00010344,259608333,259,60.000000,60
req-00010345,259625000,259,60.000000,60
req-00010346,259641667,259,60.000000,60
req-00010347,259658333,259,60.000000,60
req-00010348,259675000,259,60.000000,60
req-00010349,259691667,259,60.000000,60
req-00010350,259708333,259,60.000000,60
req-00010351,259725000,259,60.000000,60
req-00010352,259741667,259,60.000000,60
req-00010353,259758333,259,60.000000,60
req-00010354,259775000,259,60.000000,60
req-00010355,259791667,259,60.000000,60
req-00010356,259808333,259,60.000000,60
req-00010357,259825000,259,60.000000,60
req-00010358,259841667,259,60.000000,60
req-00010359,259858333,259,60.000000,60
req-00010360,259875000,259,60.000000,60
req-00010361,259891667,259,60.000000,60
req-00010362,259908333,259,60.000000,60
req-00010363,259925000,259,60.000000,60
req-00010364,259941667,259,60.000000,60
req-00010365,259958333,259,60.000000,60
req-00010366,259975000,259,60.000000,60
req-00010367,259991667,259,60.000000,60
req-00010368,260008333,260,60.000000,60
req-00010369,260025000,260,60.000000,60
req-00010370,260041667,260,60.000000,60
req-00010371,260058333,260,60.000000,60
req-00010372,260075000,260,60.000000,60
req-00010373,260091667,260,60.000000,60
req-00010374,260108333,260,60.000000,60
req-00010375,260125000,260,60.000000,60
req-00010376,260141667,260,60.000000,60
req-00010377,260158333,260,60.000000,60
req-00010378,260175000,260,60.000000,60
req-00010379,260191667,260,60.000000,60
req-00010380,260208333,260,60.000000,60
req-00010381,260225000,260,60.000000,60
req-00010382,260241667,260,60.000000,60
req-00010383,260258333,260,60.000000,60
req-00010384,260275000,260,60.000000,60
req-00010385,260291667,260,60.000000,60
req-00010386,260308333,260,60.000000,60
req-00010387,260325000,260,60.000000,60
req-00010388,260341667,260,60.000000,60
req-00010389,260358333,260,60.000000,60
req-00010390,260375000,260,60.000000,60
req-00010391,260391667,260,60.000000,60
req-00010392,260408333,260,60.000000,60
req-00010393,260425000,260,60.000000,60
req-00010394,260441667,260,60.000000,60
req-00010395,260458333,260,60.000000,60
req-00010396,260475000,260,60.000000,60
req-00010397,260491667,260,60.000000,60
req-00010398,260508333,260,60.000000,60
req-00010399,260525000,260,60.000000,60
req-00010400,260541667,260,60.000000,60
req-00010401,260558333,260,60.000000,60
req-00010402,260575000,260,60.000000,60
req-00010403,260591667,260,60.000000,60
req-00010404,260608333,260,60.000000,60
req-00010405,260625000,260,60.000000,60
req-00010406,260641667,260,60.000000,60
req-00010407,260658333,260,60.000000,60
req-00010408,260675000,260,60.000000,60
req-00010409,260691667,260,60.000000,60
req-00010410,260708333,260,60.000000,60
req-00010411,260725000,260,60.000000,60
req-00010412,260741667,260,60.000000,60
req-00010413,260758333,260,60.000000,60
req-00010414,260775000,260,60.000000,60
req-00010415,260791667,260,60.000000,60
req-00010416,260808333,260,60.000000,60
req-00010417,260825000,260,60.000000,60
req-00010418,260841667,260,60.000000,60
req-00010419,260858333,260,60.000000,60
req-00010420,260875000,260,60.000000,60
req-00010421,260891667,260,60.000000,60
req-00010422,260908333,260,60.000000,60
req-00010423,260925000,260,60.000000,60
req-00010424,260941667,260,60.000000,60
req-00010425,260958333,260,60.000000,60
req-00010426,260975000,260,60.000000,60
req-00010427,260991667,260,60.000000,60
req-00010428,261008333,261,60.000000,60
req-00010429,261025000,261,60.000000,60
req-00010430,261041667,261,60.000000,60
req-00010431,261058333,261,60.000000,60
req-00010432,261075000,261,60.000000,60
req-00010433,261091667,261,60.000000,60
req-00010434,261108333,261,60.000000,60
req-00010435,261125000,261,60.000000,60
req-00010436,261141667,261,60.000000,60
req-00010437,261158333,261,60.000000,60
req-00010438,261175000,261,60.000000,60
req-00010439,261191667,261,60.000000,60
req-00010440,261208333,261,60.000000,60
req-00010441,261225000,261,60.000000,60
req-00010442,261241667,261,60.000000,60
req-00010443,261258333,261,60.000000,60
req-00010444,261275000,261,60.000000,60
req-00010445,261291667,261,60.000000,60
req-00010446,261308333,261,60.000000,60
req-00010447,261325000,261,60.000000,60
req-00010448,261341667,261,60.000000,60
req-00010449,261358333,261,60.000000,60
req-00010450,261375000,261,60.000000,60
req-00010451,261391667,261,60.000000,60
req-00010452,261408333,261,60.000000,60
req-00010453,261425000,261,60.000000,60
req-00010454,261441667,261,60.000000,60
req-00010455,261458333,261,60.000000,60
req-00010456,261475000,261,60.000000,60
req-00010457,261491667,261,60.000000,60
req-00010458,261508333,261,60.000000,60
req-00010459,261525000,261,60.000000,60
req-00010460,261541667,261,60.000000,60
req-00010461,261558333,261,60.000000,60
req-00010462,261575000,261,60.000000,60
req-00010463,261591667,261,60.000000,60
req-00010464,261608333,261,60.000000,60
req-00010465,261625000,261,60.000000,60
req-00010466,261641667,261,60.000000,60
req-00010467,261658333,261,60.000000,60
req-00010468,261675000,261,60.000000,60
req-00010469,261691667,261,60.000000,60
req-00010470,261708333,261,60.000000,60
req-00010471,261725000,261,60.000000,60
req-00010472,261741667,261,60.000000,60
req-00010473,261758333,261,60.000000,60
req-00010474,261775000,261,60.000000,60
req-00010475,261791667,261,60.000000,60
req-00010476,261808333,261,60.000000,60
req-00010477,261825000,261,60.000000,60
req-00010478,261841667,261,60.000000,60
req-00010479,261858333,261,60.000000,60
req-00010480,261875000,261,60.000000,60
req-00010481,261891667,261,60.000000,60
req-00010482,261908333,261,60.000000,60
req-00010483,261925000,261,60.000000,60
req-00010484,261941667,261,60.000000,60
req-00010485,261958333,261,60.000000,60
req-00010486,261975000,261,60.000000,60
req-00010487,261991667,261,60.000000,60
req-00010488,262008333,262,60.000000,60
req-00010489,262025000,262,60.000000,60
req-00010490,262041667,262,60.000000,60
req-00010491,262058333,262,60.000000,60
req-00010492,262075000,262,60.000000,60
req-00010493,262091667,262,60.000000,60
req-00010494,262108333,262,60.000000,60
req-00010495,262125000,262,60.000000,60
req-00010496,262141667,262,60.000000,60
req-00010497,262158333,262,60.000000,60
req-00010498,262175000,262,60.000000,60
req-00010499,262191667,262,60.000000,60
req-00010500,262208333,262,60.000000,60
req-00010501,262225000,262,60.000000,60
req-00010502,262241667,262,60.000000,60
req-00010503,262258333,262,60.000000,60
req-00010504,262275000,262,60.000000,60
req-00010505,262291667,262,60.000000,60
req-00010506,262308333,262,60.000000,60
req-00010507,262325000,262,60.000000,60
req-00010508,262341667,262,60.000000,60
req-00010509,262358333,262,60.000000,60
req-00010510,262375000,262,60.000000,60
req-00010511,262391667,262,60.000000,60
req-00010512,262408333,262,60.000000,60
req-00010513,262425000,262,60.000000,60
req-00010514,262441667,262,60.000000,60
req-00010515,262458333,262,60.000000,60
req-00010516,262475000,262,60.000000,60
req-00010517,262491667,262,60.000000,60
req-00010518,262508333,262,60.000000,60
req-00010519,262525000,262,60.000000,60
req-00010520,262541667,262,60.000000,60
req-00010521,262558333,262,60.000000,60
req-00010522,262575000,262,60.000000,60
req-00010523,262591667,262,60.000000,60
req-00010524,262608333,262,60.000000,60
req-00010525,262625000,262,60.000000,60
req-00010526,262641667,262,60.000000,60
req-00010527,262658333,262,60.000000,60
req-00010528,262675000,262,60.000000,60
req-00010529,262691667,262,60.000000,60
req-00010530,262708333,262,60.000000,60
req-00010531,262725000,262,60.000000,60
req-00010532,262741667,262,60.000000,60
req-00010533,262758333,262,60.000000,60
req-00010534,262775000,262,60.000000,60
req-00010535,262791667,262,60.000000,60
req-00010536,262808333,262,60.000000,60
req-00010537,262825000,262,60.000000,60
req-00010538,262841667,262,60.000000,60
req-00010539,262858333,262,60.000000,60
req-00010540,262875000,262,60.000000,60
req-00010541,262891667,262,60.000000,60
req-00010542,262908333,262,60.000000,60
req-00010543,262925000,262,60.000000,60
req-00010544,262941667,262,60.000000,60
req-00010545,262958333,262,60.000000,60
req-00010546,262975000,262,60.000000,60
req-00010547,262991667,262,60.000000,60
req-00010548,263008333,263,60.000000,60
req-00010549,263025000,263,60.000000,60
req-00010550,263041667,263,60.000000,60
req-00010551,263058333,263,60.000000,60
req-00010552,263075000,263,60.000000,60
req-00010553,263091667,263,60.000000,60
req-00010554,263108333,263,60.000000,60
req-00010555,263125000,263,60.000000,60
req-00010556,263141667,263,60.000000,60
req-00010557,263158333,263,60.000000,60
req-00010558,263175000,263,60.000000,60
req-00010559,263191667,263,60.000000,60
req-00010560,263208333,263,60.000000,60
req-00010561,263225000,263,60.000000,60
req-00010562,263241667,263,60.000000,60
req-00010563,263258333,263,60.000000,60
req-00010564,263275000,263,60.000000,60
req-00010565,263291667,263,60.000000,60
req-00010566,263308333,263,60.000000,60
req-00010567,263325000,263,60.000000,60
req-00010568,263341667,263,60.000000,60
req-00010569,263358333,263,60.000000,60
req-00010570,263375000,263,60.000000,60
req-00010571,263391667,263,60.000000,60
req-00010572,263408333,263,60.000000,60
req-00010573,263425000,263,60.000000,60
req-00010574,263441667,263,60.000000,60
req-00010575,263458333,263,60.000000,60
req-00010576,263475000,263,60.000000,60
req-00010577,263491667,263,60.000000,60
req-00010578,263508333,263,60.000000,60
req-00010579,263525000,263,60.000000,60
req-00010580,263541667,263,60.000000,60
req-00010581,263558333,263,60.000000,60
req-00010582,263575000,263,60.000000,60
req-00010583,263591667,263,60.000000,60
req-00010584,263608333,263,60.000000,60
req-00010585,263625000,263,60.000000,60
req-00010586,263641667,263,60.000000,60
req-00010587,263658333,263,60.000000,60
req-00010588,263675000,263,60.000000,60
req-00010589,263691667,263,60.000000,60
req-00010590,263708333,263,60.000000,60
req-00010591,263725000,263,60.000000,60
req-00010592,263741667,263,60.000000,60
req-00010593,263758333,263,60.000000,60
req-00010594,263775000,263,60.000000,60
req-00010595,263791667,263,60.000000,60
req-00010596,263808333,263,60.000000,60
req-00010597,263825000,263,60.000000,60
req-00010598,263841667,263,60.000000,60
req-00010599,263858333,263,60.000000,60
req-00010600,263875000,263,60.000000,60
req-00010601,263891667,263,60.000000,60
req-00010602,263908333,263,60.000000,60
req-00010603,263925000,263,60.000000,60
req-00010604,263941667,263,60.000000,60
req-00010605,263958333,263,60.000000,60
req-00010606,263975000,263,60.000000,60
req-00010607,263991667,263,60.000000,60
req-00010608,264008333,264,60.000000,60
req-00010609,264025000,264,60.000000,60
req-00010610,264041667,264,60.000000,60
req-00010611,264058333,264,60.000000,60
req-00010612,264075000,264,60.000000,60
req-00010613,264091667,264,60.000000,60
req-00010614,264108333,264,60.000000,60
req-00010615,264125000,264,60.000000,60
req-00010616,264141667,264,60.000000,60
req-00010617,264158333,264,60.000000,60
req-00010618,264175000,264,60.000000,60
req-00010619,264191667,264,60.000000,60
req-00010620,264208333,264,60.000000,60
req-00010621,264225000,264,60.000000,60
req-00010622,264241667,264,60.000000,60
req-00010623,264258333,264,60.000000,60
req-00010624,264275000,264,60.000000,60
req-00010625,264291667,264,60.000000,60
req-00010626,264308333,264,60.000000,60
req-00010627,264325000,264,60.000000,60
req-00010628,264341667,264,60.000000,60
req-00010629,264358333,264,60.000000,60
req-00010630,264375000,264,60.000000,60
req-00010631,264391667,264,60.000000,60
req-00010632,264408333,264,60.000000,60
req-00010633,264425000,264,60.000000,60
req-00010634,264441667,264,60.000000,60
req-00010635,264458333,264,60.000000,60
req-00010636,264475000,264,60.000000,60
req-00010637,264491667,264,60.000000,60
req-00010638,264508333,264,60.000000,60
req-00010639,264525000,264,60.000000,60
req-00010640,264541667,264,60.000000,60
req-00010641,264558333,264,60.000000,60
req-00010642,264575000,264,60.000000,60
req-00010643,264591667,264,60.000000,60
req-00010644,264608333,264,60.000000,60
req-00010645,264625000,264,60.000000,60
req-00010646,264641667,264,60.000000,60
req-00010647,264658333,264,60.000000,60
req-00010648,264675000,264,60.000000,60
req-00010649,264691667,264,60.000000,60
req-00010650,264708333,264,60.000000,60
req-00010651,264725000,264,60.000000,60
req-00010652,264741667,264,60.000000,60
req-00010653,264758333,264,60.000000,60
req-00010654,264775000,264,60.000000,60
req-00010655,264791667,264,60.000000,60
req-00010656,264808333,264,60.000000,60
req-00010657,264825000,264,60.000000,60
req-00010658,264841667,264,60.000000,60
req-00010659,264858333,264,60.000000,60
req-00010660,264875000,264,60.000000,60
req-00010661,264891667,264,60.000000,60
req-00010662,264908333,264,60.000000,60
req-00010663,264925000,264,60.000000,60
req-00010664,264941667,264,60.000000,60
req-00010665,264958333,264,60.000000,60
req-00010666,264975000,264,60.000000,60
req-00010667,264991667,264,60.000000,60
req-00010668,265008333,265,60.000000,60
req-00010669,265025000,265,60.000000,60
req-00010670,265041667,265,60.000000,60
req-00010671,265058333,265,60.000000,60
req-00010672,265075000,265,60.000000,60
req-00010673,265091667,265,60.000000,60
req-00010674,265108333,265,60.000000,60
req-00010675,265125000,265,60.000000,60
req-00010676,265141667,265,60.000000,60
req-00010677,265158333,265,60.000000,60
req-00010678,265175000,265,60.000000,60
req-00010679,265191667,265,60.000000,60
req-00010680,265208333,265,60.000000,60
req-00010681,265225000,265,60.000000,60
req-00010682,265241667,265,60.000000,60
req-00010683,265258333,265,60.000000,60
req-00010684,265275000,265,60.000000,60
req-00010685,265291667,265,60.000000,60
req-00010686,265308333,265,60.000000,60
req-00010687,265325000,265,60.000000,60
req-00010688,265341667,265,60.000000,60
req-00010689,265358333,265,60.000000,60
req-00010690,265375000,265,60.000000,60
req-00010691,265391667,265,60.000000,60
req-00010692,265408333,265,60.000000,60
req-00010693,265425000,265,60.000000,60
req-00010694,265441667,265,60.000000,60
req-00010695,265458333,265,60.000000,60
req-00010696,265475000,265,60.000000,60
req-00010697,265491667,265,60.000000,60
req-00010698,265508333,265,60.000000,60
req-00010699,265525000,265,60.000000,60
req-00010700,265541667,265,60.000000,60
req-00010701,265558333,265,60.000000,60
req-00010702,265575000,265,60.000000,60
req-00010703,265591667,265,60.000000,60
req-00010704,265608333,265,60.000000,60
req-00010705,265625000,265,60.000000,60
req-00010706,265641667,265,60.000000,60
req-00010707,265658333,265,60.000000,60
req-00010708,265675000,265,60.000000,60
req-00010709,265691667,265,60.000000,60
req-00010710,265708333,265,60.000000,60
req-00010711,265725000,265,60.000000,60
req-00010712,265741667,265,60.000000,60
req-00010713,265758333,265,60.000000,60
req-00010714,265775000,265,60.000000,60
req-00010715,265791667,265,60.000000,60
req-00010716,265808333,265,60.000000,60
req-00010717,265825000,265,60.000000,60
req-00010718,265841667,265,60.000000,60
req-00010719,265858333,265,60.000000,60
req-00010720,265875000,265,60.000000,60
req-00010721,265891667,265,60.000000,60
req-00010722,265908333,265,60.000000,60
req-00010723,265925000,265,60.000000,60
req-00010724,265941667,265,60.000000,60
req-00010725,265958333,265,60.000000,60
req-00010726,265975000,265,60.000000,60
req-00010727,265991667,265,60.000000,60
req-00010728,266008333,266,60.000000,60
req-00010729,266025000,266,60.000000,60
req-00010730,266041667,266,60.000000,60
req-00010731,266058333,266,60.000000,60
req-00010732,266075000,266,60.000000,60
req-00010733,266091667,266,60.000000,60
req-00010734,266108333,266,60.000000,60
req-00010735,266125000,266,60.000000,60
req-00010736,266141667,266,60.000000,60
req-00010737,266158333,266,60.000000,60
req-00010738,266175000,266,60.000000,60
req-00010739,266191667,266,60.000000,60
req-00010740,266208333,266,60.000000,60
req-00010741,266225000,266,60.000000,60
req-00010742,266241667,266,60.000000,60
req-00010743,266258333,266,60.000000,60
req-00010744,266275000,266,60.000000,60
req-00010745,266291667,266,60.000000,60
req-00010746,266308333,266,60.000000,60
req-00010747,266325000,266,60.000000,60
req-00010748,266341667,266,60.000000,60
req-00010749,266358333,266,60.000000,60
req-00010750,266375000,266,60.000000,60
req-00010751,266391667,266,60.000000,60
req-00010752,266408333,266,60.000000,60
req-00010753,266425000,266,60.000000,60
req-00010754,266441667,266,60.000000,60
req-00010755,266458333,266,60.000000,60
req-00010756,266475000,266,60.000000,60
req-00010757,266491667,266,60.000000,60
req-00010758,266508333,266,60.000000,60
req-00010759,266525000,266,60.000000,60
req-00010760,266541667,266,60.000000,60
req-00010761,266558333,266,60.000000,60
req-00010762,266575000,266,60.000000,60
req-00010763,266591667,266,60.000000,60
req-00010764,266608333,266,60.000000,60
req-00010765,266625000,266,60.000000,60
req-00010766,266641667,266,60.000000,60
req-00010767,266658333,266,60.000000,60
req-00010768,266675000,266,60.000000,60
req-00010769,266691667,266,60.000000,60
req-00010770,266708333,266,60.000000,60
req-00010771,266725000,266,60.000000,60
req-00010772,266741667,266,60.000000,60
req-00010773,266758333,266,60.000000,60
req-00010774,266775000,266,60.000000,60
req-00010775,266791667,266,60.000000,60
req-00010776,266808333,266,60.000000,60
req-00010777,266825000,266,60.000000,60
req-00010778,266841667,266,60.000000,60
req-00010779,266858333,266,60.000000,60
req-00010780,266875000,266,60.000000,60
req-00010781,266891667,266,60.000000,60
req-00010782,266908333,266,60.000000,60
req-00010783,266925000,266,60.000000,60
req-00010784,266941667,266,60.000000,60
req-00010785,266958333,266,60.000000,60
req-00010786,266975000,266,60.000000,60
req-00010787,266991667,266,60.000000,60
req-00010788,267008333,267,60.000000,60
req-00010789,267025000,267,60.000000,60
req-00010790,267041667,267,60.000000,60
req-00010791,267058333,267,60.000000,60
req-00010792,267075000,267,60.000000,60
req-00010793,267091667,267,60.000000,60
req-00010794,267108333,267,60.000000,60
req-00010795,267125000,267,60.000000,60
req-00010796,267141667,267,60.000000,60
req-00010797,267158333,267,60.000000,60
req-00010798,267175000,267,60.000000,60
req-00010799,267191667,267,60.000000,60
req-00010800,267208333,267,60.000000,60
req-00010801,267225000,267,60.000000,60
req-00010802,267241667,267,60.000000,60
req-00010803,267258333,267,60.000000,60
req-00010804,267275000,267,60.000000,60
req-00010805,267291667,267,60.000000,60
req-00010806,267308333,267,60.000000,60
req-00010807,267325000,267,60.000000,60
req-00010808,267341667,267,60.000000,60
req-00010809,267358333,267,60.000000,60
req-00010810,267375000,267,60.000000,60
req-00010811,267391667,267,60.000000,60
req-00010812,267408333,267,60.000000,60
req-00010813,267425000,267,60.000000,60
req-00010814,267441667,267,60.000000,60
req-00010815,267458333,267,60.000000,60
req-00010816,267475000,267,60.000000,60
req-00010817,267491667,267,60.000000,60
req-00010818,267508333,267,60.000000,60
req-00010819,267525000,267,60.000000,60
req-00010820,267541667,267,60.000000,60
req-00010821,267558333,267,60.000000,60
req-00010822,267575000,267,60.000000,60
req-00010823,267591667,267,60.000000,60
req-00010824,267608333,267,60.000000,60
req-00010825,267625000,267,60.000000,60
req-00010826,267641667,267,60.000000,60
req-00010827,267658333,267,60.000000,60
req-00010828,267675000,267,60.000000,60
req-00010829,267691667,267,60.000000,60
req-00010830,267708333,267,60.000000,60
req-00010831,267725000,267,60.000000,60
req-00010832,267741667,267,60.000000,60
req-00010833,267758333,267,60.000000,60
req-00010834,267775000,267,60.000000,60
req-00010835,267791667,267,60.000000,60
req-00010836,267808333,267,60.000000,60
req-00010837,267825000,267,60.000000,60
req-00010838,267841667,267,60.000000,60
req-00010839,267858333,267,60.000000,60
req-00010840,267875000,267,60.000000,60
req-00010841,267891667,267,60.000000,60
req-00010842,267908333,267,60.000000,60
req-00010843,267925000,267,60.000000,60
req-00010844,267941667,267,60.000000,60
req-00010845,267958333,267,60.000000,60
req-00010846,267975000,267,60.000000,60
req-00010847,267991667,267,60.000000,60
req-00010848,268008333,268,60.000000,60
req-00010849,268025000,268,60.000000,60
req-00010850,268041667,268,60.000000,60
req-00010851,268058333,268,60.000000,60
req-00010852,268075000,268,60.000000,60
req-00010853,268091667,268,60.000000,60
req-00010854,268108333,268,60.000000,60
req-00010855,268125000,268,60.000000,60
req-00010856,268141667,268,60.000000,60
req-00010857,268158333,268,60.000000,60
req-00010858,268175000,268,60.000000,60
req-00010859,268191667,268,60.000000,60
req-00010860,268208333,268,60.000000,60
req-00010861,268225000,268,60.000000,60
req-00010862,268241667,268,60.000000,60
req-00010863,268258333,268,60.000000,60
req-00010864,268275000,268,60.000000,60
req-00010865,268291667,268,60.000000,60
req-00010866,268308333,268,60.000000,60
req-00010867,268325000,268,60.000000,60
req-00010868,268341667,268,60.000000,60
req-00010869,268358333,268,60.000000,60
req-00010870,268375000,268,60.000000,60
req-00010871,268391667,268,60.000000,60
req-00010872,268408333,268,60.000000,60
req-00010873,268425000,268,60.000000,60
req-00010874,268441667,268,60.000000,60
req-00010875,268458333,268,60.000000,60
req-00010876,268475000,268,60.000000,60
req-00010877,268491667,268,60.000000,60
req-00010878,268508333,268,60.000000,60
req-00010879,268525000,268,60.000000,60
req-00010880,268541667,268,60.000000,60
req-00010881,268558333,268,60.000000,60
req-00010882,268575000,268,60.000000,60
req-00010883,268591667,268,60.000000,60
req-00010884,268608333,268,60.000000,60
req-00010885,268625000,268,60.000000,60
req-00010886,268641667,268,60.000000,60
req-00010887,268658333,268,60.000000,60
req-00010888,268675000,268,60.000000,60
req-00010889,268691667,268,60.000000,60
req-00010890,268708333,268,60.000000,60
req-00010891,268725000,268,60.000000,60
req-00010892,268741667,268,60.000000,60
req-00010893,268758333,268,60.000000,60
req-00010894,268775000,268,60.000000,60
req-00010895,268791667,268,60.000000,60
req-00010896,268808333,268,60.000000,60
req-00010897,268825000,268,60.000000,60
req-00010898,268841667,268,60.000000,60
req-00010899,268858333,268,60.000000,60
req-00010900,268875000,268,60.000000,60
req-00010901,268891667,268,60.000000,60
req-00010902,268908333,268,60.000000,60
req-00010903,268925000,268,60.000000,60
req-00010904,268941667,268,60.000000,60
req-00010905,268958333,268,60.000000,60
req-00010906,268975000,268,60.000000,60
req-00010907,268991667,268,60.000000,60
req-00010908,269008333,269,60.000000,60
req-00010909,269025000,269,60.000000,60
req-00010910,269041667,269,60.000000,60
req-00010911,269058333,269,60.000000,60
req-00010912,269075000,269,60.000000,60
req-00010913,269091667,269,60.000000,60
req-00010914,269108333,269,60.000000,60
req-00010915,269125000,269,60.000000,60
req-00010916,269141667,269,60.000000,60
req-00010917,269158333,269,60.000000,60
req-00010918,269175000,269,60.000000,60
req-00010919,269191667,269,60.000000,60
req-00010920,269208333,269,60.000000,60
req-00010921,269225000,269,60.000000,60
req-00010922,269241667,269,60.000000,60
req-00010923,269258333,269,60.000000,60
req-00010924,269275000,269,60.000000,60
req-00010925,269291667,269,60.000000,60
req-00010926,269308333,269,60.000000,60
req-00010927,269325000,269,60.000000,60
req-00010928,269341667,269,60.000000,60
req-00010929,269358333,269,60.000000,60
req-00010930,269375000,269,60.000000,60
req-00010931,269391667,269,60.000000,60
req-00010932,269408333,269,60.000000,60
req-00010933,269425000,269,60.000000,60
req-00010934,269441667,269,60.000000,60
req-00010935,269458333,269,60.000000,60
req-00010936,269475000,269,60.000000,60
req-00010937,269491667,269,60.000000,60
req-00010938,269508333,269,60.000000,60
req-00010939,269525000,269,60.000000,60
req-00010940,269541667,269,60.000000,60
req-00010941,269558333,269,60.000000,60
req-00010942,269575000,269,60.000000,60
req-00010943,269591667,269,60.000000,60
req-00010944,269608333,269,60.000000,60
req-00010945,269625000,269,60.000000,60
req-00010946,269641667,269,60.000000,60
req-00010947,269658333,269,60.000000,60
req-00010948,269675000,269,60.000000,60
req-00010949,269691667,269,60.000000,60
req-00010950,269708333,269,60.000000,60
req-00010951,269725000,269,60.000000,60
req-00010952,269741667,269,60.000000,60
req-00010953,269758333,269,60.000000,60
req-00010954,269775000,269,60.000000,60
req-00010955,269791667,269,60.000000,60
req-00010956,269808333,269,60.000000,60
req-00010957,269825000,269,60.000000,60
req-00010958,269841667,269,60.000000,60
req-00010959,269858333,269,60.000000,60
req-00010960,269875000,269,60.000000,60
req-00010961,269891667,269,60.000000,60
req-00010962,269908333,269,60.000000,60
req-00010963,269925000,269,60.000000,60
req-00010964,269941667,269,60.000000,60
req-00010965,269958333,269,60.000000,60
req-00010966,269975000,269,60.000000,60
req-00010967,269991667,269,60.000000,60
req-00010968,270008333,270,60.000000,60
req-00010969,270025000,270,60.000000,60
req-00010970,270041667,270,60.000000,60
req-00010971,270058333,270,60.000000,60
req-00010972,270075000,270,60.000000,60
req-00010973,270091667,270,60.000000,60
req-00010974,270108333,270,60.000000,60
req-00010975,270125000,270,60.000000,60
req-00010976,270141667,270,60.000000,60
req-00010977,270158333,270,60.000000,60
req-00010978,270175000,270,60.000000,60
req-00010979,270191667,270,60.000000,60
req-00010980,270208333,270,60.000000,60
req-00010981,270225000,270,60.000000,60
req-00010982,270241667,270,60.000000,60
req-00010983,270258333,270,60.000000,60
req-00010984,270275000,270,60.000000,60
req-00010985,270291667,270,60.000000,60
req-00010986,270308333,270,60.000000,60
req-00010987,270325000,270,60.000000,60
req-00010988,270341667,270,60.000000,60
req-00010989,270358333,270,60.000000,60
req-00010990,270375000,270,60.000000,60
req-00010991,270391667,270,60.000000,60
req-00010992,270408333,270,60.000000,60
req-00010993,270425000,270,60.000000,60
req-00010994,270441667,270,60.000000,60
req-00010995,270458333,270,60.000000,60
req-00010996,270475000,270,60.000000,60
req-00010997,270491667,270,60.000000,60
req-00010998,270508333,270,60.000000,60
req-00010999,270525000,270,60.000000,60
req-00011000,270541667,270,60.000000,60
req-00011001,270558333,270,60.000000,60
req-00011002,270575000,270,60.000000,60
req-00011003,270591667,270,60.000000,60
req-00011004,270608333,270,60.000000,60
req-00011005,270625000,270,60.000000,60
req-00011006,270641667,270,60.000000,60
req-00011007,270658333,270,60.000000,60
req-00011008,270675000,270,60.000000,60
req-00011009,270691667,270,60.000000,60
req-00011010,270708333,270,60.000000,60
req-00011011,270725000,270,60.000000,60
req-00011012,270741667,270,60.000000,60
req-00011013,270758333,270,60.000000,60
req-00011014,270775000,270,60.000000,60
req-00011015,270791667,270,60.000000,60
req-00011016,270808333,270,60.000000,60
req-00011017,270825000,270,60.000000,60
req-00011018,270841667,270,60.000000,60
req-00011019,270858333,270,60.000000,60
req-00011020,270875000,270,60.000000,60
req-00011021,270891667,270,60.000000,60
req-00011022,270908333,270,60.000000,60
req-00011023,270925000,270,60.000000,60
req-00011024,270941667,270,60.000000,60
req-00011025,270958333,270,60.000000,60
req-00011026,270975000,270,60.000000,60
req-00011027,270991667,270,60.000000,60
req-00011028,271008333,271,60.000000,60
req-00011029,271025000,271,60.000000,60
req-00011030,271041667,271,60.000000,60
req-00011031,271058333,271,60.000000,60
req-00011032,271075000,271,60.000000,60
req-00011033,271091667,271,60.000000,60
req-00011034,271108333,271,60.000000,60
req-00011035,271125000,271,60.000000,60
req-00011036,271141667,271,60.000000,60
req-00011037,271158333,271,60.000000,60
req-00011038,271175000,271,60.000000,60
req-00011039,271191667,271,60.000000,60
req-00011040,271208333,271,60.000000,60
req-00011041,271225000,271,60.000000,60
req-00011042,271241667,271,60.000000,60
req-00011043,271258333,271,60.000000,60
req-00011044,271275000,271,60.000000,60
req-00011045,271291667,271,60.000000,60
req-00011046,271308333,271,60.000000,60
req-00011047,271325000,271,60.000000,60
req-00011048,271341667,271,60.000000,60
req-00011049,271358333,271,60.000000,60
req-00011050,271375000,271,60.000000,60
req-00011051,271391667,271,60.000000,60
req-00011052,271408333,271,60.000000,60
req-00011053,271425000,271,60.000000,60
req-00011054,271441667,271,60.000000,60
req-00011055,271458333,271,60.000000,60
req-00011056,271475000,271,60.000000,60
req-00011057,271491667,271,60.000000,60
req-00011058,271508333,271,60.000000,60
req-00011059,271525000,271,60.000000,60
req-00011060,271541667,271,60.000000,60
req-00011061,271558333,271,60.000000,60
req-00011062,271575000,271,60.000000,60
req-00011063,271591667,271,60.000000,60
req-00011064,271608333,271,60.000000,60
req-00011065,271625000,271,60.000000,60
req-00011066,271641667,271,60.000000,60
req-00011067,271658333,271,60.000000,60
req-00011068,271675000,271,60.000000,60
req-00011069,271691667,271,60.000000,60
req-00011070,271708333,271,60.000000,60
req-00011071,271725000,271,60.000000,60
req-00011072,271741667,271,60.000000,60
req-00011073,271758333,271,60.000000,60
req-00011074,271775000,271,60.000000,60
req-00011075,271791667,271,60.000000,60
req-00011076,271808333,271,60.000000,60
req-00011077,271825000,271,60.000000,60
req-00011078,271841667,271,60.000000,60
req-00011079,271858333,271,60.000000,60
req-00011080,271875000,271,60.000000,60
req-00011081,271891667,271,60.000000,60
req-00011082,271908333,271,60.000000,60
req-00011083,271925000,271,60.000000,60
req-00011084,271941667,271,60.000000,60
req-00011085,271958333,271,60.000000,60
req-00011086,271975000,271,60.000000,60
req-00011087,271991667,271,60.000000,60
req-00011088,272008333,272,60.000000,60
req-00011089,272025000,272,60.000000,60
req-00011090,272041667,272,60.000000,60
req-00011091,272058333,272,60.000000,60
req-00011092,272075000,272,60.000000,60
req-00011093,272091667,272,60.000000,60
req-00011094,272108333,272,60.000000,60
req-00011095,272125000,272,60.000000,60
req-00011096,272141667,272,60.000000,60
req-00011097,272158333,272,60.000000,60
req-00011098,272175000,272,60.000000,60
req-00011099,272191667,272,60.000000,60
req-00011100,272208333,272,60.000000,60
req-00011101,272225000,272,60.000000,60
req-00011102,272241667,272,60.000000,60
req-00011103,272258333,272,60.000000,60
req-00011104,272275000,272,60.000000,60
req-00011105,272291667,272,60.000000,60
req-00011106,272308333,272,60.000000,60
req-00011107,272325000,272,60.000000,60
req-00011108,272341667,272,60.000000,60
req-00011109,272358333,272,60.000000,60
req-00011110,272375000,272,60.000000,60
req-00011111,272391667,272,60.000000,60
req-00011112,272408333,272,60.000000,60
req-00011113,272425000,272,60.000000,60
req-00011114,272441667,272,60.000000,60
req-00011115,272458333,272,60.000000,60
req-00011116,272475000,272,60.000000,60
req-00011117,272491667,272,60.000000,60
req-00011118,272508333,272,60.000000,60
req-00011119,272525000,272,60.000000,60
req-00011120,272541667,272,60.000000,60
req-00011121,272558333,272,60.000000,60
req-00011122,272575000,272,60.000000,60
req-00011123,272591667,272,60.000000,60
req-00011124,272608333,272,60.000000,60
req-00011125,272625000,272,60.000000,60
req-00011126,272641667,272,60.000000,60
req-00011127,272658333,272,60.000000,60
req-00011128,272675000,272,60.000000,60
req-00011129,272691667,272,60.000000,60
req-00011130,272708333,272,60.000000,60
req-00011131,272725000,272,60.000000,60
req-00011132,272741667,272,60.000000,60
req-00011133,272758333,272,60.000000,60
req-00011134,272775000,272,60.000000,60
req-00011135,272791667,272,60.000000,60
req-00011136,272808333,272,60.000000,60
req-00011137,272825000,272,60.000000,60
req-00011138,272841667,272,60.000000,60
req-00011139,272858333,272,60.000000,60
req-00011140,272875000,272,60.000000,60
req-00011141,272891667,272,60.000000,60
req-00011142,272908333,272,60.000000,60
req-00011143,272925000,272,60.000000,60
req-00011144,272941667,272,60.000000,60
req-00011145,272958333,272,60.000000,60
req-00011146,272975000,272,60.000000,60
req-00011147,272991667,272,60.000000,60
req-00011148,273008333,273,60.000000,60
req-00011149,273025000,273,60.000000,60
req-00011150,273041667,273,60.000000,60
req-00011151,273058333,273,60.000000,60
req-00011152,273075000,273,60.000000,60
req-00011153,273091667,273,60.000000,60
req-00011154,273108333,273,60.000000,60
req-00011155,273125000,273,60.000000,60
req-00011156,273141667,273,60.000000,60
req-00011157,273158333,273,60.000000,60
req-00011158,273175000,273,60.000000,60
req-00011159,273191667,273,60.000000,60
req-00011160,273208333,273,60.000000,60
req-00011161,273225000,273,60.000000,60
req-00011162,273241667,273,60.000000,60
req-00011163,273258333,273,60.000000,60
req-00011164,273275000,273,60.000000,60
req-00011165,273291667,273,60.000000,60
req-00011166,273308333,273,60.000000,60
req-00011167,273325000,273,60.000000,60
req-00011168,273341667,273,60.000000,60
req-00011169,273358333,273,60.000000,60
req-00011170,273375000,273,60.000000,60
req-00011171,273391667,273,60.000000,60
req-00011172,273408333,273,60.000000,60
req-00011173,273425000,273,60.000000,60
req-00011174,273441667,273,60.000000,60
req-00011175,273458333,273,60.000000,60
req-00011176,273475000,273,60.000000,60
req-00011177,273491667,273,60.000000,60
req-00011178,273508333,273,60.000000,60
req-00011179,273525000,273,60.000000,60
req-00011180,273541667,273,60.000000,60
req-00011181,273558333,273,60.000000,60
req-00011182,273575000,273,60.000000,60
req-00011183,273591667,273,60.000000,60
req-00011184,273608333,273,60.000000,60
req-00011185,273625000,273,60.000000,60
req-00011186,273641667,273,60.000000,60
req-00011187,273658333,273,60.000000,60
req-00011188,273675000,273,60.000000,60
req-00011189,273691667,273,60.000000,60
req-00011190,273708333,273,60.000000,60
req-00011191,273725000,273,60.000000,60
req-00011192,273741667,273,60.000000,60
req-00011193,273758333,273,60.000000,60
req-00011194,273775000,273,60.000000,60
req-00011195,273791667,273,60.000000,60
req-00011196,273808333,273,60.000000,60
req-00011197,273825000,273,60.000000,60
req-00011198,273841667,273,60.000000,60
req-00011199,273858333,273,60.000000,60
req-00011200,273875000,273,60.000000,60
req-00011201,273891667,273,60.000000,60
req-00011202,273908333,273,60.000000,60
req-00011203,273925000,273,60.000000,60
req-00011204,273941667,273,60.000000,60
req-00011205,273958333,273,60.000000,60
req-00011206,273975000,273,60.000000,60
req-00011207,273991667,273,60.000000,60
req-00011208,274008333,274,60.000000,60
req-00011209,274025000,274,60.000000,60
req-00011210,274041667,274,60.000000,60
req-00011211,274058333,274,60.000000,60
req-00011212,274075000,274,60.000000,60
req-00011213,274091667,274,60.000000,60
req-00011214,274108333,274,60.000000,60
req-00011215,274125000,274,60.000000,60
req-00011216,274141667,274,60.000000,60
req-00011217,274158333,274,60.000000,60
req-00011218,274175000,274,60.000000,60
req-00011219,274191667,274,60.000000,60
req-00011220,274208333,274,60.000000,60
req-00011221,274225000,274,60.000000,60
req-00011222,274241667,274,60.000000,60
req-00011223,274258333,274,60.000000,60
req-00011224,274275000,274,60.000000,60
req-00011225,274291667,274,60.000000,60
req-00011226,274308333,274,60.000000,60
req-00011227,274325000,274,60.000000,60
req-00011228,274341667,274,60.000000,60
req-00011229,274358333,274,60.000000,60
req-00011230,274375000,274,60.000000,60
req-00011231,274391667,274,60.000000,60
req-00011232,274408333,274,60.000000,60
req-00011233,274425000,274,60.000000,60
req-00011234,274441667,274,60.000000,60
req-00011235,274458333,274,60.000000,60
req-00011236,274475000,274,60.000000,60
req-00011237,274491667,274,60.000000,60
req-00011238,274508333,274,60.000000,60
req-00011239,274525000,274,60.000000,60
req-00011240,274541667,274,60.000000,60
req-00011241,274558333,274,60.000000,60
req-00011242,274575000,274,60.000000,60
req-00011243,274591667,274,60.000000,60
req-00011244,274608333,274,60.000000,60
req-00011245,274625000,274,60.000000,60
req-00011246,274641667,274,60.000000,60
req-00011247,274658333,274,60.000000,60
req-00011248,274675000,274,60.000000,60
req-00011249,274691667,274,60.000000,60
req-00011250,274708333,274,60.000000,60
req-00011251,274725000,274,60.000000,60
req-00011252,274741667,274,60.000000,60
req-00011253,274758333,274,60.000000,60
req-00011254,274775000,274,60.000000,60
req-00011255,274791667,274,60.000000,60
req-00011256,274808333,274,60.000000,60
req-00011257,274825000,274,60.000000,60
req-00011258,274841667,274,60.000000,60
req-00011259,274858333,274,60.000000,60
req-00011260,274875000,274,60.000000,60
req-00011261,274891667,274,60.000000,60
req-00011262,274908333,274,60.000000,60
req-00011263,274925000,274,60.000000,60
req-00011264,274941667,274,60.000000,60
req-00011265,274958333,274,60.000000,60
req-00011266,274975000,274,60.000000,60
req-00011267,274991667,274,60.000000,60
req-00011268,275008333,275,60.000000,60
req-00011269,275025000,275,60.000000,60
req-00011270,275041667,275,60.000000,60
req-00011271,275058333,275,60.000000,60
req-00011272,275075000,275,60.000000,60
req-00011273,275091667,275,60.000000,60
req-00011274,275108333,275,60.000000,60
req-00011275,275125000,275,60.000000,60
req-00011276,275141667,275,60.000000,60
req-00011277,275158333,275,60.000000,60
req-00011278,275175000,275,60.000000,60
req-00011279,275191667,275,60.000000,60
req-00011280,275208333,275,60.000000,60
req-00011281,275225000,275,60.000000,60
req-00011282,275241667,275,60.000000,60
req-00011283,275258333,275,60.000000,60
req-00011284,275275000,275,60.000000,60
req-00011285,275291667,275,60.000000,60
req-00011286,275308333,275,60.000000,60
req-00011287,275325000,275,60.000000,60
req-00011288,275341667,275,60.000000,60
req-00011289,275358333,275,60.000000,60
req-00011290,275375000,275,60.000000,60
req-00011291,275391667,275,60.000000,60
req-00011292,275408333,275,60.000000,60
req-00011293,275425000,275,60.000000,60
req-00011294,275441667,275,60.000000,60
req-00011295,275458333,275,60.000000,60
req-00011296,275475000,275,60.000000,60
req-00011297,275491667,275,60.000000,60
req-00011298,275508333,275,60.000000,60
req-00011299,275525000,275,60.000000,60
req-00011300,275541667,275,60.000000,60
req-00011301,275558333,275,60.000000,60
req-00011302,275575000,275,60.000000,60
req-00011303,275591667,275,60.000000,60
req-00011304,275608333,275,60.000000,60
req-00011305,275625000,275,60.000000,60
req-00011306,275641667,275,60.000000,60
req-00011307,275658333,275,60.000000,60
req-00011308,275675000,275,60.000000,60
req-00011309,275691667,275,60.000000,60
req-00011310,275708333,275,60.000000,60
req-00011311,275725000,275,60.000000,60
req-00011312,275741667,275,60.000000,60
req-00011313,275758333,275,60.000000,60
req-00011314,275775000,275,60.000000,60
req-00011315,275791667,275,60.000000,60
req-00011316,275808333,275,60.000000,60
req-00011317,275825000,275,60.000000,60
req-00011318,275841667,275,60.000000,60
req-00011319,275858333,275,60.000000,60
req-00011320,275875000,275,60.000000,60
req-00011321,275891667,275,60.000000,60
req-00011322,275908333,275,60.000000,60
req-00011323,275925000,275,60.000000,60
req-00011324,275941667,275,60.000000,60
req-00011325,275958333,275,60.000000,60
req-00011326,275975000,275,60.000000,60
req-00011327,275991667,275,60.000000,60
req-00011328,276008333,276,60.000000,60
req-00011329,276025000,276,60.000000,60
req-00011330,276041667,276,60.000000,60
req-00011331,276058333,276,60.000000,60
req-00011332,276075000,276,60.000000,60
req-00011333,276091667,276,60.000000,60
req-00011334,276108333,276,60.000000,60
req-00011335,276125000,276,60.000000,60
req-00011336,276141667,276,60.000000,60
req-00011337,276158333,276,60.000000,60
req-00011338,276175000,276,60.000000,60
req-00011339,276191667,276,60.000000,60
req-00011340,276208333,276,60.000000,60
req-00011341,276225000,276,60.000000,60
req-00011342,276241667,276,60.000000,60
req-00011343,276258333,276,60.000000,60
req-00011344,276275000,276,60.000000,60
req-00011345,276291667,276,60.000000,60
req-00011346,276308333,276,60.000000,60
req-00011347,276325000,276,60.000000,60
req-00011348,276341667,276,60.000000,60
req-00011349,276358333,276,60.000000,60
req-00011350,276375000,276,60.000000,60
req-00011351,276391667,276,60.000000,60
req-00011352,276408333,276,60.000000,60
req-00011353,276425000,276,60.000000,60
req-00011354,276441667,276,60.000000,60
req-00011355,276458333,276,60.000000,60
req-00011356,276475000,276,60.000000,60
req-00011357,276491667,276,60.000000,60
req-00011358,276508333,276,60.000000,60
req-00011359,276525000,276,60.000000,60
req-00011360,276541667,276,60.000000,60
req-00011361,276558333,276,60.000000,60
req-00011362,276575000,276,60.000000,60
req-00011363,276591667,276,60.000000,60
req-00011364,276608333,276,60.000000,60
req-00011365,276625000,276,60.000000,60
req-00011366,276641667,276,60.000000,60
req-00011367,276658333,276,60.000000,60
req-00011368,276675000,276,60.000000,60
req-00011369,276691667,276,60.000000,60
req-00011370,276708333,276,60.000000,60
req-00011371,276725000,276,60.000000,60
req-00011372,276741667,276,60.000000,60
req-00011373,276758333,276,60.000000,60
req-00011374,276775000,276,60.000000,60
req-00011375,276791667,276,60.000000,60
req-00011376,276808333,276,60.000000,60
req-00011377,276825000,276,60.000000,60
req-00011378,276841667,276,60.000000,60
req-00011379,276858333,276,60.000000,60
req-00011380,276875000,276,60.000000,60
req-00011381,276891667,276,60.000000,60
req-00011382,276908333,276,60.000000,60
req-00011383,276925000,276,60.000000,60
req-00011384,276941667,276,60.000000,60
req-00011385,276958333,276,60.000000,60
req-00011386,276975000,276,60.000000,60
req-00011387,276991667,276,60.000000,60
req-00011388,277008333,277,60.000000,60
req-00011389,277025000,277,60.000000,60
req-00011390,277041667,277,60.000000,60
req-00011391,277058333,277,60.000000,60
req-00011392,277075000,277,60.000000,60
req-00011393,277091667,277,60.000000,60
req-00011394,277108333,277,60.000000,60
req-00011395,277125000,277,60.000000,60
req-00011396,277141667,277,60.000000,60
req-00011397,277158333,277,60.000000,60
req-00011398,277175000,277,60.000000,60
req-00011399,277191667,277,60.000000,60
req-00011400,277208333,277,60.000000,60
req-00011401,277225000,277,60.000000,60
req-00011402,277241667,277,60.000000,60
req-00011403,277258333,277,60.000000,60
req-00011404,277275000,277,60.000000,60
req-00011405,277291667,277,60.000000,60
req-00011406,277308333,277,60.000000,60
req-00011407,277325000,277,60.000000,60
req-00011408,277341667,277,60.000000,60
req-00011409,277358333,277,60.000000,60
req-00011410,277375000,277,60.000000,60
req-00011411,277391667,277,60.000000,60
req-00011412,277408333,277,60.000000,60
req-00011413,277425000,277,60.000000,60
req-00011414,277441667,277,60.000000,60
req-00011415,277458333,277,60.000000,60
req-00011416,277475000,277,60.000000,60
req-00011417,277491667,277,60.000000,60
req-00011418,277508333,277,60.000000,60
req-00011419,277525000,277,60.000000,60
req-00011420,277541667,277,60.000000,60
req-00011421,277558333,277,60.000000,60
req-00011422,277575000,277,60.000000,60
req-00011423,277591667,277,60.000000,60
req-00011424,277608333,277,60.000000,60
req-00011425,277625000,277,60.000000,60
req-00011426,277641667,277,60.000000,60
req-00011427,277658333,277,60.000000,60
req-00011428,277675000,277,60.000000,60
req-00011429,277691667,277,60.000000,60
req-00011430,277708333,277,60.000000,60
req-00011431,277725000,277,60.000000,60
req-00011432,277741667,277,60.000000,60
req-00011433,277758333,277,60.000000,60
req-00011434,277775000,277,60.000000,60
req-00011435,277791667,277,60.000000,60
req-00011436,277808333,277,60.000000,60
req-00011437,277825000,277,60.000000,60
req-00011438,277841667,277,60.000000,60
req-00011439,277858333,277,60.000000,60
req-00011440,277875000,277,60.000000,60
req-00011441,277891667,277,60.000000,60
req-00011442,277908333,277,60.000000,60
req-00011443,277925000,277,60.000000,60
req-00011444,277941667,277,60.000000,60
req-00011445,277958333,277,60.000000,60
req-00011446,277975000,277,60.000000,60
req-00011447,277991667,277,60.000000,60
req-00011448,278008333,278,60.000000,60
req-00011449,278025000,278,60.000000,60
req-00011450,278041667,278,60.000000,60
req-00011451,278058333,278,60.000000,60
req-00011452,278075000,278,60.000000,60
req-00011453,278091667,278,60.000000,60
req-00011454,278108333,278,60.000000,60
req-00011455,278125000,278,60.000000,60
req-00011456,278141667,278,60.000000,60
req-00011457,278158333,278,60.000000,60
req-00011458,278175000,278,60.000000,60
req-00011459,278191667,278,60.000000,60
req-00011460,278208333,278,60.000000,60
req-00011461,278225000,278,60.000000,60
req-00011462,278241667,278,60.000000,60
req-00011463,278258333,278,60.000000,60
req-00011464,278275000,278,60.000000,60
req-00011465,278291667,278,60.000000,60
req-00011466,278308333,278,60.000000,60
req-00011467,278325000,278,60.000000,60
req-00011468,278341667,278,60.000000,60
req-00011469,278358333,278,60.000000,60
req-00011470,278375000,278,60.000000,60
req-00011471,278391667,278,60.000000,60
req-00011472,278408333,278,60.000000,60
req-00011473,278425000,278,60.000000,60
req-00011474,278441667,278,60.000000,60
req-00011475,278458333,278,60.000000,60
req-00011476,278475000,278,60.000000,60
req-00011477,278491667,278,60.000000,60
req-00011478,278508333,278,60.000000,60
req-00011479,278525000,278,60.000000,60
req-00011480,278541667,278,60.000000,60
req-00011481,278558333,278,60.000000,60
req-00011482,278575000,278,60.000000,60
req-00011483,278591667,278,60.000000,60
req-00011484,278608333,278,60.000000,60
req-00011485,278625000,278,60.000000,60
req-00011486,278641667,278,60.000000,60
req-00011487,278658333,278,60.000000,60
req-00011488,278675000,278,60.000000,60
req-00011489,278691667,278,60.000000,60
req-00011490,278708333,278,60.000000,60
req-00011491,278725000,278,60.000000,60
req-00011492,278741667,278,60.000000,60
req-00011493,278758333,278,60.000000,60
req-00011494,278775000,278,60.000000,60
req-00011495,278791667,278,60.000000,60
req-00011496,278808333,278,60.000000,60
req-00011497,278825000,278,60.000000,60
req-00011498,278841667,278,60.000000,60
req-00011499,278858333,278,60.000000,60
req-00011500,278875000,278,60.000000,60
req-00011501,278891667,278,60.000000,60
req-00011502,278908333,278,60.000000,60
req-00011503,278925000,278,60.000000,60
req-00011504,278941667,278,60.000000,60
req-00011505,278958333,278,60.000000,60
req-00011506,278975000,278,60.000000,60
req-00011507,278991667,278,60.000000,60
req-00011508,279008333,279,60.000000,60
req-00011509,279025000,279,60.000000,60
req-00011510,279041667,279,60.000000,60
req-00011511,279058333,279,60.000000,60
req-00011512,279075000,279,60.000000,60
req-00011513,279091667,279,60.000000,60
req-00011514,279108333,279,60.000000,60
req-00011515,279125000,279,60.000000,60
req-00011516,279141667,279,60.000000,60
req-00011517,279158333,279,60.000000,60
req-00011518,279175000,279,60.000000,60
req-00011519,279191667,279,60.000000,60
req-00011520,279208333,279,60.000000,60
req-00011521,279225000,279,60.000000,60
req-00011522,279241667,279,60.000000,60
req-00011523,279258333,279,60.000000,60
req-00011524,279275000,279,60.000000,60
req-00011525,279291667,279,60.000000,60
req-00011526,279308333,279,60.000000,60
req-00011527,279325000,279,60.000000,60
req-00011528,279341667,279,60.000000,60
req-00011529,279358333,279,60.000000,60
req-00011530,279375000,279,60.000000,60
req-00011531,279391667,279,60.000000,60
req-00011532,279408333,279,60.000000,60
req-00011533,279425000,279,60.000000,60
req-00011534,279441667,279,60.000000,60
req-00011535,279458333,279,60.000000,60
req-00011536,279475000,279,60.000000,60
req-00011537,279491667,279,60.000000,60
req-00011538,279508333,279,60.000000,60
req-00011539,279525000,279,60.000000,60
req-00011540,279541667,279,60.000000,60
req-00011541,279558333,279,60.000000,60
req-00011542,279575000,279,60.000000,60
req-00011543,279591667,279,60.000000,60
req-00011544,279608333,279,60.000000,60
req-00011545,279625000,279,60.000000,60
req-00011546,279641667,279,60.000000,60
req-00011547,279658333,279,60.000000,60
req-00011548,279675000,279,60.000000,60
req-00011549,279691667,279,60.000000,60
req-00011550,279708333,279,60.000000,60
req-00011551,279725000,279,60.000000,60
req-00011552,279741667,279,60.000000,60
req-00011553,279758333,279,60.000000,60
req-00011554,279775000,279,60.000000,60
req-00011555,279791667,279,60.000000,60
req-00011556,279808333,279,60.000000,60
req-00011557,279825000,279,60.000000,60
req-00011558,279841667,279,60.000000,60
req-00011559,279858333,279,60.000000,60
req-00011560,279875000,279,60.000000,60
req-00011561,279891667,279,60.000000,60
req-00011562,279908333,279,60.000000,60
req-00011563,279925000,279,60.000000,60
req-00011564,279941667,279,60.000000,60
req-00011565,279958333,279,60.000000,60
req-00011566,279975000,279,60.000000,60
req-00011567,279991667,279,60.000000,60
req-00011568,280008333,280,60.000000,60
req-00011569,280025000,280,60.000000,60
req-00011570,280041667,280,60.000000,60
req-00011571,280058333,280,60.000000,60
req-00011572,280075000,280,60.000000,60
req-00011573,280091667,280,60.000000,60
req-00011574,280108333,280,60.000000,60
req-00011575,280125000,280,60.000000,60
req-00011576,280141667,280,60.000000,60
req-00011577,280158333,280,60.000000,60
req-00011578,280175000,280,60.000000,60
req-00011579,280191667,280,60.000000,60
req-00011580,280208333,280,60.000000,60
req-00011581,280225000,280,60.000000,60
req-00011582,280241667,280,60.000000,60
req-00011583,280258333,280,60.000000,60
req-00011584,280275000,280,60.000000,60
req-00011585,280291667,280,60.000000,60
req-00011586,280308333,280,60.000000,60
req-00011587,280325000,280,60.000000,60
req-00011588,280341667,280,60.000000,60
req-00011589,280358333,280,60.000000,60
req-00011590,280375000,280,60.000000,60
req-00011591,280391667,280,60.000000,60
req-00011592,280408333,280,60.000000,60
req-00011593,280425000,280,60.000000,60
req-00011594,280441667,280,60.000000,60
req-00011595,280458333,280,60.000000,60
req-00011596,280475000,280,60.000000,60
req-00011597,280491667,280,60.000000,60
req-00011598,280508333,280,60.000000,60
req-00011599,280525000,280,60.000000,60
req-00011600,280541667,280,60.000000,60
req-00011601,280558333,280,60.000000,60
req-00011602,280575000,280,60.000000,60
req-00011603,280591667,280,60.000000,60
req-00011604,280608333,280,60.000000,60
req-00011605,280625000,280,60.000000,60
req-00011606,280641667,280,60.000000,60
req-00011607,280658333,280,60.000000,60
req-00011608,280675000,280,60.000000,60
req-00011609,280691667,280,60.000000,60
req-00011610,280708333,280,60.000000,60
req-00011611,280725000,280,60.000000,60
req-00011612,280741667,280,60.000000,60
req-00011613,280758333,280,60.000000,60
req-00011614,280775000,280,60.000000,60
req-00011615,280791667,280,60.000000,60
req-00011616,280808333,280,60.000000,60
req-00011617,280825000,280,60.000000,60
req-00011618,280841667,280,60.000000,60
req-00011619,280858333,280,60.000000,60
req-00011620,280875000,280,60.000000,60
req-00011621,280891667,280,60.000000,60
req-00011622,280908333,280,60.000000,60
req-00011623,280925000,280,60.000000,60
req-00011624,280941667,280,60.000000,60
req-00011625,280958333,280,60.000000,60
req-00011626,280975000,280,60.000000,60
req-00011627,280991667,280,60.000000,60
req-00011628,281008333,281,60.000000,60
req-00011629,281025000,281,60.000000,60
req-00011630,281041667,281,60.000000,60
req-00011631,281058333,281,60.000000,60
req-00011632,281075000,281,60.000000,60
req-00011633,281091667,281,60.000000,60
req-00011634,281108333,281,60.000000,60
req-00011635,281125000,281,60.000000,60
req-00011636,281141667,281,60.000000,60
req-00011637,281158333,281,60.000000,60
req-00011638,281175000,281,60.000000,60
req-00011639,281191667,281,60.000000,60
req-00011640,281208333,281,60.000000,60
req-00011641,281225000,281,60.000000,60
req-00011642,281241667,281,60.000000,60
req-00011643,281258333,281,60.000000,60
req-00011644,281275000,281,60.000000,60
req-00011645,281291667,281,60.000000,60
req-00011646,281308333,281,60.000000,60
req-00011647,281325000,281,60.000000,60
req-00011648,281341667,281,60.000000,60
req-00011649,281358333,281,60.000000,60
req-00011650,281375000,281,60.000000,60
req-00011651,281391667,281,60.000000,60
req-00011652,281408333,281,60.000000,60
req-00011653,281425000,281,60.000000,60
req-00011654,281441667,281,60.000000,60
req-00011655,281458333,281,60.000000,60
req-00011656,281475000,281,60.000000,60
req-00011657,281491667,281,60.000000,60
req-00011658,281508333,281,60.000000,60
req-00011659,281525000,281,60.000000,60
req-00011660,281541667,281,60.000000,60
req-00011661,281558333,281,60.000000,60
req-00011662,281575000,281,60.000000,60
req-00011663,281591667,281,60.000000,60
req-00011664,281608333,281,60.000000,60
req-00011665,281625000,281,60.000000,60
req-00011666,281641667,281,60.000000,60
req-00011667,281658333,281,60.000000,60
req-00011668,281675000,281,60.000000,60
req-00011669,281691667,281,60.000000,60
req-00011670,281708333,281,60.000000,60
req-00011671,281725000,281,60.000000,60
req-00011672,281741667,281,60.000000,60
req-00011673,281758333,281,60.000000,60
req-00011674,281775000,281,60.000000,60
req-00011675,281791667,281,60.000000,60
req-00011676,281808333,281,60.000000,60
req-00011677,281825000,281,60.000000,60
req-00011678,281841667,281,60.000000,60
req-00011679,281858333,281,60.000000,60
req-00011680,281875000,281,60.000000,60
req-00011681,281891667,281,60.000000,60
req-00011682,281908333,281,60.000000,60
req-00011683,281925000,281,60.000000,60
req-00011684,281941667,281,60.000000,60
req-00011685,281958333,281,60.000000,60
req-00011686,281975000,281,60.000000,60
req-00011687,281991667,281,60.000000,60
req-00011688,282008333,282,60.000000,60
req-00011689,282025000,282,60.000000,60
req-00011690,282041667,282,60.000000,60
req-00011691,282058333,282,60.000000,60
req-00011692,282075000,282,60.000000,60
req-00011693,282091667,282,60.000000,60
req-00011694,282108333,282,60.000000,60
req-00011695,282125000,282,60.000000,60
req-00011696,282141667,282,60.000000,60
req-00011697,282158333,282,60.000000,60
req-00011698,282175000,282,60.000000,60
req-00011699,282191667,282,60.000000,60
req-00011700,282208333,282,60.000000,60
req-00011701,282225000,282,60.000000,60
req-00011702,282241667,282,60.000000,60
req-00011703,282258333,282,60.000000,60
req-00011704,282275000,282,60.000000,60
req-00011705,282291667,282,60.000000,60
req-00011706,282308333,282,60.000000,60
req-00011707,282325000,282,60.000000,60
req-00011708,282341667,282,60.000000,60
req-00011709,282358333,282,60.000000,60
req-00011710,282375000,282,60.000000,60
req-00011711,282391667,282,60.000000,60
req-00011712,282408333,282,60.000000,60
req-00011713,282425000,282,60.000000,60
req-00011714,282441667,282,60.000000,60
req-00011715,282458333,282,60.000000,60
req-00011716,282475000,282,60.000000,60
req-00011717,282491667,282,60.000000,60
req-00011718,282508333,282,60.000000,60
req-00011719,282525000,282,60.000000,60
req-00011720,282541667,282,60.000000,60
req-00011721,282558333,282,60.000000,60
req-00011722,282575000,282,60.000000,60
req-00011723,282591667,282,60.000000,60
req-00011724,282608333,282,60.000000,60
req-00011725,282625000,282,60.000000,60
req-00011726,282641667,282,60.000000,60
req-00011727,282658333,282,60.000000,60
req-00011728,282675000,282,60.000000,60
req-00011729,282691667,282,60.000000,60
req-00011730,282708333,282,60.000000,60
req-00011731,282725000,282,60.000000,60
req-00011732,282741667,282,60.000000,60
req-00011733,282758333,282,60.000000,60
req-00011734,282775000,282,60.000000,60
req-00011735,282791667,282,60.000000,60
req-00011736,282808333,282,60.000000,60
req-00011737,282825000,282,60.000000,60
req-00011738,282841667,282,60.000000,60
req-00011739,282858333,282,60.000000,60
req-00011740,282875000,282,60.000000,60
req-00011741,282891667,282,60.000000,60
req-00011742,282908333,282,60.000000,60
req-00011743,282925000,282,60.000000,60
req-00011744,282941667,282,60.000000,60
req-00011745,282958333,282,60.000000,60
req-00011746,282975000,282,60.000000,60
req-00011747,282991667,282,60.000000,60
req-00011748,283008333,283,60.000000,60
req-00011749,283025000,283,60.000000,60
req-00011750,283041667,283,60.000000,60
req-00011751,283058333,283,60.000000,60
req-00011752,283075000,283,60.000000,60
req-00011753,283091667,283,60.000000,60
req-00011754,283108333,283,60.000000,60
req-00011755,283125000,283,60.000000,60
req-00011756,283141667,283,60.000000,60
req-00011757,283158333,283,60.000000,60
req-00011758,283175000,283,60.000000,60
req-00011759,283191667,283,60.000000,60
req-00011760,283208333,283,60.000000,60
req-00011761,283225000,283,60.000000,60
req-00011762,283241667,283,60.000000,60
req-00011763,283258333,283,60.000000,60
req-00011764,283275000,283,60.000000,60
req-00011765,283291667,283,60.000000,60
req-00011766,283308333,283,60.000000,60
req-00011767,283325000,283,60.000000,60
req-00011768,283341667,283,60.000000,60
req-00011769,283358333,283,60.000000,60
req-00011770,283375000,283,60.000000,60
req-00011771,283391667,283,60.000000,60
req-00011772,283408333,283,60.000000,60
req-00011773,283425000,283,60.000000,60
req-00011774,283441667,283,60.000000,60
req-00011775,283458333,283,60.000000,60
req-00011776,283475000,283,60.000000,60
req-00011777,283491667,283,60.000000,60
req-00011778,283508333,283,60.000000,60
req-00011779,283525000,283,60.000000,60
req-00011780,283541667,283,60.000000,60
req-00011781,283558333,283,60.000000,60
req-00011782,283575000,283,60.000000,60
req-00011783,283591667,283,60.000000,60
req-00011784,283608333,283,60.000000,60
req-00011785,283625000,283,60.000000,60
req-00011786,283641667,283,60.000000,60
req-00011787,283658333,283,60.000000,60
req-00011788,283675000,283,60.000000,60
req-00011789,283691667,283,60.000000,60
req-00011790,283708333,283,60.000000,60
req-00011791,283725000,283,60.000000,60
req-00011792,283741667,283,60.000000,60
req-00011793,283758333,283,60.000000,60
req-00011794,283775000,283,60.000000,60
req-00011795,283791667,283,60.000000,60
req-00011796,283808333,283,60.000000,60
req-00011797,283825000,283,60.000000,60
req-00011798,283841667,283,60.000000,60
req-00011799,283858333,283,60.000000,60
req-00011800,283875000,283,60.000000,60
req-00011801,283891667,283,60.000000,60
req-00011802,283908333,283,60.000000,60
req-00011803,283925000,283,60.000000,60
req-00011804,283941667,283,60.000000,60
req-00011805,283958333,283,60.000000,60
req-00011806,283975000,283,60.000000,60
req-00011807,283991667,283,60.000000,60
req-00011808,284008333,284,60.000000,60
req-00011809,284025000,284,60.000000,60
req-00011810,284041667,284,60.000000,60
req-00011811,284058333,284,60.000000,60
req-00011812,284075000,284,60.000000,60
req-00011813,284091667,284,60.000000,60
req-00011814,284108333,284,60.000000,60
req-00011815,284125000,284,60.000000,60
req-00011816,284141667,284,60.000000,60
req-00011817,284158333,284,60.000000,60
req-00011818,284175000,284,60.000000,60
req-00011819,284191667,284,60.000000,60
req-00011820,284208333,284,60.000000,60
req-00011821,284225000,284,60.000000,60
req-00011822,284241667,284,60.000000,60
req-00011823,284258333,284,60.000000,60
req-00011824,284275000,284,60.000000,60
req-00011825,284291667,284,60.000000,60
req-00011826,284308333,284,60.000000,60
req-00011827,284325000,284,60.000000,60
req-00011828,284341667,284,60.000000,60
req-00011829,284358333,284,60.000000,60
req-00011830,284375000,284,60.000000,60
req-00011831,284391667,284,60.000000,60
req-00011832,284408333,284,60.000000,60
req-00011833,284425000,284,60.000000,60
req-00011834,284441667,284,60.000000,60
req-00011835,284458333,284,60.000000,60
req-00011836,284475000,284,60.000000,60
req-00011837,284491667,284,60.000000,60
req-00011838,284508333,284,60.000000,60
req-00011839,284525000,284,60.000000,60
req-00011840,284541667,284,60.000000,60
req-00011841,284558333,284,60.000000,60
req-00011842,284575000,284,60.000000,60
req-00011843,284591667,284,60.000000,60
req-00011844,284608333,284,60.000000,60
req-00011845,284625000,284,60.000000,60
req-00011846,284641667,284,60.000000,60
req-00011847,284658333,284,60.000000,60
req-00011848,284675000,284,60.000000,60
req-00011849,284691667,284,60.000000,60
req-00011850,284708333,284,60.000000,60
req-00011851,284725000,284,60.000000,60
req-00011852,284741667,284,60.000000,60
req-00011853,284758333,284,60.000000,60
req-00011854,284775000,284,60.000000,60
req-00011855,284791667,284,60.000000,60
req-00011856,284808333,284,60.000000,60
req-00011857,284825000,284,60.000000,60
req-00011858,284841667,284,60.000000,60
req-00011859,284858333,284,60.000000,60
req-00011860,284875000,284,60.000000,60
req-00011861,284891667,284,60.000000,60
req-00011862,284908333,284,60.000000,60
req-00011863,284925000,284,60.000000,60
req-00011864,284941667,284,60.000000,60
req-00011865,284958333,284,60.000000,60
req-00011866,284975000,284,60.000000,60
req-00011867,284991667,284,60.000000,60
req-00011868,285008333,285,60.000000,60
req-00011869,285025000,285,60.000000,60
req-00011870,285041667,285,60.000000,60
req-00011871,285058333,285,60.000000,60
req-00011872,285075000,285,60.000000,60
req-00011873,285091667,285,60.000000,60
req-00011874,285108333,285,60.000000,60
req-00011875,285125000,285,60.000000,60
req-00011876,285141667,285,60.000000,60
req-00011877,285158333,285,60.000000,60
req-00011878,285175000,285,60.000000,60
req-00011879,285191667,285,60.000000,60
req-00011880,285208333,285,60.000000,60
req-00011881,285225000,285,60.000000,60
req-00011882,285241667,285,60.000000,60
req-00011883,285258333,285,60.000000,60
req-00011884,285275000,285,60.000000,60
req-00011885,285291667,285,60.000000,60
req-00011886,285308333,285,60.000000,60
req-00011887,285325000,285,60.000000,60
req-00011888,285341667,285,60.000000,60
req-00011889,285358333,285,60.000000,60
req-00011890,285375000,285,60.000000,60
req-00011891,285391667,285,60.000000,60
req-00011892,285408333,285,60.000000,60
req-00011893,285425000,285,60.000000,60
req-00011894,285441667,285,60.000000,60
req-00011895,285458333,285,60.000000,60
req-00011896,285475000,285,60.000000,60
req-00011897,285491667,285,60.000000,60
req-00011898,285508333,285,60.000000,60
req-00011899,285525000,285,60.000000,60
req-00011900,285541667,285,60.000000,60
req-00011901,285558333,285,60.000000,60
req-00011902,285575000,285,60.000000,60
req-00011903,285591667,285,60.000000,60
req-00011904,285608333,285,60.000000,60
req-00011905,285625000,285,60.000000,60
req-00011906,285641667,285,60.000000,60
req-00011907,285658333,285,60.000000,60
req-00011908,285675000,285,60.000000,60
req-00011909,285691667,285,60.000000,60
req-00011910,285708333,285,60.000000,60
req-00011911,285725000,285,60.000000,60
req-00011912,285741667,285,60.000000,60
req-00011913,285758333,285,60.000000,60
req-00011914,285775000,285,60.000000,60
req-00011915,285791667,285,60.000000,60
req-00011916,285808333,285,60.000000,60
req-00011917,285825000,285,60.000000,60
req-00011918,285841667,285,60.000000,60
req-00011919,285858333,285,60.000000,60
req-00011920,285875000,285,60.000000,60
req-00011921,285891667,285,60.000000,60
req-00011922,285908333,285,60.000000,60
req-00011923,285925000,285,60.000000,60
req-00011924,285941667,285,60.000000,60
req-00011925,285958333,285,60.000000,60
req-00011926,285975000,285,60.000000,60
req-00011927,285991667,285,60.000000,60
req-00011928,286008333,286,60.000000,60
req-00011929,286025000,286,60.000000,60
req-00011930,286041667,286,60.000000,60
req-00011931,286058333,286,60.000000,60
req-00011932,286075000,286,60.000000,60
req-00011933,286091667,286,60.000000,60
req-00011934,286108333,286,60.000000,60
req-00011935,286125000,286,60.000000,60
req-00011936,286141667,286,60.000000,60
req-00011937,286158333,286,60.000000,60
req-00011938,286175000,286,60.000000,60
req-00011939,286191667,286,60.000000,60
req-00011940,286208333,286,60.000000,60
req-00011941,286225000,286,60.000000,60
req-00011942,286241667,286,60.000000,60
req-00011943,286258333,286,60.000000,60
req-00011944,286275000,286,60.000000,60
req-00011945,286291667,286,60.000000,60
req-00011946,286308333,286,60.000000,60
req-00011947,286325000,286,60.000000,60
req-00011948,286341667,286,60.000000,60
req-00011949,286358333,286,60.000000,60
req-00011950,286375000,286,60.000000,60
req-00011951,286391667,286,60.000000,60
req-00011952,286408333,286,60.000000,60
req-00011953,286425000,286,60.000000,60
req-00011954,286441667,286,60.000000,60
req-00011955,286458333,286,60.000000,60
req-00011956,286475000,286,60.000000,60
req-00011957,286491667,286,60.000000,60
req-00011958,286508333,286,60.000000,60
req-00011959,286525000,286,60.000000,60
req-00011960,286541667,286,60.000000,60
req-00011961,286558333,286,60.000000,60
req-00011962,286575000,286,60.000000,60
req-00011963,286591667,286,60.000000,60
req-00011964,286608333,286,60.000000,60
req-00011965,286625000,286,60.000000,60
req-00011966,286641667,286,60.000000,60
req-00011967,286658333,286,60.000000,60
req-00011968,286675000,286,60.000000,60
req-00011969,286691667,286,60.000000,60
req-00011970,286708333,286,60.000000,60
req-00011971,286725000,286,60.000000,60
req-00011972,286741667,286,60.000000,60
req-00011973,286758333,286,60.000000,60
req-00011974,286775000,286,60.000000,60
req-00011975,286791667,286,60.000000,60
req-00011976,286808333,286,60.000000,60
req-00011977,286825000,286,60.000000,60
req-00011978,286841667,286,60.000000,60
req-00011979,286858333,286,60.000000,60
req-00011980,286875000,286,60.000000,60
req-00011981,286891667,286,60.000000,60
req-00011982,286908333,286,60.000000,60
req-00011983,286925000,286,60.000000,60
req-00011984,286941667,286,60.000000,60
req-00011985,286958333,286,60.000000,60
req-00011986,286975000,286,60.000000,60
req-00011987,286991667,286,60.000000,60
req-00011988,287008333,287,60.000000,60
req-00011989,287025000,287,60.000000,60
req-00011990,287041667,287,60.000000,60
req-00011991,287058333,287,60.000000,60
req-00011992,287075000,287,60.000000,60
req-00011993,287091667,287,60.000000,60
req-00011994,287108333,287,60.000000,60
req-00011995,287125000,287,60.000000,60
req-00011996,287141667,287,60.000000,60
req-00011997,287158333,287,60.000000,60
req-00011998,287175000,287,60.000000,60
req-00011999,287191667,287,60.000000,60
req-00012000,287208333,287,60.000000,60
req-00012001,287225000,287,60.000000,60
req-00012002,287241667,287,60.000000,60
req-00012003,287258333,287,60.000000,60
req-00012004,287275000,287,60.000000,60
req-00012005,287291667,287,60.000000,60
req-00012006,287308333,287,60.000000,60
req-00012007,287325000,287,60.000000,60
req-00012008,287341667,287,60.000000,60
req-00012009,287358333,287,60.000000,60
req-00012010,287375000,287,60.000000,60
req-00012011,287391667,287,60.000000,60
req-00012012,287408333,287,60.000000,60
req-00012013,287425000,287,60.000000,60
req-00012014,287441667,287,60.000000,60
req-00012015,287458333,287,60.000000,60
req-00012016,287475000,287,60.000000,60
req-00012017,287491667,287,60.000000,60
req-00012018,287508333,287,60.000000,60
req-00012019,287525000,287,60.000000,60
req-00012020,287541667,287,60.000000,60
req-00012021,287558333,287,60.000000,60
req-00012022,287575000,287,60.000000,60
req-00012023,287591667,287,60.000000,60
req-00012024,287608333,287,60.000000,60
req-00012025,287625000,287,60.000000,60
req-00012026,287641667,287,60.000000,60
req-00012027,287658333,287,60.000000,60
req-00012028,287675000,287,60.000000,60
req-00012029,287691667,287,60.000000,60
req-00012030,287708333,287,60.000000,60
req-00012031,287725000,287,60.000000,60
req-00012032,287741667,287,60.000000,60
req-00012033,287758333,287,60.000000,60
req-00012034,287775000,287,60.000000,60
req-00012035,287791667,287,60.000000,60
req-00012036,287808333,287,60.000000,60
req-00012037,287825000,287,60.000000,60
req-00012038,287841667,287,60.000000,60
req-00012039,287858333,287,60.000000,60
req-00012040,287875000,287,60.000000,60
req-00012041,287891667,287,60.000000,60
req-00012042,287908333,287,60.000000,60
req-00012043,287925000,287,60.000000,60
req-00012044,287941667,287,60.000000,60
req-00012045,287958333,287,60.000000,60
req-00012046,287975000,287,60.000000,60
req-00012047,287991667,287,60.000000,60
req-00012048,288008333,288,60.000000,60
req-00012049,288025000,288,60.000000,60
req-00012050,288041667,288,60.000000,60
req-00012051,288058333,288,60.000000,60
req-00012052,288075000,288,60.000000,60
req-00012053,288091667,288,60.000000,60
req-00012054,288108333,288,60.000000,60
req-00012055,288125000,288,60.000000,60
req-00012056,288141667,288,60.000000,60
req-00012057,288158333,288,60.000000,60
req-00012058,288175000,288,60.000000,60
req-00012059,288191667,288,60.000000,60
req-00012060,288208333,288,60.000000,60
req-00012061,288225000,288,60.000000,60
req-00012062,288241667,288,60.000000,60
req-00012063,288258333,288,60.000000,60
req-00012064,288275000,288,60.000000,60
req-00012065,288291667,288,60.000000,60
req-00012066,288308333,288,60.000000,60
req-00012067,288325000,288,60.000000,60
req-00012068,288341667,288,60.000000,60
req-00012069,288358333,288,60.000000,60
req-00012070,288375000,288,60.000000,60
req-00012071,288391667,288,60.000000,60
req-00012072,288408333,288,60.000000,60
req-00012073,288425000,288,60.000000,60
req-00012074,288441667,288,60.000000,60
req-00012075,288458333,288,60.000000,60
req-00012076,288475000,288,60.000000,60
req-00012077,288491667,288,60.000000,60
req-00012078,288508333,288,60.000000,60
req-00012079,288525000,288,60.000000,60
req-00012080,288541667,288,60.000000,60
req-00012081,288558333,288,60.000000,60
req-00012082,288575000,288,60.000000,60
req-00012083,288591667,288,60.000000,60
req-00012084,288608333,288,60.000000,60
req-00012085,288625000,288,60.000000,60
req-00012086,288641667,288,60.000000,60
req-00012087,288658333,288,60.000000,60
req-00012088,288675000,288,60.000000,60
req-00012089,288691667,288,60.000000,60
req-00012090,288708333,288,60.000000,60
req-00012091,288725000,288,60.000000,60
req-00012092,288741667,288,60.000000,60
req-00012093,288758333,288,60.000000,60
req-00012094,288775000,288,60.000000,60
req-00012095,288791667,288,60.000000,60
req-00012096,288808333,288,60.000000,60
req-00012097,288825000,288,60.000000,60
req-00012098,288841667,288,60.000000,60
req-00012099,288858333,288,60.000000,60
req-00012100,288875000,288,60.000000,60
req-00012101,288891667,288,60.000000,60
req-00012102,288908333,288,60.000000,60
req-00012103,288925000,288,60.000000,60
req-00012104,288941667,288,60.000000,60
req-00012105,288958333,288,60.000000,60
req-00012106,288975000,288,60.000000,60
req-00012107,288991667,288,60.000000,60
req-00012108,289008333,289,60.000000,60
req-00012109,289025000,289,60.000000,60
req-00012110,289041667,289,60.000000,60
req-00012111,289058333,289,60.000000,60
req-00012112,289075000,289,60.000000,60
req-00012113,289091667,289,60.000000,60
req-00012114,289108333,289,60.000000,60
req-00012115,289125000,289,60.000000,60
req-00012116,289141667,289,60.000000,60
req-00012117,289158333,289,60.000000,60
req-00012118,289175000,289,60.000000,60
req-00012119,289191667,289,60.000000,60
req-00012120,289208333,289,60.000000,60
req-00012121,289225000,289,60.000000,60
req-00012122,289241667,289,60.000000,60
req-00012123,289258333,289,60.000000,60
req-00012124,289275000,289,60.000000,60
req-00012125,289291667,289,60.000000,60
req-00012126,289308333,289,60.000000,60
req-00012127,289325000,289,60.000000,60
req-00012128,289341667,289,60.000000,60
req-00012129,289358333,289,60.000000,60
req-00012130,289375000,289,60.000000,60
req-00012131,289391667,289,60.000000,60
req-00012132,289408333,289,60.000000,60
req-00012133,289425000,289,60.000000,60
req-00012134,289441667,289,60.000000,60
req-00012135,289458333,289,60.000000,60
req-00012136,289475000,289,60.000000,60
req-00012137,289491667,289,60.000000,60
req-00012138,289508333,289,60.000000,60
req-00012139,289525000,289,60.000000,60
req-00012140,289541667,289,60.000000,60
req-00012141,289558333,289,60.000000,60
req-00012142,289575000,289,60.000000,60
req-00012143,289591667,289,60.000000,60
req-00012144,289608333,289,60.000000,60
req-00012145,289625000,289,60.000000,60
req-00012146,289641667,289,60.000000,60
req-00012147,289658333,289,60.000000,60
req-00012148,289675000,289,60.000000,60
req-00012149,289691667,289,60.000000,60
req-00012150,289708333,289,60.000000,60
req-00012151,289725000,289,60.000000,60
req-00012152,289741667,289,60.000000,60
req-00012153,289758333,289,60.000000,60
req-00012154,289775000,289,60.000000,60
req-00012155,289791667,289,60.000000,60
req-00012156,289808333,289,60.000000,60
req-00012157,289825000,289,60.000000,60
req-00012158,289841667,289,60.000000,60
req-00012159,289858333,289,60.000000,60
req-00012160,289875000,289,60.000000,60
req-00012161,289891667,289,60.000000,60
req-00012162,289908333,289,60.000000,60
req-00012163,289925000,289,60.000000,60
req-00012164,289941667,289,60.000000,60
req-00012165,289958333,289,60.000000,60
req-00012166,289975000,289,60.000000,60
req-00012167,289991667,289,60.000000,60
req-00012168,290008333,290,60.000000,60
req-00012169,290025000,290,60.000000,60
req-00012170,290041667,290,60.000000,60
req-00012171,290058333,290,60.000000,60
req-00012172,290075000,290,60.000000,60
req-00012173,290091667,290,60.000000,60
req-00012174,290108333,290,60.000000,60
req-00012175,290125000,290,60.000000,60
req-00012176,290141667,290,60.000000,60
req-00012177,290158333,290,60.000000,60
req-00012178,290175000,290,60.000000,60
req-00012179,290191667,290,60.000000,60
req-00012180,290208333,290,60.000000,60
req-00012181,290225000,290,60.000000,60
req-00012182,290241667,290,60.000000,60
req-00012183,290258333,290,60.000000,60
req-00012184,290275000,290,60.000000,60
req-00012185,290291667,290,60.000000,60
req-00012186,290308333,290,60.000000,60
req-00012187,290325000,290,60.000000,60
req-00012188,290341667,290,60.000000,60
req-00012189,290358333,290,60.000000,60
req-00012190,290375000,290,60.000000,60
req-00012191,290391667,290,60.000000,60
req-00012192,290408333,290,60.000000,60
req-00012193,290425000,290,60.000000,60
req-00012194,290441667,290,60.000000,60
req-00012195,290458333,290,60.000000,60
req-00012196,290475000,290,60.000000,60
req-00012197,290491667,290,60.000000,60
req-00012198,290508333,290,60.000000,60
req-00012199,290525000,290,60.000000,60
req-00012200,290541667,290,60.000000,60
req-00012201,290558333,290,60.000000,60
req-00012202,290575000,290,60.000000,60
req-00012203,290591667,290,60.000000,60
req-00012204,290608333,290,60.000000,60
req-00012205,290625000,290,60.000000,60
req-00012206,290641667,290,60.000000,60
req-00012207,290658333,290,60.000000,60
req-00012208,290675000,290,60.000000,60
req-00012209,290691667,290,60.000000,60
req-00012210,290708333,290,60.000000,60
req-00012211,290725000,290,60.000000,60
req-00012212,290741667,290,60.000000,60
req-00012213,290758333,290,60.000000,60
req-00012214,290775000,290,60.000000,60
req-00012215,290791667,290,60.000000,60
req-00012216,290808333,290,60.000000,60
req-00012217,290825000,290,60.000000,60
req-00012218,290841667,290,60.000000,60
req-00012219,290858333,290,60.000000,60
req-00012220,290875000,290,60.000000,60
req-00012221,290891667,290,60.000000,60
req-00012222,290908333,290,60.000000,60
req-00012223,290925000,290,60.000000,60
req-00012224,290941667,290,60.000000,60
req-00012225,290958333,290,60.000000,60
req-00012226,290975000,290,60.000000,60
req-00012227,290991667,290,60.000000,60
req-00012228,291008333,291,60.000000,60
req-00012229,291025000,291,60.000000,60
req-00012230,291041667,291,60.000000,60
req-00012231,291058333,291,60.000000,60
req-00012232,291075000,291,60.000000,60
req-00012233,291091667,291,60.000000,60
req-00012234,291108333,291,60.000000,60
req-00012235,291125000,291,60.000000,60
req-00012236,291141667,291,60.000000,60
req-00012237,291158333,291,60.000000,60
req-00012238,291175000,291,60.000000,60
req-00012239,291191667,291,60.000000,60
req-00012240,291208333,291,60.000000,60
req-00012241,291225000,291,60.000000,60
req-00012242,291241667,291,60.000000,60
req-00012243,291258333,291,60.000000,60
req-00012244,291275000,291,60.000000,60
req-00012245,291291667,291,60.000000,60
req-00012246,291308333,291,60.000000,60
req-00012247,291325000,291,60.000000,60
req-00012248,291341667,291,60.000000,60
req-00012249,291358333,291,60.000000,60
req-00012250,291375000,291,60.000000,60
req-00012251,291391667,291,60.000000,60
req-00012252,291408333,291,60.000000,60
req-00012253,291425000,291,60.000000,60
req-00012254,291441667,291,60.000000,60
req-00012255,291458333,291,60.000000,60
req-00012256,291475000,291,60.000000,60
req-00012257,291491667,291,60.000000,60
req-00012258,291508333,291,60.000000,60
req-00012259,291525000,291,60.000000,60
req-00012260,291541667,291,60.000000,60
req-00012261,291558333,291,60.000000,60
req-00012262,291575000,291,60.000000,60
req-00012263,291591667,291,60.000000,60
req-00012264,291608333,291,60.000000,60
req-00012265,291625000,291,60.000000,60
req-00012266,291641667,291,60.000000,60
req-00012267,291658333,291,60.000000,60
req-00012268,291675000,291,60.000000,60
req-00012269,291691667,291,60.000000,60
req-00012270,291708333,291,60.000000,60
req-00012271,291725000,291,60.000000,60
req-00012272,291741667,291,60.000000,60
req-00012273,291758333,291,60.000000,60
req-00012274,291775000,291,60.000000,60
req-00012275,291791667,291,60.000000,60
req-00012276,291808333,291,60.000000,60
req-00012277,291825000,291,60.000000,60
req-00012278,291841667,291,60.000000,60
req-00012279,291858333,291,60.000000,60
req-00012280,291875000,291,60.000000,60
req-00012281,291891667,291,60.000000,60
req-00012282,291908333,291,60.000000,60
req-00012283,291925000,291,60.000000,60
req-00012284,291941667,291,60.000000,60
req-00012285,291958333,291,60.000000,60
req-00012286,291975000,291,60.000000,60
req-00012287,291991667,291,60.000000,60
req-00012288,292008333,292,60.000000,60
req-00012289,292025000,292,60.000000,60
req-00012290,292041667,292,60.000000,60
req-00012291,292058333,292,60.000000,60
req-00012292,292075000,292,60.000000,60
req-00012293,292091667,292,60.000000,60
req-00012294,292108333,292,60.000000,60
req-00012295,292125000,292,60.000000,60
req-00012296,292141667,292,60.000000,60
req-00012297,292158333,292,60.000000,60
req-00012298,292175000,292,60.000000,60
req-00012299,292191667,292,60.000000,60
req-00012300,292208333,292,60.000000,60
req-00012301,292225000,292,60.000000,60
req-00012302,292241667,292,60.000000,60
req-00012303,292258333,292,60.000000,60
req-00012304,292275000,292,60.000000,60
req-00012305,292291667,292,60.000000,60
req-00012306,292308333,292,60.000000,60
req-00012307,292325000,292,60.000000,60
req-00012308,292341667,292,60.000000,60
req-00012309,292358333,292,60.000000,60
req-00012310,292375000,292,60.000000,60
req-00012311,292391667,292,60.000000,60
req-00012312,292408333,292,60.000000,60
req-00012313,292425000,292,60.000000,60
req-00012314,292441667,292,60.000000,60
req-00012315,292458333,292,60.000000,60
req-00012316,292475000,292,60.000000,60
req-00012317,292491667,292,60.000000,60
req-00012318,292508333,292,60.000000,60
req-00012319,292525000,292,60.000000,60
req-00012320,292541667,292,60.000000,60
req-00012321,292558333,292,60.000000,60
req-00012322,292575000,292,60.000000,60
req-00012323,292591667,292,60.000000,60
req-00012324,292608333,292,60.000000,60
req-00012325,292625000,292,60.000000,60
req-00012326,292641667,292,60.000000,60
req-00012327,292658333,292,60.000000,60
req-00012328,292675000,292,60.000000,60
req-00012329,292691667,292,60.000000,60
req-00012330,292708333,292,60.000000,60
req-00012331,292725000,292,60.000000,60
req-00012332,292741667,292,60.000000,60
req-00012333,292758333,292,60.000000,60
req-00012334,292775000,292,60.000000,60
req-00012335,292791667,292,60.000000,60
req-00012336,292808333,292,60.000000,60
req-00012337,292825000,292,60.000000,60
req-00012338,292841667,292,60.000000,60
req-00012339,292858333,292,60.000000,60
req-00012340,292875000,292,60.000000,60
req-00012341,292891667,292,60.000000,60
req-00012342,292908333,292,60.000000,60
req-00012343,292925000,292,60.000000,60
req-00012344,292941667,292,60.000000,60
req-00012345,292958333,292,60.000000,60
req-00012346,292975000,292,60.000000,60
req-00012347,292991667,292,60.000000,60
req-00012348,293008333,293,60.000000,60
req-00012349,293025000,293,60.000000,60
req-00012350,293041667,293,60.000000,60
req-00012351,293058333,293,60.000000,60
req-00012352,293075000,293,60.000000,60
req-00012353,293091667,293,60.000000,60
req-00012354,293108333,293,60.000000,60
req-00012355,293125000,293,60.000000,60
req-00012356,293141667,293,60.000000,60
req-00012357,293158333,293,60.000000,60
req-00012358,293175000,293,60.000000,60
req-00012359,293191667,293,60.000000,60
req-00012360,293208333,293,60.000000,60
req-00012361,293225000,293,60.000000,60
req-00012362,293241667,293,60.000000,60
req-00012363,293258333,293,60.000000,60
req-00012364,293275000,293,60.000000,60
req-00012365,293291667,293,60.000000,60
req-00012366,293308333,293,60.000000,60
req-00012367,293325000,293,60.000000,60
req-00012368,293341667,293,60.000000,60
req-00012369,293358333,293,60.000000,60
req-00012370,293375000,293,60.000000,60
req-00012371,293391667,293,60.000000,60
req-00012372,293408333,293,60.000000,60
req-00012373,293425000,293,60.000000,60
req-00012374,293441667,293,60.000000,60
req-00012375,293458333,293,60.000000,60
req-00012376,293475000,293,60.000000,60
req-00012377,293491667,293,60.000000,60
req-00012378,293508333,293,60.000000,60
req-00012379,293525000,293,60.000000,60
req-00012380,293541667,293,60.000000,60
req-00012381,293558333,293,60.000000,60
req-00012382,293575000,293,60.000000,60
req-00012383,293591667,293,60.000000,60
req-00012384,293608333,293,60.000000,60
req-00012385,293625000,293,60.000000,60
req-00012386,293641667,293,60.000000,60
req-00012387,293658333,293,60.000000,60
req-00012388,293675000,293,60.000000,60
req-00012389,293691667,293,60.000000,60
req-00012390,293708333,293,60.000000,60
req-00012391,293725000,293,60.000000,60
req-00012392,293741667,293,60.000000,60
req-00012393,293758333,293,60.000000,60
req-00012394,293775000,293,60.000000,60
req-00012395,293791667,293,60.000000,60
req-00012396,293808333,293,60.000000,60
req-00012397,293825000,293,60.000000,60
req-00012398,293841667,293,60.000000,60
req-00012399,293858333,293,60.000000,60
req-00012400,293875000,293,60.000000,60
req-00012401,293891667,293,60.000000,60
req-00012402,293908333,293,60.000000,60
req-00012403,293925000,293,60.000000,60
req-00012404,293941667,293,60.000000,60
req-00012405,293958333,293,60.000000,60
req-00012406,293975000,293,60.000000,60
req-00012407,293991667,293,60.000000,60
req-00012408,294008333,294,60.000000,60
req-00012409,294025000,294,60.000000,60
req-00012410,294041667,294,60.000000,60
req-00012411,294058333,294,60.000000,60
req-00012412,294075000,294,60.000000,60
req-00012413,294091667,294,60.000000,60
req-00012414,294108333,294,60.000000,60
req-00012415,294125000,294,60.000000,60
req-00012416,294141667,294,60.000000,60
req-00012417,294158333,294,60.000000,60
req-00012418,294175000,294,60.000000,60
req-00012419,294191667,294,60.000000,60
req-00012420,294208333,294,60.000000,60
req-00012421,294225000,294,60.000000,60
req-00012422,294241667,294,60.000000,60
req-00012423,294258333,294,60.000000,60
req-00012424,294275000,294,60.000000,60
req-00012425,294291667,294,60.000000,60
req-00012426,294308333,294,60.000000,60
req-00012427,294325000,294,60.000000,60
req-00012428,294341667,294,60.000000,60
req-00012429,294358333,294,60.000000,60
req-00012430,294375000,294,60.000000,60
req-00012431,294391667,294,60.000000,60
req-00012432,294408333,294,60.000000,60
req-00012433,294425000,294,60.000000,60
req-00012434,294441667,294,60.000000,60
req-00012435,294458333,294,60.000000,60
req-00012436,294475000,294,60.000000,60
req-00012437,294491667,294,60.000000,60
req-00012438,294508333,294,60.000000,60
req-00012439,294525000,294,60.000000,60
req-00012440,294541667,294,60.000000,60
req-00012441,294558333,294,60.000000,60
req-00012442,294575000,294,60.000000,60
req-00012443,294591667,294,60.000000,60
req-00012444,294608333,294,60.000000,60
req-00012445,294625000,294,60.000000,60
req-00012446,294641667,294,60.000000,60
req-00012447,294658333,294,60.000000,60
req-00012448,294675000,294,60.000000,60
req-00012449,294691667,294,60.000000,60
req-00012450,294708333,294,60.000000,60
req-00012451,294725000,294,60.000000,60
req-00012452,294741667,294,60.000000,60
req-00012453,294758333,294,60.000000,60
req-00012454,294775000,294,60.000000,60
req-00012455,294791667,294,60.000000,60
req-00012456,294808333,294,60.000000,60
req-00012457,294825000,294,60.000000,60
req-00012458,294841667,294,60.000000,60
req-00012459,294858333,294,60.000000,60
req-00012460,294875000,294,60.000000,60
req-00012461,294891667,294,60.000000,60
req-00012462,294908333,294,60.000000,60
req-00012463,294925000,294,60.000000,60
req-00012464,294941667,294,60.000000,60
req-00012465,294958333,294,60.000000,60
req-00012466,294975000,294,60.000000,60
req-00012467,294991667,294,60.000000,60
req-00012468,295008333,295,60.000000,60
req-00012469,295025000,295,60.000000,60
req-00012470,295041667,295,60.000000,60
req-00012471,295058333,295,60.000000,60
req-00012472,295075000,295,60.000000,60
req-00012473,295091667,295,60.000000,60
req-00012474,295108333,295,60.000000,60
req-00012475,295125000,295,60.000000,60
req-00012476,295141667,295,60.000000,60
req-00012477,295158333,295,60.000000,60
req-00012478,295175000,295,60.000000,60
req-00012479,295191667,295,60.000000,60
req-00012480,295208333,295,60.000000,60
req-00012481,295225000,295,60.000000,60
req-00012482,295241667,295,60.000000,60
req-00012483,295258333,295,60.000000,60
req-00012484,295275000,295,60.000000,60
req-00012485,295291667,295,60.000000,60
req-00012486,295308333,295,60.000000,60
req-00012487,295325000,295,60.000000,60
req-00012488,295341667,295,60.000000,60
req-00012489,295358333,295,60.000000,60
req-00012490,295375000,295,60.000000,60
req-00012491,295391667,295,60.000000,60
req-00012492,295408333,295,60.000000,60
req-00012493,295425000,295,60.000000,60
req-00012494,295441667,295,60.000000,60
req-00012495,295458333,295,60.000000,60
req-00012496,295475000,295,60.000000,60
req-00012497,295491667,295,60.000000,60
req-00012498,295508333,295,60.000000,60
req-00012499,295525000,295,60.000000,60
req-00012500,295541667,295,60.000000,60
req-00012501,295558333,295,60.000000,60
req-00012502,295575000,295,60.000000,60
req-00012503,295591667,295,60.000000,60
req-00012504,295608333,295,60.000000,60
req-00012505,295625000,295,60.000000,60
req-00012506,295641667,295,60.000000,60
req-00012507,295658333,295,60.000000,60
req-00012508,295675000,295,60.000000,60
req-00012509,295691667,295,60.000000,60
req-00012510,295708333,295,60.000000,60
req-00012511,295725000,295,60.000000,60
req-00012512,295741667,295,60.000000,60
req-00012513,295758333,295,60.000000,60
req-00012514,295775000,295,60.000000,60
req-00012515,295791667,295,60.000000,60
req-00012516,295808333,295,60.000000,60
req-00012517,295825000,295,60.000000,60
req-00012518,295841667,295,60.000000,60
req-00012519,295858333,295,60.000000,60
req-00012520,295875000,295,60.000000,60
req-00012521,295891667,295,60.000000,60
req-00012522,295908333,295,60.000000,60
req-00012523,295925000,295,60.000000,60
req-00012524,295941667,295,60.000000,60
req-00012525,295958333,295,60.000000,60
req-00012526,295975000,295,60.000000,60
req-00012527,295991667,295,60.000000,60
req-00012528,296008333,296,60.000000,60
req-00012529,296025000,296,60.000000,60
req-00012530,296041667,296,60.000000,60
req-00012531,296058333,296,60.000000,60
req-00012532,296075000,296,60.000000,60
req-00012533,296091667,296,60.000000,60
req-00012534,296108333,296,60.000000,60
req-00012535,296125000,296,60.000000,60
req-00012536,296141667,296,60.000000,60
req-00012537,296158333,296,60.000000,60
req-00012538,296175000,296,60.000000,60
req-00012539,296191667,296,60.000000,60
req-00012540,296208333,296,60.000000,60
req-00012541,296225000,296,60.000000,60
req-00012542,296241667,296,60.000000,60
req-00012543,296258333,296,60.000000,60
req-00012544,296275000,296,60.000000,60
req-00012545,296291667,296,60.000000,60
req-00012546,296308333,296,60.000000,60
req-00012547,296325000,296,60.000000,60
req-00012548,296341667,296,60.000000,60
req-00012549,296358333,296,60.000000,60
req-00012550,296375000,296,60.000000,60
req-00012551,296391667,296,60.000000,60
req-00012552,296408333,296,60.000000,60
req-00012553,296425000,296,60.000000,60
req-00012554,296441667,296,60.000000,60
req-00012555,296458333,296,60.000000,60
req-00012556,296475000,296,60.000000,60
req-00012557,296491667,296,60.000000,60
req-00012558,296508333,296,60.000000,60
req-00012559,296525000,296,60.000000,60
req-00012560,296541667,296,60.000000,60
req-00012561,296558333,296,60.000000,60
req-00012562,296575000,296,60.000000,60
req-00012563,296591667,296,60.000000,60
req-00012564,296608333,296,60.000000,60
req-00012565,296625000,296,60.000000,60
req-00012566,296641667,296,60.000000,60
req-00012567,296658333,296,60.000000,60
req-00012568,296675000,296,60.000000,60
req-00012569,296691667,296,60.000000,60
req-00012570,296708333,296,60.000000,60
req-00012571,296725000,296,60.000000,60
req-00012572,296741667,296,60.000000,60
req-00012573,296758333,296,60.000000,60
req-00012574,296775000,296,60.000000,60
req-00012575,296791667,296,60.000000,60
req-00012576,296808333,296,60.000000,60
req-00012577,296825000,296,60.000000,60
req-00012578,296841667,296,60.000000,60
req-00012579,296858333,296,60.000000,60
req-00012580,296875000,296,60.000000,60
req-00012581,296891667,296,60.000000,60
req-00012582,296908333,296,60.000000,60
req-00012583,296925000,296,60.000000,60
req-00012584,296941667,296,60.000000,60
req-00012585,296958333,296,60.000000,60
req-00012586,296975000,296,60.000000,60
req-00012587,296991667,296,60.000000,60
req-00012588,297008333,297,60.000000,60
req-00012589,297025000,297,60.000000,60
req-00012590,297041667,297,60.000000,60
req-00012591,297058333,297,60.000000,60
req-00012592,297075000,297,60.000000,60
req-00012593,297091667,297,60.000000,60
req-00012594,297108333,297,60.000000,60
req-00012595,297125000,297,60.000000,60
req-00012596,297141667,297,60.000000,60
req-00012597,297158333,297,60.000000,60
req-00012598,297175000,297,60.000000,60
req-00012599,297191667,297,60.000000,60
req-00012600,297208333,297,60.000000,60
req-00012601,297225000,297,60.000000,60
req-00012602,297241667,297,60.000000,60
req-00012603,297258333,297,60.000000,60
req-00012604,297275000,297,60.000000,60
req-00012605,297291667,297,60.000000,60
req-00012606,297308333,297,60.000000,60
req-00012607,297325000,297,60.000000,60
req-00012608,297341667,297,60.000000,60
req-00012609,297358333,297,60.000000,60
req-00012610,297375000,297,60.000000,60
req-00012611,297391667,297,60.000000,60
req-00012612,297408333,297,60.000000,60
req-00012613,297425000,297,60.000000,60
req-00012614,297441667,297,60.000000,60
req-00012615,297458333,297,60.000000,60
req-00012616,297475000,297,60.000000,60
req-00012617,297491667,297,60.000000,60
req-00012618,297508333,297,60.000000,60
req-00012619,297525000,297,60.000000,60
req-00012620,297541667,297,60.000000,60
req-00012621,297558333,297,60.000000,60
req-00012622,297575000,297,60.000000,60
req-00012623,297591667,297,60.000000,60
req-00012624,297608333,297,60.000000,60
req-00012625,297625000,297,60.000000,60
req-00012626,297641667,297,60.000000,60
req-00012627,297658333,297,60.000000,60
req-00012628,297675000,297,60.000000,60
req-00012629,297691667,297,60.000000,60
req-00012630,297708333,297,60.000000,60
req-00012631,297725000,297,60.000000,60
req-00012632,297741667,297,60.000000,60
req-00012633,297758333,297,60.000000,60
req-00012634,297775000,297,60.000000,60
req-00012635,297791667,297,60.000000,60
req-00012636,297808333,297,60.000000,60
req-00012637,297825000,297,60.000000,60
req-00012638,297841667,297,60.000000,60
req-00012639,297858333,297,60.000000,60
req-00012640,297875000,297,60.000000,60
req-00012641,297891667,297,60.000000,60
req-00012642,297908333,297,60.000000,60
req-00012643,297925000,297,60.000000,60
req-00012644,297941667,297,60.000000,60
req-00012645,297958333,297,60.000000,60
req-00012646,297975000,297,60.000000,60
req-00012647,297991667,297,60.000000,60
req-00012648,298008333,298,60.000000,60
req-00012649,298025000,298,60.000000,60
req-00012650,298041667,298,60.000000,60
req-00012651,298058333,298,60.000000,60
req-00012652,298075000,298,60.000000,60
req-00012653,298091667,298,60.000000,60
req-00012654,298108333,298,60.000000,60
req-00012655,298125000,298,60.000000,60
req-00012656,298141667,298,60.000000,60
req-00012657,298158333,298,60.000000,60
req-00012658,298175000,298,60.000000,60
req-00012659,298191667,298,60.000000,60
req-00012660,298208333,298,60.000000,60
req-00012661,298225000,298,60.000000,60
req-00012662,298241667,298,60.000000,60
req-00012663,298258333,298,60.000000,60
req-00012664,298275000,298,60.000000,60
req-00012665,298291667,298,60.000000,60
req-00012666,298308333,298,60.000000,60
req-00012667,298325000,298,60.000000,60
req-00012668,298341667,298,60.000000,60
req-00012669,298358333,298,60.000000,60
req-00012670,298375000,298,60.000000,60
req-00012671,298391667,298,60.000000,60
req-00012672,298408333,298,60.000000,60
req-00012673,298425000,298,60.000000,60
req-00012674,298441667,298,60.000000,60
req-00012675,298458333,298,60.000000,60
req-00012676,298475000,298,60.000000,60
req-00012677,298491667,298,60.000000,60
req-00012678,298508333,298,60.000000,60
req-00012679,298525000,298,60.000000,60
req-00012680,298541667,298,60.000000,60
req-00012681,298558333,298,60.000000,60
req-00012682,298575000,298,60.000000,60
req-00012683,298591667,298,60.000000,60
req-00012684,298608333,298,60.000000,60
req-00012685,298625000,298,60.000000,60
req-00012686,298641667,298,60.000000,60
req-00012687,298658333,298,60.000000,60
req-00012688,298675000,298,60.000000,60
req-00012689,298691667,298,60.000000,60
req-00012690,298708333,298,60.000000,60
req-00012691,298725000,298,60.000000,60
req-00012692,298741667,298,60.000000,60
req-00012693,298758333,298,60.000000,60
req-00012694,298775000,298,60.000000,60
req-00012695,298791667,298,60.000000,60
req-00012696,298808333,298,60.000000,60
req-00012697,298825000,298,60.000000,60
req-00012698,298841667,298,60.000000,60
req-00012699,298858333,298,60.000000,60
req-00012700,298875000,298,60.000000,60
req-00012701,298891667,298,60.000000,60
req-00012702,298908333,298,60.000000,60
req-00012703,298925000,298,60.000000,60
req-00012704,298941667,298,60.000000,60
req-00012705,298958333,298,60.000000,60
req-00012706,298975000,298,60.000000,60
req-00012707,298991667,298,60.000000,60
req-00012708,299008333,299,60.000000,60
req-00012709,299025000,299,60.000000,60
req-00012710,299041667,299,60.000000,60
req-00012711,299058333,299,60.000000,60
req-00012712,299075000,299,60.000000,60
req-00012713,299091667,299,60.000000,60
req-00012714,299108333,299,60.000000,60
req-00012715,299125000,299,60.000000,60
req-00012716,299141667,299,60.000000,60
req-00012717,299158333,299,60.000000,60
req-00012718,299175000,299,60.000000,60
req-00012719,299191667,299,60.000000,60
req-00012720,299208333,299,60.000000,60
req-00012721,299225000,299,60.000000,60
req-00012722,299241667,299,60.000000,60
req-00012723,299258333,299,60.000000,60
req-00012724,299275000,299,60.000000,60
req-00012725,299291667,299,60.000000,60
req-00012726,299308333,299,60.000000,60
req-00012727,299325000,299,60.000000,60
req-00012728,299341667,299,60.000000,60
req-00012729,299358333,299,60.000000,60
req-00012730,299375000,299,60.000000,60
req-00012731,299391667,299,60.000000,60
req-00012732,299408333,299,60.000000,60
req-00012733,299425000,299,60.000000,60
req-00012734,299441667,299,60.000000,60
req-00012735,299458333,299,60.000000,60
req-00012736,299475000,299,60.000000,60
req-00012737,299491667,299,60.000000,60
req-00012738,299508333,299,60.000000,60
req-00012739,299525000,299,60.000000,60
req-00012740,299541667,299,60.000000,60
req-00012741,299558333,299,60.000000,60
req-00012742,299575000,299,60.000000,60
req-00012743,299591667,299,60.000000,60
req-00012744,299608333,299,60.000000,60
req-00012745,299625000,299,60.000000,60
req-00012746,299641667,299,60.000000,60
req-00012747,299658333,299,60.000000,60
req-00012748,299675000,299,60.000000,60
req-00012749,299691667,299,60.000000,60
req-00012750,299708333,299,60.000000,60
req-00012751,299725000,299,60.000000,60
req-00012752,299741667,299,60.000000,60
req-00012753,299758333,299,60.000000,60
req-00012754,299775000,299,60.000000,60
req-00012755,299791667,299,60.000000,60
req-00012756,299808333,299,60.000000,60
req-00012757,299825000,299,60.000000,60
req-00012758,299841667,299,60.000000,60
req-00012759,299858333,299,60.000000,60
req-00012760,299875000,299,60.000000,60
req-00012761,299891667,299,60.000000,60
req-00012762,299908333,299,60.000000,60
req-00012763,299925000,299,60.000000,60
req-00012764,299941667,299,60.000000,60
req-00012765,299958333,299,60.000000,60
req-00012766,299975000,299,60.000000,60
req-00012767,299991667,299,60.000000,60
req-00012768,300008333,300,59.708333,60
req-00012769,300025000,300,59.708333,60
req-00012770,300041667,300,59.708333,60
req-00012771,300058333,300,59.708333,60
req-00012772,300075000,300,59.708333,60
req-00012773,300091667,300,59.708333,60
req-00012774,300108333,300,59.708333,60
req-00012775,300125000,300,59.708333,60
req-00012776,300141667,300,59.708333,60
req-00012777,300158333,300,59.708333,60
req-00012778,300175000,300,59.708333,60
req-00012779,300191667,300,59.708333,60
req-00012780,300208333,300,59.708333,60
req-00012781,300225000,300,59.708333,60
req-00012782,300241667,300,59.708333,60
req-00012783,300258333,300,59.708333,60
req-00012784,300275000,300,59.708333,60
req-00012785,300291667,300,59.708333,60
req-00012786,300308333,300,59.708333,60
req-00012787,300325000,300,59.708333,60
req-00012788,300341667,300,59.708333,60
req-00012789,300358333,300,59.708333,60
req-00012790,300375000,300,59.708333,60
req-00012791,300391667,300,59.708333,60
req-00012792,300408333,300,59.708333,60
req-00012793,300425000,300,59.708333,60
req-00012794,300441667,300,59.708333,60
req-00012795,300458333,300,59.708333,60
req-00012796,300475000,300,59.708333,60
req-00012797,300491667,300,59.708333,60
req-00012798,300508333,300,59.708333,60
req-00012799,300525000,300,59.708333,60
req-00012800,300541667,300,59.708333,60
req-00012801,300558333,300,59.708333,60
req-00012802,300575000,300,59.708333,60
req-00012803,300591667,300,59.708333,60
req-00012804,300608333,300,59.708333,60
req-00012805,300625000,300,59.708333,60
req-00012806,300641667,300,59.708333,60
req-00012807,300658333,300,59.708333,60
req-00012808,300675000,300,59.708333,60
req-00012809,300691667,300,59.708333,60
req-00012810,300708333,300,59.708333,60
req-00012811,300725000,300,59.708333,60
req-00012812,300741667,300,59.708333,60
req-00012813,300758333,300,59.708333,60
req-00012814,300775000,300,59.708333,60
req-00012815,300791667,300,59.708333,60
req-00012816,300808333,300,59.708333,60
req-00012817,300825000,300,59.708333,60
req-00012818,300841667,300,59.708333,60
req-00012819,300858333,300,59.708333,60
req-00012820,300875000,300,59.708333,60
req-00012821,300891667,300,59.708333,60
req-00012822,300908333,300,59.708333,60
req-00012823,300925000,300,59.708333,60
req-00012824,300941667,300,59.708333,60
req-00012825,300958333,300,59.708333,60
req-00012826,300975000,300,59.708333,60
req-00012827,300991667,300,59.708333,60
req-00012828,301008475,301,59.416667,59
req-00012829,301025424,301,59.416667,59
req-00012830,301042373,301,59.416667,59
req-00012831,301059322,301,59.416667,59
req-00012832,301076271,301,59.416667,59
req-00012833,301093220,301,59.416667,59
req-00012834,301110169,301,59.416667,59
req-00012835,301127119,301,59.416667,59
req-00012836,301144068,301,59.416667,59
req-00012837,301161017,301,59.416667,59
req-00012838,301177966,301,59.416667,59
req-00012839,301194915,301,59.416667,59
req-00012840,301211864,301,59.416667,59
req-00012841,301228814,301,59.416667,59
req-00012842,301245763,301,59.416667,59
req-00012843,301262712,301,59.416667,59
req-00012844,301279661,301,59.416667,59
req-00012845,301296610,301,59.416667,59
req-00012846,301313559,301,59.416667,59
req-00012847,301330508,301,59.416667,59
req-00012848,301347458,301,59.416667,59
req-00012849,301364407,301,59.416667,59
req-00012850,301381356,301,59.416667,59
req-00012851,301398305,301,59.416667,59
req-00012852,301415254,301,59.416667,59
req-00012853,301432203,301,59.416667,59
req-00012854,301449153,301,59.416667,59
req-00012855,301466102,301,59.416667,59
req-00012856,301483051,301,59.416667,59
req-00012857,301500000,301,59.416667,59
req-00012858,301516949,301,59.416667,59
req-00012859,301533898,301,59.416667,59
req-00012860,301550847,301,59.416667,59
req-00012861,301567797,301,59.416667,59
req-00012862,301584746,301,59.416667,59
req-00012863,301601695,301,59.416667,59
req-00012864,301618644,301,59.416667,59
req-00012865,301635593,301,59.416667,59
req-00012866,301652542,301,59.416667,59
req-00012867,301669492,301,59.416667,59
req-00012868,301686441,301,59.416667,59
req-00012869,301703390,301,59.416667,59
req-00012870,301720339,301,59.416667,59
req-00012871,301737288,301,59.416667,59
req-00012872,301754237,301,59.416667,59
req-00012873,301771186,301,59.416667,59
req-00012874,301788136,301,59.416667,59
req-00012875,301805085,301,59.416667,59
req-00012876,301822034,301,59.416667,59
req-00012877,301838983,301,59.416667,59
req-00012878,301855932,301,59.416667,59
req-00012879,301872881,301,59.416667,59
req-00012880,301889831,301,59.416667,59
req-00012881,301906780,301,59.416667,59
req-00012882,301923729,301,59.416667,59
req-00012883,301940678,301,59.416667,59
req-00012884,301957627,301,59.416667,59
req-00012885,301974576,301,59.416667,59
req-00012886,301991525,301,59.416667,59
req-00012887,302008475,302,59.125000,59
req-00012888,302025424,302,59.125000,59
req-00012889,302042373,302,59.125000,59
req-00012890,302059322,302,59.125000,59
req-00012891,302076271,302,59.125000,59
req-00012892,302093220,302,59.125000,59
req-00012893,302110169,302,59.125000,59
req-00012894,302127119,302,59.125000,59
req-00012895,302144068,302,59.125000,59
req-00012896,302161017,302,59.125000,59
req-00012897,302177966,302,59.125000,59
req-00012898,302194915,302,59.125000,59
req-00012899,302211864,302,59.125000,59
req-00012900,302228814,302,59.125000,59
req-00012901,302245763,302,59.125000,59
req-00012902,302262712,302,59.125000,59
req-00012903,302279661,302,59.125000,59
req-00012904,302296610,302,59.125000,59
req-00012905,302313559,302,59.125000,59
req-00012906,302330508,302,59.125000,59
req-00012907,302347458,302,59.125000,59
req-00012908,302364407,302,59.125000,59
req-00012909,302381356,302,59.125000,59
req-00012910,302398305,302,59.125000,59
req-00012911,302415254,302,59.125000,59
req-00012912,302432203,302,59.125000,59
req-00012913,302449153,302,59.125000,59
req-00012914,302466102,302,59.125000,59
req-00012915,302483051,302,59.125000,59
req-00012916,302500000,302,59.125000,59
req-00012917,302516949,302,59.125000,59
req-00012918,302533898,302,59.125000,59
req-00012919,302550847,302,59.125000,59
req-00012920,302567797,302,59.125000,59
req-00012921,302584746,302,59.125000,59
req-00012922,302601695,302,59.125000,59
req-00012923,302618644,302,59.125000,59
req-00012924,302635593,302,59.125000,59
req-00012925,302652542,302,59.125000,59
req-00012926,302669492,302,59.125000,59
req-00012927,302686441,302,59.125000,59
req-00012928,302703390,302,59.125000,59
req-00012929,302720339,302,59.125000,59
req-00012930,302737288,302,59.125000,59
req-00012931,302754237,302,59.125000,59
req-00012932,302771186,302,59.125000,59
req-00012933,302788136,302,59.125000,59
req-00012934,302805085,302,59.125000,59
req-00012935,302822034,302,59.125000,59
req-00012936,302838983,302,59.125000,59
req-00012937,302855932,302,59.125000,59
req-00012938,302872881,302,59.125000,59
req-00012939,302889831,302,59.125000,59
req-00012940,302906780,302,59.125000,59
req-00012941,302923729,302,59.125000,59
req-00012942,302940678,302,59.125000,59
req-00012943,302957627,302,59.125000,59
req-00012944,302974576,302,59.125000,59
req-00012945,302991525,302,59.125000,59
req-00012946,303008475,303,58.833333,59
req-00012947,303025424,303,58.833333,59
req-00012948,303042373,303,58.833333,59
req-00012949,303059322,303,58.833333,59
req-00012950,303076271,303,58.833333,59
req-00012951,303093220,303,58.833333,59
req-00012952,303110169,303,58.833333,59
req-00012953,303127119,303,58.833333,59
req-00012954,303144068,303,58.833333,59
req-00012955,303161017,303,58.833333,59
req-00012956,303177966,303,58.833333,59
req-00012957,303194915,303,58.833333,59
req-00012958,303211864,303,58.833333,59
req-00012959,303228814,303,58.833333,59
req-00012960,303245763,303,58.833333,59
req-00012961,303262712,303,58.833333,59
req-00012962,303279661,303,58.833333,59
req-00012963,303296610,303,58.833333,59
req-00012964,303313559,303,58.833333,59
req-00012965,303330508,303,58.833333,59
req-00012966,303347458,303,58.833333,59
req-00012967,303364407,303,58.833333,59
req-00012968,303381356,303,58.833333,59
req-00012969,303398305,303,58.833333,59
req-00012970,303415254,303,58.833333,59
req-00012971,303432203,303,58.833333,59
req-00012972,303449153,303,58.833333,59
req-00012973,303466102,303,58.833333,59
req-00012974,303483051,303,58.833333,59
req-00012975,303500000,303,58.833333,59
req-00012976,303516949,303,58.833333,59
req-00012977,303533898,303,58.833333,59
req-00012978,303550847,303,58.833333,59
req-00012979,303567797,303,58.833333,59
req-00012980,303584746,303,58.833333,59
req-00012981,303601695,303,58.833333,59
req-00012982,303618644,303,58.833333,59
req-00012983,303635593,303,58.833333,59
req-00012984,303652542,303,58.833333,59
req-00012985,303669492,303,58.833333,59
req-00012986,303686441,303,58.833333,59
req-00012987,303703390,303,58.833333,59
req-00012988,303720339,303,58.833333,59
req-00012989,303737288,303,58.833333,59
req-00012990,303754237,303,58.833333,59
req-00012991,303771186,303,58.833333,59
req-00012992,303788136,303,58.833333,59
req-00012993,303805085,303,58.833333,59
req-00012994,303822034,303,58.833333,59
req-00012995,303838983,303,58.833333,59
req-00012996,303855932,303,58.833333,59
req-00012997,303872881,303,58.833333,59
req-00012998,303889831,303,58.833333,59
req-00012999,303906780,303,58.833333,59
req-00013000,303923729,303,58.833333,59
req-00013001,303940678,303,58.833333,59
req-00013002,303957627,303,58.833333,59
req-00013003,303974576,303,58.833333,59
req-00013004,303991525,303,58.833333,59
req-00013005,304008475,304,58.541667,59
req-00013006,304025424,304,58.541667,59
req-00013007,304042373,304,58.541667,59
req-00013008,304059322,304,58.541667,59
req-00013009,304076271,304,58.541667,59
req-00013010,304093220,304,58.541667,59
req-00013011,304110169,304,58.541667,59
req-00013012,304127119,304,58.541667,59
req-00013013,304144068,304,58.541667,59
req-00013014,304161017,304,58.541667,59
req-00013015,304177966,304,58.541667,59
req-00013016,304194915,304,58.541667,59
req-00013017,304211864,304,58.541667,59
req-00013018,304228814,304,58.541667,59
req-00013019,304245763,304,58.541667,59
req-00013020,304262712,304,58.541667,59
req-00013021,304279661,304,58.541667,59
req-00013022,304296610,304,58.541667,59
req-00013023,304313559,304,58.541667,59
req-00013024,304330508,304,58.541667,59
req-00013025,304347458,304,58.541667,59
req-00013026,304364407,304,58.541667,59
req-00013027,304381356,304,58.541667,59
req-00013028,304398305,304,58.541667,59
req-00013029,304415254,304,58.541667,59
req-00013030,304432203,304,58.541667,59
req-00013031,304449153,304,58.541667,59
req-00013032,304466102,304,58.541667,59
req-00013033,304483051,304,58.541667,59
req-00013034,304500000,304,58.541667,59
req-00013035,304516949,304,58.541667,59
req-00013036,304533898,304,58.541667,59
req-00013037,304550847,304,58.541667,59
req-00013038,304567797,304,58.541667,59
req-00013039,304584746,304,58.541667,59
req-00013040,304601695,304,58.541667,59
req-00013041,304618644,304,58.541667,59
req-00013042,304635593,304,58.541667,59
req-00013043,304652542,304,58.541667,59
req-00013044,304669492,304,58.541667,59
req-00013045,304686441,304,58.541667,59
req-00013046,304703390,304,58.541667,59
req-00013047,304720339,304,58.541667,59
req-00013048,304737288,304,58.541667,59
req-00013049,304754237,304,58.541667,59
req-00013050,304771186,304,58.541667,59
req-00013051,304788136,304,58.541667,59
req-00013052,304805085,304,58.541667,59
req-00013053,304822034,304,58.541667,59
req-00013054,304838983,304,58.541667,59
req-00013055,304855932,304,58.541667,59
req-00013056,304872881,304,58.541667,59
req-00013057,304889831,304,58.541667,59
req-00013058,304906780,304,58.541667,59
req-00013059,304923729,304,58.541667,59
req-00013060,304940678,304,58.541667,59
req-00013061,304957627,304,58.541667,59
req-00013062,304974576,304,58.541667,59
req-00013063,304991525,304,58.541667,59
req-00013064,305008621,305,58.250000,58
req-00013065,305025862,305,58.250000,58
req-00013066,305043103,305,58.250000,58
req-00013067,305060345,305,58.250000,58
req-00013068,305077586,305,58.250000,58
req-00013069,305094828,305,58.250000,58
req-00013070,305112069,305,58.250000,58
req-00013071,305129310,305,58.250000,58
req-00013072,305146552,305,58.250000,58
req-00013073,305163793,305,58.250000,58
req-00013074,305181034,305,58.250000,58
req-00013075,305198276,305,58.250000,58
req-00013076,305215517,305,58.250000,58
req-00013077,305232759,305,58.250000,58
req-00013078,305250000,305,58.250000,58
req-00013079,305267241,305,58.250000,58
req-00013080,305284483,305,58.250000,58
req-00013081,305301724,305,58.250000,58
req-00013082,305318966,305,58.250000,58
req-00013083,305336207,305,58.250000,58
req-00013084,305353448,305,58.250000,58
req-00013085,305370690,305,58.250000,58
req-00013086,305387931,305,58.250000,58
req-00013087,305405172,305,58.250000,58
req-00013088,305422414,305,58.250000,58
req-00013089,305439655,305,58.250000,58
req-00013090,305456897,305,58.250000,58
req-00013091,305474138,305,58.250000,58
req-00013092,305491379,305,58.250000,58
req-00013093,305508621,305,58.250000,58
req-00013094,305525862,305,58.250000,58
req-00013095,305543103,305,58.250000,58
req-00013096,305560345,305,58.250000,58
req-00013097,305577586,305,58.250000,58
req-00013098,305594828,305,58.250000,58
req-00013099,305612069,305,58.250000,58
req-00013100,305629310,305,58.250000,58
req-00013101,305646552,305,58.250000,58
req-00013102,305663793,305,58.250000,58
req-00013103,305681034,305,58.250000,58
req-00013104,305698276,305,58.250000,58
req-00013105,305715517,305,58.250000,58
req-00013106,305732759,305,58.250000,58
req-00013107,305750000,305,58.250000,58
req-00013108,305767241,305,58.250000,58
req-00013109,305784483,305,58.250000,58
req-00013110,305801724,305,58.250000,58
req-00013111,305818966,305,58.250000,58
req-00013112,305836207,305,58.250000,58
req-00013113,305853448,305,58.250000,58
req-00013114,305870690,305,58.250000,58
req-00013115,305887931,305,58.250000,58
req-00013116,305905172,305,58.250000,58
req-00013117,305922414,305,58.250000,58
req-00013118,305939655,305,58.250000,58
req-00013119,305956897,305,58.250000,58
req-00013120,305974138,305,58.250000,58
req-00013121,305991379,305,58.250000,58
req-00013122,306008621,306,57.958333,58
req-00013123,306025862,306,57.958333,58
req-00013124,306043103,306,57.958333,58
req-00013125,306060345,306,57.958333,58
req-00013126,306077586,306,57.958333,58
req-00013127,306094828,306,57.958333,58
req-00013128,306112069,306,57.958333,58
req-00013129,306129310,306,57.958333,58
req-00013130,306146552,306,57.958333,58
req-00013131,306163793,306,57.958333,58
req-00013132,306181034,306,57.958333,58
req-00013133,306198276,306,57.958333,58
req-00013134,306215517,306,57.958333,58
req-00013135,306232759,306,57.958333,58
req-00013136,306250000,306,57.958333,58
req-00013137,306267241,306,57.958333,58
req-00013138,306284483,306,57.958333,58
req-00013139,306301724,306,57.958333,58
req-00013140,306318966,306,57.958333,58
req-00013141,306336207,306,57.958333,58
req-00013142,306353448,306,57.958333,58
req-00013143,306370690,306,57.958333,58
req-00013144,306387931,306,57.958333,58
req-00013145,306405172,306,57.958333,58
req-00013146,306422414,306,57.958333,58
req-00013147,306439655,306,57.958333,58
req-00013148,306456897,306,57.958333,58
req-00013149,306474138,306,57.958333,58
req-00013150,306491379,306,57.958333,58
req-00013151,306508621,306,57.958333,58
req-00013152,306525862,306,57.958333,58
req-00013153,306543103,306,57.958333,58
req-00013154,306560345,306,57.958333,58
req-00013155,306577586,306,57.958333,58
req-00013156,306594828,306,57.958333,58
req-00013157,306612069,306,57.958333,58
req-00013158,306629310,306,57.958333,58
req-00013159,306646552,306,57.958333,58
req-00013160,306663793,306,57.958333,58
req-00013161,306681034,306,57.958333,58
req-00013162,306698276,306,57.958333,58
req-00013163,306715517,306,57.958333,58
req-00013164,306732759,306,57.958333,58
req-00013165,306750000,306,57.958333,58
req-00013166,306767241,306,57.958333,58
req-00013167,306784483,306,57.958333,58
req-00013168,306801724,306,57.958333,58
req-00013169,306818966,306,57.958333,58
req-00013170,306836207,306,57.958333,58
req-00013171,306853448,306,57.958333,58
req-00013172,306870690,306,57.958333,58
req-00013173,306887931,306,57.958333,58
req-00013174,306905172,306,57.958333,58
req-00013175,306922414,306,57.958333,58
req-00013176,306939655,306,57.958333,58
req-00013177,306956897,306,57.958333,58
req-00013178,306974138,306,57.958333,58
req-00013179,306991379,306,57.958333,58
req-00013180,307008621,307,57.666667,58
req-00013181,307025862,307,57.666667,58
req-00013182,307043103,307,57.666667,58
req-00013183,307060345,307,57.666667,58
req-00013184,307077586,307,57.666667,58
req-00013185,307094828,307,57.666667,58
req-00013186,307112069,307,57.666667,58
req-00013187,307129310,307,57.666667,58
req-00013188,307146552,307,57.666667,58
req-00013189,307163793,307,57.666667,58
req-00013190,307181034,307,57.666667,58
req-00013191,307198276,307,57.666667,58
req-00013192,307215517,307,57.666667,58
req-00013193,307232759,307,57.666667,58
req-00013194,307250000,307,57.666667,58
req-00013195,307267241,307,57.666667,58
req-00013196,307284483,307,57.666667,58
req-00013197,307301724,307,57.666667,58
req-00013198,307318966,307,57.666667,58
req-00013199,307336207,307,57.666667,58
req-00013200,307353448,307,57.666667,58
req-00013201,307370690,307,57.666667,58
req-00013202,307387931,307,57.666667,58
req-00013203,307405172,307,57.666667,58
req-00013204,307422414,307,57.666667,58
req-00013205,307439655,307,57.666667,58
req-00013206,307456897,307,57.666667,58
req-00013207,307474138,307,57.666667,58
req-00013208,307491379,307,57.666667,58
req-00013209,307508621,307,57.666667,58
req-00013210,307525862,307,57.666667,58
req-00013211,307543103,307,57.666667,58
req-00013212,307560345,307,57.666667,58
req-00013213,307577586,307,57.666667,58
req-00013214,307594828,307,57.666667,58
req-00013215,307612069,307,57.666667,58
req-00013216,307629310,307,57.666667,58
req-00013217,307646552,307,57.666667,58
req-00013218,307663793,307,57.666667,58
req-00013219,307681034,307,57.666667,58
req-00013220,307698276,307,57.666667,58
req-00013221,307715517,307,57.666667,58
req-00013222,307732759,307,57.666667,58
req-00013223,307750000,307,57.666667,58
req-00013224,307767241,307,57.666667,58
req-00013225,307784483,307,57.666667,58
req-00013226,307801724,307,57.666667,58
req-00013227,307818966,307,57.666667,58
req-00013228,307836207,307,57.666667,58
req-00013229,307853448,307,57.666667,58
req-00013230,307870690,307,57.666667,58
req-00013231,307887931,307,57.666667,58
req-00013232,307905172,307,57.666667,58
req-00013233,307922414,307,57.666667,58
req-00013234,307939655,307,57.666667,58
req-00013235,307956897,307,57.666667,58
req-00013236,307974138,307,57.666667,58
req-00013237,307991379,307,57.666667,58
req-00013238,308008772,308,57.375000,57
req-00013239,308026316,308,57.375000,57
req-00013240,308043860,308,57.375000,57
req-00013241,308061404,308,57.375000,57
req-00013242,308078947,308,57.375000,57
req-00013243,308096491,308,57.375000,57
req-00013244,308114035,308,57.375000,57
req-00013245,308131579,308,57.375000,57
req-00013246,308149123,308,57.375000,57
req-00013247,308166667,308,57.375000,57
req-00013248,308184211,308,57.375000,57
req-00013249,308201754,308,57.375000,57
req-00013250,308219298,308,57.375000,57
req-00013251,308236842,308,57.375000,57
req-00013252,308254386,308,57.375000,57
req-00013253,308271930,308,57.375000,57
req-00013254,308289474,308,57.375000,57
req-00013255,308307018,308,57.375000,57
req-00013256,308324561,308,57.375000,57
req-00013257,308342105,308,57.375000,57
req-00013258,308359649,308,57.375000,57
req-00013259,308377193,308,57.375000,57
req-00013260,308394737,308,57.375000,57
req-00013261,308412281,308,57.375000,57
req-00013262,308429825,308,57.375000,57
req-00013263,308447368,308,57.375000,57
req-00013264,308464912,308,57.375000,57
req-00013265,308482456,308,57.375000,57
req-00013266,308500000,308,57.375000,57
req-00013267,308517544,308,57.375000,57
req-00013268,308535088,308,57.375000,57
req-00013269,308552632,308,57.375000,57
req-00013270,308570175,308,57.375000,57
req-00013271,308587719,308,57.375000,57
req-00013272,308605263,308,57.375000,57
req-00013273,308622807,308,57.375000,57
req-00013274,308640351,308,57.375000,57
req-00013275,308657895,308,57.375000,57
req-00013276,308675439,308,57.375000,57
req-00013277,308692982,308,57.375000,57
req-00013278,308710526,308,57.375000,57
req-00013279,308728070,308,57.375000,57
req-00013280,308745614,308,57.375000,57
req-00013281,308763158,308,57.375000,57
req-00013282,308780702,308,57.375000,57
req-00013283,308798246,308,57.375000,57
req-00013284,308815789,308,57.375000,57
req-00013285,308833333,308,57.375000,57
req-00013286,308850877,308,57.375000,57
req-00013287,308868421,308,57.375000,57
req-00013288,308885965,308,57.375000,57
req-00013289,308903509,308,57.375000,57
req-00013290,308921053,308,57.375000,57
req-00013291,308938596,308,57.375000,57
req-00013292,308956140,308,57.375000,57
req-00013293,308973684,308,57.375000,57
req-00013294,308991228,308,57.375000,57
req-00013295,309008772,309,57.083333,57
req-00013296,309026316,309,57.083333,57
req-00013297,309043860,309,57.083333,57
req-00013298,309061404,309,57.083333,57
req-00013299,309078947,309,57.083333,57
req-00013300,309096491,309,57.083333,57
req-00013301,309114035,309,57.083333,57
req-00013302,309131579,309,57.083333,57
req-00013303,309149123,309,57.083333,57
req-00013304,309166667,309,57.083333,57
req-00013305,309184211,309,57.083333,57
req-00013306,309201754,309,57.083333,57
req-00013307,309219298,309,57.083333,57
req-00013308,309236842,309,57.083333,57
req-00013309,309254386,309,57.083333,57
req-00013310,309271930,309,57.083333,57
req-00013311,309289474,309,57.083333,57
req-00013312,309307018,309,57.083333,57
req-00013313,309324561,309,57.083333,57
req-00013314,309342105,309,57.083333,57
req-00013315,309359649,309,57.083333,57
req-00013316,309377193,309,57.083333,57
req-00013317,309394737,309,57.083333,57
req-00013318,309412281,309,57.083333,57
req-00013319,309429825,309,57.083333,57
req-00013320,309447368,309,57.083333,57
req-00013321,309464912,309,57.083333,57
req-00013322,309482456,309,57.083333,57
req-00013323,309500000,309,57.083333,57
req-00013324,309517544,309,57.083333,57
req-00013325,309535088,309,57.083333,57
req-00013326,309552632,309,57.083333,57
req-00013327,309570175,309,57.083333,57
req-00013328,309587719,309,57.083333,57
req-00013329,309605263,309,57.083333,57
req-00013330,309622807,309,57.083333,57
req-00013331,309640351,309,57.083333,57
req-00013332,309657895,309,57.083333,57
req-00013333,309675439,309,57.083333,57
req-00013334,309692982,309,57.083333,57
req-00013335,309710526,309,57.083333,57
req-00013336,309728070,309,57.083333,57
req-00013337,309745614,309,57.083333,57
req-00013338,309763158,309,57.083333,57
req-00013339,309780702,309,57.083333,57
req-00013340,309798246,309,57.083333,57
req-00013341,309815789,309,57.083333,57
req-00013342,309833333,309,57.083333,57
req-00013343,309850877,309,57.083333,57
req-00013344,309868421,309,57.083333,57
req-00013345,309885965,309,57.083333,57
req-00013346,309903509,309,57.083333,57
req-00013347,309921053,309,57.083333,57
req-00013348,309938596,309,57.083333,57
req-00013349,309956140,309,57.083333,57
req-00013350,309973684,309,57.083333,57
req-00013351,309991228,309,57.083333,57
req-00013352,310008772,310,56.791667,57
req-00013353,310026316,310,56.791667,57
req-00013354,310043860,310,56.791667,57
req-00013355,310061404,310,56.791667,57
req-00013356,310078947,310,56.791667,57
req-00013357,310096491,310,56.791667,57
req-00013358,310114035,310,56.791667,57
req-00013359,310131579,310,56.791667,57
req-00013360,310149123,310,56.791667,57
req-00013361,310166667,310,56.791667,57
req-00013362,310184211,310,56.791667,57
req-00013363,310201754,310,56.791667,57
req-00013364,310219298,310,56.791667,57
req-00013365,310236842,310,56.791667,57
req-00013366,310254386,310,56.791667,57
req-00013367,310271930,310,56.791667,57
req-00013368,310289474,310,56.791667,57
req-00013369,310307018,310,56.791667,57
req-00013370,310324561,310,56.791667,57
req-00013371,310342105,310,56.791667,57
req-00013372,310359649,310,56.791667,57
req-00013373,310377193,310,56.791667,57
req-00013374,310394737,310,56.791667,57
req-00013375,310412281,310,56.791667,57
req-00013376,310429825,310,56.791667,57
req-00013377,310447368,310,56.791667,57
req-00013378,310464912,310,56.791667,57
req-00013379,310482456,310,56.791667,57
req-00013380,310500000,310,56.791667,57
req-00013381,310517544,310,56.791667,57
req-00013382,310535088,310,56.791667,57
req-00013383,310552632,310,56.791667,57
req-00013384,310570175,310,56.791667,57
req-00013385,310587719,310,56.791667,57
req-00013386,310605263,310,56.791667,57
req-00013387,310622807,310,56.791667,57
req-00013388,310640351,310,56.791667,57
req-00013389,310657895,310,56.791667,57
req-00013390,310675439,310,56.791667,57
req-00013391,310692982,310,56.791667,57
req-00013392,310710526,310,56.791667,57
req-00013393,310728070,310,56.791667,57
req-00013394,310745614,310,56.791667,57
req-00013395,310763158,310,56.791667,57
req-00013396,310780702,310,56.791667,57
req-00013397,310798246,310,56.791667,57
req-00013398,310815789,310,56.791667,57
req-00013399,310833333,310,56.791667,57
req-00013400,310850877,310,56.791667,57
req-00013401,310868421,310,56.791667,57
req-00013402,310885965,310,56.791667,57
req-00013403,310903509,310,56.791667,57
req-00013404,310921053,310,56.791667,57
req-00013405,310938596,310,56.791667,57
req-00013406,310956140,310,56.791667,57
req-00013407,310973684,310,56.791667,57
req-00013408,310991228,310,56.791667,57
req-00013409,311008929,311,56.500000,56
req-00013410,311026786,311,56.500000,56
req-00013411,311044643,311,56.500000,56
req-00013412,311062500,311,56.500000,56
req-00013413,311080357,311,56.500000,56
req-00013414,311098214,311,56.500000,56
req-00013415,311116071,311,56.500000,56
req-00013416,311133929,311,56.500000,56
req-00013417,311151786,311,56.500000,56
req-00013418,311169643,311,56.500000,56
req-00013419,311187500,311,56.500000,56
req-00013420,311205357,311,56.500000,56
req-00013421,311223214,311,56.500000,56
req-00013422,311241071,311,56.500000,56
req-00013423,311258929,311,56.500000,56
req-00013424,311276786,311,56.500000,56
req-00013425,311294643,311,56.500000,56
req-00013426,311312500,311,56.500000,56
req-00013427,311330357,311,56.500000,56
req-00013428,311348214,311,56.500000,56
req-00013429,311366071,311,56.500000,56
req-00013430,311383929,311,56.500000,56
req-00013431,311401786,311,56.500000,56
req-00013432,311419643,311,56.500000,56
req-00013433,311437500,311,56.500000,56
req-00013434,311455357,311,56.500000,56
req-00013435,311473214,311,56.500000,56
req-00013436,311491071,311,56.500000,56
req-00013437,311508929,311,56.500000,56
req-00013438,311526786,311,56.500000,56
req-00013439,311544643,311,56.500000,56
req-00013440,311562500,311,56.500000,56
req-00013441,311580357,311,56.500000,56
req-00013442,311598214,311,56.500000,56
req-00013443,311616071,311,56.500000,56
req-00013444,311633929,311,56.500000,56
req-00013445,311651786,311,56.500000,56
req-00013446,311669643,311,56.500000,56
req-00013447,311687500,311,56.500000,56
req-00013448,311705357,311,56.500000,56
req-00013449,311723214,311,56.500000,56
req-00013450,311741071,311,56.500000,56
req-00013451,311758929,311,56.500000,56
req-00013452,311776786,311,56.500000,56
req-00013453,311794643,311,56.500000,56
req-00013454,311812500,311,56.500000,56
req-00013455,311830357,311,56.500000,56
req-00013456,311848214,311,56.500000,56
req-00013457,311866071,311,56.500000,56
req-00013458,311883929,311,56.500000,56
req-00013459,311901786,311,56.500000,56
req-00013460,311919643,311,56.500000,56
req-00013461,311937500,311,56.500000,56
req-00013462,311955357,311,56.500000,56
req-00013463,311973214,311,56.500000,56
req-00013464,311991071,311,56.500000,56
req-00013465,312008929,312,56.208333,56
req-00013466,312026786,312,56.208333,56
req-00013467,312044643,312,56.208333,56
req-00013468,312062500,312,56.208333,56
req-00013469,312080357,312,56.208333,56
req-00013470,312098214,312,56.208333,56
req-00013471,312116071,312,56.208333,56
req-00013472,312133929,312,56.208333,56
req-00013473,312151786,312,56.208333,56
req-00013474,312169643,312,56.208333,56
req-00013475,312187500,312,56.208333,56
req-00013476,312205357,312,56.208333,56
req-00013477,312223214,312,56.208333,56
req-00013478,312241071,312,56.208333,56
req-00013479,312258929,312,56.208333,56
req-00013480,312276786,312,56.208333,56
req-00013481,312294643,312,56.208333,56
req-00013482,312312500,312,56.208333,56
req-00013483,312330357,312,56.208333,56
req-00013484,312348214,312,56.208333,56
req-00013485,312366071,312,56.208333,56
req-00013486,312383929,312,56.208333,56
req-00013487,312401786,312,56.208333,56
req-00013488,312419643,312,56.208333,56
req-00013489,312437500,312,56.208333,56
req-00013490,312455357,312,56.208333,56
req-00013491,312473214,312,56.208333,56
req-00013492,312491071,312,56.208333,56
req-00013493,312508929,312,56.208333,56
req-00013494,312526786,312,56.208333,56
req-00013495,312544643,312,56.208333,56
req-00013496,312562500,312,56.208333,56
req-00013497,312580357,312,56.208333,56
req-00013498,312598214,312,56.208333,56
req-00013499,312616071,312,56.208333,56
req-00013500,312633929,312,56.208333,56
req-00013501,312651786,312,56.208333,56
req-00013502,312669643,312,56.208333,56
req-00013503,312687500,312,56.208333,56
req-00013504,312705357,312,56.208333,56
req-00013505,312723214,312,56.208333,56
req-00013506,312741071,312,56.208333,56
req-00013507,312758929,312,56.208333,56
req-00013508,312776786,312,56.208333,56
req-00013509,312794643,312,56.208333,56
req-00013510,312812500,312,56.208333,56
req-00013511,312830357,312,56.208333,56
req-00013512,312848214,312,56.208333,56
req-00013513,312866071,312,56.208333,56
req-00013514,312883929,312,56.208333,56
req-00013515,312901786,312,56.208333,56
req-00013516,312919643,312,56.208333,56
req-00013517,312937500,312,56.208333,56
req-00013518,312955357,312,56.208333,56
req-00013519,312973214,312,56.208333,56
req-00013520,312991071,312,56.208333,56
req-00013521,313008929,313,55.916667,56
req-00013522,313026786,313,55.916667,56
req-00013523,313044643,313,55.916667,56
req-00013524,313062500,313,55.916667,56
req-00013525,313080357,313,55.916667,56
req-00013526,313098214,313,55.916667,56
req-00013527,313116071,313,55.916667,56
req-00013528,313133929,313,55.916667,56
req-00013529,313151786,313,55.916667,56
req-00013530,313169643,313,55.916667,56
req-00013531,313187500,313,55.916667,56
req-00013532,313205357,313,55.916667,56
req-00013533,313223214,313,55.916667,56
req-00013534,313241071,313,55.916667,56
req-00013535,313258929,313,55.916667,56
req-00013536,313276786,313,55.916667,56
req-00013537,313294643,313,55.916667,56
req-00013538,313312500,313,55.916667,56
req-00013539,313330357,313,55.916667,56
req-00013540,313348214,313,55.916667,56
req-00013541,313366071,313,55.916667,56
req-00013542,313383929,313,55.916667,56
req-00013543,313401786,313,55.916667,56
req-00013544,313419643,313,55.916667,56
req-00013545,313437500,313,55.916667,56
req-00013546,313455357,313,55.916667,56
req-00013547,313473214,313,55.916667,56
req-00013548,313491071,313,55.916667,56
req-00013549,313508929,313,55.916667,56
req-00013550,313526786,313,55.916667,56
req-00013551,313544643,313,55.916667,56
req-00013552,313562500,313,55.916667,56
req-00013553,313580357,313,55.916667,56
req-00013554,313598214,313,55.916667,56
req-00013555,313616071,313,55.916667,56
req-00013556,313633929,313,55.916667,56
req-00013557,313651786,313,55.916667,56
req-00013558,313669643,313,55.916667,56
req-00013559,313687500,313,55.916667,56
req-00013560,313705357,313,55.916667,56
req-00013561,313723214,313,55.916667,56
req-00013562,313741071,313,55.916667,56
req-00013563,313758929,313,55.916667,56
req-00013564,313776786,313,55.916667,56
req-00013565,313794643,313,55.916667,56
req-00013566,313812500,313,55.916667,56
req-00013567,313830357,313,55.916667,56
req-00013568,313848214,313,55.916667,56
req-00013569,313866071,313,55.916667,56
req-00013570,313883929,313,55.916667,56
req-00013571,313901786,313,55.916667,56
req-00013572,313919643,313,55.916667,56
req-00013573,313937500,313,55.916667,56
req-00013574,313955357,313,55.916667,56
req-00013575,313973214,313,55.916667,56
req-00013576,313991071,313,55.916667,56
req-00013577,314008929,314,55.625000,56
req-00013578,314026786,314,55.625000,56
req-00013579,314044643,314,55.625000,56
req-00013580,314062500,314,55.625000,56
req-00013581,314080357,314,55.625000,56
req-00013582,314098214,314,55.625000,56
req-00013583,314116071,314,55.625000,56
req-00013584,314133929,314,55.625000,56
req-00013585,314151786,314,55.625000,56
req-00013586,314169643,314,55.625000,56
req-00013587,314187500,314,55.625000,56
req-00013588,314205357,314,55.625000,56
req-00013589,314223214,314,55.625000,56
req-00013590,314241071,314,55.625000,56
req-00013591,314258929,314,55.625000,56
req-00013592,314276786,314,55.625000,56
req-00013593,314294643,314,55.625000,56
req-00013594,314312500,314,55.625000,56
req-00013595,314330357,314,55.625000,56
req-00013596,314348214,314,55.625000,56
req-00013597,314366071,314,55.625000,56
req-00013598,314383929,314,55.625000,56
req-00013599,314401786,314,55.625000,56
req-00013600,314419643,314,55.625000,56
req-00013601,314437500,314,55.625000,56
req-00013602,314455357,314,55.625000,56
req-00013603,314473214,314,55.625000,56
req-00013604,314491071,314,55.625000,56
req-00013605,314508929,314,55.625000,56
req-00013606,314526786,314,55.625000,56
req-00013607,314544643,314,55.625000,56
req-00013608,314562500,314,55.625000,56
req-00013609,314580357,314,55.625000,56
req-00013610,314598214,314,55.625000,56
req-00013611,314616071,314,55.625000,56
req-00013612,314633929,314,55.625000,56
req-00013613,314651786,314,55.625000,56
req-00013614,314669643,314,55.625000,56
req-00013615,314687500,314,55.625000,56
req-00013616,314705357,314,55.625000,56
req-00013617,314723214,314,55.625000,56
req-00013618,314741071,314,55.625000,56
req-00013619,314758929,314,55.625000,56
req-00013620,314776786,314,55.625000,56
req-00013621,314794643,314,55.625000,56
req-00013622,314812500,314,55.625000,56
req-00013623,314830357,314,55.625000,56
req-00013624,314848214,314,55.625000,56
req-00013625,314866071,314,55.625000,56
req-00013626,314883929,314,55.625000,56
req-00013627,314901786,314,55.625000,56
req-00013628,314919643,314,55.625000,56
req-00013629,314937500,314,55.625000,56
req-00013630,314955357,314,55.625000,56
req-00013631,314973214,314,55.625000,56
req-00013632,314991071,314,55.625000,56
req-00013633,315009091,315,55.333333,55
req-00013634,315027273,315,55.333333,55
req-00013635,315045455,315,55.333333,55
req-00013636,315063636,315,55.333333,55
req-00013637,315081818,315,55.333333,55
req-00013638,315100000,315,55.333333,55
req-00013639,315118182,315,55.333333,55
req-00013640,315136364,315,55.333333,55
req-00013641,315154545,315,55.333333,55
req-00013642,315172727,315,55.333333,55
req-00013643,315190909,315,55.333333,55
req-00013644,315209091,315,55.333333,55
req-00013645,315227273,315,55.333333,55
req-00013646,315245455,315,55.333333,55
req-00013647,315263636,315,55.333333,55
req-00013648,315281818,315,55.333333,55
req-00013649,315300000,315,55.333333,55
req-00013650,315318182,315,55.333333,55
req-00013651,315336364,315,55.333333,55
req-00013652,315354545,315,55.333333,55
req-00013653,315372727,315,55.333333,55
req-00013654,315390909,315,55.333333,55
req-00013655,315409091,315,55.333333,55
req-00013656,315427273,315,55.333333,55
req-00013657,315445455,315,55.333333,55
req-00013658,315463636,315,55.333333,55
req-00013659,315481818,315,55.333333,55
req-00013660,315500000,315,55.333333,55
req-00013661,315518182,315,55.333333,55
req-00013662,315536364,315,55.333333,55
req-00013663,315554545,315,55.333333,55
req-00013664,315572727,315,55.333333,55
req-00013665,315590909,315,55.333333,55
req-00013666,315609091,315,55.333333,55
req-00013667,315627273,315,55.333333,55
req-00013668,315645455,315,55.333333,55
req-00013669,315663636,315,55.333333,55
req-00013670,315681818,315,55.333333,55
req-00013671,315700000,315,55.333333,55
req-00013672,315718182,315,55.333333,55
req-00013673,315736364,315,55.333333,55
req-00013674,315754545,315,55.333333,55
req-00013675,315772727,315,55.333333,55
req-00013676,315790909,315,55.333333,55
req-00013677,315809091,315,55.333333,55
req-00013678,315827273,315,55.333333,55
req-00013679,315845455,315,55.333333,55
req-00013680,315863636,315,55.333333,55
req-00013681,315881818,315,55.333333,55
req-00013682,315900000,315,55.333333,55
req-00013683,315918182,315,55.333333,55
req-00013684,315936364,315,55.333333,55
req-00013685,315954545,315,55.333333,55
req-00013686,315972727,315,55.333333,55
req-00013687,315990909,315,55.333333,55
req-00013688,316009091,316,55.041667,55
req-00013689,316027273,316,55.041667,55
req-00013690,316045455,316,55.041667,55
req-00013691,316063636,316,55.041667,55
req-00013692,316081818,316,55.041667,55
req-00013693,316100000,316,55.041667,55
req-00013694,316118182,316,55.041667,55
req-00013695,316136364,316,55.041667,55
req-00013696,316154545,316,55.041667,55
req-00013697,316172727,316,55.041667,55
req-00013698,316190909,316,55.041667,55
req-00013699,316209091,316,55.041667,55
req-00013700,316227273,316,55.041667,55
req-00013701,316245455,316,55.041667,55
req-00013702,316263636,316,55.041667,55
req-00013703,316281818,316,55.041667,55
req-00013704,316300000,316,55.041667,55
req-00013705,316318182,316,55.041667,55
req-00013706,316336364,316,55.041667,55
req-00013707,316354545,316,55.041667,55
req-00013708,316372727,316,55.041667,55
req-00013709,316390909,316,55.041667,55
req-00013710,316409091,316,55.041667,55
req-00013711,316427273,316,55.041667,55
req-00013712,316445455,316,55.041667,55
req-00013713,316463636,316,55.041667,55
req-00013714,316481818,316,55.041667,55
req-00013715,316500000,316,55.041667,55
req-00013716,316518182,316,55.041667,55
req-00013717,316536364,316,55.041667,55
req-00013718,316554545,316,55.041667,55
req-00013719,316572727,316,55.041667,55
req-00013720,316590909,316,55.041667,55
req-00013721,316609091,316,55.041667,55
req-00013722,316627273,316,55.041667,55
req-00013723,316645455,316,55.041667,55
req-00013724,316663636,316,55.041667,55
req-00013725,316681818,316,55.041667,55
req-00013726,316700000,316,55.041667,55
req-00013727,316718182,316,55.041667,55
req-00013728,316736364,316,55.041667,55
req-00013729,316754545,316,55.041667,55
req-00013730,316772727,316,55.041667,55
req-00013731,316790909,316,55.041667,55
req-00013732,316809091,316,55.041667,55
req-00013733,316827273,316,55.041667,55
req-00013734,316845455,316,55.041667,55
req-00013735,316863636,316,55.041667,55
req-00013736,316881818,316,55.041667,55
req-00013737,316900000,316,55.041667,55
req-00013738,316918182,316,55.041667,55
req-00013739,316936364,316,55.041667,55
req-00013740,316954545,316,55.041667,55
req-00013741,316972727,316,55.041667,55
req-00013742,316990909,316,55.041667,55
req-00013743,317009091,317,54.750000,55
req-00013744,317027273,317,54.750000,55
req-00013745,317045455,317,54.750000,55
req-00013746,317063636,317,54.750000,55
req-00013747,317081818,317,54.750000,55
req-00013748,317100000,317,54.750000,55
req-00013749,317118182,317,54.750000,55
req-00013750,317136364,317,54.750000,55
req-00013751,317154545,317,54.750000,55
req-00013752,317172727,317,54.750000,55
req-00013753,317190909,317,54.750000,55
req-00013754,317209091,317,54.750000,55
req-00013755,317227273,317,54.750000,55
req-00013756,317245455,317,54.750000,55
req-00013757,317263636,317,54.750000,55
req-00013758,317281818,317,54.750000,55
req-00013759,317300000,317,54.750000,55
req-00013760,317318182,317,54.750000,55
req-00013761,317336364,317,54.750000,55
req-00013762,317354545,317,54.750000,55
req-00013763,317372727,317,54.750000,55
req-00013764,317390909,317,54.750000,55
req-00013765,317409091,317,54.750000,55
req-00013766,317427273,317,54.750000,55
req-00013767,317445455,317,54.750000,55
req-00013768,317463636,317,54.750000,55
req-00013769,317481818,317,54.750000,55
req-00013770,317500000,317,54.750000,55
req-00013771,317518182,317,54.750000,55
req-00013772,317536364,317,54.750000,55
req-00013773,317554545,317,54.750000,55
req-00013774,317572727,317,54.750000,55
req-00013775,317590909,317,54.750000,55
req-00013776,317609091,317,54.750000,55
req-00013777,317627273,317,54.750000,55
req-00013778,317645455,317,54.750000,55
req-00013779,317663636,317,54.750000,55
req-00013780,317681818,317,54.750000,55
req-00013781,317700000,317,54.750000,55
req-00013782,317718182,317,54.750000,55
req-00013783,317736364,317,54.750000,55
req-00013784,317754545,317,54.750000,55
req-00013785,317772727,317,54.750000,55
req-00013786,317790909,317,54.750000,55
req-00013787,317809091,317,54.750000,55
req-00013788,317827273,317,54.750000,55
req-00013789,317845455,317,54.750000,55
req-00013790,317863636,317,54.750000,55
req-00013791,317881818,317,54.750000,55
req-00013792,317900000,317,54.750000,55
req-00013793,317918182,317,54.750000,55
req-00013794,317936364,317,54.750000,55
req-00013795,317954545,317,54.750000,55
req-00013796,317972727,317,54.750000,55
req-00013797,317990909,317,54.750000,55
req-00013798,318009091,318,54.458333,55
req-00013799,318027273,318,54.458333,55
req-00013800,318045455,318,54.458333,55
req-00013801,318063636,318,54.458333,55
req-00013802,318081818,318,54.458333,55
req-00013803,318100000,318,54.458333,55
req-00013804,318118182,318,54.458333,55
req-00013805,318136364,318,54.458333,55
req-00013806,318154545,318,54.458333,55
req-00013807,318172727,318,54.458333,55
req-00013808,318190909,318,54.458333,55
req-00013809,318209091,318,54.458333,55
req-00013810,318227273,318,54.458333,55
req-00013811,318245455,318,54.458333,55
req-00013812,318263636,318,54.458333,55
req-00013813,318281818,318,54.458333,55
req-00013814,318300000,318,54.458333,55
req-00013815,318318182,318,54.458333,55
req-00013816,318336364,318,54.458333,55
req-00013817,318354545,318,54.458333,55
req-00013818,318372727,318,54.458333,55
req-00013819,318390909,318,54.458333,55
req-00013820,318409091,318,54.458333,55
req-00013821,318427273,318,54.458333,55
req-00013822,318445455,318,54.458333,55
req-00013823,318463636,318,54.458333,55
req-00013824,318481818,318,54.458333,55
req-00013825,318500000,318,54.458333,55
req-00013826,318518182,318,54.458333,55
req-00013827,318536364,318,54.458333,55
req-00013828,318554545,318,54.458333,55
req-00013829,318572727,318,54.458333,55
req-00013830,318590909,318,54.458333,55
req-00013831,318609091,318,54.458333,55
req-00013832,318627273,318,54.458333,55
req-00013833,318645455,318,54.458333,55
req-00013834,318663636,318,54.458333,55
req-00013835,318681818,318,54.458333,55
req-00013836,318700000,318,54.458333,55
req-00013837,318718182,318,54.458333,55
req-00013838,318736364,318,54.458333,55
req-00013839,318754545,318,54.458333,55
req-00013840,318772727,318,54.458333,55
req-00013841,318790909,318,54.458333,55
req-00013842,318809091,318,54.458333,55
req-00013843,318827273,318,54.458333,55
req-00013844,318845455,318,54.458333,55
req-00013845,318863636,318,54.458333,55
req-00013846,318881818,318,54.458333,55
req-00013847,318900000,318,54.458333,55
req-00013848,318918182,318,54.458333,55
req-00013849,318936364,318,54.458333,55
req-00013850,318954545,318,54.458333,55
req-00013851,318972727,318,54.458333,55
req-00013852,318990909,318,54.458333,55
req-00013853,319009259,319,54.166667,54
req-00013854,319027778,319,54.166667,54
req-00013855,319046296,319,54.166667,54
req-00013856,319064815,319,54.166667,54
req-00013857,319083333,319,54.166667,54
req-00013858,319101852,319,54.166667,54
req-00013859,319120370,319,54.166667,54
req-00013860,319138889,319,54.166667,54
req-00013861,319157407,319,54.166667,54
req-00013862,319175926,319,54.166667,54
req-00013863,319194444,319,54.166667,54
req-00013864,319212963,319,54.166667,54
req-00013865,319231481,319,54.166667,54
req-00013866,319250000,319,54.166667,54
req-00013867,319268519,319,54.166667,54
req-00013868,319287037,319,54.166667,54
req-00013869,319305556,319,54.166667,54
req-00013870,319324074,319,54.166667,54
req-00013871,319342593,319,54.166667,54
req-00013872,319361111,319,54.166667,54
req-00013873,319379630,319,54.166667,54
req-00013874,319398148,319,54.166667,54
req-00013875,319416667,319,54.166667,54
req-00013876,319435185,319,54.166667,54
req-00013877,319453704,319,54.166667,54
req-00013878,319472222,319,54.166667,54
req-00013879,319490741,319,54.166667,54
req-00013880,319509259,319,54.166667,54
req-00013881,319527778,319,54.166667,54
req-00013882,319546296,319,54.166667,54
req-00013883,319564815,319,54.166667,54
req-00013884,319583333,319,54.166667,54
req-00013885,319601852,319,54.166667,54
req-00013886,319620370,319,54.166667,54
req-00013887,319638889,319,54.166667,54
req-00013888,319657407,319,54.166667,54
req-00013889,319675926,319,54.166667,54
req-00013890,319694444,319,54.166667,54
req-00013891,319712963,319,54.166667,54
req-00013892,319731481,319,54.166667,54
req-00013893,319750000,319,54.166667,54
req-00013894,319768519,319,54.166667,54
req-00013895,319787037,319,54.166667,54
req-00013896,319805556,319,54.166667,54
req-00013897,319824074,319,54.166667,54
req-00013898,319842593,319,54.166667,54
req-00013899,319861111,319,54.166667,54
req-00013900,319879630,319,54.166667,54
req-00013901,319898148,319,54.166667,54
req-00013902,319916667,319,54.166667,54
req-00013903,319935185,319,54.166667,54
req-00013904,319953704,319,54.166667,54
req-00013905,319972222,319,54.166667,54
req-00013906,319990741,319,54.166667,54
req-00013907,320009259,320,53.875000,54
req-00013908,320027778,320,53.875000,54
req-00013909,320046296,320,53.875000,54
req-00013910,320064815,320,53.875000,54
req-00013911,320083333,320,53.875000,54
req-00013912,320101852,320,53.875000,54
req-00013913,320120370,320,53.875000,54
req-00013914,320138889,320,53.875000,54
req-00013915,320157407,320,53.875000,54
req-00013916,320175926,320,53.875000,54
req-00013917,320194444,320,53.875000,54
req-00013918,320212963,320,53.875000,54
req-00013919,320231481,320,53.875000,54
req-00013920,320250000,320,53.875000,54
req-00013921,320268519,320,53.875000,54
req-00013922,320287037,320,53.875000,54
req-00013923,320305556,320,53.875000,54
req-00013924,320324074,320,53.875000,54
req-00013925,320342593,320,53.875000,54
req-00013926,320361111,320,53.875000,54
req-00013927,320379630,320,53.875000,54
req-00013928,320398148,320,53.875000,54
req-00013929,320416667,320,53.875000,54
req-00013930,320435185,320,53.875000,54
req-00013931,320453704,320,53.875000,54
req-00013932,320472222,320,53.875000,54
req-00013933,320490741,320,53.875000,54
req-00013934,320509259,320,53.875000,54
req-00013935,320527778,320,53.875000,54
req-00013936,320546296,320,53.875000,54
req-00013937,320564815,320,53.875000,54
req-00013938,320583333,320,53.875000,54
req-00013939,320601852,320,53.875000,54
req-00013940,320620370,320,53.875000,54
req-00013941,320638889,320,53.875000,54
req-00013942,320657407,320,53.875000,54
req-00013943,320675926,320,53.875000,54
req-00013944,320694444,320,53.875000,54
req-00013945,320712963,320,53.875000,54
req-00013946,320731481,320,53.875000,54
req-00013947,320750000,320,53.875000,54
req-00013948,320768519,320,53.875000,54
req-00013949,320787037,320,53.875000,54
req-00013950,320805556,320,53.875000,54
req-00013951,320824074,320,53.875000,54
req-00013952,320842593,320,53.875000,54
req-00013953,320861111,320,53.875000,54
req-00013954,320879630,320,53.875000,54
req-00013955,320898148,320,53.875000,54
req-00013956,320916667,320,53.875000,54
req-00013957,320935185,320,53.875000,54
req-00013958,320953704,320,53.875000,54
req-00013959,320972222,320,53.875000,54
req-00013960,320990741,320,53.875000,54
req-00013961,321009434,321,53.583333,53
req-00013962,321028302,321,53.583333,53
req-00013963,321047170,321,53.583333,53
req-00013964,321066038,321,53.583333,53
req-00013965,321084906,321,53.583333,53
req-00013966,321103774,321,53.583333,53
req-00013967,321122642,321,53.583333,53
req-00013968,321141509,321,53.583333,53
req-00013969,321160377,321,53.583333,53
req-00013970,321179245,321,53.583333,53
req-00013971,321198113,321,53.583333,53
req-00013972,321216981,321,53.583333,53
req-00013973,321235849,321,53.583333,53
req-00013974,321254717,321,53.583333,53
req-00013975,321273585,321,53.583333,53
req-00013976,321292453,321,53.583333,53
req-00013977,321311321,321,53.583333,53
req-00013978,321330189,321,53.583333,53
req-00013979,321349057,321,53.583333,53
req-00013980,321367925,321,53.583333,53
req-00013981,321386792,321,53.583333,53
req-00013982,321405660,321,53.583333,53
req-00013983,321424528,321,53.583333,53
req-00013984,321443396,321,53.583333,53
req-00013985,321462264,321,53.583333,53
req-00013986,321481132,321,53.583333,53
req-00013987,321500000,321,53.583333,53
req-00013988,321518868,321,53.583333,53
req-00013989,321537736,321,53.583333,53
req-00013990,321556604,321,53.583333,53
req-00013991,321575472,321,53.583333,53
req-00013992,321594340,321,53.583333,53
req-00013993,321613208,321,53.583333,53
req-00013994,321632075,321,53.583333,53
req-00013995,321650943,321,53.583333,53
req-00013996,321669811,321,53.583333,53
req-00013997,321688679,321,53.583333,53
req-00013998,321707547,321,53.583333,53
req-00013999,321726415,321,53.583333,53
req-00014000,321745283,321,53.583333,53
req-00014001,321764151,321,53.583333,53
req-00014002,321783019,321,53.583333,53
req-00014003,321801887,321,53.583333,53
req-00014004,321820755,321,53.583333,53
req-00014005,321839623,321,53.583333,53
req-00014006,321858491,321,53.583333,53
req-00014007,321877358,321,53.583333,53
req-00014008,321896226,321,53.583333,53
req-00014009,321915094,321,53.583333,53
req-00014010,321933962,321,53.583333,53
req-00014011,321952830,321,53.583333,53
req-00014012,321971698,321,53.583333,53
req-00014013,321990566,321,53.583333,53
req-00014014,322009259,322,53.291667,54
req-00014015,322027778,322,53.291667,54
req-00014016,322046296,322,53.291667,54
req-00014017,322064815,322,53.291667,54
req-00014018,322083333,322,53.291667,54
req-00014019,322101852,322,53.291667,54
req-00014020,322120370,322,53.291667,54
req-00014021,322138889,322,53.291667,54
req-00014022,322157407,322,53.291667,54
req-00014023,322175926,322,53.291667,54
req-00014024,322194444,322,53.291667,54
req-00014025,322212963,322,53.291667,54
req-00014026,322231481,322,53.291667,54
req-00014027,322250000,322,53.291667,54
req-00014028,322268519,322,53.291667,54
req-00014029,322287037,322,53.291667,54
req-00014030,322305556,322,53.291667,54
req-00014031,322324074,322,53.291667,54
req-00014032,322342593,322,53.291667,54
req-00014033,322361111,322,53.291667,54
req-00014034,322379630,322,53.291667,54
req-00014035,322398148,322,53.291667,54
req-00014036,322416667,322,53.291667,54
req-00014037,322435185,322,53.291667,54
req-00014038,322453704,322,53.291667,54
req-00014039,322472222,322,53.291667,54
req-00014040,322490741,322,53.291667,54
req-00014041,322509259,322,53.291667,54
req-00014042,322527778,322,53.291667,54
req-00014043,322546296,322,53.291667,54
req-00014044,322564815,322,53.291667,54
req-00014045,322583333,322,53.291667,54
req-00014046,322601852,322,53.291667,54
req-00014047,322620370,322,53.291667,54
req-00014048,322638889,322,53.291667,54
req-00014049,322657407,322,53.291667,54
req-00014050,322675926,322,53.291667,54
req-00014051,322694444,322,53.291667,54
req-00014052,322712963,322,53.291667,54
req-00014053,322731481,322,53.291667,54
req-00014054,322750000,322,53.291667,54
req-00014055,322768519,322,53.291667,54
req-00014056,322787037,322,53.291667,54
req-00014057,322805556,322,53.291667,54
req-00014058,322824074,322,53.291667,54
req-00014059,322842593,322,53.291667,54
req-00014060,322861111,322,53.291667,54
req-00014061,322879630,322,53.291667,54
req-00014062,322898148,322,53.291667,54
req-00014063,322916667,322,53.291667,54
req-00014064,322935185,322,53.291667,54
req-00014065,322953704,322,53.291667,54
req-00014066,322972222,322,53.291667,54
req-00014067,322990741,322,53.291667,54
req-00014068,323009434,323,53.000000,53
req-00014069,323028302,323,53.000000,53
req-00014070,323047170,323,53.000000,53
req-00014071,323066038,323,53.000000,53
req-00014072,323084906,323,53.000000,53
req-00014073,323103774,323,53.000000,53
req-00014074,323122642,323,53.000000,53
req-00014075,323141509,323,53.000000,53
req-00014076,323160377,323,53.000000,53
req-00014077,323179245,323,53.000000,53
req-00014078,323198113,323,53.000000,53
req-00014079,323216981,323,53.000000,53
req-00014080,323235849,323,53.000000,53
req-00014081,323254717,323,53.000000,53
req-00014082,323273585,323,53.000000,53
req-00014083,323292453,323,53.000000,53
req-00014084,323311321,323,53.000000,53
req-00014085,323330189,323,53.000000,53
req-00014086,323349057,323,53.000000,53
req-00014087,323367925,323,53.000000,53
req-00014088,323386792,323,53.000000,53
req-00014089,323405660,323,53.000000,53
req-00014090,323424528,323,53.000000,53
req-00014091,323443396,323,53.000000,53
req-00014092,323462264,323,53.000000,53
req-00014093,323481132,323,53.000000,53
req-00014094,323500000,323,53.000000,53
req-00014095,323518868,323,53.000000,53
req-00014096,323537736,323,53.000000,53
req-00014097,323556604,323,53.000000,53
req-00014098,323575472,323,53.000000,53
req-00014099,323594340,323,53.000000,53
req-00014100,323613208,323,53.000000,53
req-00014101,323632075,323,53.000000,53
req-00014102,323650943,323,53.000000,53
req-00014103,323669811,323,53.000000,53
req-00014104,323688679,323,53.000000,53
req-00014105,323707547,323,53.000000,53
req-00014106,323726415,323,53.000000,53
req-00014107,323745283,323,53.000000,53
req-00014108,323764151,323,53.000000,53
req-00014109,323783019,323,53.000000,53
req-00014110,323801887,323,53.000000,53
req-00014111,323820755,323,53.000000,53
req-00014112,323839623,323,53.000000,53
req-00014113,323858491,323,53.000000,53
req-00014114,323877358,323,53.000000,53
req-00014115,323896226,323,53.000000,53
req-00014116,323915094,323,53.000000,53
req-00014117,323933962,323,53.000000,53
req-00014118,323952830,323,53.000000,53
req-00014119,323971698,323,53.000000,53
req-00014120,323990566,323,53.000000,53
req-00014121,324009615,324,52.708333,52
req-00014122,324028846,324,52.708333,52
req-00014123,324048077,324,52.708333,52
req-00014124,324067308,324,52.708333,52
req-00014125,324086538,324,52.708333,52
req-00014126,324105769,324,52.708333,52
req-00014127,324125000,324,52.708333,52
req-00014128,324144231,324,52.708333,52
req-00014129,324163462,324,52.708333,52
req-00014130,324182692,324,52.708333,52
req-00014131,324201923,324,52.708333,52
req-00014132,324221154,324,52.708333,52
req-00014133,324240385,324,52.708333,52
req-00014134,324259615,324,52.708333,52
req-00014135,324278846,324,52.708333,52
req-00014136,324298077,324,52.708333,52
req-00014137,324317308,324,52.708333,52
req-00014138,324336538,324,52.708333,52
req-00014139,324355769,324,52.708333,52
req-00014140,324375000,324,52.708333,52
req-00014141,324394231,324,52.708333,52
req-00014142,324413462,324,52.708333,52
req-00014143,324432692,324,52.708333,52
req-00014144,324451923,324,52.708333,52
req-00014145,324471154,324,52.708333,52
req-00014146,324490385,324,52.708333,52
req-00014147,324509615,324,52.708333,52
req-00014148,324528846,324,52.708333,52
req-00014149,324548077,324,52.708333,52
req-00014150,324567308,324,52.708333,52
req-00014151,324586538,324,52.708333,52
req-00014152,324605769,324,52.708333,52
req-00014153,324625000,324,52.708333,52
req-00014154,324644231,324,52.708333,52
req-00014155,324663462,324,52.708333,52
req-00014156,324682692,324,52.708333,52
req-00014157,324701923,324,52.708333,52
req-00014158,324721154,324,52.708333,52
req-00014159,324740385,324,52.708333,52
req-00014160,324759615,324,52.708333,52
req-00014161,324778846,324,52.708333,52
req-00014162,324798077,324,52.708333,52
req-00014163,324817308,324,52.708333,52
req-00014164,324836538,324,52.708333,52
req-00014165,324855769,324,52.708333,52
req-00014166,324875000,324,52.708333,52
req-00014167,324894231,324,52.708333,52
req-00014168,324913462,324,52.708333,52
req-00014169,324932692,324,52.708333,52
req-00014170,324951923,324,52.708333,52
req-00014171,324971154,324,52.708333,52
req-00014172,324990385,324,52.708333,52
req-00014173,325009434,325,52.416667,53
req-00014174,325028302,325,52.416667,53
req-00014175,325047170,325,52.416667,53
req-00014176,325066038,325,52.416667,53
req-00014177,325084906,325,52.416667,53
req-00014178,325103774,325,52.416667,53
req-00014179,325122642,325,52.416667,53
req-00014180,325141509,325,52.416667,53
req-00014181,325160377,325,52.416667,53
req-00014182,325179245,325,52.416667,53
req-00014183,325198113,325,52.416667,53
req-00014184,325216981,325,52.416667,53
req-00014185,325235849,325,52.416667,53
req-00014186,325254717,325,52.416667,53
req-00014187,325273585,325,52.416667,53
req-00014188,325292453,325,52.416667,53
req-00014189,325311321,325,52.416667,53
req-00014190,325330189,325,52.416667,53
req-00014191,325349057,325,52.416667,53
req-00014192,325367925,325,52.416667,53
req-00014193,325386792,325,52.416667,53
req-00014194,325405660,325,52.416667,53
req-00014195,325424528,325,52.416667,53
req-00014196,325443396,325,52.416667,53
req-00014197,325462264,325,52.416667,53
req-00014198,325481132,325,52.416667,53
req-00014199,325500000,325,52.416667,53
req-00014200,325518868,325,52.416667,53
req-00014201,325537736,325,52.416667,53
req-00014202,325556604,325,52.416667,53
req-00014203,325575472,325,52.416667,53
req-00014204,325594340,325,52.416667,53
req-00014205,325613208,325,52.416667,53
req-00014206,325632075,325,52.416667,53
req-00014207,325650943,325,52.416667,53
req-00014208,325669811,325,52.416667,53
req-00014209,325688679,325,52.416667,53
req-00014210,325707547,325,52.416667,53
req-00014211,325726415,325,52.416667,53
req-00014212,325745283,325,52.416667,53
req-00014213,325764151,325,52.416667,53
req-00014214,325783019,325,52.416667,53
req-00014215,325801887,325,52.416667,53
req-00014216,325820755,325,52.416667,53
req-00014217,325839623,325,52.416667,53
req-00014218,325858491,325,52.416667,53
req-00014219,325877358,325,52.416667,53
req-00014220,325896226,325,52.416667,53
req-00014221,325915094,325,52.416667,53
req-00014222,325933962,325,52.416667,53
req-00014223,325952830,325,52.416667,53
req-00014224,325971698,325,52.416667,53
req-00014225,325990566,325,52.416667,53
req-00014226,326009615,326,52.125000,52
req-00014227,326028846,326,52.125000,52
req-00014228,326048077,326,52.125000,52
req-00014229,326067308,326,52.125000,52
req-00014230,326086538,326,52.125000,52
req-00014231,326105769,326,52.125000,52
req-00014232,326125000,326,52.125000,52
req-00014233,326144231,326,52.125000,52
req-00014234,326163462,326,52.125000,52
req-00014235,326182692,326,52.125000,52
req-00014236,326201923,326,52.125000,52
req-00014237,326221154,326,52.125000,52
req-00014238,326240385,326,52.125000,52
req-00014239,326259615,326,52.125000,52
req-00014240,326278846,326,52.125000,52
req-00014241,326298077,326,52.125000,52
req-00014242,326317308,326,52.125000,52
req-00014243,326336538,326,52.125000,52
req-00014244,326355769,326,52.125000,52
req-00014245,326375000,326,52.125000,52
req-00014246,326394231,326,52.125000,52
req-00014247,326413462,326,52.125000,52
req-00014248,326432692,326,52.125000,52
req-00014249,326451923,326,52.125000,52
req-00014250,326471154,326,52.125000,52
req-00014251,326490385,326,52.125000,52
req-00014252,326509615,326,52.125000,52
req-00014253,326528846,326,52.125000,52
req-00014254,326548077,326,52.125000,52
req-00014255,326567308,326,52.125000,52
req-00014256,326586538,326,52.125000,52
req-00014257,326605769,326,52.125000,52
req-00014258,326625000,326,52.125000,52
req-00014259,326644231,326,52.125000,52
req-00014260,326663462,326,52.125000,52
req-00014261,326682692,326,52.125000,52
req-00014262,326701923,326,52.125000,52
req-00014263,326721154,326,52.125000,52
req-00014264,326740385,326,52.125000,52
req-00014265,326759615,326,52.125000,52
req-00014266,326778846,326,52.125000,52
req-00014267,326798077,326,52.125000,52
req-00014268,326817308,326,52.125000,52
req-00014269,326836538,326,52.125000,52
req-00014270,326855769,326,52.125000,52
req-00014271,326875000,326,52.125000,52
req-00014272,326894231,326,52.125000,52
req-00014273,326913462,326,52.125000,52
req-00014274,326932692,326,52.125000,52
req-00014275,326951923,326,52.125000,52
req-00014276,326971154,326,52.125000,52
req-00014277,326990385,326,52.125000,52
req-00014278,327009615,327,51.833333,52
req-00014279,327028846,327,51.833333,52
req-00014280,327048077,327,51.833333,52
req-00014281,327067308,327,51.833333,52
req-00014282,327086538,327,51.833333,52
req-00014283,327105769,327,51.833333,52
req-00014284,327125000,327,51.833333,52
req-00014285,327144231,327,51.833333,52
req-00014286,327163462,327,51.833333,52
req-00014287,327182692,327,51.833333,52
req-00014288,327201923,327,51.833333,52
req-00014289,327221154,327,51.833333,52
req-00014290,327240385,327,51.833333,52
req-00014291,327259615,327,51.833333,52
req-00014292,327278846,327,51.833333,52
req-00014293,327298077,327,51.833333,52
req-00014294,327317308,327,51.833333,52
req-00014295,327336538,327,51.833333,52
req-00014296,327355769,327,51.833333,52
req-00014297,327375000,327,51.833333,52
req-00014298,327394231,327,51.833333,52
req-00014299,327413462,327,51.833333,52
req-00014300,327432692,327,51.833333,52
req-00014301,327451923,327,51.833333,52
req-00014302,327471154,327,51.833333,52
req-00014303,327490385,327,51.833333,52
req-00014304,327509615,327,51.833333,52
req-00014305,327528846,327,51.833333,52
req-00014306,327548077,327,51.833333,52
req-00014307,327567308,327,51.833333,52
req-00014308,327586538,327,51.833333,52
req-00014309,327605769,327,51.833333,52
req-00014310,327625000,327,51.833333,52
req-00014311,327644231,327,51.833333,52
req-00014312,327663462,327,51.833333,52
req-00014313,327682692,327,51.833333,52
req-00014314,327701923,327,51.833333,52
req-00014315,327721154,327,51.833333,52
req-00014316,327740385,327,51.833333,52
req-00014317,327759615,327,51.833333,52
req-00014318,327778846,327,51.833333,52
req-00014319,327798077,327,51.833333,52
req-00014320,327817308,327,51.833333,52
req-00014321,327836538,327,51.833333,52
req-00014322,327855769,327,51.833333,52
req-00014323,327875000,327,51.833333,52
req-00014324,327894231,327,51.833333,52
req-00014325,327913462,327,51.833333,52
req-00014326,327932692,327,51.833333,52
req-00014327,327951923,327,51.833333,52
req-00014328,327971154,327,51.833333,52
req-00014329,327990385,327,51.833333,52
req-00014330,328009804,328,51.541667,51
req-00014331,328029412,328,51.541667,51
req-00014332,328049020,328,51.541667,51
req-00014333,328068627,328,51.541667,51
req-00014334,328088235,328,51.541667,51
req-00014335,328107843,328,51.541667,51
req-00014336,328127451,328,51.541667,51
req-00014337,328147059,328,51.541667,51
req-00014338,328166667,328,51.541667,51
req-00014339,328186275,328,51.541667,51
req-00014340,328205882,328,51.541667,51
req-00014341,328225490,328,51.541667,51
req-00014342,328245098,328,51.541667,51
req-00014343,328264706,328,51.541667,51
req-00014344,328284314,328,51.541667,51
req-00014345,328303922,328,51.541667,51
req-00014346,328323529,328,51.541667,51
req-00014347,328343137,328,51.541667,51
req-00014348,328362745,328,51.541667,51
req-00014349,328382353,328,51.541667,51
req-00014350,328401961,328,51.541667,51
req-00014351,328421569,328,51.541667,51
req-00014352,328441176,328,51.541667,51
req-00014353,328460784,328,51.541667,51
req-00014354,328480392,328,51.541667,51
req-00014355,328500000,328,51.541667,51
req-00014356,328519608,328,51.541667,51
req-00014357,328539216,328,51.541667,51
req-00014358,328558824,328,51.541667,51
req-00014359,328578431,328,51.541667,51
req-00014360,328598039,328,51.541667,51
req-00014361,328617647,328,51.541667,51
req-00014362,328637255,328,51.541667,51
req-00014363,328656863,328,51.541667,51
req-00014364,328676471,328,51.541667,51
req-00014365,328696078,328,51.541667,51
req-00014366,328715686,328,51.541667,51
req-00014367,328735294,328,51.541667,51
req-00014368,328754902,328,51.541667,51
req-00014369,328774510,328,51.541667,51
req-00014370,328794118,328,51.541667,51
req-00014371,328813725,328,51.541667,51
req-00014372,328833333,328,51.541667,51
req-00014373,328852941,328,51.541667,51
req-00014374,328872549,328,51.541667,51
req-00014375,328892157,328,51.541667,51
req-00014376,328911765,328,51.541667,51
req-00014377,328931373,328,51.541667,51
req-00014378,328950980,328,51.541667,51
req-00014379,328970588,328,51.541667,51
req-00014380,328990196,328,51.541667,51
req-00014381,329009804,329,51.250000,51
req-00014382,329029412,329,51.250000,51
req-00014383,329049020,329,51.250000,51
req-00014384,329068627,329,51.250000,51
req-00014385,329088235,329,51.250000,51
req-00014386,329107843,329,51.250000,51
req-00014387,329127451,329,51.250000,51
req-00014388,329147059,329,51.250000,51
req-00014389,329166667,329,51.250000,51
req-00014390,329186275,329,51.250000,51
req-00014391,329205882,329,51.250000,51
req-00014392,329225490,329,51.250000,51
req-00014393,329245098,329,51.250000,51
req-00014394,329264706,329,51.250000,51
req-00014395,329284314,329,51.250000,51
req-00014396,329303922,329,51.250000,51
req-00014397,329323529,329,51.250000,51
req-00014398,329343137,329,51.250000,51
req-00014399,329362745,329,51.250000,51
req-00014400,329382353,329,51.250000,51
req-00014401,329401961,329,51.250000,51
req-00014402,329421569,329,51.250000,51
req-00014403,329441176,329,51.250000,51
req-00014404,329460784,329,51.250000,51
req-00014405,329480392,329,51.250000,51
req-00014406,329500000,329,51.250000,51
req-00014407,329519608,329,51.250000,51
req-00014408,329539216,329,51.250000,51
req-00014409,329558824,329,51.250000,51
req-00014410,329578431,329,51.250000,51
req-00014411,329598039,329,51.250000,51
req-00014412,329617647,329,51.250000,51
req-00014413,329637255,329,51.250000,51
req-00014414,329656863,329,51.250000,51
req-00014415,329676471,329,51.250000,51
req-00014416,329696078,329,51.250000,51
req-00014417,329715686,329,51.250000,51
req-00014418,329735294,329,51.250000,51
req-00014419,329754902,329,51.250000,51
req-00014420,329774510,329,51.250000,51
req-00014421,329794118,329,51.250000,51
req-00014422,329813725,329,51.250000,51
req-00014423,329833333,329,51.250000,51
req-00014424,329852941,329,51.250000,51
req-00014425,329872549,329,51.250000,51
req-00014426,329892157,329,51.250000,51
req-00014427,329911765,329,51.250000,51
req-00014428,329931373,329,51.250000,51
req-00014429,329950980,329,51.250000,51
req-00014430,329970588,329,51.250000,51
req-00014431,329990196,329,51.250000,51
req-00014432,330009804,330,50.958333,51
req-00014433,330029412,330,50.958333,51
req-00014434,330049020,330,50.958333,51
req-00014435,330068627,330,50.958333,51
req-00014436,330088235,330,50.958333,51
req-00014437,330107843,330,50.958333,51
req-00014438,330127451,330,50.958333,51
req-00014439,330147059,330,50.958333,51
req-00014440,330166667,330,50.958333,51
req-00014441,330186275,330,50.958333,51
req-00014442,330205882,330,50.958333,51
req-00014443,330225490,330,50.958333,51
req-00014444,330245098,330,50.958333,51
req-00014445,330264706,330,50.958333,51
req-00014446,330284314,330,50.958333,51
req-00014447,330303922,330,50.958333,51
req-00014448,330323529,330,50.958333,51
req-00014449,330343137,330,50.958333,51
req-00014450,330362745,330,50.958333,51
req-00014451,330382353,330,50.958333,51
req-00014452,330401961,330,50.958333,51
req-00014453,330421569,330,50.958333,51
req-00014454,330441176,330,50.958333,51
req-00014455,330460784,330,50.958333,51
req-00014456,330480392,330,50.958333,51
req-00014457,330500000,330,50.958333,51
req-00014458,330519608,330,50.958333,51
req-00014459,330539216,330,50.958333,51
req-00014460,330558824,330,50.958333,51
req-00014461,330578431,330,50.958333,51
req-00014462,330598039,330,50.958333,51
req-00014463,330617647,330,50.958333,51
req-00014464,330637255,330,50.958333,51
req-00014465,330656863,330,50.958333,51
req-00014466,330676471,330,50.958333,51
req-00014467,330696078,330,50.958333,51
req-00014468,330715686,330,50.958333,51
req-00014469,330735294,330,50.958333,51
req-00014470,330754902,330,50.958333,51
req-00014471,330774510,330,50.958333,51
req-00014472,330794118,330,50.958333,51
req-00014473,330813725,330,50.958333,51
req-00014474,330833333,330,50.958333,51
req-00014475,330852941,330,50.958333,51
req-00014476,330872549,330,50.958333,51
req-00014477,330892157,330,50.958333,51
req-00014478,330911765,330,50.958333,51
req-00014479,330931373,330,50.958333,51
req-00014480,330950980,330,50.958333,51
req-00014481,330970588,330,50.958333,51
req-00014482,330990196,330,50.958333,51
req-00014483,331009804,331,50.666667,51
req-00014484,331029412,331,50.666667,51
req-00014485,331049020,331,50.666667,51
req-00014486,331068627,331,50.666667,51
req-00014487,331088235,331,50.666667,51
req-00014488,331107843,331,50.666667,51
req-00014489,331127451,331,50.666667,51
req-00014490,331147059,331,50.666667,51
req-00014491,331166667,331,50.666667,51
req-00014492,331186275,331,50.666667,51
req-00014493,331205882,331,50.666667,51
req-00014494,331225490,331,50.666667,51
req-00014495,331245098,331,50.666667,51
req-00014496,331264706,331,50.666667,51
req-00014497,331284314,331,50.666667,51
req-00014498,331303922,331,50.666667,51
req-00014499,331323529,331,50.666667,51
req-00014500,331343137,331,50.666667,51
req-00014501,331362745,331,50.666667,51
req-00014502,331382353,331,50.666667,51
req-00014503,331401961,331,50.666667,51
req-00014504,331421569,331,50.666667,51
req-00014505,331441176,331,50.666667,51
req-00014506,331460784,331,50.666667,51
req-00014507,331480392,331,50.666667,51
req-00014508,331500000,331,50.666667,51
req-00014509,331519608,331,50.666667,51
req-00014510,331539216,331,50.666667,51
req-00014511,331558824,331,50.666667,51
req-00014512,331578431,331,50.666667,51
req-00014513,331598039,331,50.666667,51
req-00014514,331617647,331,50.666667,51
req-00014515,331637255,331,50.666667,51
req-00014516,331656863,331,50.666667,51
req-00014517,331676471,331,50.666667,51
req-00014518,331696078,331,50.666667,51
req-00014519,331715686,331,50.666667,51
req-00014520,331735294,331,50.666667,51
req-00014521,331754902,331,50.666667,51
req-00014522,331774510,331,50.666667,51
req-00014523,331794118,331,50.666667,51
req-00014524,331813725,331,50.666667,51
req-00014525,331833333,331,50.666667,51
req-00014526,331852941,331,50.666667,51
req-00014527,331872549,331,50.666667,51
req-00014528,331892157,331,50.666667,51
req-00014529,331911765,331,50.666667,51
req-00014530,331931373,331,50.666667,51
req-00014531,331950980,331,50.666667,51
req-00014532,331970588,331,50.666667,51
req-00014533,331990196,331,50.666667,51
req-00014534,332010000,332,50.375000,50
req-00014535,332030000,332,50.375000,50
req-00014536,332050000,332,50.375000,50
req-00014537,332070000,332,50.375000,50
req-00014538,332090000,332,50.375000,50
req-00014539,332110000,332,50.375000,50
req-00014540,332130000,332,50.375000,50
req-00014541,332150000,332,50.375000,50
req-00014542,332170000,332,50.375000,50
req-00014543,332190000,332,50.375000,50
req-00014544,332210000,332,50.375000,50
req-00014545,332230000,332,50.375000,50
req-00014546,332250000,332,50.375000,50
req-00014547,332270000,332,50.375000,50
req-00014548,332290000,332,50.375000,50
req-00014549,332310000,332,50.375000,50
req-00014550,332330000,332,50.375000,50
req-00014551,332350000,332,50.375000,50
req-00014552,332370000,332,50.375000,50
req-00014553,332390000,332,50.375000,50
req-00014554,332410000,332,50.375000,50
req-00014555,332430000,332,50.375000,50
req-00014556,332450000,332,50.375000,50
req-00014557,332470000,332,50.375000,50
req-00014558,332490000,332,50.375000,50
req-00014559,332510000,332,50.375000,50
req-00014560,332530000,332,50.375000,50
req-00014561,332550000,332,50.375000,50
req-00014562,332570000,332,50.375000,50
req-00014563,332590000,332,50.375000,50
req-00014564,332610000,332,50.375000,50
req-00014565,332630000,332,50.375000,50
req-00014566,332650000,332,50.375000,50
req-00014567,332670000,332,50.375000,50
req-00014568,332690000,332,50.375000,50
req-00014569,332710000,332,50.375000,50
req-00014570,332730000,332,50.375000,50
req-00014571,332750000,332,50.375000,50
req-00014572,332770000,332,50.375000,50
req-00014573,332790000,332,50.375000,50
req-00014574,332810000,332,50.375000,50
req-00014575,332830000,332,50.375000,50
req-00014576,332850000,332,50.375000,50
req-00014577,332870000,332,50.375000,50
req-00014578,332890000,332,50.375000,50
req-00014579,332910000,332,50.375000,50
req-00014580,332930000,332,50.375000,50
req-00014581,332950000,332,50.375000,50
req-00014582,332970000,332,50.375000,50
req-00014583,332990000,332,50.375000,50
req-00014584,333010000,333,50.083333,50
req-00014585,333030000,333,50.083333,50
req-00014586,333050000,333,50.083333,50
req-00014587,333070000,333,50.083333,50
req-00014588,333090000,333,50.083333,50
req-00014589,333110000,333,50.083333,50
req-00014590,333130000,333,50.083333,50
req-00014591,333150000,333,50.083333,50
req-00014592,333170000,333,50.083333,50
req-00014593,333190000,333,50.083333,50
req-00014594,333210000,333,50.083333,50
req-00014595,333230000,333,50.083333,50
req-00014596,333250000,333,50.083333,50
req-00014597,333270000,333,50.083333,50
req-00014598,333290000,333,50.083333,50
req-00014599,333310000,333,50.083333,50
req-00014600,333330000,333,50.083333,50
req-00014601,333350000,333,50.083333,50
req-00014602,333370000,333,50.083333,50
req-00014603,333390000,333,50.083333,50
req-00014604,333410000,333,50.083333,50
req-00014605,333430000,333,50.083333,50
req-00014606,333450000,333,50.083333,50
req-00014607,333470000,333,50.083333,50
req-00014608,333490000,333,50.083333,50
req-00014609,333510000,333,50.083333,50
req-00014610,333530000,333,50.083333,50
req-00014611,333550000,333,50.083333,50
req-00014612,333570000,333,50.083333,50
req-00014613,333590000,333,50.083333,50
req-00014614,333610000,333,50.083333,50
req-00014615,333630000,333,50.083333,50
req-00014616,333650000,333,50.083333,50
req-00014617,333670000,333,50.083333,50
req-00014618,333690000,333,50.083333,50
req-00014619,333710000,333,50.083333,50
req-00014620,333730000,333,50.083333,50
req-00014621,333750000,333,50.083333,50
req-00014622,333770000,333,50.083333,50
req-00014623,333790000,333,50.083333,50
req-00014624,333810000,333,50.083333,50
req-00014625,333830000,333,50.083333,50
req-00014626,333850000,333,50.083333,50
req-00014627,333870000,333,50.083333,50
req-00014628,333890000,333,50.083333,50
req-00014629,333910000,333,50.083333,50
req-00014630,333930000,333,50.083333,50
req-00014631,333950000,333,50.083333,50
req-00014632,333970000,333,50.083333,50
req-00014633,333990000,333,50.083333,50
req-00014634,334010000,334,49.791667,50
req-00014635,334030000,334,49.791667,50
req-00014636,334050000,334,49.791667,50
req-00014637,334070000,334,49.791667,50
req-00014638,334090000,334,49.791667,50
req-00014639,334110000,334,49.791667,50
req-00014640,334130000,334,49.791667,50
req-00014641,334150000,334,49.791667,50
req-00014642,334170000,334,49.791667,50
req-00014643,334190000,334,49.791667,50
req-00014644,334210000,334,49.791667,50
req-00014645,334230000,334,49.791667,50
req-00014646,334250000,334,49.791667,50
req-00014647,334270000,334,49.791667,50
req-00014648,334290000,334,49.791667,50
req-00014649,334310000,334,49.791667,50
req-00014650,334330000,334,49.791667,50
req-00014651,334350000,334,49.791667,50
req-00014652,334370000,334,49.791667,50
req-00014653,334390000,334,49.791667,50
req-00014654,334410000,334,49.791667,50
req-00014655,334430000,334,49.791667,50
req-00014656,334450000,334,49.791667,50
req-00014657,334470000,334,49.791667,50
req-00014658,334490000,334,49.791667,50
req-00014659,334510000,334,49.791667,50
req-00014660,334530000,334,49.791667,50
req-00014661,334550000,334,49.791667,50
req-00014662,334570000,334,49.791667,50
req-00014663,334590000,334,49.791667,50
req-00014664,334610000,334,49.791667,50
req-00014665,334630000,334,49.791667,50
req-00014666,334650000,334,49.791667,50
req-00014667,334670000,334,49.791667,50
req-00014668,334690000,334,49.791667,50
req-00014669,334710000,334,49.791667,50
req-00014670,334730000,334,49.791667,50
req-00014671,334750000,334,49.791667,50
req-00014672,334770000,334,49.791667,50
req-00014673,334790000,334,49.791667,50
req-00014674,334810000,334,49.791667,50
req-00014675,334830000,334,49.791667,50
req-00014676,334850000,334,49.791667,50
req-00014677,334870000,334,49.791667,50
req-00014678,334890000,334,49.791667,50
req-00014679,334910000,334,49.791667,50
req-00014680,334930000,334,49.791667,50
req-00014681,334950000,334,49.791667,50
req-00014682,334970000,334,49.791667,50
req-00014683,334990000,334,49.791667,50
req-00014684,335010000,335,49.500000,50
req-00014685,335030000,335,49.500000,50
req-00014686,335050000,335,49.500000,50
req-00014687,335070000,335,49.500000,50
req-00014688,335090000,335,49.500000,50
req-00014689,335110000,335,49.500000,50
req-00014690,335130000,335,49.500000,50
req-00014691,335150000,335,49.500000,50
req-00014692,335170000,335,49.500000,50
req-00014693,335190000,335,49.500000,50
req-00014694,335210000,335,49.500000,50
req-00014695,335230000,335,49.500000,50
req-00014696,335250000,335,49.500000,50
req-00014697,335270000,335,49.500000,50
req-00014698,335290000,335,49.500000,50
req-00014699,335310000,335,49.500000,50
req-00014700,335330000,335,49.500000,50
req-00014701,335350000,335,49.500000,50
req-00014702,335370000,335,49.500000,50
req-00014703,335390000,335,49.500000,50
req-00014704,335410000,335,49.500000,50
req-00014705,335430000,335,49.500000,50
req-00014706,335450000,335,49.500000,50
req-00014707,335470000,335,49.500000,50
req-00014708,335490000,335,49.500000,50
req-00014709,335510000,335,49.500000,50
req-00014710,335530000,335,49.500000,50
req-00014711,335550000,335,49.500000,50
req-00014712,335570000,335,49.500000,50
req-00014713,335590000,335,49.500000,50
req-00014714,335610000,335,49.500000,50
req-00014715,335630000,335,49.500000,50
req-00014716,335650000,335,49.500000,50
req-00014717,335670000,335,49.500000,50
req-00014718,335690000,335,49.500000,50
req-00014719,335710000,335,49.500000,50
req-00014720,335730000,335,49.500000,50
req-00014721,335750000,335,49.500000,50
req-00014722,335770000,335,49.500000,50
req-00014723,335790000,335,49.500000,50
req-00014724,335810000,335,49.500000,50
req-00014725,335830000,335,49.500000,50
req-00014726,335850000,335,49.500000,50
req-00014727,335870000,335,49.500000,50
req-00014728,335890000,335,49.500000,50
req-00014729,335910000,335,49.500000,50
req-00014730,335930000,335,49.500000,50
req-00014731,335950000,335,49.500000,50
req-00014732,335970000,335,49.500000,50
req-00014733,335990000,335,49.500000,50
req-00014734,336010204,336,49.208333,49
req-00014735,336030612,336,49.208333,49
req-00014736,336051020,336,49.208333,49
req-00014737,336071429,336,49.208333,49
req-00014738,336091837,336,49.208333,49
req-00014739,336112245,336,49.208333,49
req-00014740,336132653,336,49.208333,49
req-00014741,336153061,336,49.208333,49
req-00014742,336173469,336,49.208333,49
req-00014743,336193878,336,49.208333,49
req-00014744,336214286,336,49.208333,49
req-00014745,336234694,336,49.208333,49
req-00014746,336255102,336,49.208333,49
req-00014747,336275510,336,49.208333,49
req-00014748,336295918,336,49.208333,49
req-00014749,336316327,336,49.208333,49
req-00014750,336336735,336,49.208333,49
req-00014751,336357143,336,49.208333,49
req-00014752,336377551,336,49.208333,49
req-00014753,336397959,336,49.208333,49
req-00014754,336418367,336,49.208333,49
req-00014755,336438776,336,49.208333,49
req-00014756,336459184,336,49.208333,49
req-00014757,336479592,336,49.208333,49
req-00014758,336500000,336,49.208333,49
req-00014759,336520408,336,49.208333,49
req-00014760,336540816,336,49.208333,49
req-00014761,336561224,336,49.208333,49
req-00014762,336581633,336,49.208333,49
req-00014763,336602041,336,49.208333,49
req-00014764,336622449,336,49.208333,49
req-00014765,336642857,336,49.208333,49
req-00014766,336663265,336,49.208333,49
req-00014767,336683673,336,49.208333,49
req-00014768,336704082,336,49.208333,49
req-00014769,336724490,336,49.208333,49
req-00014770,336744898,336,49.208333,49
req-00014771,336765306,336,49.208333,49
req-00014772,336785714,336,49.208333,49
req-00014773,336806122,336,49.208333,49
req-00014774,336826531,336,49.208333,49
req-00014775,336846939,336,49.208333,49
req-00014776,336867347,336,49.208333,49
req-00014777,336887755,336,49.208333,49
req-00014778,336908163,336,49.208333,49
req-00014779,336928571,336,49.208333,49
req-00014780,336948980,336,49.208333,49
req-00014781,336969388,336,49.208333,49
req-00014782,336989796,336,49.208333,49
req-00014783,337010204,337,48.916667,49
req-00014784,337030612,337,48.916667,49
req-00014785,337051020,337,48.916667,49
req-00014786,337071429,337,48.916667,49
req-00014787,337091837,337,48.916667,49
req-00014788,337112245,337,48.916667,49
req-00014789,337132653,337,48.916667,49
req-00014790,337153061,337,48.916667,49
req-00014791,337173469,337,48.916667,49
req-00014792,337193878,337,48.916667,49
req-00014793,337214286,337,48.916667,49
req-00014794,337234694,337,48.916667,49
req-00014795,337255102,337,48.916667,49
req-00014796,337275510,337,48.916667,49
req-00014797,337295918,337,48.916667,49
req-00014798,337316327,337,48.916667,49
req-00014799,337336735,337,48.916667,49
req-00014800,337357143,337,48.916667,49
req-00014801,337377551,337,48.916667,49
req-00014802,337397959,337,48.916667,49
req-00014803,337418367,337,48.916667,49
req-00014804,337438776,337,48.916667,49
req-00014805,337459184,337,48.916667,49
req-00014806,337479592,337,48.916667,49
req-00014807,337500000,337,48.916667,49
req-00014808,337520408,337,48.916667,49
req-00014809,337540816,337,48.916667,49
req-00014810,337561224,337,48.916667,49
req-00014811,337581633,337,48.916667,49
req-00014812,337602041,337,48.916667,49
req-00014813,337622449,337,48.916667,49
req-00014814,337642857,337,48.916667,49
req-00014815,337663265,337,48.916667,49
req-00014816,337683673,337,48.916667,49
req-00014817,337704082,337,48.916667,49
req-00014818,337724490,337,48.916667,49
req-00014819,337744898,337,48.916667,49
req-00014820,337765306,337,48.916667,49
req-00014821,337785714,337,48.916667,49
req-00014822,337806122,337,48.916667,49
req-00014823,337826531,337,48.916667,49
req-00014824,337846939,337,48.916667,49
req-00014825,337867347,337,48.916667,49
req-00014826,337887755,337,48.916667,49
req-00014827,337908163,337,48.916667,49
req-00014828,337928571,337,48.916667,49
req-00014829,337948980,337,48.916667,49
req-00014830,337969388,337,48.916667,49
req-00014831,337989796,337,48.916667,49
req-00014832,338010204,338,48.625000,49
req-00014833,338030612,338,48.625000,49
req-00014834,338051020,338,48.625000,49
req-00014835,338071429,338,48.625000,49
req-00014836,338091837,338,48.625000,49
req-00014837,338112245,338,48.625000,49
req-00014838,338132653,338,48.625000,49
req-00014839,338153061,338,48.625000,49
req-00014840,338173469,338,48.625000,49
req-00014841,338193878,338,48.625000,49
req-00014842,338214286,338,48.625000,49
req-00014843,338234694,338,48.625000,49
req-00014844,338255102,338,48.625000,49
req-00014845,338275510,338,48.625000,49
req-00014846,338295918,338,48.625000,49
req-00014847,338316327,338,48.625000,49
req-00014848,338336735,338,48.625000,49
req-00014849,338357143,338,48.625000,49
req-00014850,338377551,338,48.625000,49
req-00014851,338397959,338,48.625000,49
req-00014852,338418367,338,48.625000,49
req-00014853,338438776,338,48.625000,49
req-00014854,338459184,338,48.625000,49
req-00014855,338479592,338,48.625000,49
req-00014856,338500000,338,48.625000,49
req-00014857,338520408,338,48.625000,49
req-00014858,338540816,338,48.625000,49
req-00014859,338561224,338,48.625000,49
req-00014860,338581633,338,48.625000,49
req-00014861,338602041,338,48.625000,49
req-00014862,338622449,338,48.625000,49
req-00014863,338642857,338,48.625000,49
req-00014864,338663265,338,48.625000,49
req-00014865,338683673,338,48.625000,49
req-00014866,338704082,338,48.625000,49
req-00014867,338724490,338,48.625000,49
req-00014868,338744898,338,48.625000,49
req-00014869,338765306,338,48.625000,49
req-00014870,338785714,338,48.625000,49
req-00014871,338806122,338,48.625000,49
req-00014872,338826531,338,48.625000,49
req-00014873,338846939,338,48.625000,49
req-00014874,338867347,338,48.625000,49
req-00014875,338887755,338,48.625000,49
req-00014876,338908163,338,48.625000,49
req-00014877,338928571,338,48.625000,49
req-00014878,338948980,338,48.625000,49
req-00014879,338969388,338,48.625000,49
req-00014880,338989796,338,48.625000,49
req-00014881,339010417,339,48.333333,48
req-00014882,339031250,339,48.333333,48
req-00014883,339052083,339,48.333333,48
req-00014884,339072917,339,48.333333,48
req-00014885,339093750,339,48.333333,48
req-00014886,339114583,339,48.333333,48
req-00014887,339135417,339,48.333333,48
req-00014888,339156250,339,48.333333,48
req-00014889,339177083,339,48.333333,48
req-00014890,339197917,339,48.333333,48
req-00014891,339218750,339,48.333333,48
req-00014892,339239583,339,48.333333,48
req-00014893,339260417,339,48.333333,48
req-00014894,339281250,339,48.333333,48
req-00014895,339302083,339,48.333333,48
req-00014896,339322917,339,48.333333,48
req-00014897,339343750,339,48.333333,48
req-00014898,339364583,339,48.333333,48
req-00014899,339385417,339,48.333333,48
req-00014900,339406250,339,48.333333,48
req-00014901,339427083,339,48.333333,48
req-00014902,339447917,339,48.333333,48
req-00014903,339468750,339,48.333333,48
req-00014904,339489583,339,48.333333,48
req-00014905,339510417,339,48.333333,48
req-00014906,339531250,339,48.333333,48
req-00014907,339552083,339,48.333333,48
req-00014908,339572917,339,48.333333,48
req-00014909,339593750,339,48.333333,48
req-00014910,339614583,339,48.333333,48
req-00014911,339635417,339,48.333333,48
req-00014912,339656250,339,48.333333,48
req-00014913,339677083,339,48.333333,48
req-00014914,339697917,339,48.333333,48
req-00014915,339718750,339,48.333333,48
req-00014916,339739583,339,48.333333,48
req-00014917,339760417,339,48.333333,48
req-00014918,339781250,339,48.333333,48
req-00014919,339802083,339,48.333333,48
req-00014920,339822917,339,48.333333,48
req-00014921,339843750,339,48.333333,48
req-00014922,339864583,339,48.333333,48
req-00014923,339885417,339,48.333333,48
req-00014924,339906250,339,48.333333,48
req-00014925,339927083,339,48.333333,48
req-00014926,339947917,339,48.333333,48
req-00014927,339968750,339,48.333333,48
req-00014928,339989583,339,48.333333,48
req-00014929,340010417,340,48.041667,48
req-00014930,340031250,340,48.041667,48
req-00014931,340052083,340,48.041667,48
req-00014932,340072917,340,48.041667,48
req-00014933,340093750,340,48.041667,48
req-00014934,340114583,340,48.041667,48
req-00014935,340135417,340,48.041667,48
req-00014936,340156250,340,48.041667,48
req-00014937,340177083,340,48.041667,48
req-00014938,340197917,340,48.041667,48
req-00014939,340218750,340,48.041667,48
req-00014940,340239583,340,48.041667,48
req-00014941,340260417,340,48.041667,48
req-00014942,340281250,340,48.041667,48
req-00014943,340302083,340,48.041667,48
req-00014944,340322917,340,48.041667,48
req-00014945,340343750,340,48.041667,48
req-00014946,340364583,340,48.041667,48
req-00014947,340385417,340,48.041667,48
req-00014948,340406250,340,48.041667,48
req-00014949,340427083,340,48.041667,48
req-00014950,340447917,340,48.041667,48
req-00014951,340468750,340,48.041667,48
req-00014952,340489583,340,48.041667,48
req-00014953,340510417,340,48.041667,48
req-00014954,340531250,340,48.041667,48
req-00014955,340552083,340,48.041667,48
req-00014956,340572917,340,48.041667,48
req-00014957,340593750,340,48.041667,48
req-00014958,340614583,340,48.041667,48
req-00014959,340635417,340,48.041667,48
req-00014960,340656250,340,48.041667,48
req-00014961,340677083,340,48.041667,48
req-00014962,340697917,340,48.041667,48
req-00014963,340718750,340,48.041667,48
req-00014964,340739583,340,48.041667,48
req-00014965,340760417,340,48.041667,48
req-00014966,340781250,340,48.041667,48
req-00014967,340802083,340,48.041667,48
req-00014968,340822917,340,48.041667,48
req-00014969,340843750,340,48.041667,48
req-00014970,340864583,340,48.041667,48
req-00014971,340885417,340,48.041667,48
req-00014972,340906250,340,48.041667,48
req-00014973,340927083,340,48.041667,48
req-00014974,340947917,340,48.041667,48
req-00014975,340968750,340,48.041667,48
req-00014976,340989583,340,48.041667,48
req-00014977,341010417,341,47.750000,48
req-00014978,341031250,341,47.750000,48
req-00014979,341052083,341,47.750000,48
req-00014980,341072917,341,47.750000,48
req-00014981,341093750,341,47.750000,48
req-00014982,341114583,341,47.750000,48
req-00014983,341135417,341,47.750000,48
req-00014984,341156250,341,47.750000,48
req-00014985,341177083,341,47.750000,48
req-00014986,341197917,341,47.750000,48
req-00014987,341218750,341,47.750000,48
req-00014988,341239583,341,47.750000,48
req-00014989,341260417,341,47.750000,48
req-00014990,341281250,341,47.750000,48
req-00014991,341302083,341,47.750000,48
req-00014992,341322917,341,47.750000,48
req-00014993,341343750,341,47.750000,48
req-00014994,341364583,341,47.750000,48
req-00014995,341385417,341,47.750000,48
req-00014996,341406250,341,47.750000,48
req-00014997,341427083,341,47.750000,48
req-00014998,341447917,341,47.750000,48
req-00014999,341468750,341,47.750000,48
req-00015000,341489583,341,47.750000,48
req-00015001,341510417,341,47.750000,48
req-00015002,341531250,341,47.750000,48
req-00015003,341552083,341,47.750000,48
req-00015004,341572917,341,47.750000,48
req-00015005,341593750,341,47.750000,48
req-00015006,341614583,341,47.750000,48
req-00015007,341635417,341,47.750000,48
req-00015008,341656250,341,47.750000,48
req-00015009,341677083,341,47.750000,48
req-00015010,341697917,341,47.750000,48
req-00015011,341718750,341,47.750000,48
req-00015012,341739583,341,47.750000,48
req-00015013,341760417,341,47.750000,48
req-00015014,341781250,341,47.750000,48
req-00015015,341802083,341,47.750000,48
req-00015016,341822917,341,47.750000,48
req-00015017,341843750,341,47.750000,48
req-00015018,341864583,341,47.750000,48
req-00015019,341885417,341,47.750000,48
req-00015020,341906250,341,47.750000,48
req-00015021,341927083,341,47.750000,48
req-00015022,341947917,341,47.750000,48
req-00015023,341968750,341,47.750000,48
req-00015024,341989583,341,47.750000,48
req-00015025,342010638,342,47.458333,47
req-00015026,342031915,342,47.458333,47
req-00015027,342053191,342,47.458333,47
req-00015028,342074468,342,47.458333,47
req-00015029,342095745,342,47.458333,47
req-00015030,342117021,342,47.458333,47
req-00015031,342138298,342,47.458333,47
req-00015032,342159574,342,47.458333,47
req-00015033,342180851,342,47.458333,47
req-00015034,342202128,342,47.458333,47
req-00015035,342223404,342,47.458333,47
req-00015036,342244681,342,47.458333,47
req-00015037,342265957,342,47.458333,47
req-00015038,342287234,342,47.458333,47
req-00015039,342308511,342,47.458333,47
req-00015040,342329787,342,47.458333,47
req-00015041,342351064,342,47.458333,47
req-00015042,342372340,342,47.458333,47
req-00015043,342393617,342,47.458333,47
req-00015044,342414894,342,47.458333,47
req-00015045,342436170,342,47.458333,47
req-00015046,342457447,342,47.458333,47
req-00015047,342478723,342,47.458333,47
req-00015048,342500000,342,47.458333,47
req-00015049,342521277,342,47.458333,47
req-00015050,342542553,342,47.458333,47
req-00015051,342563830,342,47.458333,47
req-00015052,342585106,342,47.458333,47
req-00015053,342606383,342,47.458333,47
req-00015054,342627660,342,47.458333,47
req-00015055,342648936,342,47.458333,47
req-00015056,342670213,342,47.458333,47
req-00015057,342691489,342,47.458333,47
req-00015058,342712766,342,47.458333,47
req-00015059,342734043,342,47.458333,47
req-00015060,342755319,342,47.458333,47
req-00015061,342776596,342,47.458333,47
req-00015062,342797872,342,47.458333,47
req-00015063,342819149,342,47.458333,47
req-00015064,342840426,342,47.458333,47
req-00015065,342861702,342,47.458333,47
req-00015066,342882979,342,47.458333,47
req-00015067,342904255,342,47.458333,47
req-00015068,342925532,342,47.458333,47
req-00015069,342946809,342,47.458333,47
req-00015070,342968085,342,47.458333,47
req-00015071,342989362,342,47.458333,47
req-00015072,343010638,343,47.166667,47
req-00015073,343031915,343,47.166667,47
req-00015074,343053191,343,47.166667,47
req-00015075,343074468,343,47.166667,47
req-00015076,343095745,343,47.166667,47
req-00015077,343117021,343,47.166667,47
req-00015078,343138298,343,47.166667,47
req-00015079,343159574,343,47.166667,47
req-00015080,343180851,343,47.166667,47
req-00015081,343202128,343,47.166667,47
req-00015082,343223404,343,47.166667,47
req-00015083,343244681,343,47.166667,47
req-00015084,343265957,343,47.166667,47
req-00015085,343287234,343,47.166667,47
req-00015086,343308511,343,47.166667,47
req-00015087,343329787,343,47.166667,47
req-00015088,343351064,343,47.166667,47
req-00015089,343372340,343,47.166667,47
req-00015090,343393617,343,47.166667,47
req-00015091,343414894,343,47.166667,47
req-00015092,343436170,343,47.166667,47
req-00015093,343457447,343,47.166667,47
req-00015094,343478723,343,47.166667,47
req-00015095,343500000,343,47.166667,47
req-00015096,343521277,343,47.166667,47
req-00015097,343542553,343,47.166667,47
req-00015098,343563830,343,47.166667,47
req-00015099,343585106,343,47.166667,47
req-00015100,343606383,343,47.166667,47
req-00015101,343627660,343,47.166667,47
req-00015102,343648936,343,47.166667,47
req-00015103,343670213,343,47.166667,47
req-00015104,343691489,343,47.166667,47
req-00015105,343712766,343,47.166667,47
req-00015106,343734043,343,47.166667,47
req-00015107,343755319,343,47.166667,47
req-00015108,343776596,343,47.166667,47
req-00015109,343797872,343,47.166667,47
req-00015110,343819149,343,47.166667,47
req-00015111,343840426,343,47.166667,47
req-00015112,343861702,343,47.166667,47
req-00015113,343882979,343,47.166667,47
req-00015114,343904255,343,47.166667,47
req-00015115,343925532,343,47.166667,47
req-00015116,343946809,343,47.166667,47
req-00015117,343968085,343,47.166667,47
req-00015118,343989362,343,47.166667,47
req-00015119,344010638,344,46.875000,47
req-00015120,344031915,344,46.875000,47
req-00015121,344053191,344,46.875000,47
req-00015122,344074468,344,46.875000,47
req-00015123,344095745,344,46.875000,47
req-00015124,344117021,344,46.875000,47
req-00015125,344138298,344,46.875000,47
req-00015126,344159574,344,46.875000,47
req-00015127,344180851,344,46.875000,47
req-00015128,344202128,344,46.875000,47
req-00015129,344223404,344,46.875000,47
req-00015130,344244681,344,46.875000,47
req-00015131,344265957,344,46.875000,47
req-00015132,344287234,344,46.875000,47
req-00015133,344308511,344,46.875000,47
req-00015134,344329787,344,46.875000,47
req-00015135,344351064,344,46.875000,47
req-00015136,344372340,344,46.875000,47
req-00015137,344393617,344,46.875000,47
req-00015138,344414894,344,46.875000,47
req-00015139,344436170,344,46.875000,47
req-00015140,344457447,344,46.875000,47
req-00015141,344478723,344,46.875000,47
req-00015142,344500000,344,46.875000,47
req-00015143,344521277,344,46.875000,47
req-00015144,344542553,344,46.875000,47
req-00015145,344563830,344,46.875000,47
req-00015146,344585106,344,46.875000,47
req-00015147,344606383,344,46.875000,47
req-00015148,344627660,344,46.875000,47
req-00015149,344648936,344,46.875000,47
req-00015150,344670213,344,46.875000,47
req-00015151,344691489,344,46.875000,47
req-00015152,344712766,344,46.875000,47
req-00015153,344734043,344,46.875000,47
req-00015154,344755319,344,46.875000,47
req-00015155,344776596,344,46.875000,47
req-00015156,344797872,344,46.875000,47
req-00015157,344819149,344,46.875000,47
req-00015158,344840426,344,46.875000,47
req-00015159,344861702,344,46.875000,47
req-00015160,344882979,344,46.875000,47
req-00015161,344904255,344,46.875000,47
req-00015162,344925532,344,46.875000,47
req-00015163,344946809,344,46.875000,47
req-00015164,344968085,344,46.875000,47
req-00015165,344989362,344,46.875000,47
req-00015166,345010638,345,46.583333,47
req-00015167,345031915,345,46.583333,47
req-00015168,345053191,345,46.583333,47
req-00015169,345074468,345,46.583333,47
req-00015170,345095745,345,46.583333,47
req-00015171,345117021,345,46.583333,47
req-00015172,345138298,345,46.583333,47
req-00015173,345159574,345,46.583333,47
req-00015174,345180851,345,46.583333,47
req-00015175,345202128,345,46.583333,47
req-00015176,345223404,345,46.583333,47
req-00015177,345244681,345,46.583333,47
req-00015178,345265957,345,46.583333,47
req-00015179,345287234,345,46.583333,47
req-00015180,345308511,345,46.583333,47
req-00015181,345329787,345,46.583333,47
req-00015182,345351064,345,46.583333,47
req-00015183,345372340,345,46.583333,47
req-00015184,345393617,345,46.583333,47
req-00015185,345414894,345,46.583333,47
req-00015186,345436170,345,46.583333,47
req-00015187,345457447,345,46.583333,47
req-00015188,345478723,345,46.583333,47
req-00015189,345500000,345,46.583333,47
req-00015190,345521277,345,46.583333,47
req-00015191,345542553,345,46.583333,47
req-00015192,345563830,345,46.583333,47
req-00015193,345585106,345,46.583333,47
req-00015194,345606383,345,46.583333,47
req-00015195,345627660,345,46.583333,47
req-00015196,345648936,345,46.583333,47
req-00015197,345670213,345,46.583333,47
req-00015198,345691489,345,46.583333,47
req-00015199,345712766,345,46.583333,47
req-00015200,345734043,345,46.583333,47
req-00015201,345755319,345,46.583333,47
req-00015202,345776596,345,46.583333,47
req-00015203,345797872,345,46.583333,47
req-00015204,345819149,345,46.583333,47
req-00015205,345840426,345,46.583333,47
req-00015206,345861702,345,46.583333,47
req-00015207,345882979,345,46.583333,47
req-00015208,345904255,345,46.583333,47
req-00015209,345925532,345,46.583333,47
req-00015210,345946809,345,46.583333,47
req-00015211,345968085,345,46.583333,47
req-00015212,345989362,345,46.583333,47
req-00015213,346010870,346,46.291667,46
req-00015214,346032609,346,46.291667,46
req-00015215,346054348,346,46.291667,46
req-00015216,346076087,346,46.291667,46
req-00015217,346097826,346,46.291667,46
req-00015218,346119565,346,46.291667,46
req-00015219,346141304,346,46.291667,46
req-00015220,346163043,346,46.291667,46
req-00015221,346184783,346,46.291667,46
req-00015222,346206522,346,46.291667,46
req-00015223,346228261,346,46.291667,46
req-00015224,346250000,346,46.291667,46
req-00015225,346271739,346,46.291667,46
req-00015226,346293478,346,46.291667,46
req-00015227,346315217,346,46.291667,46
req-00015228,346336957,346,46.291667,46
req-00015229,346358696,346,46.291667,46
req-00015230,346380435,346,46.291667,46
req-00015231,346402174,346,46.291667,46
req-00015232,346423913,346,46.291667,46
req-00015233,346445652,346,46.291667,46
req-00015234,346467391,346,46.291667,46
req-00015235,346489130,346,46.291667,46
req-00015236,346510870,346,46.291667,46
req-00015237,346532609,346,46.291667,46
req-00015238,346554348,346,46.291667,46
req-00015239,346576087,346,46.291667,46
req-00015240,346597826,346,46.291667,46
req-00015241,346619565,346,46.291667,46
req-00015242,346641304,346,46.291667,46
req-00015243,346663043,346,46.291667,46
req-00015244,346684783,346,46.291667,46
req-00015245,346706522,346,46.291667,46
req-00015246,346728261,346,46.291667,46
req-00015247,346750000,346,46.291667,46
req-00015248,346771739,346,46.291667,46
req-00015249,346793478,346,46.291667,46
req-00015250,346815217,346,46.291667,46
req-00015251,346836957,346,46.291667,46
req-00015252,346858696,346,46.291667,46
req-00015253,346880435,346,46.291667,46
req-00015254,346902174,346,46.291667,46
req-00015255,346923913,346,46.291667,46
req-00015256,346945652,346,46.291667,46
req-00015257,346967391,346,46.291667,46
req-00015258,346989130,346,46.291667,46
req-00015259,347010870,347,46.000000,46
req-00015260,347032609,347,46.000000,46
req-00015261,347054348,347,46.000000,46
req-00015262,347076087,347,46.000000,46
req-00015263,347097826,347,46.000000,46
req-00015264,347119565,347,46.000000,46
req-00015265,347141304,347,46.000000,46
req-00015266,347163043,347,46.000000,46
req-00015267,347184783,347,46.000000,46
req-00015268,347206522,347,46.000000,46
req-00015269,347228261,347,46.000000,46
req-00015270,347250000,347,46.000000,46
req-00015271,347271739,347,46.000000,46
req-00015272,347293478,347,46.000000,46
req-00015273,347315217,347,46.000000,46
req-00015274,347336957,347,46.000000,46
req-00015275,347358696,347,46.000000,46
req-00015276,347380435,347,46.000000,46
req-00015277,347402174,347,46.000000,46
req-00015278,347423913,347,46.000000,46
req-00015279,347445652,347,46.000000,46
req-00015280,347467391,347,46.000000,46
req-00015281,347489130,347,46.000000,46
req-00015282,347510870,347,46.000000,46
req-00015283,347532609,347,46.000000,46
req-00015284,347554348,347,46.000000,46
req-00015285,347576087,347,46.000000,46
req-00015286,347597826,347,46.000000,46
req-00015287,347619565,347,46.000000,46
req-00015288,347641304,347,46.000000,46
req-00015289,347663043,347,46.000000,46
req-00015290,347684783,347,46.000000,46
req-00015291,347706522,347,46.000000,46
req-00015292,347728261,347,46.000000,46
req-00015293,347750000,347,46.000000,46
req-00015294,347771739,347,46.000000,46
req-00015295,347793478,347,46.000000,46
req-00015296,347815217,347,46.000000,46
req-00015297,347836957,347,46.000000,46
req-00015298,347858696,347,46.000000,46
req-00015299,347880435,347,46.000000,46
req-00015300,347902174,347,46.000000,46
req-00015301,347923913,347,46.000000,46
req-00015302,347945652,347,46.000000,46
req-00015303,347967391,347,46.000000,46
req-00015304,347989130,347,46.000000,46
req-00015305,348010870,348,45.708333,46
req-00015306,348032609,348,45.708333,46
req-00015307,348054348,348,45.708333,46
req-00015308,348076087,348,45.708333,46
req-00015309,348097826,348,45.708333,46
req-00015310,348119565,348,45.708333,46
req-00015311,348141304,348,45.708333,46
req-00015312,348163043,348,45.708333,46
req-00015313,348184783,348,45.708333,46
req-00015314,348206522,348,45.708333,46
req-00015315,348228261,348,45.708333,46
req-00015316,348250000,348,45.708333,46
req-00015317,348271739,348,45.708333,46
req-00015318,348293478,348,45.708333,46
req-00015319,348315217,348,45.708333,46
req-00015320,348336957,348,45.708333,46
req-00015321,348358696,348,45.708333,46
req-00015322,348380435,348,45.708333,46
req-00015323,348402174,348,45.708333,46
req-00015324,348423913,348,45.708333,46
req-00015325,348445652,348,45.708333,46
req-00015326,348467391,348,45.708333,46
req-00015327,348489130,348,45.708333,46
req-00015328,348510870,348,45.708333,46
req-00015329,348532609,348,45.708333,46
req-00015330,348554348,348,45.708333,46
req-00015331,348576087,348,45.708333,46
req-00015332,348597826,348,45.708333,46
req-00015333,348619565,348,45.708333,46
req-00015334,348641304,348,45.708333,46
req-00015335,348663043,348,45.708333,46
req-00015336,348684783,348,45.708333,46
req-00015337,348706522,348,45.708333,46
req-00015338,348728261,348,45.708333,46
req-00015339,348750000,348,45.708333,46
req-00015340,348771739,348,45.708333,46
req-00015341,348793478,348,45.708333,46
req-00015342,348815217,348,45.708333,46
req-00015343,348836957,348,45.708333,46
req-00015344,348858696,348,45.708333,46
req-00015345,348880435,348,45.708333,46
req-00015346,348902174,348,45.708333,46
req-00015347,348923913,348,45.708333,46
req-00015348,348945652,348,45.708333,46
req-00015349,348967391,348,45.708333,46
req-00015350,348989130,348,45.708333,46
req-00015351,349011111,349,45.416667,45
req-00015352,349033333,349,45.416667,45
req-00015353,349055556,349,45.416667,45
req-00015354,349077778,349,45.416667,45
req-00015355,349100000,349,45.416667,45
req-00015356,349122222,349,45.416667,45
req-00015357,349144444,349,45.416667,45
req-00015358,349166667,349,45.416667,45
req-00015359,349188889,349,45.416667,45
req-00015360,349211111,349,45.416667,45
req-00015361,349233333,349,45.416667,45
req-00015362,349255556,349,45.416667,45
req-00015363,349277778,349,45.416667,45
req-00015364,349300000,349,45.416667,45
req-00015365,349322222,349,45.416667,45
req-00015366,349344444,349,45.416667,45
req-00015367,349366667,349,45.416667,45
req-00015368,349388889,349,45.416667,45
req-00015369,349411111,349,45.416667,45
req-00015370,349433333,349,45.416667,45
req-00015371,349455556,349,45.416667,45
req-00015372,349477778,349,45.416667,45
req-00015373,349500000,349,45.416667,45
req-00015374,349522222,349,45.416667,45
req-00015375,349544444,349,45.416667,45
req-00015376,349566667,349,45.416667,45
req-00015377,349588889,349,45.416667,45
req-00015378,349611111,349,45.416667,45
req-00015379,349633333,349,45.416667,45
req-00015380,349655556,349,45.416667,45
req-00015381,349677778,349,45.416667,45
req-00015382,349700000,349,45.416667,45
req-00015383,349722222,349,45.416667,45
req-00015384,349744444,349,45.416667,45
req-00015385,349766667,349,45.416667,45
req-00015386,349788889,349,45.416667,45
req-00015387,349811111,349,45.416667,45
req-00015388,349833333,349,45.416667,45
req-00015389,349855556,349,45.416667,45
req-00015390,349877778,349,45.416667,45
req-00015391,349900000,349,45.416667,45
req-00015392,349922222,349,45.416667,45
req-00015393,349944444,349,45.416667,45
req-00015394,349966667,349,45.416667,45
req-00015395,349988889,349,45.416667,45
req-00015396,350011111,350,45.125000,45
req-00015397,350033333,350,45.125000,45
req-00015398,350055556,350,45.125000,45
req-00015399,350077778,350,45.125000,45
req-00015400,350100000,350,45.125000,45
req-00015401,350122222,350,45.125000,45
req-00015402,350144444,350,45.125000,45
req-00015403,350166667,350,45.125000,45
req-00015404,350188889,350,45.125000,45
req-00015405,350211111,350,45.125000,45
req-00015406,350233333,350,45.125000,45
req-00015407,350255556,350,45.125000,45
req-00015408,350277778,350,45.125000,45
req-00015409,350300000,350,45.125000,45
req-00015410,350322222,350,45.125000,45
req-00015411,350344444,350,45.125000,45
req-00015412,350366667,350,45.125000,45
req-00015413,350388889,350,45.125000,45
req-00015414,350411111,350,45.125000,45
req-00015415,350433333,350,45.125000,45
req-00015416,350455556,350,45.125000,45
req-00015417,350477778,350,45.125000,45
req-00015418,350500000,350,45.125000,45
req-00015419,350522222,350,45.125000,45
req-00015420,350544444,350,45.125000,45
req-00015421,350566667,350,45.125000,45
req-00015422,350588889,350,45.125000,45
req-00015423,350611111,350,45.125000,45
req-00015424,350633333,350,45.125000,45
req-00015425,350655556,350,45.125000,45
req-00015426,350677778,350,45.125000,45
req-00015427,350700000,350,45.125000,45
req-00015428,350722222,350,45.125000,45
req-00015429,350744444,350,45.125000,45
req-00015430,350766667,350,45.125000,45
req-00015431,350788889,350,45.125000,45
req-00015432,350811111,350,45.125000,45
req-00015433,350833333,350,45.125000,45
req-00015434,350855556,350,45.125000,45
req-00015435,350877778,350,45.125000,45
req-00015436,350900000,350,45.125000,45
req-00015437,350922222,350,45.125000,45
req-00015438,350944444,350,45.125000,45
req-00015439,350966667,350,45.125000,45
req-00015440,350988889,350,45.125000,45
req-00015441,351011111,351,44.833333,45
req-00015442,351033333,351,44.833333,45
req-00015443,351055556,351,44.833333,45
req-00015444,351077778,351,44.833333,45
req-00015445,351100000,351,44.833333,45
req-00015446,351122222,351,44.833333,45
req-00015447,351144444,351,44.833333,45
req-00015448,351166667,351,44.833333,45
req-00015449,351188889,351,44.833333,45
req-00015450,351211111,351,44.833333,45
req-00015451,351233333,351,44.833333,45
req-00015452,351255556,351,44.833333,45
req-00015453,351277778,351,44.833333,45
req-00015454,351300000,351,44.833333,45
req-00015455,351322222,351,44.833333,45
req-00015456,351344444,351,44.833333,45
req-00015457,351366667,351,44.833333,45
req-00015458,351388889,351,44.833333,45
req-00015459,351411111,351,44.833333,45
req-00015460,351433333,351,44.833333,45
req-00015461,351455556,351,44.833333,45
req-00015462,351477778,351,44.833333,45
req-00015463,351500000,351,44.833333,45
req-00015464,351522222,351,44.833333,45
req-00015465,351544444,351,44.833333,45
req-00015466,351566667,351,44.833333,45
req-00015467,351588889,351,44.833333,45
req-00015468,351611111,351,44.833333,45
req-00015469,351633333,351,44.833333,45
req-00015470,351655556,351,44.833333,45
req-00015471,351677778,351,44.833333,45
req-00015472,351700000,351,44.833333,45
req-00015473,351722222,351,44.833333,45
req-00015474,351744444,351,44.833333,45
req-00015475,351766667,351,44.833333,45
req-00015476,351788889,351,44.833333,45
req-00015477,351811111,351,44.833333,45
req-00015478,351833333,351,44.833333,45
req-00015479,351855556,351,44.833333,45
req-00015480,351877778,351,44.833333,45
req-00015481,351900000,351,44.833333,45
req-00015482,351922222,351,44.833333,45
req-00015483,351944444,351,44.833333,45
req-00015484,351966667,351,44.833333,45
req-00015485,351988889,351,44.833333,45
req-00015486,352011111,352,44.541667,45
req-00015487,352033333,352,44.541667,45
req-00015488,352055556,352,44.541667,45
req-00015489,352077778,352,44.541667,45
req-00015490,352100000,352,44.541667,45
req-00015491,352122222,352,44.541667,45
req-00015492,352144444,352,44.541667,45
req-00015493,352166667,352,44.541667,45
req-00015494,352188889,352,44.541667,45
req-00015495,352211111,352,44.541667,45
req-00015496,352233333,352,44.541667,45
req-00015497,352255556,352,44.541667,45
req-00015498,352277778,352,44.541667,45
req-00015499,352300000,352,44.541667,45
req-00015500,352322222,352,44.541667,45
req-00015501,352344444,352,44.541667,45
req-00015502,352366667,352,44.541667,45
req-00015503,352388889,352,44.541667,45
req-00015504,352411111,352,44.541667,45
req-00015505,352433333,352,44.541667,45
req-00015506,352455556,352,44.541667,45
req-00015507,352477778,352,44.541667,45
req-00015508,352500000,352,44.541667,45
req-00015509,352522222,352,44.541667,45
req-00015510,352544444,352,44.541667,45
req-00015511,352566667,352,44.541667,45
req-00015512,352588889,352,44.541667,45
req-00015513,352611111,352,44.541667,45
req-00015514,352633333,352,44.541667,45
req-00015515,352655556,352,44.541667,45
req-00015516,352677778,352,44.541667,45
req-00015517,352700000,352,44.541667,45
req-00015518,352722222,352,44.541667,45
req-00015519,352744444,352,44.541667,45
req-00015520,352766667,352,44.541667,45
req-00015521,352788889,352,44.541667,45
req-00015522,352811111,352,44.541667,45
req-00015523,352833333,352,44.541667,45
req-00015524,352855556,352,44.541667,45
req-00015525,352877778,352,44.541667,45
req-00015526,352900000,352,44.541667,45
req-00015527,352922222,352,44.541667,45
req-00015528,352944444,352,44.541667,45
req-00015529,352966667,352,44.541667,45
req-00015530,352988889,352,44.541667,45
req-00015531,353011364,353,44.250000,44
req-00015532,353034091,353,44.250000,44
req-00015533,353056818,353,44.250000,44
req-00015534,353079545,353,44.250000,44
req-00015535,353102273,353,44.250000,44
req-00015536,353125000,353,44.250000,44
req-00015537,353147727,353,44.250000,44
req-00015538,353170455,353,44.250000,44
req-00015539,353193182,353,44.250000,44
req-00015540,353215909,353,44.250000,44
req-00015541,353238636,353,44.250000,44
req-00015542,353261364,353,44.250000,44
req-00015543,353284091,353,44.250000,44
req-00015544,353306818,353,44.250000,44
req-00015545,353329545,353,44.250000,44
req-00015546,353352273,353,44.250000,44
req-00015547,353375000,353,44.250000,44
req-00015548,353397727,353,44.250000,44
req-00015549,353420455,353,44.250000,44
req-00015550,353443182,353,44.250000,44
req-00015551,353465909,353,44.250000,44
req-00015552,353488636,353,44.250000,44
req-00015553,353511364,353,44.250000,44
req-00015554,353534091,353,44.250000,44
req-00015555,353556818,353,44.250000,44
req-00015556,353579545,353,44.250000,44
req-00015557,353602273,353,44.250000,44
req-00015558,353625000,353,44.250000,44
req-00015559,353647727,353,44.250000,44
req-00015560,353670455,353,44.250000,44
req-00015561,353693182,353,44.250000,44
req-00015562,353715909,353,44.250000,44
req-00015563,353738636,353,44.250000,44
req-00015564,353761364,353,44.250000,44
req-00015565,353784091,353,44.250000,44
req-00015566,353806818,353,44.250000,44
req-00015567,353829545,353,44.250000,44
req-00015568,353852273,353,44.250000,44
req-00015569,353875000,353,44.250000,44
req-00015570,353897727,353,44.250000,44
req-00015571,353920455,353,44.250000,44
req-00015572,353943182,353,44.250000,44
req-00015573,353965909,353,44.250000,44
req-00015574,353988636,353,44.250000,44
req-00015575,354011364,354,43.958333,44
req-00015576,354034091,354,43.958333,44
req-00015577,354056818,354,43.958333,44
req-00015578,354079545,354,43.958333,44
req-00015579,354102273,354,43.958333,44
req-00015580,354125000,354,43.958333,44
req-00015581,354147727,354,43.958333,44
req-00015582,354170455,354,43.958333,44
req-00015583,354193182,354,43.958333,44
req-00015584,354215909,354,43.958333,44
req-00015585,354238636,354,43.958333,44
req-00015586,354261364,354,43.958333,44
req-00015587,354284091,354,43.958333,44
req-00015588,354306818,354,43.958333,44
req-00015589,354329545,354,43.958333,44
req-00015590,354352273,354,43.958333,44
req-00015591,354375000,354,43.958333,44
req-00015592,354397727,354,43.958333,44
req-00015593,354420455,354,43.958333,44
req-00015594,354443182,354,43.958333,44
req-00015595,354465909,354,43.958333,44
req-00015596,354488636,354,43.958333,44
req-00015597,354511364,354,43.958333,44
req-00015598,354534091,354,43.958333,44
req-00015599,354556818,354,43.958333,44
req-00015600,354579545,354,43.958333,44
req-00015601,354602273,354,43.958333,44
req-00015602,354625000,354,43.958333,44
req-00015603,354647727,354,43.958333,44
req-00015604,354670455,354,43.958333,44
req-00015605,354693182,354,43.958333,44
req-00015606,354715909,354,43.958333,44
req-00015607,354738636,354,43.958333,44
req-00015608,354761364,354,43.958333,44
req-00015609,354784091,354,43.958333,44
req-00015610,354806818,354,43.958333,44
req-00015611,354829545,354,43.958333,44
req-00015612,354852273,354,43.958333,44
req-00015613,354875000,354,43.958333,44
req-00015614,354897727,354,43.958333,44
req-00015615,354920455,354,43.958333,44
req-00015616,354943182,354,43.958333,44
req-00015617,354965909,354,43.958333,44
req-00015618,354988636,354,43.958333,44
req-00015619,355011364,355,43.666667,44
req-00015620,355034091,355,43.666667,44
req-00015621,355056818,355,43.666667,44
req-00015622,355079545,355,43.666667,44
req-00015623,355102273,355,43.666667,44
req-00015624,355125000,355,43.666667,44
req-00015625,355147727,355,43.666667,44
req-00015626,355170455,355,43.666667,44
req-00015627,355193182,355,43.666667,44
req-00015628,355215909,355,43.666667,44
req-00015629,355238636,355,43.666667,44
req-00015630,355261364,355,43.666667,44
req-00015631,355284091,355,43.666667,44
req-00015632,355306818,355,43.666667,44
req-00015633,355329545,355,43.666667,44
req-00015634,355352273,355,43.666667,44
req-00015635,355375000,355,43.666667,44
req-00015636,355397727,355,43.666667,44
req-00015637,355420455,355,43.666667,44
req-00015638,355443182,355,43.666667,44
req-00015639,355465909,355,43.666667,44
req-00015640,355488636,355,43.666667,44
req-00015641,355511364,355,43.666667,44
req-00015642,355534091,355,43.666667,44
req-00015643,355556818,355,43.666667,44
req-00015644,355579545,355,43.666667,44
req-00015645,355602273,355,43.666667,44
req-00015646,355625000,355,43.666667,44
req-00015647,355647727,355,43.666667,44
req-00015648,355670455,355,43.666667,44
req-00015649,355693182,355,43.666667,44
req-00015650,355715909,355,43.666667,44
req-00015651,355738636,355,43.666667,44
req-00015652,355761364,355,43.666667,44
req-00015653,355784091,355,43.666667,44
req-00015654,355806818,355,43.666667,44
req-00015655,355829545,355,43.666667,44
req-00015656,355852273,355,43.666667,44
req-00015657,355875000,355,43.666667,44
req-00015658,355897727,355,43.666667,44
req-00015659,355920455,355,43.666667,44
req-00015660,355943182,355,43.666667,44
req-00015661,355965909,355,43.666667,44
req-00015662,355988636,355,43.666667,44
req-00015663,356011628,356,43.375000,43
req-00015664,356034884,356,43.375000,43
req-00015665,356058140,356,43.375000,43
req-00015666,356081395,356,43.375000,43
req-00015667,356104651,356,43.375000,43
req-00015668,356127907,356,43.375000,43
req-00015669,356151163,356,43.375000,43
req-00015670,356174419,356,43.375000,43
req-00015671,356197674,356,43.375000,43
req-00015672,356220930,356,43.375000,43
req-00015673,356244186,356,43.375000,43
req-00015674,356267442,356,43.375000,43
req-00015675,356290698,356,43.375000,43
req-00015676,356313953,356,43.375000,43
req-00015677,356337209,356,43.375000,43
req-00015678,356360465,356,43.375000,43
req-00015679,356383721,356,43.375000,43
req-00015680,356406977,356,43.375000,43
req-00015681,356430233,356,43.375000,43
req-00015682,356453488,356,43.375000,43
req-00015683,356476744,356,43.375000,43
req-00015684,356500000,356,43.375000,43
req-00015685,356523256,356,43.375000,43
req-00015686,356546512,356,43.375000,43
req-00015687,356569767,356,43.375000,43
req-00015688,356593023,356,43.375000,43
req-00015689,356616279,356,43.375000,43
req-00015690,356639535,356,43.375000,43
req-00015691,356662791,356,43.375000,43
req-00015692,356686047,356,43.375000,43
req-00015693,356709302,356,43.375000,43
req-00015694,356732558,356,43.375000,43
req-00015695,356755814,356,43.375000,43
req-00015696,356779070,356,43.375000,43
req-00015697,356802326,356,43.375000,43
req-00015698,356825581,356,43.375000,43
req-00015699,356848837,356,43.375000,43
req-00015700,356872093,356,43.375000,43
req-00015701,356895349,356,43.375000,43
req-00015702,356918605,356,43.375000,43
req-00015703,356941860,356,43.375000,43
req-00015704,356965116,356,43.375000,43
req-00015705,356988372,356,43.375000,43
req-00015706,357011628,357,43.083333,43
req-00015707,357034884,357,43.083333,43
req-00015708,357058140,357,43.083333,43
req-00015709,357081395,357,43.083333,43
req-00015710,357104651,357,43.083333,43
req-00015711,357127907,357,43.083333,43
req-00015712,357151163,357,43.083333,43
req-00015713,357174419,357,43.083333,43
req-00015714,357197674,357,43.083333,43
req-00015715,357220930,357,43.083333,43
req-00015716,357244186,357,43.083333,43
req-00015717,357267442,357,43.083333,43
req-00015718,357290698,357,43.083333,43
req-00015719,357313953,357,43.083333,43
req-00015720,357337209,357,43.083333,43
req-00015721,357360465,357,43.083333,43
req-00015722,357383721,357,43.083333,43
req-00015723,357406977,357,43.083333,43
req-00015724,357430233,357,43.083333,43
req-00015725,357453488,357,43.083333,43
req-00015726,357476744,357,43.083333,43
req-00015727,357500000,357,43.083333,43
req-00015728,357523256,357,43.083333,43
req-00015729,357546512,357,43.083333,43
req-00015730,357569767,357,43.083333,43
req-00015731,357593023,357,43.083333,43
req-00015732,357616279,357,43.083333,43
req-00015733,357639535,357,43.083333,43
req-00015734,357662791,357,43.083333,43
req-00015735,357686047,357,43.083333,43
req-00015736,357709302,357,43.083333,43
req-00015737,357732558,357,43.083333,43
req-00015738,357755814,357,43.083333,43
req-00015739,357779070,357,43.083333,43
req-00015740,357802326,357,43.083333,43
req-00015741,357825581,357,43.083333,43
req-00015742,357848837,357,43.083333,43
req-00015743,357872093,357,43.083333,43
req-00015744,357895349,357,43.083333,43
req-00015745,357918605,357,43.083333,43
req-00015746,357941860,357,43.083333,43
req-00015747,357965116,357,43.083333,43
req-00015748,357988372,357,43.083333,43
req-00015749,358011628,358,42.791667,43
req-00015750,358034884,358,42.791667,43
req-00015751,358058140,358,42.791667,43
req-00015752,358081395,358,42.791667,43
req-00015753,358104651,358,42.791667,43
req-00015754,358127907,358,42.791667,43
req-00015755,358151163,358,42.791667,43
req-00015756,358174419,358,42.791667,43
req-00015757,358197674,358,42.791667,43
req-00015758,358220930,358,42.791667,43
req-00015759,358244186,358,42.791667,43
req-00015760,358267442,358,42.791667,43
req-00015761,358290698,358,42.791667,43
req-00015762,358313953,358,42.791667,43
req-00015763,358337209,358,42.791667,43
req-00015764,358360465,358,42.791667,43
req-00015765,358383721,358,42.791667,43
req-00015766,358406977,358,42.791667,43
req-00015767,358430233,358,42.791667,43
req-00015768,358453488,358,42.791667,43
req-00015769,358476744,358,42.791667,43
req-00015770,358500000,358,42.791667,43
req-00015771,358523256,358,42.791667,43
req-00015772,358546512,358,42.791667,43
req-00015773,358569767,358,42.791667,43
req-00015774,358593023,358,42.791667,43
req-00015775,358616279,358,42.791667,43
req-00015776,358639535,358,42.791667,43
req-00015777,358662791,358,42.791667,43
req-00015778,358686047,358,42.791667,43
req-00015779,358709302,358,42.791667,43
req-00015780,358732558,358,42.791667,43
req-00015781,358755814,358,42.791667,43
req-00015782,358779070,358,42.791667,43
req-00015783,358802326,358,42.791667,43
req-00015784,358825581,358,42.791667,43
req-00015785,358848837,358,42.791667,43
req-00015786,358872093,358,42.791667,43
req-00015787,358895349,358,42.791667,43
req-00015788,358918605,358,42.791667,43
req-00015789,358941860,358,42.791667,43
req-00015790,358965116,358,42.791667,43
req-00015791,358988372,358,42.791667,43
req-00015792,359011905,359,42.500000,42
req-00015793,359035714,359,42.500000,42
req-00015794,359059524,359,42.500000,42
req-00015795,359083333,359,42.500000,42
req-00015796,359107143,359,42.500000,42
req-00015797,359130952,359,42.500000,42
req-00015798,359154762,359,42.500000,42
req-00015799,359178571,359,42.500000,42
req-00015800,359202381,359,42.500000,42
req-00015801,359226190,359,42.500000,42
req-00015802,359250000,359,42.500000,42
req-00015803,359273810,359,42.500000,42
req-00015804,359297619,359,42.500000,42
req-00015805,359321429,359,42.500000,42
req-00015806,359345238,359,42.500000,42
req-00015807,359369048,359,42.500000,42
req-00015808,359392857,359,42.500000,42
req-00015809,359416667,359,42.500000,42
req-00015810,359440476,359,42.500000,42
req-00015811,359464286,359,42.500000,42
req-00015812,359488095,359,42.500000,42
req-00015813,359511905,359,42.500000,42
req-00015814,359535714,359,42.500000,42
req-00015815,359559524,359,42.500000,42
req-00015816,359583333,359,42.500000,42
req-00015817,359607143,359,42.500000,42
req-00015818,359630952,359,42.500000,42
req-00015819,359654762,359,42.500000,42
req-00015820,359678571,359,42.500000,42
req-00015821,359702381,359,42.500000,42
req-00015822,359726190,359,42.500000,42
req-00015823,359750000,359,42.500000,42
req-00015824,359773810,359,42.500000,42
req-00015825,359797619,359,42.500000,42
req-00015826,359821429,359,42.500000,42
req-00015827,359845238,359,42.500000,42
req-00015828,359869048,359,42.500000,42
req-00015829,359892857,359,42.500000,42
req-00015830,359916667,359,42.500000,42
req-00015831,359940476,359,42.500000,42
req-00015832,359964286,359,42.500000,42
req-00015833,359988095,359,42.500000,42
req-00015834,360011905,360,42.208333,42
req-00015835,360035714,360,42.208333,42
req-00015836,360059524,360,42.208333,42
req-00015837,360083333,360,42.208333,42
req-00015838,360107143,360,42.208333,42
req-00015839,360130952,360,42.208333,42
req-00015840,360154762,360,42.208333,42
req-00015841,360178571,360,42.208333,42
req-00015842,360202381,360,42.208333,42
req-00015843,360226190,360,42.208333,42
req-00015844,360250000,360,42.208333,42
req-00015845,360273810,360,42.208333,42
req-00015846,360297619,360,42.208333,42
req-00015847,360321429,360,42.208333,42
req-00015848,360345238,360,42.208333,42
req-00015849,360369048,360,42.208333,42
req-00015850,360392857,360,42.208333,42
req-00015851,360416667,360,42.208333,42
req-00015852,360440476,360,42.208333,42
req-00015853,360464286,360,42.208333,42
req-00015854,360488095,360,42.208333,42
req-00015855,360511905,360,42.208333,42
req-00015856,360535714,360,42.208333,42
req-00015857,360559524,360,42.208333,42
req-00015858,360583333,360,42.208333,42
req-00015859,360607143,360,42.208333,42
req-00015860,360630952,360,42.208333,42
req-00015861,360654762,360,42.208333,42
req-00015862,360678571,360,42.208333,42
req-00015863,360702381,360,42.208333,42
req-00015864,360726190,360,42.208333,42
req-00015865,360750000,360,42.208333,42
req-00015866,360773810,360,42.208333,42
req-00015867,360797619,360,42.208333,42
req-00015868,360821429,360,42.208333,42
req-00015869,360845238,360,42.208333,42
req-00015870,360869048,360,42.208333,42
req-00015871,360892857,360,42.208333,42
req-00015872,360916667,360,42.208333,42
req-00015873,360940476,360,42.208333,42
req-00015874,360964286,360,42.208333,42
req-00015875,360988095,360,42.208333,42
req-00015876,361011905,361,41.916667,42
req-00015877,361035714,361,41.916667,42
req-00015878,361059524,361,41.916667,42
req-00015879,361083333,361,41.916667,42
req-00015880,361107143,361,41.916667,42
req-00015881,361130952,361,41.916667,42
req-00015882,361154762,361,41.916667,42
req-00015883,361178571,361,41.916667,42
req-00015884,361202381,361,41.916667,42
req-00015885,361226190,361,41.916667,42
req-00015886,361250000,361,41.916667,42
req-00015887,361273810,361,41.916667,42
req-00015888,361297619,361,41.916667,42
req-00015889,361321429,361,41.916667,42
req-00015890,361345238,361,41.916667,42
req-00015891,361369048,361,41.916667,42
req-00015892,361392857,361,41.916667,42
req-00015893,361416667,361,41.916667,42
req-00015894,361440476,361,41.916667,42
req-00015895,361464286,361,41.916667,42
req-00015896,361488095,361,41.916667,42
req-00015897,361511905,361,41.916667,42
req-00015898,361535714,361,41.916667,42
req-00015899,361559524,361,41.916667,42
req-00015900,361583333,361,41.916667,42
req-00015901,361607143,361,41.916667,42
req-00015902,361630952,361,41.916667,42
req-00015903,361654762,361,41.916667,42
req-00015904,361678571,361,41.916667,42
req-00015905,361702381,361,41.916667,42
req-00015906,361726190,361,41.916667,42
req-00015907,361750000,361,41.916667,42
req-00015908,361773810,361,41.916667,42
req-00015909,361797619,361,41.916667,42
req-00015910,361821429,361,41.916667,42
req-00015911,361845238,361,41.916667,42
req-00015912,361869048,361,41.916667,42
req-00015913,361892857,361,41.916667,42
req-00015914,361916667,361,41.916667,42
req-00015915,361940476,361,41.916667,42
req-00015916,361964286,361,41.916667,42
req-00015917,361988095,361,41.916667,42
req-00015918,362011905,362,41.625000,42
req-00015919,362035714,362,41.625000,42
req-00015920,362059524,362,41.625000,42
req-00015921,362083333,362,41.625000,42
req-00015922,362107143,362,41.625000,42
req-00015923,362130952,362,41.625000,42
req-00015924,362154762,362,41.625000,42
req-00015925,362178571,362,41.625000,42
req-00015926,362202381,362,41.625000,42
req-00015927,362226190,362,41.625000,42
req-00015928,362250000,362,41.625000,42
req-00015929,362273810,362,41.625000,42
req-00015930,362297619,362,41.625000,42
req-00015931,362321429,362,41.625000,42
req-00015932,362345238,362,41.625000,42
req-00015933,362369048,362,41.625000,42
req-00015934,362392857,362,41.625000,42
req-00015935,362416667,362,41.625000,42
req-00015936,362440476,362,41.625000,42
req-00015937,362464286,362,41.625000,42
req-00015938,362488095,362,41.625000,42
req-00015939,362511905,362,41.625000,42
req-00015940,362535714,362,41.625000,42
req-00015941,362559524,362,41.625000,42
req-00015942,362583333,362,41.625000,42
req-00015943,362607143,362,41.625000,42
req-00015944,362630952,362,41.625000,42
req-00015945,362654762,362,41.625000,42
req-00015946,362678571,362,41.625000,42
req-00015947,362702381,362,41.625000,42
req-00015948,362726190,362,41.625000,42
req-00015949,362750000,362,41.625000,42
req-00015950,362773810,362,41.625000,42
req-00015951,362797619,362,41.625000,42
req-00015952,362821429,362,41.625000,42
req-00015953,362845238,362,41.625000,42
req-00015954,362869048,362,41.625000,42
req-00015955,362892857,362,41.625000,42
req-00015956,362916667,362,41.625000,42
req-00015957,362940476,362,41.625000,42
req-00015958,362964286,362,41.625000,42
req-00015959,362988095,362,41.625000,42
req-00015960,363012195,363,41.333333,41
req-00015961,363036585,363,41.333333,41
req-00015962,363060976,363,41.333333,41
req-00015963,363085366,363,41.333333,41
req-00015964,363109756,363,41.333333,41
req-00015965,363134146,363,41.333333,41
req-00015966,363158537,363,41.333333,41
req-00015967,363182927,363,41.333333,41
req-00015968,363207317,363,41.333333,41
req-00015969,363231707,363,41.333333,41
req-00015970,363256098,363,41.333333,41
req-00015971,363280488,363,41.333333,41
req-00015972,363304878,363,41.333333,41
req-00015973,363329268,363,41.333333,41
req-00015974,363353659,363,41.333333,41
req-00015975,363378049,363,41.333333,41
req-00015976,363402439,363,41.333333,41
req-00015977,363426829,363,41.333333,41
req-00015978,363451220,363,41.333333,41
req-00015979,363475610,363,41.333333,41
req-00015980,363500000,363,41.333333,41
req-00015981,363524390,363,41.333333,41
req-00015982,363548780,363,41.333333,41
req-00015983,363573171,363,41.333333,41
req-00015984,363597561,363,41.333333,41
req-00015985,363621951,363,41.333333,41
req-00015986,363646341,363,41.333333,41
req-00015987,363670732,363,41.333333,41
req-00015988,363695122,363,41.333333,41
req-00015989,363719512,363,41.333333,41
req-00015990,363743902,363,41.333333,41
req-00015991,363768293,363,41.333333,41
req-00015992,363792683,363,41.333333,41
req-00015993,363817073,363,41.333333,41
req-00015994,363841463,363,41.333333,41
req-00015995,363865854,363,41.333333,41
req-00015996,363890244,363,41.333333,41
req-00015997,363914634,363,41.333333,41
req-00015998,363939024,363,41.333333,41
req-00015999,363963415,363,41.333333,41
req-00016000,363987805,363,41.333333,41
req-00016001,364012195,364,41.041667,41
req-00016002,364036585,364,41.041667,41
req-00016003,364060976,364,41.041667,41
req-00016004,364085366,364,41.041667,41
req-00016005,364109756,364,41.041667,41
req-00016006,364134146,364,41.041667,41
req-00016007,364158537,364,41.041667,41
req-00016008,364182927,364,41.041667,41
req-00016009,364207317,364,41.041667,41
req-00016010,364231707,364,41.041667,41
req-00016011,364256098,364,41.041667,41
req-00016012,364280488,364,41.041667,41
req-00016013,364304878,364,41.041667,41
req-00016014,364329268,364,41.041667,41
req-00016015,364353659,364,41.041667,41
req-00016016,364378049,364,41.041667,41
req-00016017,364402439,364,41.041667,41
req-00016018,364426829,364,41.041667,41
req-00016019,364451220,364,41.041667,41
req-00016020,364475610,364,41.041667,41
req-00016021,364500000,364,41.041667,41
req-00016022,364524390,364,41.041667,41
req-00016023,364548780,364,41.041667,41
req-00016024,364573171,364,41.041667,41
req-00016025,364597561,364,41.041667,41
req-00016026,364621951,364,41.041667,41
req-00016027,364646341,364,41.041667,41
req-00016028,364670732,364,41.041667,41
req-00016029,364695122,364,41.041667,41
req-00016030,364719512,364,41.041667,41
req-00016031,364743902,364,41.041667,41
req-00016032,364768293,364,41.041667,41
req-00016033,364792683,364,41.041667,41
req-00016034,364817073,364,41.041667,41
req-00016035,364841463,364,41.041667,41
req-00016036,364865854,364,41.041667,41
req-00016037,364890244,364,41.041667,41
req-00016038,364914634,364,41.041667,41
req-00016039,364939024,364,41.041667,41
req-00016040,364963415,364,41.041667,41
req-00016041,364987805,364,41.041667,41
req-00016042,365012195,365,40.750000,41
req-00016043,365036585,365,40.750000,41
req-00016044,365060976,365,40.750000,41
req-00016045,365085366,365,40.750000,41
req-00016046,365109756,365,40.750000,41
req-00016047,365134146,365,40.750000,41
req-00016048,365158537,365,40.750000,41
req-00016049,365182927,365,40.750000,41
req-00016050,365207317,365,40.750000,41
req-00016051,365231707,365,40.750000,41
req-00016052,365256098,365,40.750000,41
req-00016053,365280488,365,40.750000,41
req-00016054,365304878,365,40.750000,41
req-00016055,365329268,365,40.750000,41
req-00016056,365353659,365,40.750000,41
req-00016057,365378049,365,40.750000,41
req-00016058,365402439,365,40.750000,41
req-00016059,365426829,365,40.750000,41
req-00016060,365451220,365,40.750000,41
req-00016061,365475610,365,40.750000,41
req-00016062,365500000,365,40.750000,41
req-00016063,365524390,365,40.750000,41
req-00016064,365548780,365,40.750000,41
req-00016065,365573171,365,40.750000,41
req-00016066,365597561,365,40.750000,41
req-00016067,365621951,365,40.750000,41
req-00016068,365646341,365,40.750000,41
req-00016069,365670732,365,40.750000,41
req-00016070,365695122,365,40.750000,41
req-00016071,365719512,365,40.750000,41
req-00016072,365743902,365,40.750000,41
req-00016073,365768293,365,40.750000,41
req-00016074,365792683,365,40.750000,41
req-00016075,365817073,365,40.750000,41
req-00016076,365841463,365,40.750000,41
req-00016077,365865854,365,40.750000,41
req-00016078,365890244,365,40.750000,41
req-00016079,365914634,365,40.750000,41
req-00016080,365939024,365,40.750000,41
req-00016081,365963415,365,40.750000,41
req-00016082,365987805,365,40.750000,41
req-00016083,366012195,366,40.458333,41
req-00016084,366036585,366,40.458333,41
req-00016085,366060976,366,40.458333,41
req-00016086,366085366,366,40.458333,41
req-00016087,366109756,366,40.458333,41
req-00016088,366134146,366,40.458333,41
req-00016089,366158537,366,40.458333,41
req-00016090,366182927,366,40.458333,41
req-00016091,366207317,366,40.458333,41
req-00016092,366231707,366,40.458333,41
req-00016093,366256098,366,40.458333,41
req-00016094,366280488,366,40.458333,41
req-00016095,366304878,366,40.458333,41
req-00016096,366329268,366,40.458333,41
req-00016097,366353659,366,40.458333,41
req-00016098,366378049,366,40.458333,41
req-00016099,366402439,366,40.458333,41
req-00016100,366426829,366,40.458333,41
req-00016101,366451220,366,40.458333,41
req-00016102,366475610,366,40.458333,41
req-00016103,366500000,366,40.458333,41
req-00016104,366524390,366,40.458333,41
req-00016105,366548780,366,40.458333,41
req-00016106,366573171,366,40.458333,41
req-00016107,366597561,366,40.458333,41
req-00016108,366621951,366,40.458333,41
req-00016109,366646341,366,40.458333,41
req-00016110,366670732,366,40.458333,41
req-00016111,366695122,366,40.458333,41
req-00016112,366719512,366,40.458333,41
req-00016113,366743902,366,40.458333,41
req-00016114,366768293,366,40.458333,41
req-00016115,366792683,366,40.458333,41
req-00016116,366817073,366,40.458333,41
req-00016117,366841463,366,40.458333,41
req-00016118,366865854,366,40.458333,41
req-00016119,366890244,366,40.458333,41
req-00016120,366914634,366,40.458333,41
req-00016121,366939024,366,40.458333,41
req-00016122,366963415,366,40.458333,41
req-00016123,366987805,366,40.458333,41
req-00016124,367012500,367,40.166667,40
req-00016125,367037500,367,40.166667,40
req-00016126,367062500,367,40.166667,40
req-00016127,367087500,367,40.166667,40
req-00016128,367112500,367,40.166667,40
req-00016129,367137500,367,40.166667,40
req-00016130,367162500,367,40.166667,40
req-00016131,367187500,367,40.166667,40
req-00016132,367212500,367,40.166667,40
req-00016133,367237500,367,40.166667,40
req-00016134,367262500,367,40.166667,40
req-00016135,367287500,367,40.166667,40
req-00016136,367312500,367,40.166667,40
req-00016137,367337500,367,40.166667,40
req-00016138,367362500,367,40.166667,40
req-00016139,367387500,367,40.166667,40
req-00016140,367412500,367,40.166667,40
req-00016141,367437500,367,40.166667,40
req-00016142,367462500,367,40.166667,40
req-00016143,367487500,367,40.166667,40
req-00016144,367512500,367,40.166667,40
req-00016145,367537500,367,40.166667,40
req-00016146,367562500,367,40.166667,40
req-00016147,367587500,367,40.166667,40
req-00016148,367612500,367,40.166667,40
req-00016149,367637500,367,40.166667,40
req-00016150,367662500,367,40.166667,40
req-00016151,367687500,367,40.166667,40
req-00016152,367712500,367,40.166667,40
req-00016153,367737500,367,40.166667,40
req-00016154,367762500,367,40.166667,40
req-00016155,367787500,367,40.166667,40
req-00016156,367812500,367,40.166667,40
req-00016157,367837500,367,40.166667,40
req-00016158,367862500,367,40.166667,40
req-00016159,367887500,367,40.166667,40
req-00016160,367912500,367,40.166667,40
req-00016161,367937500,367,40.166667,40
req-00016162,367962500,367,40.166667,40
req-00016163,367987500,367,40.166667,40
req-00016164,368012500,368,39.875000,40
req-00016165,368037500,368,39.875000,40
req-00016166,368062500,368,39.875000,40
req-00016167,368087500,368,39.875000,40
req-00016168,368112500,368,39.875000,40
req-00016169,368137500,368,39.875000,40
req-00016170,368162500,368,39.875000,40
req-00016171,368187500,368,39.875000,40
req-00016172,368212500,368,39.875000,40
req-00016173,368237500,368,39.875000,40
req-00016174,368262500,368,39.875000,40
req-00016175,368287500,368,39.875000,40
req-00016176,368312500,368,39.875000,40
req-00016177,368337500,368,39.875000,40
req-00016178,368362500,368,39.875000,40
req-00016179,368387500,368,39.875000,40
req-00016180,368412500,368,39.875000,40
req-00016181,368437500,368,39.875000,40
req-00016182,368462500,368,39.875000,40
req-00016183,368487500,368,39.875000,40
req-00016184,368512500,368,39.875000,40
req-00016185,368537500,368,39.875000,40
req-00016186,368562500,368,39.875000,40
req-00016187,368587500,368,39.875000,40
req-00016188,368612500,368,39.875000,40
req-00016189,368637500,368,39.875000,40
req-00016190,368662500,368,39.875000,40
req-00016191,368687500,368,39.875000,40
req-00016192,368712500,368,39.875000,40
req-00016193,368737500,368,39.875000,40
req-00016194,368762500,368,39.875000,40
req-00016195,368787500,368,39.875000,40
req-00016196,368812500,368,39.875000,40
req-00016197,368837500,368,39.875000,40
req-00016198,368862500,368,39.875000,40
req-00016199,368887500,368,39.875000,40
req-00016200,368912500,368,39.875000,40
req-00016201,368937500,368,39.875000,40
req-00016202,368962500,368,39.875000,40
req-00016203,368987500,368,39.875000,40
req-00016204,369012821,369,39.583333,39
req-00016205,369038462,369,39.583333,39
req-00016206,369064103,369,39.583333,39
req-00016207,369089744,369,39.583333,39
req-00016208,369115385,369,39.583333,39
req-00016209,369141026,369,39.583333,39
req-00016210,369166667,369,39.583333,39
req-00016211,369192308,369,39.583333,39
req-00016212,369217949,369,39.583333,39
req-00016213,369243590,369,39.583333,39
req-00016214,369269231,369,39.583333,39
req-00016215,369294872,369,39.583333,39
req-00016216,369320513,369,39.583333,39
req-00016217,369346154,369,39.583333,39
req-00016218,369371795,369,39.583333,39
req-00016219,369397436,369,39.583333,39
req-00016220,369423077,369,39.583333,39
req-00016221,369448718,369,39.583333,39
req-00016222,369474359,369,39.583333,39
req-00016223,369500000,369,39.583333,39
req-00016224,369525641,369,39.583333,39
req-00016225,369551282,369,39.583333,39
req-00016226,369576923,369,39.583333,39
req-00016227,369602564,369,39.583333,39
req-00016228,369628205,369,39.583333,39
req-00016229,369653846,369,39.583333,39
req-00016230,369679487,369,39.583333,39
req-00016231,369705128,369,39.583333,39
req-00016232,369730769,369,39.583333,39
req-00016233,369756410,369,39.583333,39
req-00016234,369782051,369,39.583333,39
req-00016235,369807692,369,39.583333,39
req-00016236,369833333,369,39.583333,39
req-00016237,369858974,369,39.583333,39
req-00016238,369884615,369,39.583333,39
req-00016239,369910256,369,39.583333,39
req-00016240,369935897,369,39.583333,39
req-00016241,369961538,369,39.583333,39
req-00016242,369987179,369,39.583333,39
req-00016243,370012500,370,39.291667,40
req-00016244,370037500,370,39.291667,40
req-00016245,370062500,370,39.291667,40
req-00016246,370087500,370,39.291667,40
req-00016247,370112500,370,39.291667,40
req-00016248,370137500,370,39.291667,40
req-00016249,370162500,370,39.291667,40
req-00016250,370187500,370,39.291667,40
req-00016251,370212500,370,39.291667,40
req-00016252,370237500,370,39.291667,40
req-00016253,370262500,370,39.291667,40
req-00016254,370287500,370,39.291667,40
req-00016255,370312500,370,39.291667,40
req-00016256,370337500,370,39.291667,40
req-00016257,370362500,370,39.291667,40
req-00016258,370387500,370,39.291667,40
req-00016259,370412500,370,39.291667,40
req-00016260,370437500,370,39.291667,40
req-00016261,370462500,370,39.291667,40
req-00016262,370487500,370,39.291667,40
req-00016263,370512500,370,39.291667,40
req-00016264,370537500,370,39.291667,40
req-00016265,370562500,370,39.291667,40
req-00016266,370587500,370,39.291667,40
req-00016267,370612500,370,39.291667,40
req-00016268,370637500,370,39.291667,40
req-00016269,370662500,370,39.291667,40
req-00016270,370687500,370,39.291667,40
req-00016271,370712500,370,39.291667,40
req-00016272,370737500,370,39.291667,40
req-00016273,370762500,370,39.291667,40
req-00016274,370787500,370,39.291667,40
req-00016275,370812500,370,39.291667,40
req-00016276,370837500,370,39.291667,40
req-00016277,370862500,370,39.291667,40
req-00016278,370887500,370,39.291667,40
req-00016279,370912500,370,39.291667,40
req-00016280,370937500,370,39.291667,40
req-00016281,370962500,370,39.291667,40
req-00016282,370987500,370,39.291667,40
req-00016283,371012821,371,39.000000,39
req-00016284,371038462,371,39.000000,39
req-00016285,371064103,371,39.000000,39
req-00016286,371089744,371,39.000000,39
req-00016287,371115385,371,39.000000,39
req-00016288,371141026,371,39.000000,39
req-00016289,371166667,371,39.000000,39
req-00016290,371192308,371,39.000000,39
req-00016291,371217949,371,39.000000,39
req-00016292,371243590,371,39.000000,39
req-00016293,371269231,371,39.000000,39
req-00016294,371294872,371,39.000000,39
req-00016295,371320513,371,39.000000,39
req-00016296,371346154,371,39.000000,39
req-00016297,371371795,371,39.000000,39
req-00016298,371397436,371,39.000000,39
req-00016299,371423077,371,39.000000,39
req-00016300,371448718,371,39.000000,39
req-00016301,371474359,371,39.000000,39
req-00016302,371500000,371,39.000000,39
req-00016303,371525641,371,39.000000,39
req-00016304,371551282,371,39.000000,39
req-00016305,371576923,371,39.000000,39
req-00016306,371602564,371,39.000000,39
req-00016307,371628205,371,39.000000,39
req-00016308,371653846,371,39.000000,39
req-00016309,371679487,371,39.000000,39
req-00016310,371705128,371,39.000000,39
req-00016311,371730769,371,39.000000,39
req-00016312,371756410,371,39.000000,39
req-00016313,371782051,371,39.000000,39
req-00016314,371807692,371,39.000000,39
req-00016315,371833333,371,39.000000,39
req-00016316,371858974,371,39.000000,39
req-00016317,371884615,371,39.000000,39
req-00016318,371910256,371,39.000000,39
req-00016319,371935897,371,39.000000,39
req-00016320,371961538,371,39.000000,39
req-00016321,371987179,371,39.000000,39
req-00016322,372013158,372,38.708333,38
req-00016323,372039474,372,38.708333,38
req-00016324,372065789,372,38.708333,38
req-00016325,372092105,372,38.708333,38
req-00016326,372118421,372,38.708333,38
req-00016327,372144737,372,38.708333,38
req-00016328,372171053,372,38.708333,38
req-00016329,372197368,372,38.708333,38
req-00016330,372223684,372,38.708333,38
req-00016331,372250000,372,38.708333,38
req-00016332,372276316,372,38.708333,38
req-00016333,372302632,372,38.708333,38
req-00016334,372328947,372,38.708333,38
req-00016335,372355263,372,38.708333,38
req-00016336,372381579,372,38.708333,38
req-00016337,372407895,372,38.708333,38
req-00016338,372434211,372,38.708333,38
req-00016339,372460526,372,38.708333,38
req-00016340,372486842,372,38.708333,38
req-00016341,372513158,372,38.708333,38
req-00016342,372539474,372,38.708333,38
req-00016343,372565789,372,38.708333,38
req-00016344,372592105,372,38.708333,38
req-00016345,372618421,372,38.708333,38
req-00016346,372644737,372,38.708333,38
req-00016347,372671053,372,38.708333,38
req-00016348,372697368,372,38.708333,38
req-00016349,372723684,372,38.708333,38
req-00016350,372750000,372,38.708333,38
req-00016351,372776316,372,38.708333,38
req-00016352,372802632,372,38.708333,38
req-00016353,372828947,372,38.708333,38
req-00016354,372855263,372,38.708333,38
req-00016355,372881579,372,38.708333,38
req-00016356,372907895,372,38.708333,38
req-00016357,372934211,372,38.708333,38
req-00016358,372960526,372,38.708333,38
req-00016359,372986842,372,38.708333,38
req-00016360,373012821,373,38.416667,39
req-00016361,373038462,373,38.416667,39
req-00016362,373064103,373,38.416667,39
req-00016363,373089744,373,38.416667,39
req-00016364,373115385,373,38.416667,39
req-00016365,373141026,373,38.416667,39
req-00016366,373166667,373,38.416667,39
req-00016367,373192308,373,38.416667,39
req-00016368,373217949,373,38.416667,39
req-00016369,373243590,373,38.416667,39
req-00016370,373269231,373,38.416667,39
req-00016371,373294872,373,38.416667,39
req-00016372,373320513,373,38.416667,39
req-00016373,373346154,373,38.416667,39
req-00016374,373371795,373,38.416667,39
req-00016375,373397436,373,38.416667,39
req-00016376,373423077,373,38.416667,39
req-00016377,373448718,373,38.416667,39
req-00016378,373474359,373,38.416667,39
req-00016379,373500000,373,38.416667,39
req-00016380,373525641,373,38.416667,39
req-00016381,373551282,373,38.416667,39
req-00016382,373576923,373,38.416667,39
req-00016383,373602564,373,38.416667,39
req-00016384,373628205,373,38.416667,39
req-00016385,373653846,373,38.416667,39
req-00016386,373679487,373,38.416667,39
req-00016387,373705128,373,38.416667,39
req-00016388,373730769,373,38.416667,39
req-00016389,373756410,373,38.416667,39
req-00016390,373782051,373,38.416667,39
req-00016391,373807692,373,38.416667,39
req-00016392,373833333,373,38.416667,39
req-00016393,373858974,373,38.416667,39
req-00016394,373884615,373,38.416667,39
req-00016395,373910256,373,38.416667,39
req-00016396,373935897,373,38.416667,39
req-00016397,373961538,373,38.416667,39
req-00016398,373987179,373,38.416667,39
req-00016399,374013158,374,38.125000,38
req-00016400,374039474,374,38.125000,38
req-00016401,374065789,374,38.125000,38
req-00016402,374092105,374,38.125000,38
req-00016403,374118421,374,38.125000,38
req-00016404,374144737,374,38.125000,38
req-00016405,374171053,374,38.125000,38
req-00016406,374197368,374,38.125000,38
req-00016407,374223684,374,38.125000,38
req-00016408,374250000,374,38.125000,38
req-00016409,374276316,374,38.125000,38
req-00016410,374302632,374,38.125000,38
req-00016411,374328947,374,38.125000,38
req-00016412,374355263,374,38.125000,38
req-00016413,374381579,374,38.125000,38
req-00016414,374407895,374,38.125000,38
req-00016415,374434211,374,38.125000,38
req-00016416,374460526,374,38.125000,38
req-00016417,374486842,374,38.125000,38
req-00016418,374513158,374,38.125000,38
req-00016419,374539474,374,38.125000,38
req-00016420,374565789,374,38.125000,38
req-00016421,374592105,374,38.125000,38
req-00016422,374618421,374,38.125000,38
req-00016423,374644737,374,38.125000,38
req-00016424,374671053,374,38.125000,38
req-00016425,374697368,374,38.125000,38
req-00016426,374723684,374,38.125000,38
req-00016427,374750000,374,38.125000,38
req-00016428,374776316,374,38.125000,38
req-00016429,374802632,374,38.125000,38
req-00016430,374828947,374,38.125000,38
req-00016431,374855263,374,38.125000,38
req-00016432,374881579,374,38.125000,38
req-00016433,374907895,374,38.125000,38
req-00016434,374934211,374,38.125000,38
req-00016435,374960526,374,38.125000,38
req-00016436,374986842,374,38.125000,38
req-00016437,375013158,375,37.833333,38
req-00016438,375039474,375,37.833333,38
req-00016439,375065789,375,37.833333,38
req-00016440,375092105,375,37.833333,38
req-00016441,375118421,375,37.833333,38
req-00016442,375144737,375,37.833333,38
req-00016443,375171053,375,37.833333,38
req-00016444,375197368,375,37.833333,38
req-00016445,375223684,375,37.833333,38
req-00016446,375250000,375,37.833333,38
req-00016447,375276316,375,37.833333,38
req-00016448,375302632,375,37.833333,38
req-00016449,375328947,375,37.833333,38
req-00016450,375355263,375,37.833333,38
req-00016451,375381579,375,37.833333,38
req-00016452,375407895,375,37.833333,38
req-00016453,375434211,375,37.833333,38
req-00016454,375460526,375,37.833333,38
req-00016455,375486842,375,37.833333,38
req-00016456,375513158,375,37.833333,38
req-00016457,375539474,375,37.833333,38
req-00016458,375565789,375,37.833333,38
req-00016459,375592105,375,37.833333,38
req-00016460,375618421,375,37.833333,38
req-00016461,375644737,375,37.833333,38
req-00016462,375671053,375,37.833333,38
req-00016463,375697368,375,37.833333,38
req-00016464,375723684,375,37.833333,38
req-00016465,375750000,375,37.833333,38
req-00016466,375776316,375,37.833333,38
req-00016467,375802632,375,37.833333,38
req-00016468,375828947,375,37.833333,38
req-00016469,375855263,375,37.833333,38
req-00016470,375881579,375,37.833333,38
req-00016471,375907895,375,37.833333,38
req-00016472,375934211,375,37.833333,38
req-00016473,375960526,375,37.833333,38
req-00016474,375986842,375,37.833333,38
req-00016475,376013514,376,37.541667,37
req-00016476,376040541,376,37.541667,37
req-00016477,376067568,376,37.541667,37
req-00016478,376094595,376,37.541667,37
req-00016479,376121622,376,37.541667,37
req-00016480,376148649,376,37.541667,37
req-00016481,376175676,376,37.541667,37
req-00016482,376202703,376,37.541667,37
req-00016483,376229730,376,37.541667,37
req-00016484,376256757,376,37.541667,37
req-00016485,376283784,376,37.541667,37
req-00016486,376310811,376,37.541667,37
req-00016487,376337838,376,37.541667,37
req-00016488,376364865,376,37.541667,37
req-00016489,376391892,376,37.541667,37
req-00016490,376418919,376,37.541667,37
req-00016491,376445946,376,37.541667,37
req-00016492,376472973,376,37.541667,37
req-00016493,376500000,376,37.541667,37
req-00016494,376527027,376,37.541667,37
req-00016495,376554054,376,37.541667,37
req-00016496,376581081,376,37.541667,37
req-00016497,376608108,376,37.541667,37
req-00016498,376635135,376,37.541667,37
req-00016499,376662162,376,37.541667,37
req-00016500,376689189,376,37.541667,37
req-00016501,376716216,376,37.541667,37
req-00016502,376743243,376,37.541667,37
req-00016503,376770270,376,37.541667,37
req-00016504,376797297,376,37.541667,37
req-00016505,376824324,376,37.541667,37
req-00016506,376851351,376,37.541667,37
req-00016507,376878378,376,37.541667,37
req-00016508,376905405,376,37.541667,37
req-00016509,376932432,376,37.541667,37
req-00016510,376959459,376,37.541667,37
req-00016511,376986486,376,37.541667,37
req-00016512,377013514,377,37.250000,37
req-00016513,377040541,377,37.250000,37
req-00016514,377067568,377,37.250000,37
req-00016515,377094595,377,37.250000,37
req-00016516,377121622,377,37.250000,37
req-00016517,377148649,377,37.250000,37
req-00016518,377175676,377,37.250000,37
req-00016519,377202703,377,37.250000,37
req-00016520,377229730,377,37.250000,37
req-00016521,377256757,377,37.250000,37
req-00016522,377283784,377,37.250000,37
req-00016523,377310811,377,37.250000,37
req-00016524,377337838,377,37.250000,37
req-00016525,377364865,377,37.250000,37
req-00016526,377391892,377,37.250000,37
req-00016527,377418919,377,37.250000,37
req-00016528,377445946,377,37.250000,37
req-00016529,377472973,377,37.250000,37
req-00016530,377500000,377,37.250000,37
req-00016531,377527027,377,37.250000,37
req-00016532,377554054,377,37.250000,37
req-00016533,377581081,377,37.250000,37
req-00016534,377608108,377,37.250000,37
req-00016535,377635135,377,37.250000,37
req-00016536,377662162,377,37.250000,37
req-00016537,377689189,377,37.250000,37
req-00016538,377716216,377,37.250000,37
req-00016539,377743243,377,37.250000,37
req-00016540,377770270,377,37.250000,37
req-00016541,377797297,377,37.250000,37
req-00016542,377824324,377,37.250000,37
req-00016543,377851351,377,37.250000,37
req-00016544,377878378,377,37.250000,37
req-00016545,377905405,377,37.250000,37
req-00016546,377932432,377,37.250000,37
req-00016547,377959459,377,37.250000,37
req-00016548,377986486,377,37.250000,37
req-00016549,378013514,378,36.958333,37
req-00016550,378040541,378,36.958333,37
req-00016551,378067568,378,36.958333,37
req-00016552,378094595,378,36.958333,37
req-00016553,378121622,378,36.958333,37
req-00016554,378148649,378,36.958333,37
req-00016555,378175676,378,36.958333,37
req-00016556,378202703,378,36.958333,37
req-00016557,378229730,378,36.958333,37
req-00016558,378256757,378,36.958333,37
req-00016559,378283784,378,36.958333,37
req-00016560,378310811,378,36.958333,37
req-00016561,378337838,378,36.958333,37
req-00016562,378364865,378,36.958333,37
req-00016563,378391892,378,36.958333,37
req-00016564,378418919,378,36.958333,37
req-00016565,378445946,378,36.958333,37
req-00016566,378472973,378,36.958333,37
req-00016567,378500000,378,36.958333,37
req-00016568,378527027,378,36.958333,37
req-00016569,378554054,378,36.958333,37
req-00016570,378581081,378,36.958333,37
req-00016571,378608108,378,36.958333,37
req-00016572,378635135,378,36.958333,37
req-00016573,378662162,378,36.958333,37
req-00016574,378689189,378,36.958333,37
req-00016575,378716216,378,36.958333,37
req-00016576,378743243,378,36.958333,37
req-00016577,378770270,378,36.958333,37
req-00016578,378797297,378,36.958333,37
req-00016579,378824324,378,36.958333,37
req-00016580,378851351,378,36.958333,37
req-00016581,378878378,378,36.958333,37
req-00016582,378905405,378,36.958333,37
req-00016583,378932432,378,36.958333,37
req-00016584,378959459,378,36.958333,37
req-00016585,378986486,378,36.958333,37
req-00016586,379013514,379,36.666667,37
req-00016587,379040541,379,36.666667,37
req-00016588,379067568,379,36.666667,37
req-00016589,379094595,379,36.666667,37
req-00016590,379121622,379,36.666667,37
req-00016591,379148649,379,36.666667,37
req-00016592,379175676,379,36.666667,37
req-00016593,379202703,379,36.666667,37
req-00016594,379229730,379,36.666667,37
req-00016595,379256757,379,36.666667,37
req-00016596,379283784,379,36.666667,37
req-00016597,379310811,379,36.666667,37
req-00016598,379337838,379,36.666667,37
req-00016599,379364865,379,36.666667,37
req-00016600,379391892,379,36.666667,37
req-00016601,379418919,379,36.666667,37
req-00016602,379445946,379,36.666667,37
req-00016603,379472973,379,36.666667,37
req-00016604,379500000,379,36.666667,37
req-00016605,379527027,379,36.666667,37
req-00016606,379554054,379,36.666667,37
req-00016607,379581081,379,36.666667,37
req-00016608,379608108,379,36.666667,37
req-00016609,379635135,379,36.666667,37
req-00016610,379662162,379,36.666667,37
req-00016611,379689189,379,36.666667,37
req-00016612,379716216,379,36.666667,37
req-00016613,379743243,379,36.666667,37
req-00016614,379770270,379,36.666667,37
req-00016615,379797297,379,36.666667,37
req-00016616,379824324,379,36.666667,37
req-00016617,379851351,379,36.666667,37
req-00016618,379878378,379,36.666667,37
req-00016619,379905405,379,36.666667,37
req-00016620,379932432,379,36.666667,37
req-00016621,379959459,379,36.666667,37
req-00016622,379986486,379,36.666667,37
req-00016623,380013889,380,36.375000,36
req-00016624,380041667,380,36.375000,36
req-00016625,380069444,380,36.375000,36
req-00016626,380097222,380,36.375000,36
req-00016627,380125000,380,36.375000,36
req-00016628,380152778,380,36.375000,36
req-00016629,380180556,380,36.375000,36
req-00016630,380208333,380,36.375000,36
req-00016631,380236111,380,36.375000,36
req-00016632,380263889,380,36.375000,36
req-00016633,380291667,380,36.375000,36
req-00016634,380319444,380,36.375000,36
req-00016635,380347222,380,36.375000,36
req-00016636,380375000,380,36.375000,36
req-00016637,380402778,380,36.375000,36
req-00016638,380430556,380,36.375000,36
req-00016639,380458333,380,36.375000,36
req-00016640,380486111,380,36.375000,36
req-00016641,380513889,380,36.375000,36
req-00016642,380541667,380,36.375000,36
req-00016643,380569444,380,36.375000,36
req-00016644,380597222,380,36.375000,36
req-00016645,380625000,380,36.375000,36
req-00016646,380652778,380,36.375000,36
req-00016647,380680556,380,36.375000,36
req-00016648,380708333,380,36.375000,36
req-00016649,380736111,380,36.375000,36
req-00016650,380763889,380,36.375000,36
req-00016651,380791667,380,36.375000,36
req-00016652,380819444,380,36.375000,36
req-00016653,380847222,380,36.375000,36
req-00016654,380875000,380,36.375000,36
req-00016655,380902778,380,36.375000,36
req-00016656,380930556,380,36.375000,36
req-00016657,380958333,380,36.375000,36
req-00016658,380986111,380,36.375000,36
req-00016659,381013889,381,36.083333,36
req-00016660,381041667,381,36.083333,36
req-00016661,381069444,381,36.083333,36
req-00016662,381097222,381,36.083333,36
req-00016663,381125000,381,36.083333,36
req-00016664,381152778,381,36.083333,36
req-00016665,381180556,381,36.083333,36
req-00016666,381208333,381,36.083333,36
req-00016667,381236111,381,36.083333,36
req-00016668,381263889,381,36.083333,36
req-00016669,381291667,381,36.083333,36
req-00016670,381319444,381,36.083333,36
req-00016671,381347222,381,36.083333,36
req-00016672,381375000,381,36.083333,36
req-00016673,381402778,381,36.083333,36
req-00016674,381430556,381,36.083333,36
req-00016675,381458333,381,36.083333,36
req-00016676,381486111,381,36.083333,36
req-00016677,381513889,381,36.083333,36
req-00016678,381541667,381,36.083333,36
req-00016679,381569444,381,36.083333,36
req-00016680,381597222,381,36.083333,36
req-00016681,381625000,381,36.083333,36
req-00016682,381652778,381,36.083333,36
req-00016683,381680556,381,36.083333,36
req-00016684,381708333,381,36.083333,36
req-00016685,381736111,381,36.083333,36
req-00016686,381763889,381,36.083333,36
req-00016687,381791667,381,36.083333,36
req-00016688,381819444,381,36.083333,36
req-00016689,381847222,381,36.083333,36
req-00016690,381875000,381,36.083333,36
req-00016691,381902778,381,36.083333,36
req-00016692,381930556,381,36.083333,36
req-00016693,381958333,381,36.083333,36
req-00016694,381986111,381,36.083333,36
req-00016695,382013889,382,35.791667,36
req-00016696,382041667,382,35.791667,36
req-00016697,382069444,382,35.791667,36
req-00016698,382097222,382,35.791667,36
req-00016699,382125000,382,35.791667,36
req-00016700,382152778,382,35.791667,36
req-00016701,382180556,382,35.791667,36
req-00016702,382208333,382,35.791667,36
req-00016703,382236111,382,35.791667,36
req-00016704,382263889,382,35.791667,36
req-00016705,382291667,382,35.791667,36
req-00016706,382319444,382,35.791667,36
req-00016707,382347222,382,35.791667,36
req-00016708,382375000,382,35.791667,36
req-00016709,382402778,382,35.791667,36
req-00016710,382430556,382,35.791667,36
req-00016711,382458333,382,35.791667,36
req-00016712,382486111,382,35.791667,36
req-00016713,382513889,382,35.791667,36
req-00016714,382541667,382,35.791667,36
req-00016715,382569444,382,35.791667,36
req-00016716,382597222,382,35.791667,36
req-00016717,382625000,382,35.791667,36
req-00016718,382652778,382,35.791667,36
req-00016719,382680556,382,35.791667,36
req-00016720,382708333,382,35.791667,36
req-00016721,382736111,382,35.791667,36
req-00016722,382763889,382,35.791667,36
req-00016723,382791667,382,35.791667,36
req-00016724,382819444,382,35.791667,36
req-00016725,382847222,382,35.791667,36
req-00016726,382875000,382,35.791667,36
req-00016727,382902778,382,35.791667,36
req-00016728,382930556,382,35.791667,36
req-00016729,382958333,382,35.791667,36
req-00016730,382986111,382,35.791667,36
req-00016731,383013889,383,35.500000,36
req-00016732,383041667,383,35.500000,36
req-00016733,383069444,383,35.500000,36
req-00016734,383097222,383,35.500000,36
req-00016735,383125000,383,35.500000,36
req-00016736,383152778,383,35.500000,36
req-00016737,383180556,383,35.500000,36
req-00016738,383208333,383,35.500000,36
req-00016739,383236111,383,35.500000,36
req-00016740,383263889,383,35.500000,36
req-00016741,383291667,383,35.500000,36
req-00016742,383319444,383,35.500000,36
req-00016743,383347222,383,35.500000,36
req-00016744,383375000,383,35.500000,36
req-00016745,383402778,383,35.500000,36
req-00016746,383430556,383,35.500000,36
req-00016747,383458333,383,35.500000,36
req-00016748,383486111,383,35.500000,36
req-00016749,383513889,383,35.500000,36
req-00016750,383541667,383,35.500000,36
req-00016751,383569444,383,35.500000,36
req-00016752,383597222,383,35.500000,36
req-00016753,383625000,383,35.500000,36
req-00016754,383652778,383,35.500000,36
req-00016755,383680556,383,35.500000,36
req-00016756,383708333,383,35.500000,36
req-00016757,383736111,383,35.500000,36
req-00016758,383763889,383,35.500000,36
req-00016759,383791667,383,35.500000,36
req-00016760,383819444,383,35.500000,36
req-00016761,383847222,383,35.500000,36
req-00016762,383875000,383,35.500000,36
req-00016763,383902778,383,35.500000,36
req-00016764,383930556,383,35.500000,36
req-00016765,383958333,383,35.500000,36
req-00016766,383986111,383,35.500000,36
req-00016767,384014286,384,35.208333,35
req-00016768,384042857,384,35.208333,35
req-00016769,384071429,384,35.208333,35
req-00016770,384100000,384,35.208333,35
req-00016771,384128571,384,35.208333,35
req-00016772,384157143,384,35.208333,35
req-00016773,384185714,384,35.208333,35
req-00016774,384214286,384,35.208333,35
req-00016775,384242857,384,35.208333,35
req-00016776,384271429,384,35.208333,35
req-00016777,384300000,384,35.208333,35
req-00016778,384328571,384,35.208333,35
req-00016779,384357143,384,35.208333,35
req-00016780,384385714,384,35.208333,35
req-00016781,384414286,384,35.208333,35
req-00016782,384442857,384,35.208333,35
req-00016783,384471429,384,35.208333,35
req-00016784,384500000,384,35.208333,35
req-00016785,384528571,384,35.208333,35
req-00016786,384557143,384,35.208333,35
req-00016787,384585714,384,35.208333,35
req-00016788,384614286,384,35.208333,35
req-00016789,384642857,384,35.208333,35
req-00016790,384671429,384,35.208333,35
req-00016791,384700000,384,35.208333,35
req-00016792,384728571,384,35.208333,35
req-00016793,384757143,384,35.208333,35
req-00016794,384785714,384,35.208333,35
req-00016795,384814286,384,35.208333,35
req-00016796,384842857,384,35.208333,35
req-00016797,384871429,384,35.208333,35
req-00016798,384900000,384,35.208333,35
req-00016799,384928571,384,35.208333,35
req-00016800,384957143,384,35.208333,35
req-00016801,384985714,384,35.208333,35
req-00016802,385014286,385,34.916667,35
req-00016803,385042857,385,34.916667,35
req-00016804,385071429,385,34.916667,35
req-00016805,385100000,385,34.916667,35
req-00016806,385128571,385,34.916667,35
req-00016807,385157143,385,34.916667,35
req-00016808,385185714,385,34.916667,35
req-00016809,385214286,385,34.916667,35
req-00016810,385242857,385,34.916667,35
req-00016811,385271429,385,34.916667,35
req-00016812,385300000,385,34.916667,35
req-00016813,385328571,385,34.916667,35
req-00016814,385357143,385,34.916667,35
req-00016815,385385714,385,34.916667,35
req-00016816,385414286,385,34.916667,35
req-00016817,385442857,385,34.916667,35
req-00016818,385471429,385,34.916667,35
req-00016819,385500000,385,34.916667,35
req-00016820,385528571,385,34.916667,35
req-00016821,385557143,385,34.916667,35
req-00016822,385585714,385,34.916667,35
req-00016823,385614286,385,34.916667,35
req-00016824,385642857,385,34.916667,35
req-00016825,385671429,385,34.916667,35
req-00016826,385700000,385,34.916667,35
req-00016827,385728571,385,34.916667,35
req-00016828,385757143,385,34.916667,35
req-00016829,385785714,385,34.916667,35
req-00016830,385814286,385,34.916667,35
req-00016831,385842857,385,34.916667,35
req-00016832,385871429,385,34.916667,35
req-00016833,385900000,385,34.916667,35
req-00016834,385928571,385,34.916667,35
req-00016835,385957143,385,34.916667,35
req-00016836,385985714,385,34.916667,35
req-00016837,386014286,386,34.625000,35
req-00016838,386042857,386,34.625000,35
req-00016839,386071429,386,34.625000,35
req-00016840,386100000,386,34.625000,35
req-00016841,386128571,386,34.625000,35
req-00016842,386157143,386,34.625000,35
req-00016843,386185714,386,34.625000,35
req-00016844,386214286,386,34.625000,35
req-00016845,386242857,386,34.625000,35
req-00016846,386271429,386,34.625000,35
req-00016847,386300000,386,34.625000,35
req-00016848,386328571,386,34.625000,35
req-00016849,386357143,386,34.625000,35
req-00016850,386385714,386,34.625000,35
req-00016851,386414286,386,34.625000,35
req-00016852,386442857,386,34.625000,35
req-00016853,386471429,386,34.625000,35
req-00016854,386500000,386,34.625000,35
req-00016855,386528571,386,34.625000,35
req-00016856,386557143,386,34.625000,35
req-00016857,386585714,386,34.625000,35
req-00016858,386614286,386,34.625000,35
req-00016859,386642857,386,34.625000,35
req-00016860,386671429,386,34.625000,35
req-00016861,386700000,386,34.625000,35
req-00016862,386728571,386,34.625000,35
req-00016863,386757143,386,34.625000,35
req-00016864,386785714,386,34.625000,35
req-00016865,386814286,386,34.625000,35
req-00016866,386842857,386,34.625000,35
req-00016867,386871429,386,34.625000,35
req-00016868,386900000,386,34.625000,35
req-00016869,386928571,386,34.625000,35
req-00016870,386957143,386,34.625000,35
req-00016871,386985714,386,34.625000,35
req-00016872,387014706,387,34.333333,34
req-00016873,387044118,387,34.333333,34
req-00016874,387073529,387,34.333333,34
req-00016875,387102941,387,34.333333,34
req-00016876,387132353,387,34.333333,34
req-00016877,387161765,387,34.333333,34
req-00016878,387191176,387,34.333333,34
req-00016879,387220588,387,34.333333,34
req-00016880,387250000,387,34.333333,34
req-00016881,387279412,387,34.333333,34
req-00016882,387308824,387,34.333333,34
req-00016883,387338235,387,34.333333,34
req-00016884,387367647,387,34.333333,34
req-00016885,387397059,387,34.333333,34
req-00016886,387426471,387,34.333333,34
req-00016887,387455882,387,34.333333,34
req-00016888,387485294,387,34.333333,34
req-00016889,387514706,387,34.333333,34
req-00016890,387544118,387,34.333333,34
req-00016891,387573529,387,34.333333,34
req-00016892,387602941,387,34.333333,34
req-00016893,387632353,387,34.333333,34
req-00016894,387661765,387,34.333333,34
req-00016895,387691176,387,34.333333,34
req-00016896,387720588,387,34.333333,34
req-00016897,387750000,387,34.333333,34
req-00016898,387779412,387,34.333333,34
req-00016899,387808824,387,34.333333,34
req-00016900,387838235,387,34.333333,34
req-00016901,387867647,387,34.333333,34
req-00016902,387897059,387,34.333333,34
req-00016903,387926471,387,34.333333,34
req-00016904,387955882,387,34.333333,34
req-00016905,387985294,387,34.333333,34
req-00016906,388014706,388,34.041667,34
req-00016907,388044118,388,34.041667,34
req-00016908,388073529,388,34.041667,34
req-00016909,388102941,388,34.041667,34
req-00016910,388132353,388,34.041667,34
req-00016911,388161765,388,34.041667,34
req-00016912,388191176,388,34.041667,34
req-00016913,388220588,388,34.041667,34
req-00016914,388250000,388,34.041667,34
req-00016915,388279412,388,34.041667,34
req-00016916,388308824,388,34.041667,34
req-00016917,388338235,388,34.041667,34
req-00016918,388367647,388,34.041667,34
req-00016919,388397059,388,34.041667,34
req-00016920,388426471,388,34.041667,34
req-00016921,388455882,388,34.041667,34
req-00016922,388485294,388,34.041667,34
req-00016923,388514706,388,34.041667,34
req-00016924,388544118,388,34.041667,34
req-00016925,388573529,388,34.041667,34
req-00016926,388602941,388,34.041667,34
req-00016927,388632353,388,34.041667,34
req-00016928,388661765,388,34.041667,34
req-00016929,388691176,388,34.041667,34
req-00016930,388720588,388,34.041667,34
req-00016931,388750000,388,34.041667,34
req-00016932,388779412,388,34.041667,34
req-00016933,388808824,388,34.041667,34
req-00016934,388838235,388,34.041667,34
req-00016935,388867647,388,34.041667,34
req-00016936,388897059,388,34.041667,34
req-00016937,388926471,388,34.041667,34
req-00016938,388955882,388,34.041667,34
req-00016939,388985294,388,34.041667,34
req-00016940,389014706,389,33.750000,34
req-00016941,389044118,389,33.750000,34
req-00016942,389073529,389,33.750000,34
req-00016943,389102941,389,33.750000,34
req-00016944,389132353,389,33.750000,34
req-00016945,389161765,389,33.750000,34
req-00016946,389191176,389,33.750000,34
req-00016947,389220588,389,33.750000,34
req-00016948,389250000,389,33.750000,34
req-00016949,389279412,389,33.750000,34
req-00016950,389308824,389,33.750000,34
req-00016951,389338235,389,33.750000,34
req-00016952,389367647,389,33.750000,34
req-00016953,389397059,389,33.750000,34
req-00016954,389426471,389,33.750000,34
req-00016955,389455882,389,33.750000,34
req-00016956,389485294,389,33.750000,34
req-00016957,389514706,389,33.750000,34
req-00016958,389544118,389,33.750000,34
req-00016959,389573529,389,33.750000,34
req-00016960,389602941,389,33.750000,34
req-00016961,389632353,389,33.750000,34
req-00016962,389661765,389,33.750000,34
req-00016963,389691176,389,33.750000,34
req-00016964,389720588,389,33.750000,34
req-00016965,389750000,389,33.750000,34
req-00016966,389779412,389,33.750000,34
req-00016967,389808824,389,33.750000,34
req-00016968,389838235,389,33.750000,34
req-00016969,389867647,389,33.750000,34
req-00016970,389897059,389,33.750000,34
req-00016971,389926471,389,33.750000,34
req-00016972,389955882,389,33.750000,34
req-00016973,389985294,389,33.750000,34
req-00016974,390015152,390,33.458333,33
req-00016975,390045455,390,33.458333,33
req-00016976,390075758,390,33.458333,33
req-00016977,390106061,390,33.458333,33
req-00016978,390136364,390,33.458333,33
req-00016979,390166667,390,33.458333,33
req-00016980,390196970,390,33.458333,33
req-00016981,390227273,390,33.458333,33
req-00016982,390257576,390,33.458333,33
req-00016983,390287879,390,33.458333,33
req-00016984,390318182,390,33.458333,33
req-00016985,390348485,390,33.458333,33
req-00016986,390378788,390,33.458333,33
req-00016987,390409091,390,33.458333,33
req-00016988,390439394,390,33.458333,33
req-00016989,390469697,390,33.458333,33
req-00016990,390500000,390,33.458333,33
req-00016991,390530303,390,33.458333,33
req-00016992,390560606,390,33.458333,33
req-00016993,390590909,390,33.458333,33
req-00016994,390621212,390,33.458333,33
req-00016995,390651515,390,33.458333,33
req-00016996,390681818,390,33.458333,33
req-00016997,390712121,390,33.458333,33
req-00016998,390742424,390,33.458333,33
req-00016999,390772727,390,33.458333,33
req-00017000,390803030,390,33.458333,33
req-00017001,390833333,390,33.458333,33
req-00017002,390863636,390,33.458333,33
req-00017003,390893939,390,33.458333,33
req-00017004,390924242,390,33.458333,33
req-00017005,390954545,390,33.458333,33
req-00017006,390984848,390,33.458333,33
req-00017007,391015152,391,33.166667,33
req-00017008,391045455,391,33.166667,33
req-00017009,391075758,391,33.166667,33
req-00017010,391106061,391,33.166667,33
req-00017011,391136364,391,33.166667,33
req-00017012,391166667,391,33.166667,33
req-00017013,391196970,391,33.166667,33
req-00017014,391227273,391,33.166667,33
req-00017015,391257576,391,33.166667,33
req-00017016,391287879,391,33.166667,33
req-00017017,391318182,391,33.166667,33
req-00017018,391348485,391,33.166667,33
req-00017019,391378788,391,33.166667,33
req-00017020,391409091,391,33.166667,33
req-00017021,391439394,391,33.166667,33
req-00017022,391469697,391,33.166667,33
req-00017023,391500000,391,33.166667,33
req-00017024,391530303,391,33.166667,33
req-00017025,391560606,391,33.166667,33
req-00017026,391590909,391,33.166667,33
req-00017027,391621212,391,33.166667,33
req-00017028,391651515,391,33.166667,33
req-00017029,391681818,391,33.166667,33
req-00017030,391712121,391,33.166667,33
req-00017031,391742424,391,33.166667,33
req-00017032,391772727,391,33.166667,33
req-00017033,391803030,391,33.166667,33
req-00017034,391833333,391,33.166667,33
req-00017035,391863636,391,33.166667,33
req-00017036,391893939,391,33.166667,33
req-00017037,391924242,391,33.166667,33
req-00017038,391954545,391,33.166667,33
req-00017039,391984848,391,33.166667,33
req-00017040,392015152,392,32.875000,33
req-00017041,392045455,392,32.875000,33
req-00017042,392075758,392,32.875000,33
req-00017043,392106061,392,32.875000,33
req-00017044,392136364,392,32.875000,33
req-00017045,392166667,392,32.875000,33
req-00017046,392196970,392,32.875000,33
req-00017047,392227273,392,32.875000,33
req-00017048,392257576,392,32.875000,33
req-00017049,392287879,392,32.875000,33
req-00017050,392318182,392,32.875000,33
req-00017051,392348485,392,32.875000,33
req-00017052,392378788,392,32.875000,33
req-00017053,392409091,392,32.875000,33
req-00017054,392439394,392,32.875000,33
req-00017055,392469697,392,32.875000,33
req-00017056,392500000,392,32.875000,33
req-00017057,392530303,392,32.875000,33
req-00017058,392560606,392,32.875000,33
req-00017059,392590909,392,32.875000,33
req-00017060,392621212,392,32.875000,33
req-00017061,392651515,392,32.875000,33
req-00017062,392681818,392,32.875000,33
req-00017063,392712121,392,32.875000,33
req-00017064,392742424,392,32.875000,33
req-00017065,392772727,392,32.875000,33
req-00017066,392803030,392,32.875000,33
req-00017067,392833333,392,32.875000,33
req-00017068,392863636,392,32.875000,33
req-00017069,392893939,392,32.875000,33
req-00017070,392924242,392,32.875000,33
req-00017071,392954545,392,32.875000,33
req-00017072,392984848,392,32.875000,33
req-00017073,393015152,393,32.583333,33
req-00017074,393045455,393,32.583333,33
req-00017075,393075758,393,32.583333,33
req-00017076,393106061,393,32.583333,33
req-00017077,393136364,393,32.583333,33
req-00017078,393166667,393,32.583333,33
req-00017079,393196970,393,32.583333,33
req-00017080,393227273,393,32.583333,33
req-00017081,393257576,393,32.583333,33
req-00017082,393287879,393,32.583333,33
req-00017083,393318182,393,32.583333,33
req-00017084,393348485,393,32.583333,33
req-00017085,393378788,393,32.583333,33
req-00017086,393409091,393,32.583333,33
req-00017087,393439394,393,32.583333,33
req-00017088,393469697,393,32.583333,33
req-00017089,393500000,393,32.583333,33
req-00017090,393530303,393,32.583333,33
req-00017091,393560606,393,32.583333,33
req-00017092,393590909,393,32.583333,33
req-00017093,393621212,393,32.583333,33
req-00017094,393651515,393,32.583333,33
req-00017095,393681818,393,32.583333,33
req-00017096,393712121,393,32.583333,33
req-00017097,393742424,393,32.583333,33
req-00017098,393772727,393,32.583333,33
req-00017099,393803030,393,32.583333,33
req-00017100,393833333,393,32.583333,33
req-00017101,393863636,393,32.583333,33
req-00017102,393893939,393,32.583333,33
req-00017103,393924242,393,32.583333,33
req-00017104,393954545,393,32.583333,33
req-00017105,393984848,393,32.583333,33
req-00017106,394015625,394,32.291667,32
req-00017107,394046875,394,32.291667,32
req-00017108,394078125,394,32.291667,32
req-00017109,394109375,394,32.291667,32
req-00017110,394140625,394,32.291667,32
req-00017111,394171875,394,32.291667,32
req-00017112,394203125,394,32.291667,32
req-00017113,394234375,394,32.291667,32
req-00017114,394265625,394,32.291667,32
req-00017115,394296875,394,32.291667,32
req-00017116,394328125,394,32.291667,32
req-00017117,394359375,394,32.291667,32
req-00017118,394390625,394,32.291667,32
req-00017119,394421875,394,32.291667,32
req-00017120,394453125,394,32.291667,32
req-00017121,394484375,394,32.291667,32
req-00017122,394515625,394,32.291667,32
req-00017123,394546875,394,32.291667,32
req-00017124,394578125,394,32.291667,32
req-00017125,394609375,394,32.291667,32
req-00017126,394640625,394,32.291667,32
req-00017127,394671875,394,32.291667,32
req-00017128,394703125,394,32.291667,32
req-00017129,394734375,394,32.291667,32
req-00017130,394765625,394,32.291667,32
req-00017131,394796875,394,32.291667,32
req-00017132,394828125,394,32.291667,32
req-00017133,394859375,394,32.291667,32
req-00017134,394890625,394,32.291667,32
req-00017135,394921875,394,32.291667,32
req-00017136,394953125,394,32.291667,32
req-00017137,394984375,394,32.291667,32
req-00017138,395015625,395,32.000000,32
req-00017139,395046875,395,32.000000,32
req-00017140,395078125,395,32.000000,32
req-00017141,395109375,395,32.000000,32
req-00017142,395140625,395,32.000000,32
req-00017143,395171875,395,32.000000,32
req-00017144,395203125,395,32.000000,32
req-00017145,395234375,395,32.000000,32
req-00017146,395265625,395,32.000000,32
req-00017147,395296875,395,32.000000,32
req-00017148,395328125,395,32.000000,32
req-00017149,395359375,395,32.000000,32
req-00017150,395390625,395,32.000000,32
req-00017151,395421875,395,32.000000,32
req-00017152,395453125,395,32.000000,32
req-00017153,395484375,395,32.000000,32
req-00017154,395515625,395,32.000000,32
req-00017155,395546875,395,32.000000,32
req-00017156,395578125,395,32.000000,32
req-00017157,395609375,395,32.000000,32
req-00017158,395640625,395,32.000000,32
req-00017159,395671875,395,32.000000,32
req-00017160,395703125,395,32.000000,32
req-00017161,395734375,395,32.000000,32
req-00017162,395765625,395,32.000000,32
req-00017163,395796875,395,32.000000,32
req-00017164,395828125,395,32.000000,32
req-00017165,395859375,395,32.000000,32
req-00017166,395890625,395,32.000000,32
req-00017167,395921875,395,32.000000,32
req-00017168,395953125,395,32.000000,32
req-00017169,395984375,395,32.000000,32
req-00017170,396015625,396,31.708333,32
req-00017171,396046875,396,31.708333,32
req-00017172,396078125,396,31.708333,32
req-00017173,396109375,396,31.708333,32
req-00017174,396140625,396,31.708333,32
req-00017175,396171875,396,31.708333,32
req-00017176,396203125,396,31.708333,32
req-00017177,396234375,396,31.708333,32
req-00017178,396265625,396,31.708333,32
req-00017179,396296875,396,31.708333,32
req-00017180,396328125,396,31.708333,32
req-00017181,396359375,396,31.708333,32
req-00017182,396390625,396,31.708333,32
req-00017183,396421875,396,31.708333,32
req-00017184,396453125,396,31.708333,32
req-00017185,396484375,396,31.708333,32
req-00017186,396515625,396,31.708333,32
req-00017187,396546875,396,31.708333,32
req-00017188,396578125,396,31.708333,32
req-00017189,396609375,396,31.708333,32
req-00017190,396640625,396,31.708333,32
req-00017191,396671875,396,31.708333,32
req-00017192,396703125,396,31.708333,32
req-00017193,396734375,396,31.708333,32
req-00017194,396765625,396,31.708333,32
req-00017195,396796875,396,31.708333,32
req-00017196,396828125,396,31.708333,32
req-00017197,396859375,396,31.708333,32
req-00017198,396890625,396,31.708333,32
req-00017199,396921875,396,31.708333,32
req-00017200,396953125,396,31.708333,32
req-00017201,396984375,396,31.708333,32
req-00017202,397016129,397,31.416667,31
req-00017203,397048387,397,31.416667,31
req-00017204,397080645,397,31.416667,31
req-00017205,397112903,397,31.416667,31
req-00017206,397145161,397,31.416667,31
req-00017207,397177419,397,31.416667,31
req-00017208,397209677,397,31.416667,31
req-00017209,397241935,397,31.416667,31
req-00017210,397274194,397,31.416667,31
req-00017211,397306452,397,31.416667,31
req-00017212,397338710,397,31.416667,31
req-00017213,397370968,397,31.416667,31
req-00017214,397403226,397,31.416667,31
req-00017215,397435484,397,31.416667,31
req-00017216,397467742,397,31.416667,31
req-00017217,397500000,397,31.416667,31
req-00017218,397532258,397,31.416667,31
req-00017219,397564516,397,31.416667,31
req-00017220,397596774,397,31.416667,31
req-00017221,397629032,397,31.416667,31
req-00017222,397661290,397,31.416667,31
req-00017223,397693548,397,31.416667,31
req-00017224,397725806,397,31.416667,31
req-00017225,397758065,397,31.416667,31
req-00017226,397790323,397,31.416667,31
req-00017227,397822581,397,31.416667,31
req-00017228,397854839,397,31.416667,31
req-00017229,397887097,397,31.416667,31
req-00017230,397919355,397,31.416667,31
req-00017231,397951613,397,31.416667,31
req-00017232,397983871,397,31.416667,31
req-00017233,398016129,398,31.125000,31
req-00017234,398048387,398,31.125000,31
req-00017235,398080645,398,31.125000,31
req-00017236,398112903,398,31.125000,31
req-00017237,398145161,398,31.125000,31
req-00017238,398177419,398,31.125000,31
req-00017239,398209677,398,31.125000,31
req-00017240,398241935,398,31.125000,31
req-00017241,398274194,398,31.125000,31
req-00017242,398306452,398,31.125000,31
req-00017243,398338710,398,31.125000,31
req-00017244,398370968,398,31.125000,31
req-00017245,398403226,398,31.125000,31
req-00017246,398435484,398,31.125000,31
req-00017247,398467742,398,31.125000,31
req-00017248,398500000,398,31.125000,31
req-00017249,398532258,398,31.125000,31
req-00017250,398564516,398,31.125000,31
req-00017251,398596774,398,31.125000,31
req-00017252,398629032,398,31.125000,31
req-00017253,398661290,398,31.125000,31
req-00017254,398693548,398,31.125000,31
req-00017255,398725806,398,31.125000,31
req-00017256,398758065,398,31.125000,31
req-00017257,398790323,398,31.125000,31
req-00017258,398822581,398,31.125000,31
req-00017259,398854839,398,31.125000,31
req-00017260,398887097,398,31.125000,31
req-00017261,398919355,398,31.125000,31
req-00017262,398951613,398,31.125000,31
req-00017263,398983871,398,31.125000,31
req-00017264,399016129,399,30.833333,31
req-00017265,399048387,399,30.833333,31
req-00017266,399080645,399,30.833333,31
req-00017267,399112903,399,30.833333,31
req-00017268,399145161,399,30.833333,31
req-00017269,399177419,399,30.833333,31
req-00017270,399209677,399,30.833333,31
req-00017271,399241935,399,30.833333,31
req-00017272,399274194,399,30.833333,31
req-00017273,399306452,399,30.833333,31
req-00017274,399338710,399,30.833333,31
req-00017275,399370968,399,30.833333,31
req-00017276,399403226,399,30.833333,31
req-00017277,399435484,399,30.833333,31
req-00017278,399467742,399,30.833333,31
req-00017279,399500000,399,30.833333,31
req-00017280,399532258,399,30.833333,31
req-00017281,399564516,399,30.833333,31
req-00017282,399596774,399,30.833333,31
req-00017283,399629032,399,30.833333,31
req-00017284,399661290,399,30.833333,31
req-00017285,399693548,399,30.833333,31
req-00017286,399725806,399,30.833333,31
req-00017287,399758065,399,30.833333,31
req-00017288,399790323,399,30.833333,31
req-00017289,399822581,399,30.833333,31
req-00017290,399854839,399,30.833333,31
req-00017291,399887097,399,30.833333,31
req-00017292,399919355,399,30.833333,31
req-00017293,399951613,399,30.833333,31
req-00017294,399983871,399,30.833333,31
req-00017295,400016129,400,30.541667,31
req-00017296,400048387,400,30.541667,31
req-00017297,400080645,400,30.541667,31
req-00017298,400112903,400,30.541667,31
req-00017299,400145161,400,30.541667,31
req-00017300,400177419,400,30.541667,31
req-00017301,400209677,400,30.541667,31
req-00017302,400241935,400,30.541667,31
req-00017303,400274194,400,30.541667,31
req-00017304,400306452,400,30.541667,31
req-00017305,400338710,400,30.541667,31
req-00017306,400370968,400,30.541667,31
req-00017307,400403226,400,30.541667,31
req-00017308,400435484,400,30.541667,31
req-00017309,400467742,400,30.541667,31
req-00017310,400500000,400,30.541667,31
req-00017311,400532258,400,30.541667,31
req-00017312,400564516,400,30.541667,31
req-00017313,400596774,400,30.541667,31
req-00017314,400629032,400,30.541667,31
req-00017315,400661290,400,30.541667,31
req-00017316,400693548,400,30.541667,31
req-00017317,400725806,400,30.541667,31
req-00017318,400758065,400,30.541667,31
req-00017319,400790323,400,30.541667,31
req-00017320,400822581,400,30.541667,31
req-00017321,400854839,400,30.541667,31
req-00017322,400887097,400,30.541667,31
req-00017323,400919355,400,30.541667,31
req-00017324,400951613,400,30.541667,31
req-00017325,400983871,400,30.541667,31
req-00017326,401016667,401,30.250000,30
req-00017327,401050000,401,30.250000,30
req-00017328,401083333,401,30.250000,30
req-00017329,401116667,401,30.250000,30
req-00017330,401150000,401,30.250000,30
req-00017331,401183333,401,30.250000,30
req-00017332,401216667,401,30.250000,30
req-00017333,401250000,401,30.250000,30
req-00017334,401283333,401,30.250000,30
req-00017335,401316667,401,30.250000,30
req-00017336,401350000,401,30.250000,30
req-00017337,401383333,401,30.250000,30
req-00017338,401416667,401,30.250000,30
req-00017339,401450000,401,30.250000,30
req-00017340,401483333,401,30.250000,30
req-00017341,401516667,401,30.250000,30
req-00017342,401550000,401,30.250000,30
req-00017343,401583333,401,30.250000,30
req-00017344,401616667,401,30.250000,30
req-00017345,401650000,401,30.250000,30
req-00017346,401683333,401,30.250000,30
req-00017347,401716667,401,30.250000,30
req-00017348,401750000,401,30.250000,30
req-00017349,401783333,401,30.250000,30
req-00017350,401816667,401,30.250000,30
req-00017351,401850000,401,30.250000,30
req-00017352,401883333,401,30.250000,30
req-00017353,401916667,401,30.250000,30
req-00017354,401950000,401,30.250000,30
req-00017355,401983333,401,30.250000,30
req-00017356,402016667,402,29.958333,30
req-00017357,402050000,402,29.958333,30
req-00017358,402083333,402,29.958333,30
req-00017359,402116667,402,29.958333,30
req-00017360,402150000,402,29.958333,30
req-00017361,402183333,402,29.958333,30
req-00017362,402216667,402,29.958333,30
req-00017363,402250000,402,29.958333,30
req-00017364,402283333,402,29.958333,30
req-00017365,402316667,402,29.958333,30
req-00017366,402350000,402,29.958333,30
req-00017367,402383333,402,29.958333,30
req-00017368,402416667,402,29.958333,30
req-00017369,402450000,402,29.958333,30
req-00017370,402483333,402,29.958333,30
req-00017371,402516667,402,29.958333,30
req-00017372,402550000,402,29.958333,30
req-00017373,402583333,402,29.958333,30
req-00017374,402616667,402,29.958333,30
req-00017375,402650000,402,29.958333,30
req-00017376,402683333,402,29.958333,30
req-00017377,402716667,402,29.958333,30
req-00017378,402750000,402,29.958333,30
req-00017379,402783333,402,29.958333,30
req-00017380,402816667,402,29.958333,30
req-00017381,402850000,402,29.958333,30
req-00017382,402883333,402,29.958333,30
req-00017383,402916667,402,29.958333,30
req-00017384,402950000,402,29.958333,30
req-00017385,402983333,402,29.958333,30
req-00017386,403016667,403,29.666667,30
req-00017387,403050000,403,29.666667,30
req-00017388,403083333,403,29.666667,30
req-00017389,403116667,403,29.666667,30
req-00017390,403150000,403,29.666667,30
req-00017391,403183333,403,29.666667,30
req-00017392,403216667,403,29.666667,30
req-00017393,403250000,403,29.666667,30
req-00017394,403283333,403,29.666667,30
req-00017395,403316667,403,29.666667,30
req-00017396,403350000,403,29.666667,30
req-00017397,403383333,403,29.666667,30
req-00017398,403416667,403,29.666667,30
req-00017399,403450000,403,29.666667,30
req-00017400,403483333,403,29.666667,30
req-00017401,403516667,403,29.666667,30
req-00017402,403550000,403,29.666667,30
req-00017403,403583333,403,29.666667,30
req-00017404,403616667,403,29.666667,30
req-00017405,403650000,403,29.666667,30
req-00017406,403683333,403,29.666667,30
req-00017407,403716667,403,29.666667,30
req-00017408,403750000,403,29.666667,30
req-00017409,403783333,403,29.666667,30
req-00017410,403816667,403,29.666667,30
req-00017411,403850000,403,29.666667,30
req-00017412,403883333,403,29.666667,30
req-00017413,403916667,403,29.666667,30
req-00017414,403950000,403,29.666667,30
req-00017415,403983333,403,29.666667,30
req-00017416,404017241,404,29.375000,29
req-00017417,404051724,404,29.375000,29
req-00017418,404086207,404,29.375000,29
req-00017419,404120690,404,29.375000,29
req-00017420,404155172,404,29.375000,29
req-00017421,404189655,404,29.375000,29
req-00017422,404224138,404,29.375000,29
req-00017423,404258621,404,29.375000,29
req-00017424,404293103,404,29.375000,29
req-00017425,404327586,404,29.375000,29
req-00017426,404362069,404,29.375000,29
req-00017427,404396552,404,29.375000,29
req-00017428,404431034,404,29.375000,29
req-00017429,404465517,404,29.375000,29
req-00017430,404500000,404,29.375000,29
req-00017431,404534483,404,29.375000,29
req-00017432,404568966,404,29.375000,29
req-00017433,404603448,404,29.375000,29
req-00017434,404637931,404,29.375000,29
req-00017435,404672414,404,29.375000,29
req-00017436,404706897,404,29.375000,29
req-00017437,404741379,404,29.375000,29
req-00017438,404775862,404,29.375000,29
req-00017439,404810345,404,29.375000,29
req-00017440,404844828,404,29.375000,29
req-00017441,404879310,404,29.375000,29
req-00017442,404913793,404,29.375000,29
req-00017443,404948276,404,29.375000,29
req-00017444,404982759,404,29.375000,29
req-00017445,405017241,405,29.083333,29
req-00017446,405051724,405,29.083333,29
req-00017447,405086207,405,29.083333,29
req-00017448,405120690,405,29.083333,29
req-00017449,405155172,405,29.083333,29
req-00017450,405189655,405,29.083333,29
req-00017451,405224138,405,29.083333,29
req-00017452,405258621,405,29.083333,29
req-00017453,405293103,405,29.083333,29
req-00017454,405327586,405,29.083333,29
req-00017455,405362069,405,29.083333,29
req-00017456,405396552,405,29.083333,29
req-00017457,405431034,405,29.083333,29
req-00017458,405465517,405,29.083333,29
req-00017459,405500000,405,29.083333,29
req-00017460,405534483,405,29.083333,29
req-00017461,405568966,405,29.083333,29
req-00017462,405603448,405,29.083333,29
req-00017463,405637931,405,29.083333,29
req-00017464,405672414,405,29.083333,29
req-00017465,405706897,405,29.083333,29
req-00017466,405741379,405,29.083333,29
req-00017467,405775862,405,29.083333,29
req-00017468,405810345,405,29.083333,29
req-00017469,405844828,405,29.083333,29
req-00017470,405879310,405,29.083333,29
req-00017471,405913793,405,29.083333,29
req-00017472,405948276,405,29.083333,29
req-00017473,405982759,405,29.083333,29
req-00017474,406017241,406,28.791667,29
req-00017475,406051724,406,28.791667,29
req-00017476,406086207,406,28.791667,29
req-00017477,406120690,406,28.791667,29
req-00017478,406155172,406,28.791667,29
req-00017479,406189655,406,28.791667,29
req-00017480,406224138,406,28.791667,29
req-00017481,406258621,406,28.791667,29
req-00017482,406293103,406,28.791667,29
req-00017483,406327586,406,28.791667,29
req-00017484,406362069,406,28.791667,29
req-00017485,406396552,406,28.791667,29
req-00017486,406431034,406,28.791667,29
req-00017487,406465517,406,28.791667,29
req-00017488,406500000,406,28.791667,29
req-00017489,406534483,406,28.791667,29
req-00017490,406568966,406,28.791667,29
req-00017491,406603448,406,28.791667,29
req-00017492,406637931,406,28.791667,29
req-00017493,406672414,406,28.791667,29
req-00017494,406706897,406,28.791667,29
req-00017495,406741379,406,28.791667,29
req-00017496,406775862,406,28.791667,29
req-00017497,406810345,406,28.791667,29
req-00017498,406844828,406,28.791667,29
req-00017499,406879310,406,28.791667,29
req-00017500,406913793,406,28.791667,29
req-00017501,406948276,406,28.791667,29
req-00017502,406982759,406,28.791667,29
req-00017503,407017857,407,28.500000,28
req-00017504,407053571,407,28.500000,28
req-00017505,407089286,407,28.500000,28
req-00017506,407125000,407,28.500000,28
req-00017507,407160714,407,28.500000,28
req-00017508,407196429,407,28.500000,28
req-00017509,407232143,407,28.500000,28
req-00017510,407267857,407,28.500000,28
req-00017511,407303571,407,28.500000,28
req-00017512,407339286,407,28.500000,28
req-00017513,407375000,407,28.500000,28
req-00017514,407410714,407,28.500000,28
req-00017515,407446429,407,28.500000,28
req-00017516,407482143,407,28.500000,28
req-00017517,407517857,407,28.500000,28
req-00017518,407553571,407,28.500000,28
req-00017519,407589286,407,28.500000,28
req-00017520,407625000,407,28.500000,28
req-00017521,407660714,407,28.500000,28
req-00017522,407696429,407,28.500000,28
req-00017523,407732143,407,28.500000,28
req-00017524,407767857,407,28.500000,28
req-00017525,407803571,407,28.500000,28
req-00017526,407839286,407,28.500000,28
req-00017527,407875000,407,28.500000,28
req-00017528,407910714,407,28.500000,28
req-00017529,407946429,407,28.500000,28
req-00017530,407982143,407,28.500000,28
req-00017531,408017857,408,28.208333,28
req-00017532,408053571,408,28.208333,28
req-00017533,408089286,408,28.208333,28
req-00017534,408125000,408,28.208333,28
req-00017535,408160714,408,28.208333,28
req-00017536,408196429,408,28.208333,28
req-00017537,408232143,408,28.208333,28
req-00017538,408267857,408,28.208333,28
req-00017539,408303571,408,28.208333,28
req-00017540,408339286,408,28.208333,28
req-00017541,408375000,408,28.208333,28
req-00017542,408410714,408,28.208333,28
req-00017543,408446429,408,28.208333,28
req-00017544,408482143,408,28.208333,28
req-00017545,408517857,408,28.208333,28
req-00017546,408553571,408,28.208333,28
req-00017547,408589286,408,28.208333,28
req-00017548,408625000,408,28.208333,28
req-00017549,408660714,408,28.208333,28
req-00017550,408696429,408,28.208333,28
req-00017551,408732143,408,28.208333,28
req-00017552,408767857,408,28.208333,28
req-00017553,408803571,408,28.208333,28
req-00017554,408839286,408,28.208333,28
req-00017555,408875000,408,28.208333,28
req-00017556,408910714,408,28.208333,28
req-00017557,408946429,408,28.208333,28
req-00017558,408982143,408,28.208333,28
req-00017559,409017857,409,27.916667,28
req-00017560,409053571,409,27.916667,28
req-00017561,409089286,409,27.916667,28
req-00017562,409125000,409,27.916667,28
req-00017563,409160714,409,27.916667,28
req-00017564,409196429,409,27.916667,28
req-00017565,409232143,409,27.916667,28
req-00017566,409267857,409,27.916667,28
req-00017567,409303571,409,27.916667,28
req-00017568,409339286,409,27.916667,28
req-00017569,409375000,409,27.916667,28
req-00017570,409410714,409,27.916667,28
req-00017571,409446429,409,27.916667,28
req-00017572,409482143,409,27.916667,28
req-00017573,409517857,409,27.916667,28
req-00017574,409553571,409,27.916667,28
req-00017575,409589286,409,27.916667,28
req-00017576,409625000,409,27.916667,28
req-00017577,409660714,409,27.916667,28
req-00017578,409696429,409,27.916667,28
req-00017579,409732143,409,27.916667,28
req-00017580,409767857,409,27.916667,28
req-00017581,409803571,409,27.916667,28
req-00017582,409839286,409,27.916667,28
req-00017583,409875000,409,27.916667,28
req-00017584,409910714,409,27.916667,28
req-00017585,409946429,409,27.916667,28
req-00017586,409982143,409,27.916667,28
req-00017587,410017857,410,27.625000,28
req-00017588,410053571,410,27.625000,28
req-00017589,410089286,410,27.625000,28
req-00017590,410125000,410,27.625000,28
req-00017591,410160714,410,27.625000,28
req-00017592,410196429,410,27.625000,28
req-00017593,410232143,410,27.625000,28
req-00017594,410267857,410,27.625000,28
req-00017595,410303571,410,27.625000,28
req-00017596,410339286,410,27.625000,28
req-00017597,410375000,410,27.625000,28
req-00017598,410410714,410,27.625000,28
req-00017599,410446429,410,27.625000,28
req-00017600,410482143,410,27.625000,28
req-00017601,410517857,410,27.625000,28
req-00017602,410553571,410,27.625000,28
req-00017603,410589286,410,27.625000,28
req-00017604,410625000,410,27.625000,28
req-00017605,410660714,410,27.625000,28
req-00017606,410696429,410,27.625000,28
req-00017607,410732143,410,27.625000,28
req-00017608,410767857,410,27.625000,28
req-00017609,410803571,410,27.625000,28
req-00017610,410839286,410,27.625000,28
req-00017611,410875000,410,27.625000,28
req-00017612,410910714,410,27.625000,28
req-00017613,410946429,410,27.625000,28
req-00017614,410982143,410,27.625000,28
req-00017615,411018519,411,27.333333,27
req-00017616,411055556,411,27.333333,27
req-00017617,411092593,411,27.333333,27
req-00017618,411129630,411,27.333333,27
req-00017619,411166667,411,27.333333,27
req-00017620,411203704,411,27.333333,27
req-00017621,411240741,411,27.333333,27
req-00017622,411277778,411,27.333333,27
req-00017623,411314815,411,27.333333,27
req-00017624,411351852,411,27.333333,27
req-00017625,411388889,411,27.333333,27
req-00017626,411425926,411,27.333333,27
req-00017627,411462963,411,27.333333,27
req-00017628,411500000,411,27.333333,27
req-00017629,411537037,411,27.333333,27
req-00017630,411574074,411,27.333333,27
req-00017631,411611111,411,27.333333,27
req-00017632,411648148,411,27.333333,27
req-00017633,411685185,411,27.333333,27
req-00017634,411722222,411,27.333333,27
req-00017635,411759259,411,27.333333,27
req-00017636,411796296,411,27.333333,27
req-00017637,411833333,411,27.333333,27
req-00017638,411870370,411,27.333333,27
req-00017639,411907407,411,27.333333,27
req-00017640,411944444,411,27.333333,27
req-00017641,411981481,411,27.333333,27
req-00017642,412018519,412,27.041667,27
req-00017643,412055556,412,27.041667,27
req-00017644,412092593,412,27.041667,27
req-00017645,412129630,412,27.041667,27
req-00017646,412166667,412,27.041667,27
req-00017647,412203704,412,27.041667,27
req-00017648,412240741,412,27.041667,27
req-00017649,412277778,412,27.041667,27
req-00017650,412314815,412,27.041667,27
req-00017651,412351852,412,27.041667,27
req-00017652,412388889,412,27.041667,27
req-00017653,412425926,412,27.041667,27
req-00017654,412462963,412,27.041667,27
req-00017655,412500000,412,27.041667,27
req-00017656,412537037,412,27.041667,27
req-00017657,412574074,412,27.041667,27
req-00017658,412611111,412,27.041667,27
req-00017659,412648148,412,27.041667,27
req-00017660,412685185,412,27.041667,27
req-00017661,412722222,412,27.041667,27
req-00017662,412759259,412,27.041667,27
req-00017663,412796296,412,27.041667,27
req-00017664,412833333,412,27.041667,27
req-00017665,412870370,412,27.041667,27
req-00017666,412907407,412,27.041667,27
req-00017667,412944444,412,27.041667,27
req-00017668,412981481,412,27.041667,27
req-00017669,413018519,413,26.750000,27
req-00017670,413055556,413,26.750000,27
req-00017671,413092593,413,26.750000,27
req-00017672,413129630,413,26.750000,27
req-00017673,413166667,413,26.750000,27
req-00017674,413203704,413,26.750000,27
req-00017675,413240741,413,26.750000,27
req-00017676,413277778,413,26.750000,27
req-00017677,413314815,413,26.750000,27
req-00017678,413351852,413,26.750000,27
req-00017679,413388889,413,26.750000,27
req-00017680,413425926,413,26.750000,27
req-00017681,413462963,413,26.750000,27
req-00017682,413500000,413,26.750000,27
req-00017683,413537037,413,26.750000,27
req-00017684,413574074,413,26.750000,27
req-00017685,413611111,413,26.750000,27
req-00017686,413648148,413,26.750000,27
req-00017687,413685185,413,26.750000,27
req-00017688,413722222,413,26.750000,27
req-00017689,413759259,413,26.750000,27
req-00017690,413796296,413,26.750000,27
req-00017691,413833333,413,26.750000,27
req-00017692,413870370,413,26.750000,27
req-00017693,413907407,413,26.750000,27
req-00017694,413944444,413,26.750000,27
req-00017695,413981481,413,26.750000,27
req-00017696,414018519,414,26.458333,27
req-00017697,414055556,414,26.458333,27
req-00017698,414092593,414,26.458333,27
req-00017699,414129630,414,26.458333,27
req-00017700,414166667,414,26.458333,27
req-00017701,414203704,414,26.458333,27
req-00017702,414240741,414,26.458333,27
req-00017703,414277778,414,26.458333,27
req-00017704,414314815,414,26.458333,27
req-00017705,414351852,414,26.458333,27
req-00017706,414388889,414,26.458333,27
req-00017707,414425926,414,26.458333,27
req-00017708,414462963,414,26.458333,27
req-00017709,414500000,414,26.458333,27
req-00017710,414537037,414,26.458333,27
req-00017711,414574074,414,26.458333,27
req-00017712,414611111,414,26.458333,27
req-00017713,414648148,414,26.458333,27
req-00017714,414685185,414,26.458333,27
req-00017715,414722222,414,26.458333,27
req-00017716,414759259,414,26.458333,27
req-00017717,414796296,414,26.458333,27
req-00017718,414833333,414,26.458333,27
req-00017719,414870370,414,26.458333,27
req-00017720,414907407,414,26.458333,27
req-00017721,414944444,414,26.458333,27
req-00017722,414981481,414,26.458333,27
req-00017723,415019231,415,26.166667,26
req-00017724,415057692,415,26.166667,26
req-00017725,415096154,415,26.166667,26
req-00017726,415134615,415,26.166667,26
req-00017727,415173077,415,26.166667,26
req-00017728,415211538,415,26.166667,26
req-00017729,415250000,415,26.166667,26
req-00017730,415288462,415,26.166667,26
req-00017731,415326923,415,26.166667,26
req-00017732,415365385,415,26.166667,26
req-00017733,415403846,415,26.166667,26
req-00017734,415442308,415,26.166667,26
req-00017735,415480769,415,26.166667,26
req-00017736,415519231,415,26.166667,26
req-00017737,415557692,415,26.166667,26
req-00017738,415596154,415,26.166667,26
req-00017739,415634615,415,26.166667,26
req-00017740,415673077,415,26.166667,26
req-00017741,415711538,415,26.166667,26
req-00017742,415750000,415,26.166667,26
req-00017743,415788462,415,26.166667,26
req-00017744,415826923,415,26.166667,26
req-00017745,415865385,415,26.166667,26
req-00017746,415903846,415,26.166667,26
req-00017747,415942308,415,26.166667,26
req-00017748,415980769,415,26.166667,26
req-00017749,416019231,416,25.875000,26
req-00017750,416057692,416,25.875000,26
req-00017751,416096154,416,25.875000,26
req-00017752,416134615,416,25.875000,26
req-00017753,416173077,416,25.875000,26
req-00017754,416211538,416,25.875000,26
req-00017755,416250000,416,25.875000,26
req-00017756,416288462,416,25.875000,26
req-00017757,416326923,416,25.875000,26
req-00017758,416365385,416,25.875000,26
req-00017759,416403846,416,25.875000,26
req-00017760,416442308,416,25.875000,26
req-00017761,416480769,416,25.875000,26
req-00017762,416519231,416,25.875000,26
req-00017763,416557692,416,25.875000,26
req-00017764,416596154,416,25.875000,26
req-00017765,416634615,416,25.875000,26
req-00017766,416673077,416,25.875000,26
req-00017767,416711538,416,25.875000,26
req-00017768,416750000,416,25.875000,26
req-00017769,416788462,416,25.875000,26
req-00017770,416826923,416,25.875000,26
req-00017771,416865385,416,25.875000,26
req-00017772,416903846,416,25.875000,26
req-00017773,416942308,416,25.875000,26
req-00017774,416980769,416,25.875000,26
req-00017775,417020000,417,25.583333,25
req-00017776,417060000,417,25.583333,25
req-00017777,417100000,417,25.583333,25
req-00017778,417140000,417,25.583333,25
req-00017779,417180000,417,25.583333,25
req-00017780,417220000,417,25.583333,25
req-00017781,417260000,417,25.583333,25
req-00017782,417300000,417,25.583333,25
req-00017783,417340000,417,25.583333,25
req-00017784,417380000,417,25.583333,25
req-00017785,417420000,417,25.583333,25
req-00017786,417460000,417,25.583333,25
req-00017787,417500000,417,25.583333,25
req-00017788,417540000,417,25.583333,25
req-00017789,417580000,417,25.583333,25
req-00017790,417620000,417,25.583333,25
req-00017791,417660000,417,25.583333,25
req-00017792,417700000,417,25.583333,25
req-00017793,417740000,417,25.583333,25
req-00017794,417780000,417,25.583333,25
req-00017795,417820000,417,25.583333,25
req-00017796,417860000,417,25.583333,25
req-00017797,417900000,417,25.583333,25
req-00017798,417940000,417,25.583333,25
req-00017799,417980000,417,25.583333,25
req-00017800,418019231,418,25.291667,26
req-00017801,418057692,418,25.291667,26
req-00017802,418096154,418,25.291667,26
req-00017803,418134615,418,25.291667,26
req-00017804,418173077,418,25.291667,26
req-00017805,418211538,418,25.291667,26
req-00017806,418250000,418,25.291667,26
req-00017807,418288462,418,25.291667,26
req-00017808,418326923,418,25.291667,26
req-00017809,418365385,418,25.291667,26
req-00017810,418403846,418,25.291667,26
req-00017811,418442308,418,25.291667,26
req-00017812,418480769,418,25.291667,26
req-00017813,418519231,418,25.291667,26
req-00017814,418557692,418,25.291667,26
req-00017815,418596154,418,25.291667,26
req-00017816,418634615,418,25.291667,26
req-00017817,418673077,418,25.291667,26
req-00017818,418711538,418,25.291667,26
req-00017819,418750000,418,25.291667,26
req-00017820,418788462,418,25.291667,26
req-00017821,418826923,418,25.291667,26
req-00017822,418865385,418,25.291667,26
req-00017823,418903846,418,25.291667,26
req-00017824,418942308,418,25.291667,26
req-00017825,418980769,418,25.291667,26
req-00017826,419020000,419,25.000000,25
req-00017827,419060000,419,25.000000,25
req-00017828,419100000,419,25.000000,25
req-00017829,419140000,419,25.000000,25
req-00017830,419180000,419,25.000000,25
req-00017831,419220000,419,25.000000,25
req-00017832,419260000,419,25.000000,25
req-00017833,419300000,419,25.000000,25
req-00017834,419340000,419,25.000000,25
req-00017835,419380000,419,25.000000,25
req-00017836,419420000,419,25.000000,25
req-00017837,419460000,419,25.000000,25
req-00017838,419500000,419,25.000000,25
req-00017839,419540000,419,25.000000,25
req-00017840,419580000,419,25.000000,25
req-00017841,419620000,419,25.000000,25
req-00017842,419660000,419,25.000000,25
req-00017843,419700000,419,25.000000,25
req-00017844,419740000,419,25.000000,25
req-00017845,419780000,419,25.000000,25
req-00017846,419820000,419,25.000000,25
req-00017847,419860000,419,25.000000,25
req-00017848,419900000,419,25.000000,25
req-00017849,419940000,419,25.000000,25
req-00017850,419980000,419,25.000000,25
req-00017851,420020000,420,25.000000,25
req-00017852,420060000,420,25.000000,25
req-00017853,420100000,420,25.000000,25
req-00017854,420140000,420,25.000000,25
req-00017855,420180000,420,25.000000,25
req-00017856,420220000,420,25.000000,25
req-00017857,420260000,420,25.000000,25
req-00017858,420300000,420,25.000000,25
req-00017859,420340000,420,25.000000,25
req-00017860,420380000,420,25.000000,25
req-00017861,420420000,420,25.000000,25
req-00017862,420460000,420,25.000000,25
req-00017863,420500000,420,25.000000,25
req-00017864,420540000,420,25.000000,25
req-00017865,420580000,420,25.000000,25
req-00017866,420620000,420,25.000000,25
req-00017867,420660000,420,25.000000,25
req-00017868,420700000,420,25.000000,25
req-00017869,420740000,420,25.000000,25
req-00017870,420780000,420,25.000000,25
req-00017871,420820000,420,25.000000,25
req-00017872,420860000,420,25.000000,25
req-00017873,420900000,420,25.000000,25
req-00017874,420940000,420,25.000000,25
req-00017875,420980000,420,25.000000,25
req-00017876,421020000,421,25.000000,25
req-00017877,421060000,421,25.000000,25
req-00017878,421100000,421,25.000000,25
req-00017879,421140000,421,25.000000,25
req-00017880,421180000,421,25.000000,25
req-00017881,421220000,421,25.000000,25
req-00017882,421260000,421,25.000000,25
req-00017883,421300000,421,25.000000,25
req-00017884,421340000,421,25.000000,25
req-00017885,421380000,421,25.000000,25
req-00017886,421420000,421,25.000000,25
req-00017887,421460000,421,25.000000,25
req-00017888,421500000,421,25.000000,25
req-00017889,421540000,421,25.000000,25
req-00017890,421580000,421,25.000000,25
req-00017891,421620000,421,25.000000,25
req-00017892,421660000,421,25.000000,25
req-00017893,421700000,421,25.000000,25
req-00017894,421740000,421,25.000000,25
req-00017895,421780000,421,25.000000,25
req-00017896,421820000,421,25.000000,25
req-00017897,421860000,421,25.000000,25
req-00017898,421900000,421,25.000000,25
req-00017899,421940000,421,25.000000,25
req-00017900,421980000,421,25.000000,25
req-00017901,422020000,422,25.000000,25
req-00017902,422060000,422,25.000000,25
req-00017903,422100000,422,25.000000,25
req-00017904,422140000,422,25.000000,25
req-00017905,422180000,422,25.000000,25
req-00017906,422220000,422,25.000000,25
req-00017907,422260000,422,25.000000,25
req-00017908,422300000,422,25.000000,25
req-00017909,422340000,422,25.000000,25
req-00017910,422380000,422,25.000000,25
req-00017911,422420000,422,25.000000,25
req-00017912,422460000,422,25.000000,25
req-00017913,422500000,422,25.000000,25
req-00017914,422540000,422,25.000000,25
req-00017915,422580000,422,25.000000,25
req-00017916,422620000,422,25.000000,25
req-00017917,422660000,422,25.000000,25
req-00017918,422700000,422,25.000000,25
req-00017919,422740000,422,25.000000,25
req-00017920,422780000,422,25.000000,25
req-00017921,422820000,422,25.000000,25
req-00017922,422860000,422,25.000000,25
req-00017923,422900000,422,25.000000,25
req-00017924,422940000,422,25.000000,25
req-00017925,422980000,422,25.000000,25
req-00017926,423020000,423,25.000000,25
req-00017927,423060000,423,25.000000,25
req-00017928,423100000,423,25.000000,25
req-00017929,423140000,423,25.000000,25
req-00017930,423180000,423,25.000000,25
req-00017931,423220000,423,25.000000,25
req-00017932,423260000,423,25.000000,25
req-00017933,423300000,423,25.000000,25
req-00017934,423340000,423,25.000000,25
req-00017935,423380000,423,25.000000,25
req-00017936,423420000,423,25.000000,25
req-00017937,423460000,423,25.000000,25
req-00017938,423500000,423,25.000000,25
req-00017939,423540000,423,25.000000,25
req-00017940,423580000,423,25.000000,25
req-00017941,423620000,423,25.000000,25
req-00017942,423660000,423,25.000000,25
req-00017943,423700000,423,25.000000,25
req-00017944,423740000,423,25.000000,25
req-00017945,423780000,423,25.000000,25
req-00017946,423820000,423,25.000000,25
req-00017947,423860000,423,25.000000,25
req-00017948,423900000,423,25.000000,25
req-00017949,423940000,423,25.000000,25
req-00017950,423980000,423,25.000000,25
req-00017951,424020000,424,25.000000,25
req-00017952,424060000,424,25.000000,25
req-00017953,424100000,424,25.000000,25
req-00017954,424140000,424,25.000000,25
req-00017955,424180000,424,25.000000,25
req-00017956,424220000,424,25.000000,25
req-00017957,424260000,424,25.000000,25
req-00017958,424300000,424,25.000000,25
req-00017959,424340000,424,25.000000,25
req-00017960,424380000,424,25.000000,25
req-00017961,424420000,424,25.000000,25
req-00017962,424460000,424,25.000000,25
req-00017963,424500000,424,25.000000,25
req-00017964,424540000,424,25.000000,25
req-00017965,424580000,424,25.000000,25
req-00017966,424620000,424,25.000000,25
req-00017967,424660000,424,25.000000,25
req-00017968,424700000,424,25.000000,25
req-00017969,424740000,424,25.000000,25
req-00017970,424780000,424,25.000000,25
req-00017971,424820000,424,25.000000,25
req-00017972,424860000,424,25.000000,25
req-00017973,424900000,424,25.000000,25
req-00017974,424940000,424,25.000000,25
req-00017975,424980000,424,25.000000,25
req-00017976,425020000,425,25.000000,25
req-00017977,425060000,425,25.000000,25
req-00017978,425100000,425,25.000000,25
req-00017979,425140000,425,25.000000,25
req-00017980,425180000,425,25.000000,25
req-00017981,425220000,425,25.000000,25
req-00017982,425260000,425,25.000000,25
req-00017983,425300000,425,25.000000,25
req-00017984,425340000,425,25.000000,25
req-00017985,425380000,425,25.000000,25
req-00017986,425420000,425,25.000000,25
req-00017987,425460000,425,25.000000,25
req-00017988,425500000,425,25.000000,25
req-00017989,425540000,425,25.000000,25
req-00017990,425580000,425,25.000000,25
req-00017991,425620000,425,25.000000,25
req-00017992,425660000,425,25.000000,25
req-00017993,425700000,425,25.000000,25
req-00017994,425740000,425,25.000000,25
req-00017995,425780000,425,25.000000,25
req-00017996,425820000,425,25.000000,25
req-00017997,425860000,425,25.000000,25
req-00017998,425900000,425,25.000000,25
req-00017999,425940000,425,25.000000,25
req-00018000,425980000,425,25.000000,25
req-00018001,426020000,426,25.000000,25
req-00018002,426060000,426,25.000000,25
req-00018003,426100000,426,25.000000,25
req-00018004,426140000,426,25.000000,25
req-00018005,426180000,426,25.000000,25
req-00018006,426220000,426,25.000000,25
req-00018007,426260000,426,25.000000,25
req-00018008,426300000,426,25.000000,25
req-00018009,426340000,426,25.000000,25
req-00018010,426380000,426,25.000000,25
req-00018011,426420000,426,25.000000,25
req-00018012,426460000,426,25.000000,25
req-00018013,426500000,426,25.000000,25
req-00018014,426540000,426,25.000000,25
req-00018015,426580000,426,25.000000,25
req-00018016,426620000,426,25.000000,25
req-00018017,426660000,426,25.000000,25
req-00018018,426700000,426,25.000000,25
req-00018019,426740000,426,25.000000,25
req-00018020,426780000,426,25.000000,25
req-00018021,426820000,426,25.000000,25
req-00018022,426860000,426,25.000000,25
req-00018023,426900000,426,25.000000,25
req-00018024,426940000,426,25.000000,25
req-00018025,426980000,426,25.000000,25
req-00018026,427020000,427,25.000000,25
req-00018027,427060000,427,25.000000,25
req-00018028,427100000,427,25.000000,25
req-00018029,427140000,427,25.000000,25
req-00018030,427180000,427,25.000000,25
req-00018031,427220000,427,25.000000,25
req-00018032,427260000,427,25.000000,25
req-00018033,427300000,427,25.000000,25
req-00018034,427340000,427,25.000000,25
req-00018035,427380000,427,25.000000,25
req-00018036,427420000,427,25.000000,25
req-00018037,427460000,427,25.000000,25
req-00018038,427500000,427,25.000000,25
req-00018039,427540000,427,25.000000,25
req-00018040,427580000,427,25.000000,25
req-00018041,427620000,427,25.000000,25
req-00018042,427660000,427,25.000000,25
req-00018043,427700000,427,25.000000,25
req-00018044,427740000,427,25.000000,25
req-00018045,427780000,427,25.000000,25
req-00018046,427820000,427,25.000000,25
req-00018047,427860000,427,25.000000,25
req-00018048,427900000,427,25.000000,25
req-00018049,427940000,427,25.000000,25
req-00018050,427980000,427,25.000000,25
req-00018051,428020000,428,25.000000,25
req-00018052,428060000,428,25.000000,25
req-00018053,428100000,428,25.000000,25
req-00018054,428140000,428,25.000000,25
req-00018055,428180000,428,25.000000,25
req-00018056,428220000,428,25.000000,25
req-00018057,428260000,428,25.000000,25
req-00018058,428300000,428,25.000000,25
req-00018059,428340000,428,25.000000,25
req-00018060,428380000,428,25.000000,25
req-00018061,428420000,428,25.000000,25
req-00018062,428460000,428,25.000000,25
req-00018063,428500000,428,25.000000,25
req-00018064,428540000,428,25.000000,25
req-00018065,428580000,428,25.000000,25
req-00018066,428620000,428,25.000000,25
req-00018067,428660000,428,25.000000,25
req-00018068,428700000,428,25.000000,25
req-00018069,428740000,428,25.000000,25
req-00018070,428780000,428,25.000000,25
req-00018071,428820000,428,25.000000,25
req-00018072,428860000,428,25.000000,25
req-00018073,428900000,428,25.000000,25
req-00018074,428940000,428,25.000000,25
req-00018075,428980000,428,25.000000,25
req-00018076,429020000,429,25.000000,25
req-00018077,429060000,429,25.000000,25
req-00018078,429100000,429,25.000000,25
req-00018079,429140000,429,25.000000,25
req-00018080,429180000,429,25.000000,25
req-00018081,429220000,429,25.000000,25
req-00018082,429260000,429,25.000000,25
req-00018083,429300000,429,25.000000,25
req-00018084,429340000,429,25.000000,25
req-00018085,429380000,429,25.000000,25
req-00018086,429420000,429,25.000000,25
req-00018087,429460000,429,25.000000,25
req-00018088,429500000,429,25.000000,25
req-00018089,429540000,429,25.000000,25
req-00018090,429580000,429,25.000000,25
req-00018091,429620000,429,25.000000,25
req-00018092,429660000,429,25.000000,25
req-00018093,429700000,429,25.000000,25
req-00018094,429740000,429,25.000000,25
req-00018095,429780000,429,25.000000,25
req-00018096,429820000,429,25.000000,25
req-00018097,429860000,429,25.000000,25
req-00018098,429900000,429,25.000000,25
req-00018099,429940000,429,25.000000,25
req-00018100,429980000,429,25.000000,25
req-00018101,430020000,430,25.000000,25
req-00018102,430060000,430,25.000000,25
req-00018103,430100000,430,25.000000,25
req-00018104,430140000,430,25.000000,25
req-00018105,430180000,430,25.000000,25
req-00018106,430220000,430,25.000000,25
req-00018107,430260000,430,25.000000,25
req-00018108,430300000,430,25.000000,25
req-00018109,430340000,430,25.000000,25
req-00018110,430380000,430,25.000000,25
req-00018111,430420000,430,25.000000,25
req-00018112,430460000,430,25.000000,25
req-00018113,430500000,430,25.000000,25
req-00018114,430540000,430,25.000000,25
req-00018115,430580000,430,25.000000,25
req-00018116,430620000,430,25.000000,25
req-00018117,430660000,430,25.000000,25
req-00018118,430700000,430,25.000000,25
req-00018119,430740000,430,25.000000,25
req-00018120,430780000,430,25.000000,25
req-00018121,430820000,430,25.000000,25
req-00018122,430860000,430,25.000000,25
req-00018123,430900000,430,25.000000,25
req-00018124,430940000,430,25.000000,25
req-00018125,430980000,430,25.000000,25
req-00018126,431020000,431,25.000000,25
req-00018127,431060000,431,25.000000,25
req-00018128,431100000,431,25.000000,25
req-00018129,431140000,431,25.000000,25
req-00018130,431180000,431,25.000000,25
req-00018131,431220000,431,25.000000,25
req-00018132,431260000,431,25.000000,25
req-00018133,431300000,431,25.000000,25
req-00018134,431340000,431,25.000000,25
req-00018135,431380000,431,25.000000,25
req-00018136,431420000,431,25.000000,25
req-00018137,431460000,431,25.000000,25
req-00018138,431500000,431,25.000000,25
req-00018139,431540000,431,25.000000,25
req-00018140,431580000,431,25.000000,25
req-00018141,431620000,431,25.000000,25
req-00018142,431660000,431,25.000000,25
req-00018143,431700000,431,25.000000,25
req-00018144,431740000,431,25.000000,25
req-00018145,431780000,431,25.000000,25
req-00018146,431820000,431,25.000000,25
req-00018147,431860000,431,25.000000,25
req-00018148,431900000,431,25.000000,25
req-00018149,431940000,431,25.000000,25
req-00018150,431980000,431,25.000000,25
req-00018151,432020000,432,25.000000,25
req-00018152,432060000,432,25.000000,25
req-00018153,432100000,432,25.000000,25
req-00018154,432140000,432,25.000000,25
req-00018155,432180000,432,25.000000,25
req-00018156,432220000,432,25.000000,25
req-00018157,432260000,432,25.000000,25
req-00018158,432300000,432,25.000000,25
req-00018159,432340000,432,25.000000,25
req-00018160,432380000,432,25.000000,25
req-00018161,432420000,432,25.000000,25
req-00018162,432460000,432,25.000000,25
req-00018163,432500000,432,25.000000,25
req-00018164,432540000,432,25.000000,25
req-00018165,432580000,432,25.000000,25
req-00018166,432620000,432,25.000000,25
req-00018167,432660000,432,25.000000,25
req-00018168,432700000,432,25.000000,25
req-00018169,432740000,432,25.000000,25
req-00018170,432780000,432,25.000000,25
req-00018171,432820000,432,25.000000,25
req-00018172,432860000,432,25.000000,25
req-00018173,432900000,432,25.000000,25
req-00018174,432940000,432,25.000000,25
req-00018175,432980000,432,25.000000,25
req-00018176,433020000,433,25.000000,25
req-00018177,433060000,433,25.000000,25
req-00018178,433100000,433,25.000000,25
req-00018179,433140000,433,25.000000,25
req-00018180,433180000,433,25.000000,25
req-00018181,433220000,433,25.000000,25
req-00018182,433260000,433,25.000000,25
req-00018183,433300000,433,25.000000,25
req-00018184,433340000,433,25.000000,25
req-00018185,433380000,433,25.000000,25
req-00018186,433420000,433,25.000000,25
req-00018187,433460000,433,25.000000,25
req-00018188,433500000,433,25.000000,25
req-00018189,433540000,433,25.000000,25
req-00018190,433580000,433,25.000000,25
req-00018191,433620000,433,25.000000,25
req-00018192,433660000,433,25.000000,25
req-00018193,433700000,433,25.000000,25
req-00018194,433740000,433,25.000000,25
req-00018195,433780000,433,25.000000,25
req-00018196,433820000,433,25.000000,25
req-00018197,433860000,433,25.000000,25
req-00018198,433900000,433,25.000000,25
req-00018199,433940000,433,25.000000,25
req-00018200,433980000,433,25.000000,25
req-00018201,434020000,434,25.000000,25
req-00018202,434060000,434,25.000000,25
req-00018203,434100000,434,25.000000,25
req-00018204,434140000,434,25.000000,25
req-00018205,434180000,434,25.000000,25
req-00018206,434220000,434,25.000000,25
req-00018207,434260000,434,25.000000,25
req-00018208,434300000,434,25.000000,25
req-00018209,434340000,434,25.000000,25
req-00018210,434380000,434,25.000000,25
req-00018211,434420000,434,25.000000,25
req-00018212,434460000,434,25.000000,25
req-00018213,434500000,434,25.000000,25
req-00018214,434540000,434,25.000000,25
req-00018215,434580000,434,25.000000,25
req-00018216,434620000,434,25.000000,25
req-00018217,434660000,434,25.000000,25
req-00018218,434700000,434,25.000000,25
req-00018219,434740000,434,25.000000,25
req-00018220,434780000,434,25.000000,25
req-00018221,434820000,434,25.000000,25
req-00018222,434860000,434,25.000000,25
req-00018223,434900000,434,25.000000,25
req-00018224,434940000,434,25.000000,25
req-00018225,434980000,434,25.000000,25
req-00018226,435020000,435,25.000000,25
req-00018227,435060000,435,25.000000,25
req-00018228,435100000,435,25.000000,25
req-00018229,435140000,435,25.000000,25
req-00018230,435180000,435,25.000000,25
req-00018231,435220000,435,25.000000,25
req-00018232,435260000,435,25.000000,25
req-00018233,435300000,435,25.000000,25
req-00018234,435340000,435,25.000000,25
req-00018235,435380000,435,25.000000,25
req-00018236,435420000,435,25.000000,25
req-00018237,435460000,435,25.000000,25
req-00018238,435500000,435,25.000000,25
req-00018239,435540000,435,25.000000,25
req-00018240,435580000,435,25.000000,25
req-00018241,435620000,435,25.000000,25
req-00018242,435660000,435,25.000000,25
req-00018243,435700000,435,25.000000,25
req-00018244,435740000,435,25.000000,25
req-00018245,435780000,435,25.000000,25
req-00018246,435820000,435,25.000000,25
req-00018247,435860000,435,25.000000,25
req-00018248,435900000,435,25.000000,25
req-00018249,435940000,435,25.000000,25
req-00018250,435980000,435,25.000000,25
req-00018251,436020000,436,25.000000,25
req-00018252,436060000,436,25.000000,25
req-00018253,436100000,436,25.000000,25
req-00018254,436140000,436,25.000000,25
req-00018255,436180000,436,25.000000,25
req-00018256,436220000,436,25.000000,25
req-00018257,436260000,436,25.000000,25
req-00018258,436300000,436,25.000000,25
req-00018259,436340000,436,25.000000,25
req-00018260,436380000,436,25.000000,25
req-00018261,436420000,436,25.000000,25
req-00018262,436460000,436,25.000000,25
req-00018263,436500000,436,25.000000,25
req-00018264,436540000,436,25.000000,25
req-00018265,436580000,436,25.000000,25
req-00018266,436620000,436,25.000000,25
req-00018267,436660000,436,25.000000,25
req-00018268,436700000,436,25.000000,25
req-00018269,436740000,436,25.000000,25
req-00018270,436780000,436,25.000000,25
req-00018271,436820000,436,25.000000,25
req-00018272,436860000,436,25.000000,25
req-00018273,436900000,436,25.000000,25
req-00018274,436940000,436,25.000000,25
req-00018275,436980000,436,25.000000,25
req-00018276,437020000,437,25.000000,25
req-00018277,437060000,437,25.000000,25
req-00018278,437100000,437,25.000000,25
req-00018279,437140000,437,25.000000,25
req-00018280,437180000,437,25.000000,25
req-00018281,437220000,437,25.000000,25
req-00018282,437260000,437,25.000000,25
req-00018283,437300000,437,25.000000,25
req-00018284,437340000,437,25.000000,25
req-00018285,437380000,437,25.000000,25
req-00018286,437420000,437,25.000000,25
req-00018287,437460000,437,25.000000,25
req-00018288,437500000,437,25.000000,25
req-00018289,437540000,437,25.000000,25
req-00018290,437580000,437,25.000000,25
req-00018291,437620000,437,25.000000,25
req-00018292,437660000,437,25.000000,25
req-00018293,437700000,437,25.000000,25
req-00018294,437740000,437,25.000000,25
req-00018295,437780000,437,25.000000,25
req-00018296,437820000,437,25.000000,25
req-00018297,437860000,437,25.000000,25
req-00018298,437900000,437,25.000000,25
req-00018299,437940000,437,25.000000,25
req-00018300,437980000,437,25.000000,25
req-00018301,438020000,438,25.000000,25
req-00018302,438060000,438,25.000000,25
req-00018303,438100000,438,25.000000,25
req-00018304,438140000,438,25.000000,25
req-00018305,438180000,438,25.000000,25
req-00018306,438220000,438,25.000000,25
req-00018307,438260000,438,25.000000,25
req-00018308,438300000,438,25.000000,25
req-00018309,438340000,438,25.000000,25
req-00018310,438380000,438,25.000000,25
req-00018311,438420000,438,25.000000,25
req-00018312,438460000,438,25.000000,25
req-00018313,438500000,438,25.000000,25
req-00018314,438540000,438,25.000000,25
req-00018315,438580000,438,25.000000,25
req-00018316,438620000,438,25.000000,25
req-00018317,438660000,438,25.000000,25
req-00018318,438700000,438,25.000000,25
req-00018319,438740000,438,25.000000,25
req-00018320,438780000,438,25.000000,25
req-00018321,438820000,438,25.000000,25
req-00018322,438860000,438,25.000000,25
req-00018323,438900000,438,25.000000,25
req-00018324,438940000,438,25.000000,25
req-00018325,438980000,438,25.000000,25
req-00018326,439020000,439,25.000000,25
req-00018327,439060000,439,25.000000,25
req-00018328,439100000,439,25.000000,25
req-00018329,439140000,439,25.000000,25
req-00018330,439180000,439,25.000000,25
req-00018331,439220000,439,25.000000,25
req-00018332,439260000,439,25.000000,25
req-00018333,439300000,439,25.000000,25
req-00018334,439340000,439,25.000000,25
req-00018335,439380000,439,25.000000,25
req-00018336,439420000,439,25.000000,25
req-00018337,439460000,439,25.000000,25
req-00018338,439500000,439,25.000000,25
req-00018339,439540000,439,25.000000,25
req-00018340,439580000,439,25.000000,25
req-00018341,439620000,439,25.000000,25
req-00018342,439660000,439,25.000000,25
req-00018343,439700000,439,25.000000,25
req-00018344,439740000,439,25.000000,25
req-00018345,439780000,439,25.000000,25
req-00018346,439820000,439,25.000000,25
req-00018347,439860000,439,25.000000,25
req-00018348,439900000,439,25.000000,25
req-00018349,439940000,439,25.000000,25
req-00018350,439980000,439,25.000000,25
req-00018351,440020000,440,25.000000,25
req-00018352,440060000,440,25.000000,25
req-00018353,440100000,440,25.000000,25
req-00018354,440140000,440,25.000000,25
req-00018355,440180000,440,25.000000,25
req-00018356,440220000,440,25.000000,25
req-00018357,440260000,440,25.000000,25
req-00018358,440300000,440,25.000000,25
req-00018359,440340000,440,25.000000,25
req-00018360,440380000,440,25.000000,25
req-00018361,440420000,440,25.000000,25
req-00018362,440460000,440,25.000000,25
req-00018363,440500000,440,25.000000,25
req-00018364,440540000,440,25.000000,25
req-00018365,440580000,440,25.000000,25
req-00018366,440620000,440,25.000000,25
req-00018367,440660000,440,25.000000,25
req-00018368,440700000,440,25.000000,25
req-00018369,440740000,440,25.000000,25
req-00018370,440780000,440,25.000000,25
req-00018371,440820000,440,25.000000,25
req-00018372,440860000,440,25.000000,25
req-00018373,440900000,440,25.000000,25
req-00018374,440940000,440,25.000000,25
req-00018375,440980000,440,25.000000,25
req-00018376,441020000,441,25.000000,25
req-00018377,441060000,441,25.000000,25
req-00018378,441100000,441,25.000000,25
req-00018379,441140000,441,25.000000,25
req-00018380,441180000,441,25.000000,25
req-00018381,441220000,441,25.000000,25
req-00018382,441260000,441,25.000000,25
req-00018383,441300000,441,25.000000,25
req-00018384,441340000,441,25.000000,25
req-00018385,441380000,441,25.000000,25
req-00018386,441420000,441,25.000000,25
req-00018387,441460000,441,25.000000,25
req-00018388,441500000,441,25.000000,25
req-00018389,441540000,441,25.000000,25
req-00018390,441580000,441,25.000000,25
req-00018391,441620000,441,25.000000,25
req-00018392,441660000,441,25.000000,25
req-00018393,441700000,441,25.000000,25
req-00018394,441740000,441,25.000000,25
req-00018395,441780000,441,25.000000,25
req-00018396,441820000,441,25.000000,25
req-00018397,441860000,441,25.000000,25
req-00018398,441900000,441,25.000000,25
req-00018399,441940000,441,25.000000,25
req-00018400,441980000,441,25.000000,25
req-00018401,442020000,442,25.000000,25
req-00018402,442060000,442,25.000000,25
req-00018403,442100000,442,25.000000,25
req-00018404,442140000,442,25.000000,25
req-00018405,442180000,442,25.000000,25
req-00018406,442220000,442,25.000000,25
req-00018407,442260000,442,25.000000,25
req-00018408,442300000,442,25.000000,25
req-00018409,442340000,442,25.000000,25
req-00018410,442380000,442,25.000000,25
req-00018411,442420000,442,25.000000,25
req-00018412,442460000,442,25.000000,25
req-00018413,442500000,442,25.000000,25
req-00018414,442540000,442,25.000000,25
req-00018415,442580000,442,25.000000,25
req-00018416,442620000,442,25.000000,25
req-00018417,442660000,442,25.000000,25
req-00018418,442700000,442,25.000000,25
req-00018419,442740000,442,25.000000,25
req-00018420,442780000,442,25.000000,25
req-00018421,442820000,442,25.000000,25
req-00018422,442860000,442,25.000000,25
req-00018423,442900000,442,25.000000,25
req-00018424,442940000,442,25.000000,25
req-00018425,442980000,442,25.000000,25
req-00018426,443020000,443,25.000000,25
req-00018427,443060000,443,25.000000,25
req-00018428,443100000,443,25.000000,25
req-00018429,443140000,443,25.000000,25
req-00018430,443180000,443,25.000000,25
req-00018431,443220000,443,25.000000,25
req-00018432,443260000,443,25.000000,25
req-00018433,443300000,443,25.000000,25
req-00018434,443340000,443,25.000000,25
req-00018435,443380000,443,25.000000,25
req-00018436,443420000,443,25.000000,25
req-00018437,443460000,443,25.000000,25
req-00018438,443500000,443,25.000000,25
req-00018439,443540000,443,25.000000,25
req-00018440,443580000,443,25.000000,25
req-00018441,443620000,443,25.000000,25
req-00018442,443660000,443,25.000000,25
req-00018443,443700000,443,25.000000,25
req-00018444,443740000,443,25.000000,25
req-00018445,443780000,443,25.000000,25
req-00018446,443820000,443,25.000000,25
req-00018447,443860000,443,25.000000,25
req-00018448,443900000,443,25.000000,25
req-00018449,443940000,443,25.000000,25
req-00018450,443980000,443,25.000000,25
req-00018451,444020000,444,25.000000,25
req-00018452,444060000,444,25.000000,25
req-00018453,444100000,444,25.000000,25
req-00018454,444140000,444,25.000000,25
req-00018455,444180000,444,25.000000,25
req-00018456,444220000,444,25.000000,25
req-00018457,444260000,444,25.000000,25
req-00018458,444300000,444,25.000000,25
req-00018459,444340000,444,25.000000,25
req-00018460,444380000,444,25.000000,25
req-00018461,444420000,444,25.000000,25
req-00018462,444460000,444,25.000000,25
req-00018463,444500000,444,25.000000,25
req-00018464,444540000,444,25.000000,25
req-00018465,444580000,444,25.000000,25
req-00018466,444620000,444,25.000000,25
req-00018467,444660000,444,25.000000,25
req-00018468,444700000,444,25.000000,25
req-00018469,444740000,444,25.000000,25
req-00018470,444780000,444,25.000000,25
req-00018471,444820000,444,25.000000,25
req-00018472,444860000,444,25.000000,25
req-00018473,444900000,444,25.000000,25
req-00018474,444940000,444,25.000000,25
req-00018475,444980000,444,25.000000,25
req-00018476,445020000,445,25.000000,25
req-00018477,445060000,445,25.000000,25
req-00018478,445100000,445,25.000000,25
req-00018479,445140000,445,25.000000,25
req-00018480,445180000,445,25.000000,25
req-00018481,445220000,445,25.000000,25
req-00018482,445260000,445,25.000000,25
req-00018483,445300000,445,25.000000,25
req-00018484,445340000,445,25.000000,25
req-00018485,445380000,445,25.000000,25
req-00018486,445420000,445,25.000000,25
req-00018487,445460000,445,25.000000,25
req-00018488,445500000,445,25.000000,25
req-00018489,445540000,445,25.000000,25
req-00018490,445580000,445,25.000000,25
req-00018491,445620000,445,25.000000,25
req-00018492,445660000,445,25.000000,25
req-00018493,445700000,445,25.000000,25
req-00018494,445740000,445,25.000000,25
req-00018495,445780000,445,25.000000,25
req-00018496,445820000,445,25.000000,25
req-00018497,445860000,445,25.000000,25
req-00018498,445900000,445,25.000000,25
req-00018499,445940000,445,25.000000,25
req-00018500,445980000,445,25.000000,25
req-00018501,446020000,446,25.000000,25
req-00018502,446060000,446,25.000000,25
req-00018503,446100000,446,25.000000,25
req-00018504,446140000,446,25.000000,25
req-00018505,446180000,446,25.000000,25
req-00018506,446220000,446,25.000000,25
req-00018507,446260000,446,25.000000,25
req-00018508,446300000,446,25.000000,25
req-00018509,446340000,446,25.000000,25
req-00018510,446380000,446,25.000000,25
req-00018511,446420000,446,25.000000,25
req-00018512,446460000,446,25.000000,25
req-00018513,446500000,446,25.000000,25
req-00018514,446540000,446,25.000000,25
req-00018515,446580000,446,25.000000,25
req-00018516,446620000,446,25.000000,25
req-00018517,446660000,446,25.000000,25
req-00018518,446700000,446,25.000000,25
req-00018519,446740000,446,25.000000,25
req-00018520,446780000,446,25.000000,25
req-00018521,446820000,446,25.000000,25
req-00018522,446860000,446,25.000000,25
req-00018523,446900000,446,25.000000,25
req-00018524,446940000,446,25.000000,25
req-00018525,446980000,446,25.000000,25
req-00018526,447020000,447,25.000000,25
req-00018527,447060000,447,25.000000,25
req-00018528,447100000,447,25.000000,25
req-00018529,447140000,447,25.000000,25
req-00018530,447180000,447,25.000000,25
req-00018531,447220000,447,25.000000,25
req-00018532,447260000,447,25.000000,25
req-00018533,447300000,447,25.000000,25
req-00018534,447340000,447,25.000000,25
req-00018535,447380000,447,25.000000,25
req-00018536,447420000,447,25.000000,25
req-00018537,447460000,447,25.000000,25
req-00018538,447500000,447,25.000000,25
req-00018539,447540000,447,25.000000,25
req-00018540,447580000,447,25.000000,25
req-00018541,447620000,447,25.000000,25
req-00018542,447660000,447,25.000000,25
req-00018543,447700000,447,25.000000,25
req-00018544,447740000,447,25.000000,25
req-00018545,447780000,447,25.000000,25
req-00018546,447820000,447,25.000000,25
req-00018547,447860000,447,25.000000,25
req-00018548,447900000,447,25.000000,25
req-00018549,447940000,447,25.000000,25
req-00018550,447980000,447,25.000000,25
req-00018551,448020000,448,25.000000,25
req-00018552,448060000,448,25.000000,25
req-00018553,448100000,448,25.000000,25
req-00018554,448140000,448,25.000000,25
req-00018555,448180000,448,25.000000,25
req-00018556,448220000,448,25.000000,25
req-00018557,448260000,448,25.000000,25
req-00018558,448300000,448,25.000000,25
req-00018559,448340000,448,25.000000,25
req-00018560,448380000,448,25.000000,25
req-00018561,448420000,448,25.000000,25
req-00018562,448460000,448,25.000000,25
req-00018563,448500000,448,25.000000,25
req-00018564,448540000,448,25.000000,25
req-00018565,448580000,448,25.000000,25
req-00018566,448620000,448,25.000000,25
req-00018567,448660000,448,25.000000,25
req-00018568,448700000,448,25.000000,25
req-00018569,448740000,448,25.000000,25
req-00018570,448780000,448,25.000000,25
req-00018571,448820000,448,25.000000,25
req-00018572,448860000,448,25.000000,25
req-00018573,448900000,448,25.000000,25
req-00018574,448940000,448,25.000000,25
req-00018575,448980000,448,25.000000,25
req-00018576,449020000,449,25.000000,25
req-00018577,449060000,449,25.000000,25
req-00018578,449100000,449,25.000000,25
req-00018579,449140000,449,25.000000,25
req-00018580,449180000,449,25.000000,25
req-00018581,449220000,449,25.000000,25
req-00018582,449260000,449,25.000000,25
req-00018583,449300000,449,25.000000,25
req-00018584,449340000,449,25.000000,25
req-00018585,449380000,449,25.000000,25
req-00018586,449420000,449,25.000000,25
req-00018587,449460000,449,25.000000,25
req-00018588,449500000,449,25.000000,25
req-00018589,449540000,449,25.000000,25
req-00018590,449580000,449,25.000000,25
req-00018591,449620000,449,25.000000,25
req-00018592,449660000,449,25.000000,25
req-00018593,449700000,449,25.000000,25
req-00018594,449740000,449,25.000000,25
req-00018595,449780000,449,25.000000,25
req-00018596,449820000,449,25.000000,25
req-00018597,449860000,449,25.000000,25
req-00018598,449900000,449,25.000000,25
req-00018599,449940000,449,25.000000,25
req-00018600,449980000,449,25.000000,25
req-00018601,450020000,450,25.000000,25
req-00018602,450060000,450,25.000000,25
req-00018603,450100000,450,25.000000,25
req-00018604,450140000,450,25.000000,25
req-00018605,450180000,450,25.000000,25
req-00018606,450220000,450,25.000000,25
req-00018607,450260000,450,25.000000,25
req-00018608,450300000,450,25.000000,25
req-00018609,450340000,450,25.000000,25
req-00018610,450380000,450,25.000000,25
req-00018611,450420000,450,25.000000,25
req-00018612,450460000,450,25.000000,25
req-00018613,450500000,450,25.000000,25
req-00018614,450540000,450,25.000000,25
req-00018615,450580000,450,25.000000,25
req-00018616,450620000,450,25.000000,25
req-00018617,450660000,450,25.000000,25
req-00018618,450700000,450,25.000000,25
req-00018619,450740000,450,25.000000,25
req-00018620,450780000,450,25.000000,25
req-00018621,450820000,450,25.000000,25
req-00018622,450860000,450,25.000000,25
req-00018623,450900000,450,25.000000,25
req-00018624,450940000,450,25.000000,25
req-00018625,450980000,450,25.000000,25
req-00018626,451020000,451,25.000000,25
req-00018627,451060000,451,25.000000,25
req-00018628,451100000,451,25.000000,25
req-00018629,451140000,451,25.000000,25
req-00018630,451180000,451,25.000000,25
req-00018631,451220000,451,25.000000,25
req-00018632,451260000,451,25.000000,25
req-00018633,451300000,451,25.000000,25
req-00018634,451340000,451,25.000000,25
req-00018635,451380000,451,25.000000,25
req-00018636,451420000,451,25.000000,25
req-00018637,451460000,451,25.000000,25
req-00018638,451500000,451,25.000000,25
req-00018639,451540000,451,25.000000,25
req-00018640,451580000,451,25.000000,25
req-00018641,451620000,451,25.000000,25
req-00018642,451660000,451,25.000000,25
req-00018643,451700000,451,25.000000,25
req-00018644,451740000,451,25.000000,25
req-00018645,451780000,451,25.000000,25
req-00018646,451820000,451,25.000000,25
req-00018647,451860000,451,25.000000,25
req-00018648,451900000,451,25.000000,25
req-00018649,451940000,451,25.000000,25
req-00018650,451980000,451,25.000000,25
req-00018651,452020000,452,25.000000,25
req-00018652,452060000,452,25.000000,25
req-00018653,452100000,452,25.000000,25
req-00018654,452140000,452,25.000000,25
req-00018655,452180000,452,25.000000,25
req-00018656,452220000,452,25.000000,25
req-00018657,452260000,452,25.000000,25
req-00018658,452300000,452,25.000000,25
req-00018659,452340000,452,25.000000,25
req-00018660,452380000,452,25.000000,25
req-00018661,452420000,452,25.000000,25
req-00018662,452460000,452,25.000000,25
req-00018663,452500000,452,25.000000,25
req-00018664,452540000,452,25.000000,25
req-00018665,452580000,452,25.000000,25
req-00018666,452620000,452,25.000000,25
req-00018667,452660000,452,25.000000,25
req-00018668,452700000,452,25.000000,25
req-00018669,452740000,452,25.000000,25
req-00018670,452780000,452,25.000000,25
req-00018671,452820000,452,25.000000,25
req-00018672,452860000,452,25.000000,25
req-00018673,452900000,452,25.000000,25
req-00018674,452940000,452,25.000000,25
req-00018675,452980000,452,25.000000,25
req-00018676,453020000,453,25.000000,25
req-00018677,453060000,453,25.000000,25
req-00018678,453100000,453,25.000000,25
req-00018679,453140000,453,25.000000,25
req-00018680,453180000,453,25.000000,25
req-00018681,453220000,453,25.000000,25
req-00018682,453260000,453,25.000000,25
req-00018683,453300000,453,25.000000,25
req-00018684,453340000,453,25.000000,25
req-00018685,453380000,453,25.000000,25
req-00018686,453420000,453,25.000000,25
req-00018687,453460000,453,25.000000,25
req-00018688,453500000,453,25.000000,25
req-00018689,453540000,453,25.000000,25
req-00018690,453580000,453,25.000000,25
req-00018691,453620000,453,25.000000,25
req-00018692,453660000,453,25.000000,25
req-00018693,453700000,453,25.000000,25
req-00018694,453740000,453,25.000000,25
req-00018695,453780000,453,25.000000,25
req-00018696,453820000,453,25.000000,25
req-00018697,453860000,453,25.000000,25
req-00018698,453900000,453,25.000000,25
req-00018699,453940000,453,25.000000,25
req-00018700,453980000,453,25.000000,25
req-00018701,454020000,454,25.000000,25
req-00018702,454060000,454,25.000000,25
req-00018703,454100000,454,25.000000,25
req-00018704,454140000,454,25.000000,25
req-00018705,454180000,454,25.000000,25
req-00018706,454220000,454,25.000000,25
req-00018707,454260000,454,25.000000,25
req-00018708,454300000,454,25.000000,25
req-00018709,454340000,454,25.000000,25
req-00018710,454380000,454,25.000000,25
req-00018711,454420000,454,25.000000,25
req-00018712,454460000,454,25.000000,25
req-00018713,454500000,454,25.000000,25
req-00018714,454540000,454,25.000000,25
req-00018715,454580000,454,25.000000,25
req-00018716,454620000,454,25.000000,25
req-00018717,454660000,454,25.000000,25
req-00018718,454700000,454,25.000000,25
req-00018719,454740000,454,25.000000,25
req-00018720,454780000,454,25.000000,25
req-00018721,454820000,454,25.000000,25
req-00018722,454860000,454,25.000000,25
req-00018723,454900000,454,25.000000,25
req-00018724,454940000,454,25.000000,25
req-00018725,454980000,454,25.000000,25
req-00018726,455020000,455,25.000000,25
req-00018727,455060000,455,25.000000,25
req-00018728,455100000,455,25.000000,25
req-00018729,455140000,455,25.000000,25
req-00018730,455180000,455,25.000000,25
req-00018731,455220000,455,25.000000,25
req-00018732,455260000,455,25.000000,25
req-00018733,455300000,455,25.000000,25
req-00018734,455340000,455,25.000000,25
req-00018735,455380000,455,25.000000,25
req-00018736,455420000,455,25.000000,25
req-00018737,455460000,455,25.000000,25
req-00018738,455500000,455,25.000000,25
req-00018739,455540000,455,25.000000,25
req-00018740,455580000,455,25.000000,25
req-00018741,455620000,455,25.000000,25
req-00018742,455660000,455,25.000000,25
req-00018743,455700000,455,25.000000,25
req-00018744,455740000,455,25.000000,25
req-00018745,455780000,455,25.000000,25
req-00018746,455820000,455,25.000000,25
req-00018747,455860000,455,25.000000,25
req-00018748,455900000,455,25.000000,25
req-00018749,455940000,455,25.000000,25
req-00018750,455980000,455,25.000000,25
req-00018751,456020000,456,25.000000,25
req-00018752,456060000,456,25.000000,25
req-00018753,456100000,456,25.000000,25
req-00018754,456140000,456,25.000000,25
req-00018755,456180000,456,25.000000,25
req-00018756,456220000,456,25.000000,25
req-00018757,456260000,456,25.000000,25
req-00018758,456300000,456,25.000000,25
req-00018759,456340000,456,25.000000,25
req-00018760,456380000,456,25.000000,25
req-00018761,456420000,456,25.000000,25
req-00018762,456460000,456,25.000000,25
req-00018763,456500000,456,25.000000,25
req-00018764,456540000,456,25.000000,25
req-00018765,456580000,456,25.000000,25
req-00018766,456620000,456,25.000000,25
req-00018767,456660000,456,25.000000,25
req-00018768,456700000,456,25.000000,25
req-00018769,456740000,456,25.000000,25
req-00018770,456780000,456,25.000000,25
req-00018771,456820000,456,25.000000,25
req-00018772,456860000,456,25.000000,25
req-00018773,456900000,456,25.000000,25
req-00018774,456940000,456,25.000000,25
req-00018775,456980000,456,25.000000,25
req-00018776,457020000,457,25.000000,25
req-00018777,457060000,457,25.000000,25
req-00018778,457100000,457,25.000000,25
req-00018779,457140000,457,25.000000,25
req-00018780,457180000,457,25.000000,25
req-00018781,457220000,457,25.000000,25
req-00018782,457260000,457,25.000000,25
req-00018783,457300000,457,25.000000,25
req-00018784,457340000,457,25.000000,25
req-00018785,457380000,457,25.000000,25
req-00018786,457420000,457,25.000000,25
req-00018787,457460000,457,25.000000,25
req-00018788,457500000,457,25.000000,25
req-00018789,457540000,457,25.000000,25
req-00018790,457580000,457,25.000000,25
req-00018791,457620000,457,25.000000,25
req-00018792,457660000,457,25.000000,25
req-00018793,457700000,457,25.000000,25
req-00018794,457740000,457,25.000000,25
req-00018795,457780000,457,25.000000,25
req-00018796,457820000,457,25.000000,25
req-00018797,457860000,457,25.000000,25
req-00018798,457900000,457,25.000000,25
req-00018799,457940000,457,25.000000,25
req-00018800,457980000,457,25.000000,25
req-00018801,458020000,458,25.000000,25
req-00018802,458060000,458,25.000000,25
req-00018803,458100000,458,25.000000,25
req-00018804,458140000,458,25.000000,25
req-00018805,458180000,458,25.000000,25
req-00018806,458220000,458,25.000000,25
req-00018807,458260000,458,25.000000,25
req-00018808,458300000,458,25.000000,25
req-00018809,458340000,458,25.000000,25
req-00018810,458380000,458,25.000000,25
req-00018811,458420000,458,25.000000,25
req-00018812,458460000,458,25.000000,25
req-00018813,458500000,458,25.000000,25
req-00018814,458540000,458,25.000000,25
req-00018815,458580000,458,25.000000,25
req-00018816,458620000,458,25.000000,25
req-00018817,458660000,458,25.000000,25
req-00018818,458700000,458,25.000000,25
req-00018819,458740000,458,25.000000,25
req-00018820,458780000,458,25.000000,25
req-00018821,458820000,458,25.000000,25
req-00018822,458860000,458,25.000000,25
req-00018823,458900000,458,25.000000,25
req-00018824,458940000,458,25.000000,25
req-00018825,458980000,458,25.000000,25
req-00018826,459020000,459,25.000000,25
req-00018827,459060000,459,25.000000,25
req-00018828,459100000,459,25.000000,25
req-00018829,459140000,459,25.000000,25
req-00018830,459180000,459,25.000000,25
req-00018831,459220000,459,25.000000,25
req-00018832,459260000,459,25.000000,25
req-00018833,459300000,459,25.000000,25
req-00018834,459340000,459,25.000000,25
req-00018835,459380000,459,25.000000,25
req-00018836,459420000,459,25.000000,25
req-00018837,459460000,459,25.000000,25
req-00018838,459500000,459,25.000000,25
req-00018839,459540000,459,25.000000,25
req-00018840,459580000,459,25.000000,25
req-00018841,459620000,459,25.000000,25
req-00018842,459660000,459,25.000000,25
req-00018843,459700000,459,25.000000,25
req-00018844,459740000,459,25.000000,25
req-00018845,459780000,459,25.000000,25
req-00018846,459820000,459,25.000000,25
req-00018847,459860000,459,25.000000,25
req-00018848,459900000,459,25.000000,25
req-00018849,459940000,459,25.000000,25
req-00018850,459980000,459,25.000000,25
req-00018851,460020000,460,25.000000,25
req-00018852,460060000,460,25.000000,25
req-00018853,460100000,460,25.000000,25
req-00018854,460140000,460,25.000000,25
req-00018855,460180000,460,25.000000,25
req-00018856,460220000,460,25.000000,25
req-00018857,460260000,460,25.000000,25
req-00018858,460300000,460,25.000000,25
req-00018859,460340000,460,25.000000,25
req-00018860,460380000,460,25.000000,25
req-00018861,460420000,460,25.000000,25
req-00018862,460460000,460,25.000000,25
req-00018863,460500000,460,25.000000,25
req-00018864,460540000,460,25.000000,25
req-00018865,460580000,460,25.000000,25
req-00018866,460620000,460,25.000000,25
req-00018867,460660000,460,25.000000,25
req-00018868,460700000,460,25.000000,25
req-00018869,460740000,460,25.000000,25
req-00018870,460780000,460,25.000000,25
req-00018871,460820000,460,25.000000,25
req-00018872,460860000,460,25.000000,25
req-00018873,460900000,460,25.000000,25
req-00018874,460940000,460,25.000000,25
req-00018875,460980000,460,25.000000,25
req-00018876,461020000,461,25.000000,25
req-00018877,461060000,461,25.000000,25
req-00018878,461100000,461,25.000000,25
req-00018879,461140000,461,25.000000,25
req-00018880,461180000,461,25.000000,25
req-00018881,461220000,461,25.000000,25
req-00018882,461260000,461,25.000000,25
req-00018883,461300000,461,25.000000,25
req-00018884,461340000,461,25.000000,25
req-00018885,461380000,461,25.000000,25
req-00018886,461420000,461,25.000000,25
req-00018887,461460000,461,25.000000,25
req-00018888,461500000,461,25.000000,25
req-00018889,461540000,461,25.000000,25
req-00018890,461580000,461,25.000000,25
req-00018891,461620000,461,25.000000,25
req-00018892,461660000,461,25.000000,25
req-00018893,461700000,461,25.000000,25
req-00018894,461740000,461,25.000000,25
req-00018895,461780000,461,25.000000,25
req-00018896,461820000,461,25.000000,25
req-00018897,461860000,461,25.000000,25
req-00018898,461900000,461,25.000000,25
req-00018899,461940000,461,25.000000,25
req-00018900,461980000,461,25.000000,25
req-00018901,462020000,462,25.000000,25
req-00018902,462060000,462,25.000000,25
req-00018903,462100000,462,25.000000,25
req-00018904,462140000,462,25.000000,25
req-00018905,462180000,462,25.000000,25
req-00018906,462220000,462,25.000000,25
req-00018907,462260000,462,25.000000,25
req-00018908,462300000,462,25.000000,25
req-00018909,462340000,462,25.000000,25
req-00018910,462380000,462,25.000000,25
req-00018911,462420000,462,25.000000,25
req-00018912,462460000,462,25.000000,25
req-00018913,462500000,462,25.000000,25
req-00018914,462540000,462,25.000000,25
req-00018915,462580000,462,25.000000,25
req-00018916,462620000,462,25.000000,25
req-00018917,462660000,462,25.000000,25
req-00018918,462700000,462,25.000000,25
req-00018919,462740000,462,25.000000,25
req-00018920,462780000,462,25.000000,25
req-00018921,462820000,462,25.000000,25
req-00018922,462860000,462,25.000000,25
req-00018923,462900000,462,25.000000,25
req-00018924,462940000,462,25.000000,25
req-00018925,462980000,462,25.000000,25
req-00018926,463020000,463,25.000000,25
req-00018927,463060000,463,25.000000,25
req-00018928,463100000,463,25.000000,25
req-00018929,463140000,463,25.000000,25
req-00018930,463180000,463,25.000000,25
req-00018931,463220000,463,25.000000,25
req-00018932,463260000,463,25.000000,25
req-00018933,463300000,463,25.000000,25
req-00018934,463340000,463,25.000000,25
req-00018935,463380000,463,25.000000,25
req-00018936,463420000,463,25.000000,25
req-00018937,463460000,463,25.000000,25
req-00018938,463500000,463,25.000000,25
req-00018939,463540000,463,25.000000,25
req-00018940,463580000,463,25.000000,25
req-00018941,463620000,463,25.000000,25
req-00018942,463660000,463,25.000000,25
req-00018943,463700000,463,25.000000,25
req-00018944,463740000,463,25.000000,25
req-00018945,463780000,463,25.000000,25
req-00018946,463820000,463,25.000000,25
req-00018947,463860000,463,25.000000,25
req-00018948,463900000,463,25.000000,25
req-00018949,463940000,463,25.000000,25
req-00018950,463980000,463,25.000000,25
req-00018951,464020000,464,25.000000,25
req-00018952,464060000,464,25.000000,25
req-00018953,464100000,464,25.000000,25
req-00018954,464140000,464,25.000000,25
req-00018955,464180000,464,25.000000,25
req-00018956,464220000,464,25.000000,25
req-00018957,464260000,464,25.000000,25
req-00018958,464300000,464,25.000000,25
req-00018959,464340000,464,25.000000,25
req-00018960,464380000,464,25.000000,25
req-00018961,464420000,464,25.000000,25
req-00018962,464460000,464,25.000000,25
req-00018963,464500000,464,25.000000,25
req-00018964,464540000,464,25.000000,25
req-00018965,464580000,464,25.000000,25
req-00018966,464620000,464,25.000000,25
req-00018967,464660000,464,25.000000,25
req-00018968,464700000,464,25.000000,25
req-00018969,464740000,464,25.000000,25
req-00018970,464780000,464,25.000000,25
req-00018971,464820000,464,25.000000,25
req-00018972,464860000,464,25.000000,25
req-00018973,464900000,464,25.000000,25
req-00018974,464940000,464,25.000000,25
req-00018975,464980000,464,25.000000,25
req-00018976,465020000,465,25.000000,25
req-00018977,465060000,465,25.000000,25
req-00018978,465100000,465,25.000000,25
req-00018979,465140000,465,25.000000,25
req-00018980,465180000,465,25.000000,25
req-00018981,465220000,465,25.000000,25
req-00018982,465260000,465,25.000000,25
req-00018983,465300000,465,25.000000,25
req-00018984,465340000,465,25.000000,25
req-00018985,465380000,465,25.000000,25
req-00018986,465420000,465,25.000000,25
req-00018987,465460000,465,25.000000,25
req-00018988,465500000,465,25.000000,25
req-00018989,465540000,465,25.000000,25
req-00018990,465580000,465,25.000000,25
req-00018991,465620000,465,25.000000,25
req-00018992,465660000,465,25.000000,25
req-00018993,465700000,465,25.000000,25
req-00018994,465740000,465,25.000000,25
req-00018995,465780000,465,25.000000,25
req-00018996,465820000,465,25.000000,25
req-00018997,465860000,465,25.000000,25
req-00018998,465900000,465,25.000000,25
req-00018999,465940000,465,25.000000,25
req-00019000,465980000,465,25.000000,25
req-00019001,466020000,466,25.000000,25
req-00019002,466060000,466,25.000000,25
req-00019003,466100000,466,25.000000,25
req-00019004,466140000,466,25.000000,25
req-00019005,466180000,466,25.000000,25
req-00019006,466220000,466,25.000000,25
req-00019007,466260000,466,25.000000,25
req-00019008,466300000,466,25.000000,25
req-00019009,466340000,466,25.000000,25
req-00019010,466380000,466,25.000000,25
req-00019011,466420000,466,25.000000,25
req-00019012,466460000,466,25.000000,25
req-00019013,466500000,466,25.000000,25
req-00019014,466540000,466,25.000000,25
req-00019015,466580000,466,25.000000,25
req-00019016,466620000,466,25.000000,25
req-00019017,466660000,466,25.000000,25
req-00019018,466700000,466,25.000000,25
req-00019019,466740000,466,25.000000,25
req-00019020,466780000,466,25.000000,25
req-00019021,466820000,466,25.000000,25
req-00019022,466860000,466,25.000000,25
req-00019023,466900000,466,25.000000,25
req-00019024,466940000,466,25.000000,25
req-00019025,466980000,466,25.000000,25
req-00019026,467020000,467,25.000000,25
req-00019027,467060000,467,25.000000,25
req-00019028,467100000,467,25.000000,25
req-00019029,467140000,467,25.000000,25
req-00019030,467180000,467,25.000000,25
req-00019031,467220000,467,25.000000,25
req-00019032,467260000,467,25.000000,25
req-00019033,467300000,467,25.000000,25
req-00019034,467340000,467,25.000000,25
req-00019035,467380000,467,25.000000,25
req-00019036,467420000,467,25.000000,25
req-00019037,467460000,467,25.000000,25
req-00019038,467500000,467,25.000000,25
req-00019039,467540000,467,25.000000,25
req-00019040,467580000,467,25.000000,25
req-00019041,467620000,467,25.000000,25
req-00019042,467660000,467,25.000000,25
req-00019043,467700000,467,25.000000,25
req-00019044,467740000,467,25.000000,25
req-00019045,467780000,467,25.000000,25
req-00019046,467820000,467,25.000000,25
req-00019047,467860000,467,25.000000,25
req-00019048,467900000,467,25.000000,25
req-00019049,467940000,467,25.000000,25
req-00019050,467980000,467,25.000000,25
req-00019051,468020000,468,25.000000,25
req-00019052,468060000,468,25.000000,25
req-00019053,468100000,468,25.000000,25
req-00019054,468140000,468,25.000000,25
req-00019055,468180000,468,25.000000,25
req-00019056,468220000,468,25.000000,25
req-00019057,468260000,468,25.000000,25
req-00019058,468300000,468,25.000000,25
req-00019059,468340000,468,25.000000,25
req-00019060,468380000,468,25.000000,25
req-00019061,468420000,468,25.000000,25
req-00019062,468460000,468,25.000000,25
req-00019063,468500000,468,25.000000,25
req-00019064,468540000,468,25.000000,25
req-00019065,468580000,468,25.000000,25
req-00019066,468620000,468,25.000000,25
req-00019067,468660000,468,25.000000,25
req-00019068,468700000,468,25.000000,25
req-00019069,468740000,468,25.000000,25
req-00019070,468780000,468,25.000000,25
req-00019071,468820000,468,25.000000,25
req-00019072,468860000,468,25.000000,25
req-00019073,468900000,468,25.000000,25
req-00019074,468940000,468,25.000000,25
req-00019075,468980000,468,25.000000,25
req-00019076,469020000,469,25.000000,25
req-00019077,469060000,469,25.000000,25
req-00019078,469100000,469,25.000000,25
req-00019079,469140000,469,25.000000,25
req-00019080,469180000,469,25.000000,25
req-00019081,469220000,469,25.000000,25
req-00019082,469260000,469,25.000000,25
req-00019083,469300000,469,25.000000,25
req-00019084,469340000,469,25.000000,25
req-00019085,469380000,469,25.000000,25
req-00019086,469420000,469,25.000000,25
req-00019087,469460000,469,25.000000,25
req-00019088,469500000,469,25.000000,25
req-00019089,469540000,469,25.000000,25
req-00019090,469580000,469,25.000000,25
req-00019091,469620000,469,25.000000,25
req-00019092,469660000,469,25.000000,25
req-00019093,469700000,469,25.000000,25
req-00019094,469740000,469,25.000000,25
req-00019095,469780000,469,25.000000,25
req-00019096,469820000,469,25.000000,25
req-00019097,469860000,469,25.000000,25
req-00019098,469900000,469,25.000000,25
req-00019099,469940000,469,25.000000,25
req-00019100,469980000,469,25.000000,25
req-00019101,470020000,470,25.000000,25
req-00019102,470060000,470,25.000000,25
req-00019103,470100000,470,25.000000,25
req-00019104,470140000,470,25.000000,25
req-00019105,470180000,470,25.000000,25
req-00019106,470220000,470,25.000000,25
req-00019107,470260000,470,25.000000,25
req-00019108,470300000,470,25.000000,25
req-00019109,470340000,470,25.000000,25
req-00019110,470380000,470,25.000000,25
req-00019111,470420000,470,25.000000,25
req-00019112,470460000,470,25.000000,25
req-00019113,470500000,470,25.000000,25
req-00019114,470540000,470,25.000000,25
req-00019115,470580000,470,25.000000,25
req-00019116,470620000,470,25.000000,25
req-00019117,470660000,470,25.000000,25
req-00019118,470700000,470,25.000000,25
req-00019119,470740000,470,25.000000,25
req-00019120,470780000,470,25.000000,25
req-00019121,470820000,470,25.000000,25
req-00019122,470860000,470,25.000000,25
req-00019123,470900000,470,25.000000,25
req-00019124,470940000,470,25.000000,25
req-00019125,470980000,470,25.000000,25
req-00019126,471020000,471,25.000000,25
req-00019127,471060000,471,25.000000,25
req-00019128,471100000,471,25.000000,25
req-00019129,471140000,471,25.000000,25
req-00019130,471180000,471,25.000000,25
req-00019131,471220000,471,25.000000,25
req-00019132,471260000,471,25.000000,25
req-00019133,471300000,471,25.000000,25
req-00019134,471340000,471,25.000000,25
req-00019135,471380000,471,25.000000,25
req-00019136,471420000,471,25.000000,25
req-00019137,471460000,471,25.000000,25
req-00019138,471500000,471,25.000000,25
req-00019139,471540000,471,25.000000,25
req-00019140,471580000,471,25.000000,25
req-00019141,471620000,471,25.000000,25
req-00019142,471660000,471,25.000000,25
req-00019143,471700000,471,25.000000,25
req-00019144,471740000,471,25.000000,25
req-00019145,471780000,471,25.000000,25
req-00019146,471820000,471,25.000000,25
req-00019147,471860000,471,25.000000,25
req-00019148,471900000,471,25.000000,25
req-00019149,471940000,471,25.000000,25
req-00019150,471980000,471,25.000000,25
req-00019151,472020000,472,25.000000,25
req-00019152,472060000,472,25.000000,25
req-00019153,472100000,472,25.000000,25
req-00019154,472140000,472,25.000000,25
req-00019155,472180000,472,25.000000,25
req-00019156,472220000,472,25.000000,25
req-00019157,472260000,472,25.000000,25
req-00019158,472300000,472,25.000000,25
req-00019159,472340000,472,25.000000,25
req-00019160,472380000,472,25.000000,25
req-00019161,472420000,472,25.000000,25
req-00019162,472460000,472,25.000000,25
req-00019163,472500000,472,25.000000,25
req-00019164,472540000,472,25.000000,25
req-00019165,472580000,472,25.000000,25
req-00019166,472620000,472,25.000000,25
req-00019167,472660000,472,25.000000,25
req-00019168,472700000,472,25.000000,25
req-00019169,472740000,472,25.000000,25
req-00019170,472780000,472,25.000000,25
req-00019171,472820000,472,25.000000,25
req-00019172,472860000,472,25.000000,25
req-00019173,472900000,472,25.000000,25
req-00019174,472940000,472,25.000000,25
req-00019175,472980000,472,25.000000,25
req-00019176,473020000,473,25.000000,25
req-00019177,473060000,473,25.000000,25
req-00019178,473100000,473,25.000000,25
req-00019179,473140000,473,25.000000,25
req-00019180,473180000,473,25.000000,25
req-00019181,473220000,473,25.000000,25
req-00019182,473260000,473,25.000000,25
req-00019183,473300000,473,25.000000,25
req-00019184,473340000,473,25.000000,25
req-00019185,473380000,473,25.000000,25
req-00019186,473420000,473,25.000000,25
req-00019187,473460000,473,25.000000,25
req-00019188,473500000,473,25.000000,25
req-00019189,473540000,473,25.000000,25
req-00019190,473580000,473,25.000000,25
req-00019191,473620000,473,25.000000,25
req-00019192,473660000,473,25.000000,25
req-00019193,473700000,473,25.000000,25
req-00019194,473740000,473,25.000000,25
req-00019195,473780000,473,25.000000,25
req-00019196,473820000,473,25.000000,25
req-00019197,473860000,473,25.000000,25
req-00019198,473900000,473,25.000000,25
req-00019199,473940000,473,25.000000,25
req-00019200,473980000,473,25.000000,25
req-00019201,474020000,474,25.000000,25
req-00019202,474060000,474,25.000000,25
req-00019203,474100000,474,25.000000,25
req-00019204,474140000,474,25.000000,25
req-00019205,474180000,474,25.000000,25
req-00019206,474220000,474,25.000000,25
req-00019207,474260000,474,25.000000,25
req-00019208,474300000,474,25.000000,25
req-00019209,474340000,474,25.000000,25
req-00019210,474380000,474,25.000000,25
req-00019211,474420000,474,25.000000,25
req-00019212,474460000,474,25.000000,25
req-00019213,474500000,474,25.000000,25
req-00019214,474540000,474,25.000000,25
req-00019215,474580000,474,25.000000,25
req-00019216,474620000,474,25.000000,25
req-00019217,474660000,474,25.000000,25
req-00019218,474700000,474,25.000000,25
req-00019219,474740000,474,25.000000,25
req-00019220,474780000,474,25.000000,25
req-00019221,474820000,474,25.000000,25
req-00019222,474860000,474,25.000000,25
req-00019223,474900000,474,25.000000,25
req-00019224,474940000,474,25.000000,25
req-00019225,474980000,474,25.000000,25
req-00019226,475020000,475,25.000000,25
req-00019227,475060000,475,25.000000,25
req-00019228,475100000,475,25.000000,25
req-00019229,475140000,475,25.000000,25
req-00019230,475180000,475,25.000000,25
req-00019231,475220000,475,25.000000,25
req-00019232,475260000,475,25.000000,25
req-00019233,475300000,475,25.000000,25
req-00019234,475340000,475,25.000000,25
req-00019235,475380000,475,25.000000,25
req-00019236,475420000,475,25.000000,25
req-00019237,475460000,475,25.000000,25
req-00019238,475500000,475,25.000000,25
req-00019239,475540000,475,25.000000,25
req-00019240,475580000,475,25.000000,25
req-00019241,475620000,475,25.000000,25
req-00019242,475660000,475,25.000000,25
req-00019243,475700000,475,25.000000,25
req-00019244,475740000,475,25.000000,25
req-00019245,475780000,475,25.000000,25
req-00019246,475820000,475,25.000000,25
req-00019247,475860000,475,25.000000,25
req-00019248,475900000,475,25.000000,25
req-00019249,475940000,475,25.000000,25
req-00019250,475980000,475,25.000000,25
req-00019251,476020000,476,25.000000,25
req-00019252,476060000,476,25.000000,25
req-00019253,476100000,476,25.000000,25
req-00019254,476140000,476,25.000000,25
req-00019255,476180000,476,25.000000,25
req-00019256,476220000,476,25.000000,25
req-00019257,476260000,476,25.000000,25
req-00019258,476300000,476,25.000000,25
req-00019259,476340000,476,25.000000,25
req-00019260,476380000,476,25.000000,25
req-00019261,476420000,476,25.000000,25
req-00019262,476460000,476,25.000000,25
req-00019263,476500000,476,25.000000,25
req-00019264,476540000,476,25.000000,25
req-00019265,476580000,476,25.000000,25
req-00019266,476620000,476,25.000000,25
req-00019267,476660000,476,25.000000,25
req-00019268,476700000,476,25.000000,25
req-00019269,476740000,476,25.000000,25
req-00019270,476780000,476,25.000000,25
req-00019271,476820000,476,25.000000,25
req-00019272,476860000,476,25.000000,25
req-00019273,476900000,476,25.000000,25
req-00019274,476940000,476,25.000000,25
req-00019275,476980000,476,25.000000,25
req-00019276,477020000,477,25.000000,25
req-00019277,477060000,477,25.000000,25
req-00019278,477100000,477,25.000000,25
req-00019279,477140000,477,25.000000,25
req-00019280,477180000,477,25.000000,25
req-00019281,477220000,477,25.000000,25
req-00019282,477260000,477,25.000000,25
req-00019283,477300000,477,25.000000,25
req-00019284,477340000,477,25.000000,25
req-00019285,477380000,477,25.000000,25
req-00019286,477420000,477,25.000000,25
req-00019287,477460000,477,25.000000,25
req-00019288,477500000,477,25.000000,25
req-00019289,477540000,477,25.000000,25
req-00019290,477580000,477,25.000000,25
req-00019291,477620000,477,25.000000,25
req-00019292,477660000,477,25.000000,25
req-00019293,477700000,477,25.000000,25
req-00019294,477740000,477,25.000000,25
req-00019295,477780000,477,25.000000,25
req-00019296,477820000,477,25.000000,25
req-00019297,477860000,477,25.000000,25
req-00019298,477900000,477,25.000000,25
req-00019299,477940000,477,25.000000,25
req-00019300,477980000,477,25.000000,25
req-00019301,478020000,478,25.000000,25
req-00019302,478060000,478,25.000000,25
req-00019303,478100000,478,25.000000,25
req-00019304,478140000,478,25.000000,25
req-00019305,478180000,478,25.000000,25
req-00019306,478220000,478,25.000000,25
req-00019307,478260000,478,25.000000,25
req-00019308,478300000,478,25.000000,25
req-00019309,478340000,478,25.000000,25
req-00019310,478380000,478,25.000000,25
req-00019311,478420000,478,25.000000,25
req-00019312,478460000,478,25.000000,25
req-00019313,478500000,478,25.000000,25
req-00019314,478540000,478,25.000000,25
req-00019315,478580000,478,25.000000,25
req-00019316,478620000,478,25.000000,25
req-00019317,478660000,478,25.000000,25
req-00019318,478700000,478,25.000000,25
req-00019319,478740000,478,25.000000,25
req-00019320,478780000,478,25.000000,25
req-00019321,478820000,478,25.000000,25
req-00019322,478860000,478,25.000000,25
req-00019323,478900000,478,25.000000,25
req-00019324,478940000,478,25.000000,25
req-00019325,478980000,478,25.000000,25
req-00019326,479020000,479,25.000000,25
req-00019327,479060000,479,25.000000,25
req-00019328,479100000,479,25.000000,25
req-00019329,479140000,479,25.000000,25
req-00019330,479180000,479,25.000000,25
req-00019331,479220000,479,25.000000,25
req-00019332,479260000,479,25.000000,25
req-00019333,479300000,479,25.000000,25
req-00019334,479340000,479,25.000000,25
req-00019335,479380000,479,25.000000,25
req-00019336,479420000,479,25.000000,25
req-00019337,479460000,479,25.000000,25
req-00019338,479500000,479,25.000000,25
req-00019339,479540000,479,25.000000,25
req-00019340,479580000,479,25.000000,25
req-00019341,479620000,479,25.000000,25
req-00019342,479660000,479,25.000000,25
req-00019343,479700000,479,25.000000,25
req-00019344,479740000,479,25.000000,25
req-00019345,479780000,479,25.000000,25
req-00019346,479820000,479,25.000000,25
req-00019347,479860000,479,25.000000,25
req-00019348,479900000,479,25.000000,25
req-00019349,479940000,479,25.000000,25
req-00019350,479980000,479,25.000000,25
