request_id,scheduled_offset_us,source_second,target_rps,scheduled_requests_in_second
req-00000001,21739,0,23.000000,23
req-00000002,65217,0,23.000000,23
req-00000003,108696,0,23.000000,23
req-00000004,152174,0,23.000000,23
req-00000005,195652,0,23.000000,23
req-00000006,239130,0,23.000000,23
req-00000007,282609,0,23.000000,23
req-00000008,326087,0,23.000000,23
req-00000009,369565,0,23.000000,23
req-00000010,413043,0,23.000000,23
req-00000011,456522,0,23.000000,23
req-00000012,500000,0,23.000000,23
req-00000013,543478,0,23.000000,23
req-00000014,586957,0,23.000000,23
req-00000015,630435,0,23.000000,23
req-00000016,673913,0,23.000000,23
req-00000017,717391,0,23.000000,23
req-00000018,760870,0,23.000000,23
req-00000019,804348,0,23.000000,23
req-00000020,847826,0,23.000000,23
req-00000021,891304,0,23.000000,23
req-00000022,934783,0,23.000000,23
req-00000023,978261,0,23.000000,23
req-00000024,1020833,1,24.000000,24
req-00000025,1062500,1,24.000000,24
req-00000026,1104167,1,24.000000,24
req-00000027,1145833,1,24.000000,24
req-00000028,1187500,1,24.000000,24
req-00000029,1229167,1,24.000000,24
req-00000030,1270833,1,24.000000,24
req-00000031,1312500,1,24.000000,24
req-00000032,1354167,1,24.000000,24
req-00000033,1395833,1,24.000000,24
req-00000034,1437500,1,24.000000,24
req-00000035,1479167,1,24.000000,24
req-00000036,1520833,1,24.000000,24
req-00000037,1562500,1,24.000000,24
req-00000038,1604167,1,24.000000,24
req-00000039,1645833,1,24.000000,24
req-00000040,1687500,1,24.000000,24
req-00000041,1729167,1,24.000000,24
req-00000042,1770833,1,24.000000,24
req-00000043,1812500,1,24.000000,24
req-00000044,1854167,1,24.000000,24
req-00000045,1895833,1,24.000000,24
req-00000046,1937500,1,24.000000,24
req-00000047,1979167,1,24.000000,24
req-00000048,2020000,2,25.000000,25
req-00000049,2060000,2,25.000000,25
req-00000050,2100000,2,25.000000,25
req-00000051,2140000,2,25.000000,25
req-00000052,2180000,2,25.000000,25
req-00000053,2220000,2,25.000000,25
req-00000054,2260000,2,25.000000,25
req-00000055,2300000,2,25.000000,25
req-00000056,2340000,2,25.000000,25
req-00000057,2380000,2,25.000000,25
req-00000058,2420000,2,25.000000,25
req-00000059,2460000,2,25.000000,25
req-00000060,2500000,2,25.000000,25
req-00000061,2540000,2,25.000000,25
req-00000062,2580000,2,25.000000,25
req-00000063,2620000,2,25.000000,25
req-00000064,2660000,2,25.000000,25
req-00000065,2700000,2,25.000000,25
req-00000066,2740000,2,25.000000,25
req-00000067,2780000,2,25.000000,25
req-00000068,2820000,2,25.000000,25
req-00000069,2860000,2,25.000000,25
req-00000070,2900000,2,25.000000,25
req-00000071,2940000,2,25.000000,25
req-00000072,2980000,2,25.000000,25
req-00000073,3019231,3,26.000000,26
req-00000074,3057692,3,26.000000,26
req-00000075,3096154,3,26.000000,26
req-00000076,3134615,3,26.000000,26
req-00000077,3173077,3,26.000000,26
req-00000078,3211538,3,26.000000,26
req-00000079,3250000,3,26.000000,26
req-00000080,3288462,3,26.000000,26
req-00000081,3326923,3,26.000000,26
req-00000082,3365385,3,26.000000,26
req-00000083,3403846,3,26.000000,26
req-00000084,3442308,3,26.000000,26
req-00000085,3480769,3,26.000000,26
req-00000086,3519231,3,26.000000,26
req-00000087,3557692,3,26.000000,26
req-00000088,3596154,3,26.000000,26
req-00000089,3634615,3,26.000000,26
req-00000090,3673077,3,26.000000,26
req-00000091,3711538,3,26.000000,26
req-00000092,3750000,3,26.000000,26
req-00000093,3788462,3,26.000000,26
req-00000094,3826923,3,26.000000,26
req-00000095,3865385,3,26.000000,26
req-00000096,3903846,3,26.000000,26
req-00000097,3942308,3,26.000000,26
req-00000098,3980769,3,26.000000,26
req-00000099,4018519,4,27.000000,27
req-00000100,4055556,4,27.000000,27
req-00000101,4092593,4,27.000000,27
req-00000102,4129630,4,27.000000,27
req-00000103,4166667,4,27.000000,27
req-00000104,4203704,4,27.000000,27
req-00000105,4240741,4,27.000000,27
req-00000106,4277778,4,27.000000,27
req-00000107,4314815,4,27.000000,27
req-00000108,4351852,4,27.000000,27
req-00000109,4388889,4,27.000000,27
req-00000110,4425926,4,27.000000,27
req-00000111,4462963,4,27.000000,27
req-00000112,4500000,4,27.000000,27
req-00000113,4537037,4,27.000000,27
req-00000114,4574074,4,27.000000,27
req-00000115,4611111,4,27.000000,27
req-00000116,4648148,4,27.000000,27
req-00000117,4685185,4,27.000000,27
req-00000118,4722222,4,27.000000,27
req-00000119,4759259,4,27.000000,27
req-00000120,4796296,4,27.000000,27
req-00000121,4833333,4,27.000000,27
req-00000122,4870370,4,27.000000,27
req-00000123,4907407,4,27.000000,27
req-00000124,4944444,4,27.000000,27
req-00000125,4981481,4,27.000000,27
req-00000126,5019231,5,26.000000,26
req-00000127,5057692,5,26.000000,26
req-00000128,5096154,5,26.000000,26
req-00000129,5134615,5,26.000000,26
req-00000130,5173077,5,26.000000,26
req-00000131,5211538,5,26.000000,26
req-00000132,5250000,5,26.000000,26
req-00000133,5288462,5,26.000000,26
req-00000134,5326923,5,26.000000,26
req-00000135,5365385,5,26.000000,26
req-00000136,5403846,5,26.000000,26
req-00000137,5442308,5,26.000000,26
req-00000138,5480769,5,26.000000,26
req-00000139,5519231,5,26.000000,26
req-00000140,5557692,5,26.000000,26
req-00000141,5596154,5,26.000000,26
req-00000142,5634615,5,26.000000,26
req-00000143,5673077,5,26.000000,26
req-00000144,5711538,5,26.000000,26
req-00000145,5750000,5,26.000000,26
req-00000146,5788462,5,26.000000,26
req-00000147,5826923,5,26.000000,26
req-00000148,5865385,5,26.000000,26
req-00000149,5903846,5,26.000000,26
req-00000150,5942308,5,26.000000,26
req-00000151,5980769,5,26.000000,26
req-00000152,6020000,6,25.000000,25
req-00000153,6060000,6,25.000000,25
req-00000154,6100000,6,25.000000,25
req-00000155,6140000,6,25.000000,25
req-00000156,6180000,6,25.000000,25
req-00000157,6220000,6,25.000000,25
req-00000158,6260000,6,25.000000,25
req-00000159,6300000,6,25.000000,25
req-00000160,6340000,6,25.000000,25
req-00000161,6380000,6,25.000000,25
req-00000162,6420000,6,25.000000,25
req-00000163,6460000,6,25.000000,25
req-00000164,6500000,6,25.000000,25
req-00000165,6540000,6,25.000000,25
req-00000166,6580000,6,25.000000,25
req-00000167,6620000,6,25.000000,25
req-00000168,6660000,6,25.000000,25
req-00000169,6700000,6,25.000000,25
req-00000170,6740000,6,25.000000,25
req-00000171,6780000,6,25.000000,25
req-00000172,6820000,6,25.000000,25
req-00000173,6860000,6,25.000000,25
req-00000174,6900000,6,25.000000,25
req-00000175,6940000,6,25.000000,25
req-00000176,6980000,6,25.000000,25
req-00000177,7020833,7,24.000000,24
req-00000178,7062500,7,24.000000,24
req-00000179,7104167,7,24.000000,24
req-00000180,7145833,7,24.000000,24
req-00000181,7187500,7,24.000000,24
req-00000182,7229167,7,24.000000,24
req-00000183,7270833,7,24.000000,24
req-00000184,7312500,7,24.000000,24
req-00000185,7354167,7,24.000000,24
req-00000186,7395833,7,24.000000,24
req-00000187,7437500,7,24.000000,24
req-00000188,7479167,7,24.000000,24
req-00000189,7520833,7,24.000000,24
req-00000190,7562500,7,24.000000,24
req-00000191,7604167,7,24.000000,24
req-00000192,7645833,7,24.000000,24
req-00000193,7687500,7,24.000000,24
req-00000194,7729167,7,24.000000,24
req-00000195,7770833,7,24.000000,24
req-00000196,7812500,7,24.000000,24
req-00000197,7854167,7,24.000000,24
req-00000198,7895833,7,24.000000,24
req-00000199,7937500,7,24.000000,24
req-00000200,7979167,7,24.000000,24
req-00000201,8021739,8,23.000000,23
req-00000202,8065217,8,23.000000,23
req-00000203,8108696,8,23.000000,23
req-00000204,8152174,8,23.000000,23
req-00000205,8195652,8,23.000000,23
req-00000206,8239130,8,23.000000,23
req-00000207,8282609,8,23.000000,23
req-00000208,8326087,8,23.000000,23
req-00000209,8369565,8,23.000000,23
req-00000210,8413043,8,23.000000,23
req-00000211,8456522,8,23.000000,23
req-00000212,8500000,8,23.000000,23
req-00000213,8543478,8,23.000000,23
req-00000214,8586957,8,23.000000,23
req-00000215,8630435,8,23.000000,23
req-00000216,8673913,8,23.000000,23
req-00000217,8717391,8,23.000000,23
req-00000218,8760870,8,23.000000,23
req-00000219,8804348,8,23.000000,23
req-00000220,8847826,8,23.000000,23
req-00000221,8891304,8,23.000000,23
req-00000222,8934783,8,23.000000,23
req-00000223,8978261,8,23.000000,23
req-00000224,9020833,9,24.000000,24
req-00000225,9062500,9,24.000000,24
req-00000226,9104167,9,24.000000,24
req-00000227,9145833,9,24.000000,24
req-00000228,9187500,9,24.000000,24
req-00000229,9229167,9,24.000000,24
req-00000230,9270833,9,24.000000,24
req-00000231,9312500,9,24.000000,24
req-00000232,9354167,9,24.000000,24
req-00000233,9395833,9,24.000000,24
req-00000234,9437500,9,24.000000,24
req-00000235,9479167,9,24.000000,24
req-00000236,9520833,9,24.000000,24
req-00000237,9562500,9,24.000000,24
req-00000238,9604167,9,24.000000,24
req-00000239,9645833,9,24.000000,24
req-00000240,9687500,9,24.000000,24
req-00000241,9729167,9,24.000000,24
req-00000242,9770833,9,24.000000,24
req-00000243,9812500,9,24.000000,24
req-00000244,9854167,9,24.000000,24
req-00000245,9895833,9,24.000000,24
req-00000246,9937500,9,24.000000,24
req-00000247,9979167,9,24.000000,24
req-00000248,10020000,10,25.000000,25
req-00000249,10060000,10,25.000000,25
req-00000250,10100000,10,25.000000,25
req-00000251,10140000,10,25.000000,25
req-00000252,10180000,10,25.000000,25
req-00000253,10220000,10,25.000000,25
req-00000254,10260000,10,25.000000,25
req-00000255,10300000,10,25.000000,25
req-00000256,10340000,10,25.000000,25
req-00000257,10380000,10,25.000000,25
req-00000258,10420000,10,25.000000,25
req-00000259,10460000,10,25.000000,25
req-00000260,10500000,10,25.000000,25
req-00000261,10540000,10,25.000000,25
req-00000262,10580000,10,25.000000,25
req-00000263,10620000,10,25.000000,25
req-00000264,10660000,10,25.000000,25
req-00000265,10700000,10,25.000000,25
req-00000266,10740000,10,25.000000,25
req-00000267,10780000,10,25.000000,25
req-00000268,10820000,10,25.000000,25
req-00000269,10860000,10,25.000000,25
req-00000270,10900000,10,25.000000,25
req-00000271,10940000,10,25.000000,25
req-00000272,10980000,10,25.000000,25
req-00000273,11019231,11,26.000000,26
req-00000274,11057692,11,26.000000,26
req-00000275,11096154,11,26.000000,26
req-00000276,11134615,11,26.000000,26
req-00000277,11173077,11,26.000000,26
req-00000278,11211538,11,26.000000,26
req-00000279,11250000,11,26.000000,26
req-00000280,11288462,11,26.000000,26
req-00000281,11326923,11,26.000000,26
req-00000282,11365385,11,26.000000,26
req-00000283,11403846,11,26.000000,26
req-00000284,11442308,11,26.000000,26
req-00000285,11480769,11,26.000000,26
req-00000286,11519231,11,26.000000,26
req-00000287,11557692,11,26.000000,26
req-00000288,11596154,11,26.000000,26
req-00000289,11634615,11,26.000000,26
req-00000290,11673077,11,26.000000,26
req-00000291,11711538,11,26.000000,26
req-00000292,11750000,11,26.000000,26
req-00000293,11788462,11,26.000000,26
req-00000294,11826923,11,26.000000,26
req-00000295,11865385,11,26.000000,26
req-00000296,11903846,11,26.000000,26
req-00000297,11942308,11,26.000000,26
req-00000298,11980769,11,26.000000,26
req-00000299,12018519,12,27.000000,27
req-00000300,12055556,12,27.000000,27
req-00000301,12092593,12,27.000000,27
req-00000302,12129630,12,27.000000,27
req-00000303,12166667,12,27.000000,27
req-00000304,12203704,12,27.000000,27
req-00000305,12240741,12,27.000000,27
req-00000306,12277778,12,27.000000,27
req-00000307,12314815,12,27.000000,27
req-00000308,12351852,12,27.000000,27
req-00000309,12388889,12,27.000000,27
req-00000310,12425926,12,27.000000,27
req-00000311,12462963,12,27.000000,27
req-00000312,12500000,12,27.000000,27
req-00000313,12537037,12,27.000000,27
req-00000314,12574074,12,27.000000,27
req-00000315,12611111,12,27.000000,27
req-00000316,12648148,12,27.000000,27
req-00000317,12685185,12,27.000000,27
req-00000318,12722222,12,27.000000,27
req-00000319,12759259,12,27.000000,27
req-00000320,12796296,12,27.000000,27
req-00000321,12833333,12,27.000000,27
req-00000322,12870370,12,27.000000,27
req-00000323,12907407,12,27.000000,27
req-00000324,12944444,12,27.000000,27
req-00000325,12981481,12,27.000000,27
req-00000326,13019231,13,26.000000,26
req-00000327,13057692,13,26.000000,26
req-00000328,13096154,13,26.000000,26
req-00000329,13134615,13,26.000000,26
req-00000330,13173077,13,26.000000,26
req-00000331,13211538,13,26.000000,26
req-00000332,13250000,13,26.000000,26
req-00000333,13288462,13,26.000000,26
req-00000334,13326923,13,26.000000,26
req-00000335,13365385,13,26.000000,26
req-00000336,13403846,13,26.000000,26
req-00000337,13442308,13,26.000000,26
req-00000338,13480769,13,26.000000,26
req-00000339,13519231,13,26.000000,26
req-00000340,13557692,13,26.000000,26
req-00000341,13596154,13,26.000000,26
req-00000342,13634615,13,26.000000,26
req-00000343,13673077,13,26.000000,26
req-00000344,13711538,13,26.000000,26
req-00000345,13750000,13,26.000000,26
req-00000346,13788462,13,26.000000,26
req-00000347,13826923,13,26.000000,26
req-00000348,13865385,13,26.000000,26
req-00000349,13903846,13,26.000000,26
req-00000350,13942308,13,26.000000,26
req-00000351,13980769,13,26.000000,26
req-00000352,14020000,14,25.000000,25
req-00000353,14060000,14,25.000000,25
req-00000354,14100000,14,25.000000,25
req-00000355,14140000,14,25.000000,25
req-00000356,14180000,14,25.000000,25
req-00000357,14220000,14,25.000000,25
req-00000358,14260000,14,25.000000,25
req-00000359,14300000,14,25.000000,25
req-00000360,14340000,14,25.000000,25
req-00000361,14380000,14,25.000000,25
req-00000362,14420000,14,25.000000,25
req-00000363,14460000,14,25.000000,25
req-00000364,14500000,14,25.000000,25
req-00000365,14540000,14,25.000000,25
req-00000366,14580000,14,25.000000,25
req-00000367,14620000,14,25.000000,25
req-00000368,14660000,14,25.000000,25
req-00000369,14700000,14,25.000000,25
req-00000370,14740000,14,25.000000,25
req-00000371,14780000,14,25.000000,25
req-00000372,14820000,14,25.000000,25
req-00000373,14860000,14,25.000000,25
req-00000374,14900000,14,25.000000,25
req-00000375,14940000,14,25.000000,25
req-00000376,14980000,14,25.000000,25
req-00000377,15020833,15,24.000000,24
req-00000378,15062500,15,24.000000,24
req-00000379,15104167,15,24.000000,24
req-00000380,15145833,15,24.000000,24
req-00000381,15187500,15,24.000000,24
req-00000382,15229167,15,24.000000,24
req-00000383,15270833,15,24.000000,24
req-00000384,15312500,15,24.000000,24
req-00000385,15354167,15,24.000000,24
req-00000386,15395833,15,24.000000,24
req-00000387,15437500,15,24.000000,24
req-00000388,15479167,15,24.000000,24
req-00000389,15520833,15,24.000000,24
req-00000390,15562500,15,24.000000,24
req-00000391,15604167,15,24.000000,24
req-00000392,15645833,15,24.000000,24
req-00000393,15687500,15,24.000000,24
req-00000394,15729167,15,24.000000,24
req-00000395,15770833,15,24.000000,24
req-00000396,15812500,15,24.000000,24
req-00000397,15854167,15,24.000000,24
req-00000398,15895833,15,24.000000,24
req-00000399,15937500,15,24.000000,24
req-00000400,15979167,15,24.000000,24
req-00000401,16021739,16,23.000000,23
req-00000402,16065217,16,23.000000,23
req-00000403,16108696,16,23.000000,23
req-00000404,16152174,16,23.000000,23
req-00000405,16195652,16,23.000000,23
req-00000406,16239130,16,23.000000,23
req-00000407,16282609,16,23.000000,23
req-00000408,16326087,16,23.000000,23
req-00000409,16369565,16,23.000000,23
req-00000410,16413043,16,23.000000,23
req-00000411,16456522,16,23.000000,23
req-00000412,16500000,16,23.000000,23
req-00000413,16543478,16,23.000000,23
req-00000414,16586957,16,23.000000,23
req-00000415,16630435,16,23.000000,23
req-00000416,16673913,16,23.000000,23
req-00000417,16717391,16,23.000000,23
req-00000418,16760870,16,23.000000,23
req-00000419,16804348,16,23.000000,23
req-00000420,16847826,16,23.000000,23
req-00000421,16891304,16,23.000000,23
req-00000422,16934783,16,23.000000,23
req-00000423,16978261,16,23.000000,23
req-00000424,17020833,17,24.000000,24
req-00000425,17062500,17,24.000000,24
req-00000426,17104167,17,24.000000,24
req-00000427,17145833,17,24.000000,24
req-00000428,17187500,17,24.000000,24
req-00000429,17229167,17,24.000000,24
req-00000430,17270833,17,24.000000,24
req-00000431,17312500,17,24.000000,24
req-00000432,17354167,17,24.000000,24
req-00000433,17395833,17,24.000000,24
req-00000434,17437500,17,24.000000,24
req-00000435,17479167,17,24.000000,24
req-00000436,17520833,17,24.000000,24
req-00000437,17562500,17,24.000000,24
req-00000438,17604167,17,24.000000,24
req-00000439,17645833,17,24.000000,24
req-00000440,17687500,17,24.000000,24
req-00000441,17729167,17,24.000000,24
req-00000442,17770833,17,24.000000,24
req-00000443,17812500,17,24.000000,24
req-00000444,17854167,17,24.000000,24
req-00000445,17895833,17,24.000000,24
req-00000446,17937500,17,24.000000,24
req-00000447,17979167,17,24.000000,24
req-00000448,18020000,18,25.000000,25
req-00000449,18060000,18,25.000000,25
req-00000450,18100000,18,25.000000,25
req-00000451,18140000,18,25.000000,25
req-00000452,18180000,18,25.000000,25
req-00000453,18220000,18,25.000000,25
req-00000454,18260000,18,25.000000,25
req-00000455,18300000,18,25.000000,25
req-00000456,18340000,18,25.000000,25
req-00000457,18380000,18,25.000000,25
req-00000458,18420000,18,25.000000,25
req-00000459,18460000,18,25.000000,25
req-00000460,18500000,18,25.000000,25
req-00000461,18540000,18,25.000000,25
req-00000462,18580000,18,25.000000,25
req-00000463,18620000,18,25.000000,25
req-00000464,18660000,18,25.000000,25
req-00000465,18700000,18,25.000000,25
req-00000466,18740000,18,25.000000,25
req-00000467,18780000,18,25.000000,25
req-00000468,18820000,18,25.000000,25
req-00000469,18860000,18,25.000000,25
req-00000470,18900000,18,25.000000,25
req-00000471,18940000,18,25.000000,25
req-00000472,18980000,18,25.000000,25
req-00000473,19019231,19,26.000000,26
req-00000474,19057692,19,26.000000,26
req-00000475,19096154,19,26.000000,26
req-00000476,19134615,19,26.000000,26
req-00000477,19173077,19,26.000000,26
req-00000478,19211538,19,26.000000,26
req-00000479,19250000,19,26.000000,26
req-00000480,19288462,19,26.000000,26
req-00000481,19326923,19,26.000000,26
req-00000482,19365385,19,26.000000,26
req-00000483,19403846,19,26.000000,26
req-00000484,19442308,19,26.000000,26
req-00000485,19480769,19,26.000000,26
req-00000486,19519231,19,26.000000,26
req-00000487,19557692,19,26.000000,26
req-00000488,19596154,19,26.000000,26
req-00000489,19634615,19,26.000000,26
req-00000490,19673077,19,26.000000,26
req-00000491,19711538,19,26.000000,26
req-00000492,19750000,19,26.000000,26
req-00000493,19788462,19,26.000000,26
req-00000494,19826923,19,26.000000,26
req-00000495,19865385,19,26.000000,26
req-00000496,19903846,19,26.000000,26
req-00000497,19942308,19,26.000000,26
req-00000498,19980769,19,26.000000,26
req-00000499,20018519,20,27.000000,27
req-00000500,20055556,20,27.000000,27
req-00000501,20092593,20,27.000000,27
req-00000502,20129630,20,27.000000,27
req-00000503,20166667,20,27.000000,27
req-00000504,20203704,20,27.000000,27
req-00000505,20240741,20,27.000000,27
req-00000506,20277778,20,27.000000,27
req-00000507,20314815,20,27.000000,27
req-00000508,20351852,20,27.000000,27
req-00000509,20388889,20,27.000000,27
req-00000510,20425926,20,27.000000,27
req-00000511,20462963,20,27.000000,27
req-00000512,20500000,20,27.000000,27
req-00000513,20537037,20,27.000000,27
req-00000514,20574074,20,27.000000,27
req-00000515,20611111,20,27.000000,27
req-00000516,20648148,20,27.000000,27
req-00000517,20685185,20,27.000000,27
req-00000518,20722222,20,27.000000,27
req-00000519,20759259,20,27.000000,27
req-00000520,20796296,20,27.000000,27
req-00000521,20833333,20,27.000000,27
req-00000522,20870370,20,27.000000,27
req-00000523,20907407,20,27.000000,27
req-00000524,20944444,20,27.000000,27
req-00000525,20981481,20,27.000000,27
req-00000526,21019231,21,26.000000,26
req-00000527,21057692,21,26.000000,26
req-00000528,21096154,21,26.000000,26
req-00000529,21134615,21,26.000000,26
req-00000530,21173077,21,26.000000,26
req-00000531,21211538,21,26.000000,26
req-00000532,21250000,21,26.000000,26
req-00000533,21288462,21,26.000000,26
req-00000534,21326923,21,26.000000,26
req-00000535,21365385,21,26.000000,26
req-00000536,21403846,21,26.000000,26
req-00000537,21442308,21,26.000000,26
req-00000538,21480769,21,26.000000,26
req-00000539,21519231,21,26.000000,26
req-00000540,21557692,21,26.000000,26
req-00000541,21596154,21,26.000000,26
req-00000542,21634615,21,26.000000,26
req-00000543,21673077,21,26.000000,26
req-00000544,21711538,21,26.000000,26
req-00000545,21750000,21,26.000000,26
req-00000546,21788462,21,26.000000,26
req-00000547,21826923,21,26.000000,26
req-00000548,21865385,21,26.000000,26
req-00000549,21903846,21,26.000000,26
req-00000550,21942308,21,26.000000,26
req-00000551,21980769,21,26.000000,26
req-00000552,22020000,22,25.000000,25
req-00000553,22060000,22,25.000000,25
req-00000554,22100000,22,25.000000,25
req-00000555,22140000,22,25.000000,25
req-00000556,22180000,22,25.000000,25
req-00000557,22220000,22,25.000000,25
req-00000558,22260000,22,25.000000,25
req-00000559,22300000,22,25.000000,25
req-00000560,22340000,22,25.000000,25
req-00000561,22380000,22,25.000000,25
req-00000562,22420000,22,25.000000,25
req-00000563,22460000,22,25.000000,25
req-00000564,22500000,22,25.000000,25
req-00000565,22540000,22,25.000000,25
req-00000566,22580000,22,25.000000,25
req-00000567,22620000,22,25.000000,25
req-00000568,22660000,22,25.000000,25
req-00000569,22700000,22,25.000000,25
req-00000570,22740000,22,25.000000,25
req-00000571,22780000,22,25.000000,25
req-00000572,22820000,22,25.000000,25
req-00000573,22860000,22,25.000000,25
req-00000574,22900000,22,25.000000,25
req-00000575,22940000,22,25.000000,25
req-00000576,22980000,22,25.000000,25
req-00000577,23020833,23,24.000000,24
req-00000578,23062500,23,24.000000,24
req-00000579,23104167,23,24.000000,24
req-00000580,23145833,23,24.000000,24
req-00000581,23187500,23,24.000000,24
req-00000582,23229167,23,24.000000,24
req-00000583,23270833,23,24.000000,24
req-00000584,23312500,23,24.000000,24
req-00000585,23354167,23,24.000000,24
req-00000586,23395833,23,24.000000,24
req-00000587,23437500,23,24.000000,24
req-00000588,23479167,23,24.000000,24
req-00000589,23520833,23,24.000000,24
req-00000590,23562500,23,24.000000,24
req-00000591,23604167,23,24.000000,24
req-00000592,23645833,23,24.000000,24
req-00000593,23687500,23,24.000000,24
req-00000594,23729167,23,24.000000,24
req-00000595,23770833,23,24.000000,24
req-00000596,23812500,23,24.000000,24
req-00000597,23854167,23,24.000000,24
req-00000598,23895833,23,24.000000,24
req-00000599,23937500,23,24.000000,24
req-00000600,23979167,23,24.000000,24
req-00000601,24021739,24,23.000000,23
req-00000602,24065217,24,23.000000,23
req-00000603,24108696,24,23.000000,23
req-00000604,24152174,24,23.000000,23
req-00000605,24195652,24,23.000000,23
req-00000606,24239130,24,23.000000,23
req-00000607,24282609,24,23.000000,23
req-00000608,24326087,24,23.000000,23
req-00000609,24369565,24,23.000000,23
req-00000610,24413043,24,23.000000,23
req-00000611,24456522,24,23.000000,23
req-00000612,24500000,24,23.000000,23
req-00000613,24543478,24,23.000000,23
req-00000614,24586957,24,23.000000,23
req-00000615,24630435,24,23.000000,23
req-00000616,24673913,24,23.000000,23
req-00000617,24717391,24,23.000000,23
req-00000618,24760870,24,23.000000,23
req-00000619,24804348,24,23.000000,23
req-00000620,24847826,24,23.000000,23
req-00000621,24891304,24,23.000000,23
req-00000622,24934783,24,23.000000,23
req-00000623,24978261,24,23.000000,23
req-00000624,25020833,25,24.000000,24
req-00000625,25062500,25,24.000000,24
req-00000626,25104167,25,24.000000,24
req-00000627,25145833,25,24.000000,24
req-00000628,25187500,25,24.000000,24
req-00000629,25229167,25,24.000000,24
req-00000630,25270833,25,24.000000,24
req-00000631,25312500,25,24.000000,24
req-00000632,25354167,25,24.000000,24
req-00000633,25395833,25,24.000000,24
req-00000634,25437500,25,24.000000,24
req-00000635,25479167,25,24.000000,24
req-00000636,25520833,25,24.000000,24
req-00000637,25562500,25,24.000000,24
req-00000638,25604167,25,24.000000,24
req-00000639,25645833,25,24.000000,24
req-00000640,25687500,25,24.000000,24
req-00000641,25729167,25,24.000000,24
req-00000642,25770833,25,24.000000,24
req-00000643,25812500,25,24.000000,24
req-00000644,25854167,25,24.000000,24
req-00000645,25895833,25,24.000000,24
req-00000646,25937500,25,24.000000,24
req-00000647,25979167,25,24.000000,24
req-00000648,26020000,26,25.000000,25
req-00000649,26060000,26,25.000000,25
req-00000650,26100000,26,25.000000,25
req-00000651,26140000,26,25.000000,25
req-00000652,26180000,26,25.000000,25
req-00000653,26220000,26,25.000000,25
req-00000654,26260000,26,25.000000,25
req-00000655,26300000,26,25.000000,25
req-00000656,26340000,26,25.000000,25
req-00000657,26380000,26,25.000000,25
req-00000658,26420000,26,25.000000,25
req-00000659,26460000,26,25.000000,25
req-00000660,26500000,26,25.000000,25
req-00000661,26540000,26,25.000000,25
req-00000662,26580000,26,25.000000,25
req-00000663,26620000,26,25.000000,25
req-00000664,26660000,26,25.000000,25
req-00000665,26700000,26,25.000000,25
req-00000666,26740000,26,25.000000,25
req-00000667,26780000,26,25.000000,25
req-00000668,26820000,26,25.000000,25
req-00000669,26860000,26,25.000000,25
req-00000670,26900000,26,25.000000,25
req-00000671,26940000,26,25.000000,25
req-00000672,26980000,26,25.000000,25
req-00000673,27019231,27,26.000000,26
req-00000674,27057692,27,26.000000,26
req-00000675,27096154,27,26.000000,26
req-00000676,27134615,27,26.000000,26
req-00000677,27173077,27,26.000000,26
req-00000678,27211538,27,26.000000,26
req-00000679,27250000,27,26.000000,26
req-00000680,27288462,27,26.000000,26
req-00000681,27326923,27,26.000000,26
req-00000682,27365385,27,26.000000,26
req-00000683,27403846,27,26.000000,26
req-00000684,27442308,27,26.000000,26
req-00000685,27480769,27,26.000000,26
req-00000686,27519231,27,26.000000,26
req-00000687,27557692,27,26.000000,26
req-00000688,27596154,27,26.000000,26
req-00000689,27634615,27,26.000000,26
req-00000690,27673077,27,26.000000,26
req-00000691,27711538,27,26.000000,26
req-00000692,27750000,27,26.000000,26
req-00000693,27788462,27,26.000000,26
req-00000694,27826923,27,26.000000,26
req-00000695,27865385,27,26.000000,26
req-00000696,27903846,27,26.000000,26
req-00000697,27942308,27,26.000000,26
req-00000698,27980769,27,26.000000,26
req-00000699,28018519,28,27.000000,27
req-00000700,28055556,28,27.000000,27
req-00000701,28092593,28,27.000000,27
req-00000702,28129630,28,27.000000,27
req-00000703,28166667,28,27.000000,27
req-00000704,28203704,28,27.000000,27
req-00000705,28240741,28,27.000000,27
req-00000706,28277778,28,27.000000,27
req-00000707,28314815,28,27.000000,27
req-00000708,28351852,28,27.000000,27
req-00000709,28388889,28,27.000000,27
req-00000710,28425926,28,27.000000,27
req-00000711,28462963,28,27.000000,27
req-00000712,28500000,28,27.000000,27
req-00000713,28537037,28,27.000000,27
req-00000714,28574074,28,27.000000,27
req-00000715,28611111,28,27.000000,27
req-00000716,28648148,28,27.000000,27
req-00000717,28685185,28,27.000000,27
req-00000718,28722222,28,27.000000,27
req-00000719,28759259,28,27.000000,27
req-00000720,28796296,28,27.000000,27
req-00000721,28833333,28,27.000000,27
req-00000722,28870370,28,27.000000,27
req-00000723,28907407,28,27.000000,27
req-00000724,28944444,28,27.000000,27
req-00000725,28981481,28,27.000000,27
req-00000726,29019231,29,26.000000,26
req-00000727,29057692,29,26.000000,26
req-00000728,29096154,29,26.000000,26
req-00000729,29134615,29,26.000000,26
req-00000730,29173077,29,26.000000,26
req-00000731,29211538,29,26.000000,26
req-00000732,29250000,29,26.000000,26
req-00000733,29288462,29,26.000000,26
req-00000734,29326923,29,26.000000,26
req-00000735,29365385,29,26.000000,26
req-00000736,29403846,29,26.000000,26
req-00000737,29442308,29,26.000000,26
req-00000738,29480769,29,26.000000,26
req-00000739,29519231,29,26.000000,26
req-00000740,29557692,29,26.000000,26
req-00000741,29596154,29,26.000000,26
req-00000742,29634615,29,26.000000,26
req-00000743,29673077,29,26.000000,26
req-00000744,29711538,29,26.000000,26
req-00000745,29750000,29,26.000000,26
req-00000746,29788462,29,26.000000,26
req-00000747,29826923,29,26.000000,26
req-00000748,29865385,29,26.000000,26
req-00000749,29903846,29,26.000000,26
req-00000750,29942308,29,26.000000,26
req-00000751,29980769,29,26.000000,26
req-00000752,30020000,30,25.000000,25
req-00000753,30060000,30,25.000000,25
req-00000754,30100000,30,25.000000,25
req-00000755,30140000,30,25.000000,25
req-00000756,30180000,30,25.000000,25
req-00000757,30220000,30,25.000000,25
req-00000758,30260000,30,25.000000,25
req-00000759,30300000,30,25.000000,25
req-00000760,30340000,30,25.000000,25
req-00000761,30380000,30,25.000000,25
req-00000762,30420000,30,25.000000,25
req-00000763,30460000,30,25.000000,25
req-00000764,30500000,30,25.000000,25
req-00000765,30540000,30,25.000000,25
req-00000766,30580000,30,25.000000,25
req-00000767,30620000,30,25.000000,25
req-00000768,30660000,30,25.000000,25
req-00000769,30700000,30,25.000000,25
req-00000770,30740000,30,25.000000,25
req-00000771,30780000,30,25.000000,25
req-00000772,30820000,30,25.000000,25
req-00000773,30860000,30,25.000000,25
req-00000774,30900000,30,25.000000,25
req-00000775,30940000,30,25.000000,25
req-00000776,30980000,30,25.000000,25
req-00000777,31020833,31,24.000000,24
req-00000778,31062500,31,24.000000,24
req-00000779,31104167,31,24.000000,24
req-00000780,31145833,31,24.000000,24
req-00000781,31187500,31,24.000000,24
req-00000782,31229167,31,24.000000,24
req-00000783,31270833,31,24.000000,24
req-00000784,31312500,31,24.000000,24
req-00000785,31354167,31,24.000000,24
req-00000786,31395833,31,24.000000,24
req-00000787,31437500,31,24.000000,24
req-00000788,31479167,31,24.000000,24
req-00000789,31520833,31,24.000000,24
req-00000790,31562500,31,24.000000,24
req-00000791,31604167,31,24.000000,24
req-00000792,31645833,31,24.000000,24
req-00000793,31687500,31,24.000000,24
req-00000794,31729167,31,24.000000,24
req-00000795,31770833,31,24.000000,24
req-00000796,31812500,31,24.000000,24
req-00000797,31854167,31,24.000000,24
req-00000798,31895833,31,24.000000,24
req-00000799,31937500,31,24.000000,24
req-00000800,31979167,31,24.000000,24
req-00000801,32021739,32,23.000000,23
req-00000802,32065217,32,23.000000,23
req-00000803,32108696,32,23.000000,23
req-00000804,32152174,32,23.000000,23
req-00000805,32195652,32,23.000000,23
req-00000806,32239130,32,23.000000,23
req-00000807,32282609,32,23.000000,23
req-00000808,32326087,32,23.000000,23
req-00000809,32369565,32,23.000000,23
req-00000810,32413043,32,23.000000,23
req-00000811,32456522,32,23.000000,23
req-00000812,32500000,32,23.000000,23
req-00000813,32543478,32,23.000000,23
req-00000814,32586957,32,23.000000,23
req-00000815,32630435,32,23.000000,23
req-00000816,32673913,32,23.000000,23
req-00000817,32717391,32,23.000000,23
req-00000818,32760870,32,23.000000,23
req-00000819,32804348,32,23.000000,23
req-00000820,32847826,32,23.000000,23
req-00000821,32891304,32,23.000000,23
req-00000822,32934783,32,23.000000,23
req-00000823,32978261,32,23.000000,23
req-00000824,33020833,33,24.000000,24
req-00000825,33062500,33,24.000000,24
req-00000826,33104167,33,24.000000,24
req-00000827,33145833,33,24.000000,24
req-00000828,33187500,33,24.000000,24
req-00000829,33229167,33,24.000000,24
req-00000830,33270833,33,24.000000,24
req-00000831,33312500,33,24.000000,24
req-00000832,33354167,33,24.000000,24
req-00000833,33395833,33,24.000000,24
req-00000834,33437500,33,24.000000,24
req-00000835,33479167,33,24.000000,24
req-00000836,33520833,33,24.000000,24
req-00000837,33562500,33,24.000000,24
req-00000838,33604167,33,24.000000,24
req-00000839,33645833,33,24.000000,24
req-00000840,33687500,33,24.000000,24
req-00000841,33729167,33,24.000000,24
req-00000842,33770833,33,24.000000,24
req-00000843,33812500,33,24.000000,24
req-00000844,33854167,33,24.000000,24
req-00000845,33895833,33,24.000000,24
req-00000846,33937500,33,24.000000,24
req-00000847,33979167,33,24.000000,24
req-00000848,34020000,34,25.000000,25
req-00000849,34060000,34,25.000000,25
req-00000850,34100000,34,25.000000,25
req-00000851,34140000,34,25.000000,25
req-00000852,34180000,34,25.000000,25
req-00000853,34220000,34,25.000000,25
req-00000854,34260000,34,25.000000,25
req-00000855,34300000,34,25.000000,25
req-00000856,34340000,34,25.000000,25
req-00000857,34380000,34,25.000000,25
req-00000858,34420000,34,25.000000,25
req-00000859,34460000,34,25.000000,25
req-00000860,34500000,34,25.000000,25
req-00000861,34540000,34,25.000000,25
req-00000862,34580000,34,25.000000,25
req-00000863,34620000,34,25.000000,25
req-00000864,34660000,34,25.000000,25
req-00000865,34700000,34,25.000000,25
req-00000866,34740000,34,25.000000,25
req-00000867,34780000,34,25.000000,25
req-00000868,34820000,34,25.000000,25
req-00000869,34860000,34,25.000000,25
req-00000870,34900000,34,25.000000,25
req-00000871,34940000,34,25.000000,25
req-00000872,34980000,34,25.000000,25
req-00000873,35019231,35,26.000000,26
req-00000874,35057692,35,26.000000,26
req-00000875,35096154,35,26.000000,26
req-00000876,35134615,35,26.000000,26
req-00000877,35173077,35,26.000000,26
req-00000878,35211538,35,26.000000,26
req-00000879,35250000,35,26.000000,26
req-00000880,35288462,35,26.000000,26
req-00000881,35326923,35,26.000000,26
req-00000882,35365385,35,26.000000,26
req-00000883,35403846,35,26.000000,26
req-00000884,35442308,35,26.000000,26
req-00000885,35480769,35,26.000000,26
req-00000886,35519231,35,26.000000,26
req-00000887,35557692,35,26.000000,26
req-00000888,35596154,35,26.000000,26
req-00000889,35634615,35,26.000000,26
req-00000890,35673077,35,26.000000,26
req-00000891,35711538,35,26.000000,26
req-00000892,35750000,35,26.000000,26
req-00000893,35788462,35,26.000000,26
req-00000894,35826923,35,26.000000,26
req-00000895,35865385,35,26.000000,26
req-00000896,35903846,35,26.000000,26
req-00000897,35942308,35,26.000000,26
req-00000898,35980769,35,26.000000,26
req-00000899,36018519,36,27.000000,27
req-00000900,36055556,36,27.000000,27
req-00000901,36092593,36,27.000000,27
req-00000902,36129630,36,27.000000,27
req-00000903,36166667,36,27.000000,27
req-00000904,36203704,36,27.000000,27
req-00000905,36240741,36,27.000000,27
req-00000906,36277778,36,27.000000,27
req-00000907,36314815,36,27.000000,27
req-00000908,36351852,36,27.000000,27
req-00000909,36388889,36,27.000000,27
req-00000910,36425926,36,27.000000,27
req-00000911,36462963,36,27.000000,27
req-00000912,36500000,36,27.000000,27
req-00000913,36537037,36,27.000000,27
req-00000914,36574074,36,27.000000,27
req-00000915,36611111,36,27.000000,27
req-00000916,36648148,36,27.000000,27
req-00000917,36685185,36,27.000000,27
req-00000918,36722222,36,27.000000,27
req-00000919,36759259,36,27.000000,27
req-00000920,36796296,36,27.000000,27
req-00000921,36833333,36,27.000000,27
req-00000922,36870370,36,27.000000,27
req-00000923,36907407,36,27.000000,27
req-00000924,36944444,36,27.000000,27
req-00000925,36981481,36,27.000000,27
req-00000926,37019231,37,26.000000,26
req-00000927,37057692,37,26.000000,26
req-00000928,37096154,37,26.000000,26
req-00000929,37134615,37,26.000000,26
req-00000930,37173077,37,26.000000,26
req-00000931,37211538,37,26.000000,26
req-00000932,37250000,37,26.000000,26
req-00000933,37288462,37,26.000000,26
req-00000934,37326923,37,26.000000,26
req-00000935,37365385,37,26.000000,26
req-00000936,37403846,37,26.000000,26
req-00000937,37442308,37,26.000000,26
req-00000938,37480769,37,26.000000,26
req-00000939,37519231,37,26.000000,26
req-00000940,37557692,37,26.000000,26
req-00000941,37596154,37,26.000000,26
req-00000942,37634615,37,26.000000,26
req-00000943,37673077,37,26.000000,26
req-00000944,37711538,37,26.000000,26
req-00000945,37750000,37,26.000000,26
req-00000946,37788462,37,26.000000,26
req-00000947,37826923,37,26.000000,26
req-00000948,37865385,37,26.000000,26
req-00000949,37903846,37,26.000000,26
req-00000950,37942308,37,26.000000,26
req-00000951,37980769,37,26.000000,26
req-00000952,38020000,38,25.000000,25
req-00000953,38060000,38,25.000000,25
req-00000954,38100000,38,25.000000,25
req-00000955,38140000,38,25.000000,25
req-00000956,38180000,38,25.000000,25
req-00000957,38220000,38,25.000000,25
req-00000958,38260000,38,25.000000,25
req-00000959,38300000,38,25.000000,25
req-00000960,38340000,38,25.000000,25
req-00000961,38380000,38,25.000000,25
req-00000962,38420000,38,25.000000,25
req-00000963,38460000,38,25.000000,25
req-00000964,38500000,38,25.000000,25
req-00000965,38540000,38,25.000000,25
req-00000966,38580000,38,25.000000,25
req-00000967,38620000,38,25.000000,25
req-00000968,38660000,38,25.000000,25
req-00000969,38700000,38,25.000000,25
req-00000970,38740000,38,25.000000,25
req-00000971,38780000,38,25.000000,25
req-00000972,38820000,38,25.000000,25
req-00000973,38860000,38,25.000000,25
req-00000974,38900000,38,25.000000,25
req-00000975,38940000,38,25.000000,25
req-00000976,38980000,38,25.000000,25
req-00000977,39020833,39,24.000000,24
req-00000978,39062500,39,24.000000,24
req-00000979,39104167,39,24.000000,24
req-00000980,39145833,39,24.000000,24
req-00000981,39187500,39,24.000000,24
req-00000982,39229167,39,24.000000,24
req-00000983,39270833,39,24.000000,24
req-00000984,39312500,39,24.000000,24
req-00000985,39354167,39,24.000000,24
req-00000986,39395833,39,24.000000,24
req-00000987,39437500,39,24.000000,24
req-00000988,39479167,39,24.000000,24
req-00000989,39520833,39,24.000000,24
req-00000990,39562500,39,24.000000,24
req-00000991,39604167,39,24.000000,24
req-00000992,39645833,39,24.000000,24
req-00000993,39687500,39,24.000000,24
req-00000994,39729167,39,24.000000,24
req-00000995,39770833,39,24.000000,24
req-00000996,39812500,39,24.000000,24
req-00000997,39854167,39,24.000000,24
req-00000998,39895833,39,24.000000,24
req-00000999,39937500,39,24.000000,24
req-00001000,39979167,39,24.000000,24
req-00001001,40021739,40,23.000000,23
req-00001002,40065217,40,23.000000,23
req-00001003,40108696,40,23.000000,23
req-00001004,40152174,40,23.000000,23
req-00001005,40195652,40,23.000000,23
req-00001006,40239130,40,23.000000,23
req-00001007,40282609,40,23.000000,23
req-00001008,40326087,40,23.000000,23
req-00001009,40369565,40,23.000000,23
req-00001010,40413043,40,23.000000,23
req-00001011,40456522,40,23.000000,23
req-00001012,40500000,40,23.000000,23
req-00001013,40543478,40,23.000000,23
req-00001014,40586957,40,23.000000,23
req-00001015,40630435,40,23.000000,23
req-00001016,40673913,40,23.000000,23
req-00001017,40717391,40,23.000000,23
req-00001018,40760870,40,23.000000,23
req-00001019,40804348,40,23.000000,23
req-00001020,40847826,40,23.000000,23
req-00001021,40891304,40,23.000000,23
req-00001022,40934783,40,23.000000,23
req-00001023,40978261,40,23.000000,23
req-00001024,41020833,41,24.000000,24
req-00001025,41062500,41,24.000000,24
req-00001026,41104167,41,24.000000,24
req-00001027,41145833,41,24.000000,24
req-00001028,41187500,41,24.000000,24
req-00001029,41229167,41,24.000000,24
req-00001030,41270833,41,24.000000,24
req-00001031,41312500,41,24.000000,24
req-00001032,41354167,41,24.000000,24
req-00001033,41395833,41,24.000000,24
req-00001034,41437500,41,24.000000,24
req-00001035,41479167,41,24.000000,24
req-00001036,41520833,41,24.000000,24
req-00001037,41562500,41,24.000000,24
req-00001038,41604167,41,24.000000,24
req-00001039,41645833,41,24.000000,24
req-00001040,41687500,41,24.000000,24
req-00001041,41729167,41,24.000000,24
req-00001042,41770833,41,24.000000,24
req-00001043,41812500,41,24.000000,24
req-00001044,41854167,41,24.000000,24
req-00001045,41895833,41,24.000000,24
req-00001046,41937500,41,24.000000,24
req-00001047,41979167,41,24.000000,24
req-00001048,42020000,42,25.000000,25
req-00001049,42060000,42,25.000000,25
req-00001050,42100000,42,25.000000,25
req-00001051,42140000,42,25.000000,25
req-00001052,42180000,42,25.000000,25
req-00001053,42220000,42,25.000000,25
req-00001054,42260000,42,25.000000,25
req-00001055,42300000,42,25.000000,25
req-00001056,42340000,42,25.000000,25
req-00001057,42380000,42,25.000000,25
req-00001058,42420000,42,25.000000,25
req-00001059,42460000,42,25.000000,25
req-00001060,42500000,42,25.000000,25
req-00001061,42540000,42,25.000000,25
req-00001062,42580000,42,25.000000,25
req-00001063,42620000,42,25.000000,25
req-00001064,42660000,42,25.000000,25
req-00001065,42700000,42,25.000000,25
req-00001066,42740000,42,25.000000,25
req-00001067,42780000,42,25.000000,25
req-00001068,42820000,42,25.000000,25
req-00001069,42860000,42,25.000000,25
req-00001070,42900000,42,25.000000,25
req-00001071,42940000,42,25.000000,25
req-00001072,42980000,42,25.000000,25
req-00001073,43019231,43,26.000000,26
req-00001074,43057692,43,26.000000,26
req-00001075,43096154,43,26.000000,26
req-00001076,43134615,43,26.000000,26
req-00001077,43173077,43,26.000000,26
req-00001078,43211538,43,26.000000,26
req-00001079,43250000,43,26.000000,26
req-00001080,43288462,43,26.000000,26
req-00001081,43326923,43,26.000000,26
req-00001082,43365385,43,26.000000,26
req-00001083,43403846,43,26.000000,26
req-00001084,43442308,43,26.000000,26
req-00001085,43480769,43,26.000000,26
req-00001086,43519231,43,26.000000,26
req-00001087,43557692,43,26.000000,26
req-00001088,43596154,43,26.000000,26
req-00001089,43634615,43,26.000000,26
req-00001090,43673077,43,26.000000,26
req-00001091,43711538,43,26.000000,26
req-00001092,43750000,43,26.000000,26
req-00001093,43788462,43,26.000000,26
req-00001094,43826923,43,26.000000,26
req-00001095,43865385,43,26.000000,26
req-00001096,43903846,43,26.000000,26
req-00001097,43942308,43,26.000000,26
req-00001098,43980769,43,26.000000,26
req-00001099,44018519,44,27.000000,27
req-00001100,44055556,44,27.000000,27
req-00001101,44092593,44,27.000000,27
req-00001102,44129630,44,27.000000,27
req-00001103,44166667,44,27.000000,27
req-00001104,44203704,44,27.000000,27
req-00001105,44240741,44,27.000000,27
req-00001106,44277778,44,27.000000,27
req-00001107,44314815,44,27.000000,27
req-00001108,44351852,44,27.000000,27
req-00001109,44388889,44,27.000000,27
req-00001110,44425926,44,27.000000,27
req-00001111,44462963,44,27.000000,27
req-00001112,44500000,44,27.000000,27
req-00001113,44537037,44,27.000000,27
req-00001114,44574074,44,27.000000,27
req-00001115,44611111,44,27.000000,27
req-00001116,44648148,44,27.000000,27
req-00001117,44685185,44,27.000000,27
req-00001118,44722222,44,27.000000,27
req-00001119,44759259,44,27.000000,27
req-00001120,44796296,44,27.000000,27
req-00001121,44833333,44,27.000000,27
req-00001122,44870370,44,27.000000,27
req-00001123,44907407,44,27.000000,27
req-00001124,44944444,44,27.000000,27
req-00001125,44981481,44,27.000000,27
req-00001126,45019231,45,26.000000,26
req-00001127,45057692,45,26.000000,26
req-00001128,45096154,45,26.000000,26
req-00001129,45134615,45,26.000000,26
req-00001130,45173077,45,26.000000,26
req-00001131,45211538,45,26.000000,26
req-00001132,45250000,45,26.000000,26
req-00001133,45288462,45,26.000000,26
req-00001134,45326923,45,26.000000,26
req-00001135,45365385,45,26.000000,26
req-00001136,45403846,45,26.000000,26
req-00001137,45442308,45,26.000000,26
req-00001138,45480769,45,26.000000,26
req-00001139,45519231,45,26.000000,26
req-00001140,45557692,45,26.000000,26
req-00001141,45596154,45,26.000000,26
req-00001142,45634615,45,26.000000,26
req-00001143,45673077,45,26.000000,26
req-00001144,45711538,45,26.000000,26
req-00001145,45750000,45,26.000000,26
req-00001146,45788462,45,26.000000,26
req-00001147,45826923,45,26.000000,26
req-00001148,45865385,45,26.000000,26
req-00001149,45903846,45,26.000000,26
req-00001150,45942308,45,26.000000,26
req-00001151,45980769,45,26.000000,26
req-00001152,46020000,46,25.000000,25
req-00001153,46060000,46,25.000000,25
req-00001154,46100000,46,25.000000,25
req-00001155,46140000,46,25.000000,25
req-00001156,46180000,46,25.000000,25
req-00001157,46220000,46,25.000000,25
req-00001158,46260000,46,25.000000,25
req-00001159,46300000,46,25.000000,25
req-00001160,46340000,46,25.000000,25
req-00001161,46380000,46,25.000000,25
req-00001162,46420000,46,25.000000,25
req-00001163,46460000,46,25.000000,25
req-00001164,46500000,46,25.000000,25
req-00001165,46540000,46,25.000000,25
req-00001166,46580000,46,25.000000,25
req-00001167,46620000,46,25.000000,25
req-00001168,46660000,46,25.000000,25
req-00001169,46700000,46,25.000000,25
req-00001170,46740000,46,25.000000,25
req-00001171,46780000,46,25.000000,25
req-00001172,46820000,46,25.000000,25
req-00001173,46860000,46,25.000000,25
req-00001174,46900000,46,25.000000,25
req-00001175,46940000,46,25.000000,25
req-00001176,46980000,46,25.000000,25
req-00001177,47020833,47,24.000000,24
req-00001178,47062500,47,24.000000,24
req-00001179,47104167,47,24.000000,24
req-00001180,47145833,47,24.000000,24
req-00001181,47187500,47,24.000000,24
req-00001182,47229167,47,24.000000,24
req-00001183,47270833,47,24.000000,24
req-00001184,47312500,47,24.000000,24
req-00001185,47354167,47,24.000000,24
req-00001186,47395833,47,24.000000,24
req-00001187,47437500,47,24.000000,24
req-00001188,47479167,47,24.000000,24
req-00001189,47520833,47,24.000000,24
req-00001190,47562500,47,24.000000,24
req-00001191,47604167,47,24.000000,24
req-00001192,47645833,47,24.000000,24
req-00001193,47687500,47,24.000000,24
req-00001194,47729167,47,24.000000,24
req-00001195,47770833,47,24.000000,24
req-00001196,47812500,47,24.000000,24
req-00001197,47854167,47,24.000000,24
req-00001198,47895833,47,24.000000,24
req-00001199,47937500,47,24.000000,24
req-00001200,47979167,47,24.000000,24
req-00001201,48021739,48,23.000000,23
req-00001202,48065217,48,23.000000,23
req-00001203,48108696,48,23.000000,23
req-00001204,48152174,48,23.000000,23
req-00001205,48195652,48,23.000000,23
req-00001206,48239130,48,23.000000,23
req-00001207,48282609,48,23.000000,23
req-00001208,48326087,48,23.000000,23
req-00001209,48369565,48,23.000000,23
req-00001210,48413043,48,23.000000,23
req-00001211,48456522,48,23.000000,23
req-00001212,48500000,48,23.000000,23
req-00001213,48543478,48,23.000000,23
req-00001214,48586957,48,23.000000,23
req-00001215,48630435,48,23.000000,23
req-00001216,48673913,48,23.000000,23
req-00001217,48717391,48,23.000000,23
req-00001218,48760870,48,23.000000,23
req-00001219,48804348,48,23.000000,23
req-00001220,48847826,48,23.000000,23
req-00001221,48891304,48,23.000000,23
req-00001222,48934783,48,23.000000,23
req-00001223,48978261,48,23.000000,23
req-00001224,49020833,49,24.000000,24
req-00001225,49062500,49,24.000000,24
req-00001226,49104167,49,24.000000,24
req-00001227,49145833,49,24.000000,24
req-00001228,49187500,49,24.000000,24
req-00001229,49229167,49,24.000000,24
req-00001230,49270833,49,24.000000,24
req-00001231,49312500,49,24.000000,24
req-00001232,49354167,49,24.000000,24
req-00001233,49395833,49,24.000000,24
req-00001234,49437500,49,24.000000,24
req-00001235,49479167,49,24.000000,24
req-00001236,49520833,49,24.000000,24
req-00001237,49562500,49,24.000000,24
req-00001238,49604167,49,24.000000,24
req-00001239,49645833,49,24.000000,24
req-00001240,49687500,49,24.000000,24
req-00001241,49729167,49,24.000000,24
req-00001242,49770833,49,24.000000,24
req-00001243,49812500,49,24.000000,24
req-00001244,49854167,49,24.000000,24
req-00001245,49895833,49,24.000000,24
req-00001246,49937500,49,24.000000,24
req-00001247,49979167,49,24.000000,24
req-00001248,50020000,50,25.000000,25
req-00001249,50060000,50,25.000000,25
req-00001250,50100000,50,25.000000,25
req-00001251,50140000,50,25.000000,25
req-00001252,50180000,50,25.000000,25
req-00001253,50220000,50,25.000000,25
req-00001254,50260000,50,25.000000,25
req-00001255,50300000,50,25.000000,25
req-00001256,50340000,50,25.000000,25
req-00001257,50380000,50,25.000000,25
req-00001258,50420000,50,25.000000,25
req-00001259,50460000,50,25.000000,25
req-00001260,50500000,50,25.000000,25
req-00001261,50540000,50,25.000000,25
req-00001262,50580000,50,25.000000,25
req-00001263,50620000,50,25.000000,25
req-00001264,50660000,50,25.000000,25
req-00001265,50700000,50,25.000000,25
req-00001266,50740000,50,25.000000,25
req-00001267,50780000,50,25.000000,25
req-00001268,50820000,50,25.000000,25
req-00001269,50860000,50,25.000000,25
req-00001270,50900000,50,25.000000,25
req-00001271,50940000,50,25.000000,25
req-00001272,50980000,50,25.000000,25
req-00001273,51019231,51,26.000000,26
req-00001274,51057692,51,26.000000,26
req-00001275,51096154,51,26.000000,26
req-00001276,51134615,51,26.000000,26
req-00001277,51173077,51,26.000000,26
req-00001278,51211538,51,26.000000,26
req-00001279,51250000,51,26.000000,26
req-00001280,51288462,51,26.000000,26
req-00001281,51326923,51,26.000000,26
req-00001282,51365385,51,26.000000,26
req-00001283,51403846,51,26.000000,26
req-00001284,51442308,51,26.000000,26
req-00001285,51480769,51,26.000000,26
req-00001286,51519231,51,26.000000,26
req-00001287,51557692,51,26.000000,26
req-00001288,51596154,51,26.000000,26
req-00001289,51634615,51,26.000000,26
req-00001290,51673077,51,26.000000,26
req-00001291,51711538,51,26.000000,26
req-00001292,51750000,51,26.000000,26
req-00001293,51788462,51,26.000000,26
req-00001294,51826923,51,26.000000,26
req-00001295,51865385,51,26.000000,26
req-00001296,51903846,51,26.000000,26
req-00001297,51942308,51,26.000000,26
req-00001298,51980769,51,26.000000,26
req-00001299,52018519,52,27.000000,27
req-00001300,52055556,52,27.000000,27
req-00001301,52092593,52,27.000000,27
req-00001302,52129630,52,27.000000,27
req-00001303,52166667,52,27.000000,27
req-00001304,52203704,52,27.000000,27
req-00001305,52240741,52,27.000000,27
req-00001306,52277778,52,27.000000,27
req-00001307,52314815,52,27.000000,27
req-00001308,52351852,52,27.000000,27
req-00001309,52388889,52,27.000000,27
req-00001310,52425926,52,27.000000,27
req-00001311,52462963,52,27.000000,27
req-00001312,52500000,52,27.000000,27
req-00001313,52537037,52,27.000000,27
req-00001314,52574074,52,27.000000,27
req-00001315,52611111,52,27.000000,27
req-00001316,52648148,52,27.000000,27
req-00001317,52685185,52,27.000000,27
req-00001318,52722222,52,27.000000,27
req-00001319,52759259,52,27.000000,27
req-00001320,52796296,52,27.000000,27
req-00001321,52833333,52,27.000000,27
req-00001322,52870370,52,27.000000,27
req-00001323,52907407,52,27.000000,27
req-00001324,52944444,52,27.000000,27
req-00001325,52981481,52,27.000000,27
req-00001326,53019231,53,26.000000,26
req-00001327,53057692,53,26.000000,26
req-00001328,53096154,53,26.000000,26
req-00001329,53134615,53,26.000000,26
req-00001330,53173077,53,26.000000,26
req-00001331,53211538,53,26.000000,26
req-00001332,53250000,53,26.000000,26
req-00001333,53288462,53,26.000000,26
req-00001334,53326923,53,26.000000,26
req-00001335,53365385,53,26.000000,26
req-00001336,53403846,53,26.000000,26
req-00001337,53442308,53,26.000000,26
req-00001338,53480769,53,26.000000,26
req-00001339,53519231,53,26.000000,26
req-00001340,53557692,53,26.000000,26
req-00001341,53596154,53,26.000000,26
req-00001342,53634615,53,26.000000,26
req-00001343,53673077,53,26.000000,26
req-00001344,53711538,53,26.000000,26
req-00001345,53750000,53,26.000000,26
req-00001346,53788462,53,26.000000,26
req-00001347,53826923,53,26.000000,26
req-00001348,53865385,53,26.000000,26
req-00001349,53903846,53,26.000000,26
req-00001350,53942308,53,26.000000,26
req-00001351,53980769,53,26.000000,26
req-00001352,54020000,54,25.000000,25
req-00001353,54060000,54,25.000000,25
req-00001354,54100000,54,25.000000,25
req-00001355,54140000,54,25.000000,25
req-00001356,54180000,54,25.000000,25
req-00001357,54220000,54,25.000000,25
req-00001358,54260000,54,25.000000,25
req-00001359,54300000,54,25.000000,25
req-00001360,54340000,54,25.000000,25
req-00001361,54380000,54,25.000000,25
req-00001362,54420000,54,25.000000,25
req-00001363,54460000,54,25.000000,25
req-00001364,54500000,54,25.000000,25
req-00001365,54540000,54,25.000000,25
req-00001366,54580000,54,25.000000,25
req-00001367,54620000,54,25.000000,25
req-00001368,54660000,54,25.000000,25
req-00001369,54700000,54,25.000000,25
req-00001370,54740000,54,25.000000,25
req-00001371,54780000,54,25.000000,25
req-00001372,54820000,54,25.000000,25
req-00001373,54860000,54,25.000000,25
req-00001374,54900000,54,25.000000,25
req-00001375,54940000,54,25.000000,25
req-00001376,54980000,54,25.000000,25
req-00001377,55020833,55,24.000000,24
req-00001378,55062500,55,24.000000,24
req-00001379,55104167,55,24.000000,24
req-00001380,55145833,55,24.000000,24
req-00001381,55187500,55,24.000000,24
req-00001382,55229167,55,24.000000,24
req-00001383,55270833,55,24.000000,24
req-00001384,55312500,55,24.000000,24
req-00001385,55354167,55,24.000000,24
req-00001386,55395833,55,24.000000,24
req-00001387,55437500,55,24.000000,24
req-00001388,55479167,55,24.000000,24
req-00001389,55520833,55,24.000000,24
req-00001390,55562500,55,24.000000,24
req-00001391,55604167,55,24.000000,24
req-00001392,55645833,55,24.000000,24
req-00001393,55687500,55,24.000000,24
req-00001394,55729167,55,24.000000,24
req-00001395,55770833,55,24.000000,24
req-00001396,55812500,55,24.000000,24
req-00001397,55854167,55,24.000000,24
req-00001398,55895833,55,24.000000,24
req-00001399,55937500,55,24.000000,24
req-00001400,55979167,55,24.000000,24
req-00001401,56021739,56,23.000000,23
req-00001402,56065217,56,23.000000,23
req-00001403,56108696,56,23.000000,23
req-00001404,56152174,56,23.000000,23
req-00001405,56195652,56,23.000000,23
req-00001406,56239130,56,23.000000,23
req-00001407,56282609,56,23.000000,23
req-00001408,56326087,56,23.000000,23
req-00001409,56369565,56,23.000000,23
req-00001410,56413043,56,23.000000,23
req-00001411,56456522,56,23.000000,23
req-00001412,56500000,56,23.000000,23
req-00001413,56543478,56,23.000000,23
req-00001414,56586957,56,23.000000,23
req-00001415,56630435,56,23.000000,23
req-00001416,56673913,56,23.000000,23
req-00001417,56717391,56,23.000000,23
req-00001418,56760870,56,23.000000,23
req-00001419,56804348,56,23.000000,23
req-00001420,56847826,56,23.000000,23
req-00001421,56891304,56,23.000000,23
req-00001422,56934783,56,23.000000,23
req-00001423,56978261,56,23.000000,23
req-00001424,57020833,57,24.000000,24
req-00001425,57062500,57,24.000000,24
req-00001426,57104167,57,24.000000,24
req-00001427,57145833,57,24.000000,24
req-00001428,57187500,57,24.000000,24
req-00001429,57229167,57,24.000000,24
req-00001430,57270833,57,24.000000,24
req-00001431,57312500,57,24.000000,24
req-00001432,57354167,57,24.000000,24
req-00001433,57395833,57,24.000000,24
req-00001434,57437500,57,24.000000,24
req-00001435,57479167,57,24.000000,24
req-00001436,57520833,57,24.000000,24
req-00001437,57562500,57,24.000000,24
req-00001438,57604167,57,24.000000,24
req-00001439,57645833,57,24.000000,24
req-00001440,57687500,57,24.000000,24
req-00001441,57729167,57,24.000000,24
req-00001442,57770833,57,24.000000,24
req-00001443,57812500,57,24.000000,24
req-00001444,57854167,57,24.000000,24
req-00001445,57895833,57,24.000000,24
req-00001446,57937500,57,24.000000,24
req-00001447,57979167,57,24.000000,24
req-00001448,58020000,58,25.000000,25
req-00001449,58060000,58,25.000000,25
req-00001450,58100000,58,25.000000,25
req-00001451,58140000,58,25.000000,25
req-00001452,58180000,58,25.000000,25
req-00001453,58220000,58,25.000000,25
req-00001454,58260000,58,25.000000,25
req-00001455,58300000,58,25.000000,25
req-00001456,58340000,58,25.000000,25
req-00001457,58380000,58,25.000000,25
req-00001458,58420000,58,25.000000,25
req-00001459,58460000,58,25.000000,25
req-00001460,58500000,58,25.000000,25
req-00001461,58540000,58,25.000000,25
req-00001462,58580000,58,25.000000,25
req-00001463,58620000,58,25.000000,25
req-00001464,58660000,58,25.000000,25
req-00001465,58700000,58,25.000000,25
req-00001466,58740000,58,25.000000,25
req-00001467,58780000,58,25.000000,25
req-00001468,58820000,58,25.000000,25
req-00001469,58860000,58,25.000000,25
req-00001470,58900000,58,25.000000,25
req-00001471,58940000,58,25.000000,25
req-00001472,58980000,58,25.000000,25
req-00001473,59019231,59,26.000000,26
req-00001474,59057692,59,26.000000,26
req-00001475,59096154,59,26.000000,26
req-00001476,59134615,59,26.000000,26
req-00001477,59173077,59,26.000000,26
req-00001478,59211538,59,26.000000,26
req-00001479,59250000,59,26.000000,26
req-00001480,59288462,59,26.000000,26
req-00001481,59326923,59,26.000000,26
req-00001482,59365385,59,26.000000,26
req-00001483,59403846,59,26.000000,26
req-00001484,59442308,59,26.000000,26
req-00001485,59480769,59,26.000000,26
req-00001486,59519231,59,26.000000,26
req-00001487,59557692,59,26.000000,26
req-00001488,59596154,59,26.000000,26
req-00001489,59634615,59,26.000000,26
req-00001490,59673077,59,26.000000,26
req-00001491,59711538,59,26.000000,26
req-00001492,59750000,59,26.000000,26
req-00001493,59788462,59,26.000000,26
req-00001494,59826923,59,26.000000,26
req-00001495,59865385,59,26.000000,26
req-00001496,59903846,59,26.000000,26
req-00001497,59942308,59,26.000000,26
req-00001498,59980769,59,26.000000,26
req-00001499,60018519,60,27.000000,27
req-00001500,60055556,60,27.000000,27
req-00001501,60092593,60,27.000000,27
req-00001502,60129630,60,27.000000,27
req-00001503,60166667,60,27.000000,27
req-00001504,60203704,60,27.000000,27
req-00001505,60240741,60,27.000000,27
req-00001506,60277778,60,27.000000,27
req-00001507,60314815,60,27.000000,27
req-00001508,60351852,60,27.000000,27
req-00001509,60388889,60,27.000000,27
req-00001510,60425926,60,27.000000,27
req-00001511,60462963,60,27.000000,27
req-00001512,60500000,60,27.000000,27
req-00001513,60537037,60,27.000000,27
req-00001514,60574074,60,27.000000,27
req-00001515,60611111,60,27.000000,27
req-00001516,60648148,60,27.000000,27
req-00001517,60685185,60,27.000000,27
req-00001518,60722222,60,27.000000,27
req-00001519,60759259,60,27.000000,27
req-00001520,60796296,60,27.000000,27
req-00001521,60833333,60,27.000000,27
req-00001522,60870370,60,27.000000,27
req-00001523,60907407,60,27.000000,27
req-00001524,60944444,60,27.000000,27
req-00001525,60981481,60,27.000000,27
req-00001526,61019231,61,26.000000,26
req-00001527,61057692,61,26.000000,26
req-00001528,61096154,61,26.000000,26
req-00001529,61134615,61,26.000000,26
req-00001530,61173077,61,26.000000,26
req-00001531,61211538,61,26.000000,26
req-00001532,61250000,61,26.000000,26
req-00001533,61288462,61,26.000000,26
req-00001534,61326923,61,26.000000,26
req-00001535,61365385,61,26.000000,26
req-00001536,61403846,61,26.000000,26
req-00001537,61442308,61,26.000000,26
req-00001538,61480769,61,26.000000,26
req-00001539,61519231,61,26.000000,26
req-00001540,61557692,61,26.000000,26
req-00001541,61596154,61,26.000000,26
req-00001542,61634615,61,26.000000,26
req-00001543,61673077,61,26.000000,26
req-00001544,61711538,61,26.000000,26
req-00001545,61750000,61,26.000000,26
req-00001546,61788462,61,26.000000,26
req-00001547,61826923,61,26.000000,26
req-00001548,61865385,61,26.000000,26
req-00001549,61903846,61,26.000000,26
req-00001550,61942308,61,26.000000,26
req-00001551,61980769,61,26.000000,26
req-00001552,62020000,62,25.000000,25
req-00001553,62060000,62,25.000000,25
req-00001554,62100000,62,25.000000,25
req-00001555,62140000,62,25.000000,25
req-00001556,62180000,62,25.000000,25
req-00001557,62220000,62,25.000000,25
req-00001558,62260000,62,25.000000,25
req-00001559,62300000,62,25.000000,25
req-00001560,62340000,62,25.000000,25
req-00001561,62380000,62,25.000000,25
req-00001562,62420000,62,25.000000,25
req-00001563,62460000,62,25.000000,25
req-00001564,62500000,62,25.000000,25
req-00001565,62540000,62,25.000000,25
req-00001566,62580000,62,25.000000,25
req-00001567,62620000,62,25.000000,25
req-00001568,62660000,62,25.000000,25
req-00001569,62700000,62,25.000000,25
req-00001570,62740000,62,25.000000,25
req-00001571,62780000,62,25.000000,25
req-00001572,62820000,62,25.000000,25
req-00001573,62860000,62,25.000000,25
req-00001574,62900000,62,25.000000,25
req-00001575,62940000,62,25.000000,25
req-00001576,62980000,62,25.000000,25
req-00001577,63020833,63,24.000000,24
req-00001578,63062500,63,24.000000,24
req-00001579,63104167,63,24.000000,24
req-00001580,63145833,63,24.000000,24
req-00001581,63187500,63,24.000000,24
req-00001582,63229167,63,24.000000,24
req-00001583,63270833,63,24.000000,24
req-00001584,63312500,63,24.000000,24
req-00001585,63354167,63,24.000000,24
req-00001586,63395833,63,24.000000,24
req-00001587,63437500,63,24.000000,24
req-00001588,63479167,63,24.000000,24
req-00001589,63520833,63,24.000000,24
req-00001590,63562500,63,24.000000,24
req-00001591,63604167,63,24.000000,24
req-00001592,63645833,63,24.000000,24
req-00001593,63687500,63,24.000000,24
req-00001594,63729167,63,24.000000,24
req-00001595,63770833,63,24.000000,24
req-00001596,63812500,63,24.000000,24
req-00001597,63854167,63,24.000000,24
req-00001598,63895833,63,24.000000,24
req-00001599,63937500,63,24.000000,24
req-00001600,63979167,63,24.000000,24
req-00001601,64021739,64,23.000000,23
req-00001602,64065217,64,23.000000,23
req-00001603,64108696,64,23.000000,23
req-00001604,64152174,64,23.000000,23
req-00001605,64195652,64,23.000000,23
req-00001606,64239130,64,23.000000,23
req-00001607,64282609,64,23.000000,23
req-00001608,64326087,64,23.000000,23
req-00001609,64369565,64,23.000000,23
req-00001610,64413043,64,23.000000,23
req-00001611,64456522,64,23.000000,23
req-00001612,64500000,64,23.000000,23
req-00001613,64543478,64,23.000000,23
req-00001614,64586957,64,23.000000,23
req-00001615,64630435,64,23.000000,23
req-00001616,64673913,64,23.000000,23
req-00001617,64717391,64,23.000000,23
req-00001618,64760870,64,23.000000,23
req-00001619,64804348,64,23.000000,23
req-00001620,64847826,64,23.000000,23
req-00001621,64891304,64,23.000000,23
req-00001622,64934783,64,23.000000,23
req-00001623,64978261,64,23.000000,23
req-00001624,65020833,65,24.000000,24
req-00001625,65062500,65,24.000000,24
req-00001626,65104167,65,24.000000,24
req-00001627,65145833,65,24.000000,24
req-00001628,65187500,65,24.000000,24
req-00001629,65229167,65,24.000000,24
req-00001630,65270833,65,24.000000,24
req-00001631,65312500,65,24.000000,24
req-00001632,65354167,65,24.000000,24
req-00001633,65395833,65,24.000000,24
req-00001634,65437500,65,24.000000,24
req-00001635,65479167,65,24.000000,24
req-00001636,65520833,65,24.000000,24
req-00001637,65562500,65,24.000000,24
req-00001638,65604167,65,24.000000,24
req-00001639,65645833,65,24.000000,24
req-00001640,65687500,65,24.000000,24
req-00001641,65729167,65,24.000000,24
req-00001642,65770833,65,24.000000,24
req-00001643,65812500,65,24.000000,24
req-00001644,65854167,65,24.000000,24
req-00001645,65895833,65,24.000000,24
req-00001646,65937500,65,24.000000,24
req-00001647,65979167,65,24.000000,24
req-00001648,66020000,66,25.000000,25
req-00001649,66060000,66,25.000000,25
req-00001650,66100000,66,25.000000,25
req-00001651,66140000,66,25.000000,25
req-00001652,66180000,66,25.000000,25
req-00001653,66220000,66,25.000000,25
req-00001654,66260000,66,25.000000,25
req-00001655,66300000,66,25.000000,25
req-00001656,66340000,66,25.000000,25
req-00001657,66380000,66,25.000000,25
req-00001658,66420000,66,25.000000,25
req-00001659,66460000,66,25.000000,25
req-00001660,66500000,66,25.000000,25
req-00001661,66540000,66,25.000000,25
req-00001662,66580000,66,25.000000,25
req-00001663,66620000,66,25.000000,25
req-00001664,66660000,66,25.000000,25
req-00001665,66700000,66,25.000000,25
req-00001666,66740000,66,25.000000,25
req-00001667,66780000,66,25.000000,25
req-00001668,66820000,66,25.000000,25
req-00001669,66860000,66,25.000000,25
req-00001670,66900000,66,25.000000,25
req-00001671,66940000,66,25.000000,25
req-00001672,66980000,66,25.000000,25
req-00001673,67019231,67,26.000000,26
req-00001674,67057692,67,26.000000,26
req-00001675,67096154,67,26.000000,26
req-00001676,67134615,67,26.000000,26
req-00001677,67173077,67,26.000000,26
req-00001678,67211538,67,26.000000,26
req-00001679,67250000,67,26.000000,26
req-00001680,67288462,67,26.000000,26
req-00001681,67326923,67,26.000000,26
req-00001682,67365385,67,26.000000,26
req-00001683,67403846,67,26.000000,26
req-00001684,67442308,67,26.000000,26
req-00001685,67480769,67,26.000000,26
req-00001686,67519231,67,26.000000,26
req-00001687,67557692,67,26.000000,26
req-00001688,67596154,67,26.000000,26
req-00001689,67634615,67,26.000000,26
req-00001690,67673077,67,26.000000,26
req-00001691,67711538,67,26.000000,26
req-00001692,67750000,67,26.000000,26
req-00001693,67788462,67,26.000000,26
req-00001694,67826923,67,26.000000,26
req-00001695,67865385,67,26.000000,26
req-00001696,67903846,67,26.000000,26
req-00001697,67942308,67,26.000000,26
req-00001698,67980769,67,26.000000,26
req-00001699,68018519,68,27.000000,27
req-00001700,68055556,68,27.000000,27
req-00001701,68092593,68,27.000000,27
req-00001702,68129630,68,27.000000,27
req-00001703,68166667,68,27.000000,27
req-00001704,68203704,68,27.000000,27
req-00001705,68240741,68,27.000000,27
req-00001706,68277778,68,27.000000,27
req-00001707,68314815,68,27.000000,27
req-00001708,68351852,68,27.000000,27
req-00001709,68388889,68,27.000000,27
req-00001710,68425926,68,27.000000,27
req-00001711,68462963,68,27.000000,27
req-00001712,68500000,68,27.000000,27
req-00001713,68537037,68,27.000000,27
req-00001714,68574074,68,27.000000,27
req-00001715,68611111,68,27.000000,27
req-00001716,68648148,68,27.000000,27
req-00001717,68685185,68,27.000000,27
req-00001718,68722222,68,27.000000,27
req-00001719,68759259,68,27.000000,27
req-00001720,68796296,68,27.000000,27
req-00001721,68833333,68,27.000000,27
req-00001722,68870370,68,27.000000,27
req-00001723,68907407,68,27.000000,27
req-00001724,68944444,68,27.000000,27
req-00001725,68981481,68,27.000000,27
req-00001726,69019231,69,26.000000,26
req-00001727,69057692,69,26.000000,26
req-00001728,69096154,69,26.000000,26
req-00001729,69134615,69,26.000000,26
req-00001730,69173077,69,26.000000,26
req-00001731,69211538,69,26.000000,26
req-00001732,69250000,69,26.000000,26
req-00001733,69288462,69,26.000000,26
req-00001734,69326923,69,26.000000,26
req-00001735,69365385,69,26.000000,26
req-00001736,69403846,69,26.000000,26
req-00001737,69442308,69,26.000000,26
req-00001738,69480769,69,26.000000,26
req-00001739,69519231,69,26.000000,26
req-00001740,69557692,69,26.000000,26
req-00001741,69596154,69,26.000000,26
req-00001742,69634615,69,26.000000,26
req-00001743,69673077,69,26.000000,26
req-00001744,69711538,69,26.000000,26
req-00001745,69750000,69,26.000000,26
req-00001746,69788462,69,26.000000,26
req-00001747,69826923,69,26.000000,26
req-00001748,69865385,69,26.000000,26
req-00001749,69903846,69,26.000000,26
req-00001750,69942308,69,26.000000,26
req-00001751,69980769,69,26.000000,26
req-00001752,70020000,70,25.000000,25
req-00001753,70060000,70,25.000000,25
req-00001754,70100000,70,25.000000,25
req-00001755,70140000,70,25.000000,25
req-00001756,70180000,70,25.000000,25
req-00001757,70220000,70,25.000000,25
req-00001758,70260000,70,25.000000,25
req-00001759,70300000,70,25.000000,25
req-00001760,70340000,70,25.000000,25
req-00001761,70380000,70,25.000000,25
req-00001762,70420000,70,25.000000,25
req-00001763,70460000,70,25.000000,25
req-00001764,70500000,70,25.000000,25
req-00001765,70540000,70,25.000000,25
req-00001766,70580000,70,25.000000,25
req-00001767,70620000,70,25.000000,25
req-00001768,70660000,70,25.000000,25
req-00001769,70700000,70,25.000000,25
req-00001770,70740000,70,25.000000,25
req-00001771,70780000,70,25.000000,25
req-00001772,70820000,70,25.000000,25
req-00001773,70860000,70,25.000000,25
req-00001774,70900000,70,25.000000,25
req-00001775,70940000,70,25.000000,25
req-00001776,70980000,70,25.000000,25
req-00001777,71020833,71,24.000000,24
req-00001778,71062500,71,24.000000,24
req-00001779,71104167,71,24.000000,24
req-00001780,71145833,71,24.000000,24
req-00001781,71187500,71,24.000000,24
req-00001782,71229167,71,24.000000,24
req-00001783,71270833,71,24.000000,24
req-00001784,71312500,71,24.000000,24
req-00001785,71354167,71,24.000000,24
req-00001786,71395833,71,24.000000,24
req-00001787,71437500,71,24.000000,24
req-00001788,71479167,71,24.000000,24
req-00001789,71520833,71,24.000000,24
req-00001790,71562500,71,24.000000,24
req-00001791,71604167,71,24.000000,24
req-00001792,71645833,71,24.000000,24
req-00001793,71687500,71,24.000000,24
req-00001794,71729167,71,24.000000,24
req-00001795,71770833,71,24.000000,24
req-00001796,71812500,71,24.000000,24
req-00001797,71854167,71,24.000000,24
req-00001798,71895833,71,24.000000,24
req-00001799,71937500,71,24.000000,24
req-00001800,71979167,71,24.000000,24
req-00001801,72021739,72,23.000000,23
req-00001802,72065217,72,23.000000,23
req-00001803,72108696,72,23.000000,23
req-00001804,72152174,72,23.000000,23
req-00001805,72195652,72,23.000000,23
req-00001806,72239130,72,23.000000,23
req-00001807,72282609,72,23.000000,23
req-00001808,72326087,72,23.000000,23
req-00001809,72369565,72,23.000000,23
req-00001810,72413043,72,23.000000,23
req-00001811,72456522,72,23.000000,23
req-00001812,72500000,72,23.000000,23
req-00001813,72543478,72,23.000000,23
req-00001814,72586957,72,23.000000,23
req-00001815,72630435,72,23.000000,23
req-00001816,72673913,72,23.000000,23
req-00001817,72717391,72,23.000000,23
req-00001818,72760870,72,23.000000,23
req-00001819,72804348,72,23.000000,23
req-00001820,72847826,72,23.000000,23
req-00001821,72891304,72,23.000000,23
req-00001822,72934783,72,23.000000,23
req-00001823,72978261,72,23.000000,23
req-00001824,73020833,73,24.000000,24
req-00001825,73062500,73,24.000000,24
req-00001826,73104167,73,24.000000,24
req-00001827,73145833,73,24.000000,24
req-00001828,73187500,73,24.000000,24
req-00001829,73229167,73,24.000000,24
req-00001830,73270833,73,24.000000,24
req-00001831,73312500,73,24.000000,24
req-00001832,73354167,73,24.000000,24
req-00001833,73395833,73,24.000000,24
req-00001834,73437500,73,24.000000,24
req-00001835,73479167,73,24.000000,24
req-00001836,73520833,73,24.000000,24
req-00001837,73562500,73,24.000000,24
req-00001838,73604167,73,24.000000,24
req-00001839,73645833,73,24.000000,24
req-00001840,73687500,73,24.000000,24
req-00001841,73729167,73,24.000000,24
req-00001842,73770833,73,24.000000,24
req-00001843,73812500,73,24.000000,24
req-00001844,73854167,73,24.000000,24
req-00001845,73895833,73,24.000000,24
req-00001846,73937500,73,24.000000,24
req-00001847,73979167,73,24.000000,24
req-00001848,74020000,74,25.000000,25
req-00001849,74060000,74,25.000000,25
req-00001850,74100000,74,25.000000,25
req-00001851,74140000,74,25.000000,25
req-00001852,74180000,74,25.000000,25
req-00001853,74220000,74,25.000000,25
req-00001854,74260000,74,25.000000,25
req-00001855,74300000,74,25.000000,25
req-00001856,74340000,74,25.000000,25
req-00001857,74380000,74,25.000000,25
req-00001858,74420000,74,25.000000,25
req-00001859,74460000,74,25.000000,25
req-00001860,74500000,74,25.000000,25
req-00001861,74540000,74,25.000000,25
req-00001862,74580000,74,25.000000,25
req-00001863,74620000,74,25.000000,25
req-00001864,74660000,74,25.000000,25
req-00001865,74700000,74,25.000000,25
req-00001866,74740000,74,25.000000,25
req-00001867,74780000,74,25.000000,25
req-00001868,74820000,74,25.000000,25
req-00001869,74860000,74,25.000000,25
req-00001870,74900000,74,25.000000,25
req-00001871,74940000,74,25.000000,25
req-00001872,74980000,74,25.000000,25
req-00001873,75019231,75,26.000000,26
req-00001874,75057692,75,26.000000,26
req-00001875,75096154,75,26.000000,26
req-00001876,75134615,75,26.000000,26
req-00001877,75173077,75,26.000000,26
req-00001878,75211538,75,26.000000,26
req-00001879,75250000,75,26.000000,26
req-00001880,75288462,75,26.000000,26
req-00001881,75326923,75,26.000000,26
req-00001882,75365385,75,26.000000,26
req-00001883,75403846,75,26.000000,26
req-00001884,75442308,75,26.000000,26
req-00001885,75480769,75,26.000000,26
req-00001886,75519231,75,26.000000,26
req-00001887,75557692,75,26.000000,26
req-00001888,75596154,75,26.000000,26
req-00001889,75634615,75,26.000000,26
req-00001890,75673077,75,26.000000,26
req-00001891,75711538,75,26.000000,26
req-00001892,75750000,75,26.000000,26
req-00001893,75788462,75,26.000000,26
req-00001894,75826923,75,26.000000,26
req-00001895,75865385,75,26.000000,26
req-00001896,75903846,75,26.000000,26
req-00001897,75942308,75,26.000000,26
req-00001898,75980769,75,26.000000,26
req-00001899,76018519,76,27.000000,27
req-00001900,76055556,76,27.000000,27
req-00001901,76092593,76,27.000000,27
req-00001902,76129630,76,27.000000,27
req-00001903,76166667,76,27.000000,27
req-00001904,76203704,76,27.000000,27
req-00001905,76240741,76,27.000000,27
req-00001906,76277778,76,27.000000,27
req-00001907,76314815,76,27.000000,27
req-00001908,76351852,76,27.000000,27
req-00001909,76388889,76,27.000000,27
req-00001910,76425926,76,27.000000,27
req-00001911,76462963,76,27.000000,27
req-00001912,76500000,76,27.000000,27
req-00001913,76537037,76,27.000000,27
req-00001914,76574074,76,27.000000,27
req-00001915,76611111,76,27.000000,27
req-00001916,76648148,76,27.000000,27
req-00001917,76685185,76,27.000000,27
req-00001918,76722222,76,27.000000,27
req-00001919,76759259,76,27.000000,27
req-00001920,76796296,76,27.000000,27
req-00001921,76833333,76,27.000000,27
req-00001922,76870370,76,27.000000,27
req-00001923,76907407,76,27.000000,27
req-00001924,76944444,76,27.000000,27
req-00001925,76981481,76,27.000000,27
req-00001926,77019231,77,26.000000,26
req-00001927,77057692,77,26.000000,26
req-00001928,77096154,77,26.000000,26
req-00001929,77134615,77,26.000000,26
req-00001930,77173077,77,26.000000,26
req-00001931,77211538,77,26.000000,26
req-00001932,77250000,77,26.000000,26
req-00001933,77288462,77,26.000000,26
req-00001934,77326923,77,26.000000,26
req-00001935,77365385,77,26.000000,26
req-00001936,77403846,77,26.000000,26
req-00001937,77442308,77,26.000000,26
req-00001938,77480769,77,26.000000,26
req-00001939,77519231,77,26.000000,26
req-00001940,77557692,77,26.000000,26
req-00001941,77596154,77,26.000000,26
req-00001942,77634615,77,26.000000,26
req-00001943,77673077,77,26.000000,26
req-00001944,77711538,77,26.000000,26
req-00001945,77750000,77,26.000000,26
req-00001946,77788462,77,26.000000,26
req-00001947,77826923,77,26.000000,26
req-00001948,77865385,77,26.000000,26
req-00001949,77903846,77,26.000000,26
req-00001950,77942308,77,26.000000,26
req-00001951,77980769,77,26.000000,26
req-00001952,78020000,78,25.000000,25
req-00001953,78060000,78,25.000000,25
req-00001954,78100000,78,25.000000,25
req-00001955,78140000,78,25.000000,25
req-00001956,78180000,78,25.000000,25
req-00001957,78220000,78,25.000000,25
req-00001958,78260000,78,25.000000,25
req-00001959,78300000,78,25.000000,25
req-00001960,78340000,78,25.000000,25
req-00001961,78380000,78,25.000000,25
req-00001962,78420000,78,25.000000,25
req-00001963,78460000,78,25.000000,25
req-00001964,78500000,78,25.000000,25
req-00001965,78540000,78,25.000000,25
req-00001966,78580000,78,25.000000,25
req-00001967,78620000,78,25.000000,25
req-00001968,78660000,78,25.000000,25
req-00001969,78700000,78,25.000000,25
req-00001970,78740000,78,25.000000,25
req-00001971,78780000,78,25.000000,25
req-00001972,78820000,78,25.000000,25
req-00001973,78860000,78,25.000000,25
req-00001974,78900000,78,25.000000,25
req-00001975,78940000,78,25.000000,25
req-00001976,78980000,78,25.000000,25
req-00001977,79020833,79,24.000000,24
req-00001978,79062500,79,24.000000,24
req-00001979,79104167,79,24.000000,24
req-00001980,79145833,79,24.000000,24
req-00001981,79187500,79,24.000000,24
req-00001982,79229167,79,24.000000,24
req-00001983,79270833,79,24.000000,24
req-00001984,79312500,79,24.000000,24
req-00001985,79354167,79,24.000000,24
req-00001986,79395833,79,24.000000,24
req-00001987,79437500,79,24.000000,24
req-00001988,79479167,79,24.000000,24
req-00001989,79520833,79,24.000000,24
req-00001990,79562500,79,24.000000,24
req-00001991,79604167,79,24.000000,24
req-00001992,79645833,79,24.000000,24
req-00001993,79687500,79,24.000000,24
req-00001994,79729167,79,24.000000,24
req-00001995,79770833,79,24.000000,24
req-00001996,79812500,79,24.000000,24
req-00001997,79854167,79,24.000000,24
req-00001998,79895833,79,24.000000,24
req-00001999,79937500,79,24.000000,24
req-00002000,79979167,79,24.000000,24
req-00002001,80021739,80,23.000000,23
req-00002002,80065217,80,23.000000,23
req-00002003,80108696,80,23.000000,23
req-00002004,80152174,80,23.000000,23
req-00002005,80195652,80,23.000000,23
req-00002006,80239130,80,23.000000,23
req-00002007,80282609,80,23.000000,23
req-00002008,80326087,80,23.000000,23
req-00002009,80369565,80,23.000000,23
req-00002010,80413043,80,23.000000,23
req-00002011,80456522,80,23.000000,23
req-00002012,80500000,80,23.000000,23
req-00002013,80543478,80,23.000000,23
req-00002014,80586957,80,23.000000,23
req-00002015,80630435,80,23.000000,23
req-00002016,80673913,80,23.000000,23
req-00002017,80717391,80,23.000000,23
req-00002018,80760870,80,23.000000,23
req-00002019,80804348,80,23.000000,23
req-00002020,80847826,80,23.000000,23
req-00002021,80891304,80,23.000000,23
req-00002022,80934783,80,23.000000,23
req-00002023,80978261,80,23.000000,23
req-00002024,81020833,81,24.000000,24
req-00002025,81062500,81,24.000000,24
req-00002026,81104167,81,24.000000,24
req-00002027,81145833,81,24.000000,24
req-00002028,81187500,81,24.000000,24
req-00002029,81229167,81,24.000000,24
req-00002030,81270833,81,24.000000,24
req-00002031,81312500,81,24.000000,24
req-00002032,81354167,81,24.000000,24
req-00002033,81395833,81,24.000000,24
req-00002034,81437500,81,24.000000,24
req-00002035,81479167,81,24.000000,24
req-00002036,81520833,81,24.000000,24
req-00002037,81562500,81,24.000000,24
req-00002038,81604167,81,24.000000,24
req-00002039,81645833,81,24.000000,24
req-00002040,81687500,81,24.000000,24
req-00002041,81729167,81,24.000000,24
req-00002042,81770833,81,24.000000,24
req-00002043,81812500,81,24.000000,24
req-00002044,81854167,81,24.000000,24
req-00002045,81895833,81,24.000000,24
req-00002046,81937500,81,24.000000,24
req-00002047,81979167,81,24.000000,24
req-00002048,82020000,82,25.000000,25
req-00002049,82060000,82,25.000000,25
req-00002050,82100000,82,25.000000,25
req-00002051,82140000,82,25.000000,25
req-00002052,82180000,82,25.000000,25
req-00002053,82220000,82,25.000000,25
req-00002054,82260000,82,25.000000,25
req-00002055,82300000,82,25.000000,25
req-00002056,82340000,82,25.000000,25
req-00002057,82380000,82,25.000000,25
req-00002058,82420000,82,25.000000,25
req-00002059,82460000,82,25.000000,25
req-00002060,82500000,82,25.000000,25
req-00002061,82540000,82,25.000000,25
req-00002062,82580000,82,25.000000,25
req-00002063,82620000,82,25.000000,25
req-00002064,82660000,82,25.000000,25
req-00002065,82700000,82,25.000000,25
req-00002066,82740000,82,25.000000,25
req-00002067,82780000,82,25.000000,25
req-00002068,82820000,82,25.000000,25
req-00002069,82860000,82,25.000000,25
req-00002070,82900000,82,25.000000,25
req-00002071,82940000,82,25.000000,25
req-00002072,82980000,82,25.000000,25
req-00002073,83019231,83,26.000000,26
req-00002074,83057692,83,26.000000,26
req-00002075,83096154,83,26.000000,26
req-00002076,83134615,83,26.000000,26
req-00002077,83173077,83,26.000000,26
req-00002078,83211538,83,26.000000,26
req-00002079,83250000,83,26.000000,26
req-00002080,83288462,83,26.000000,26
req-00002081,83326923,83,26.000000,26
req-00002082,83365385,83,26.000000,26
req-00002083,83403846,83,26.000000,26
req-00002084,83442308,83,26.000000,26
req-00002085,83480769,83,26.000000,26
req-00002086,83519231,83,26.000000,26
req-00002087,83557692,83,26.000000,26
req-00002088,83596154,83,26.000000,26
req-00002089,83634615,83,26.000000,26
req-00002090,83673077,83,26.000000,26
req-00002091,83711538,83,26.000000,26
req-00002092,83750000,83,26.000000,26
req-00002093,83788462,83,26.000000,26
req-00002094,83826923,83,26.000000,26
req-00002095,83865385,83,26.000000,26
req-00002096,83903846,83,26.000000,26
req-00002097,83942308,83,26.000000,26
req-00002098,83980769,83,26.000000,26
req-00002099,84018519,84,27.000000,27
req-00002100,84055556,84,27.000000,27
req-00002101,84092593,84,27.000000,27
req-00002102,84129630,84,27.000000,27
req-00002103,84166667,84,27.000000,27
req-00002104,84203704,84,27.000000,27
req-00002105,84240741,84,27.000000,27
req-00002106,84277778,84,27.000000,27
req-00002107,84314815,84,27.000000,27
req-00002108,84351852,84,27.000000,27
req-00002109,84388889,84,27.000000,27
req-00002110,84425926,84,27.000000,27
req-00002111,84462963,84,27.000000,27
req-00002112,84500000,84,27.000000,27
req-00002113,84537037,84,27.000000,27
req-00002114,84574074,84,27.000000,27
req-00002115,84611111,84,27.000000,27
req-00002116,84648148,84,27.000000,27
req-00002117,84685185,84,27.000000,27
req-00002118,84722222,84,27.000000,27
req-00002119,84759259,84,27.000000,27
req-00002120,84796296,84,27.000000,27
req-00002121,84833333,84,27.000000,27
req-00002122,84870370,84,27.000000,27
req-00002123,84907407,84,27.000000,27
req-00002124,84944444,84,27.000000,27
req-00002125,84981481,84,27.000000,27
req-00002126,85019231,85,26.000000,26
req-00002127,85057692,85,26.000000,26
req-00002128,85096154,85,26.000000,26
req-00002129,85134615,85,26.000000,26
req-00002130,85173077,85,26.000000,26
req-00002131,85211538,85,26.000000,26
req-00002132,85250000,85,26.000000,26
req-00002133,85288462,85,26.000000,26
req-00002134,85326923,85,26.000000,26
req-00002135,85365385,85,26.000000,26
req-00002136,85403846,85,26.000000,26
req-00002137,85442308,85,26.000000,26
req-00002138,85480769,85,26.000000,26
req-00002139,85519231,85,26.000000,26
req-00002140,85557692,85,26.000000,26
req-00002141,85596154,85,26.000000,26
req-00002142,85634615,85,26.000000,26
req-00002143,85673077,85,26.000000,26
req-00002144,85711538,85,26.000000,26
req-00002145,85750000,85,26.000000,26
req-00002146,85788462,85,26.000000,26
req-00002147,85826923,85,26.000000,26
req-00002148,85865385,85,26.000000,26
req-00002149,85903846,85,26.000000,26
req-00002150,85942308,85,26.000000,26
req-00002151,85980769,85,26.000000,26
req-00002152,86020000,86,25.000000,25
req-00002153,86060000,86,25.000000,25
req-00002154,86100000,86,25.000000,25
req-00002155,86140000,86,25.000000,25
req-00002156,86180000,86,25.000000,25
req-00002157,86220000,86,25.000000,25
req-00002158,86260000,86,25.000000,25
req-00002159,86300000,86,25.000000,25
req-00002160,86340000,86,25.000000,25
req-00002161,86380000,86,25.000000,25
req-00002162,86420000,86,25.000000,25
req-00002163,86460000,86,25.000000,25
req-00002164,86500000,86,25.000000,25
req-00002165,86540000,86,25.000000,25
req-00002166,86580000,86,25.000000,25
req-00002167,86620000,86,25.000000,25
req-00002168,86660000,86,25.000000,25
req-00002169,86700000,86,25.000000,25
req-00002170,86740000,86,25.000000,25
req-00002171,86780000,86,25.000000,25
req-00002172,86820000,86,25.000000,25
req-00002173,86860000,86,25.000000,25
req-00002174,86900000,86,25.000000,25
req-00002175,86940000,86,25.000000,25
req-00002176,86980000,86,25.000000,25
req-00002177,87020833,87,24.000000,24
req-00002178,87062500,87,24.000000,24
req-00002179,87104167,87,24.000000,24
req-00002180,87145833,87,24.000000,24
req-00002181,87187500,87,24.000000,24
req-00002182,87229167,87,24.000000,24
req-00002183,87270833,87,24.000000,24
req-00002184,87312500,87,24.000000,24
req-00002185,87354167,87,24.000000,24
req-00002186,87395833,87,24.000000,24
req-00002187,87437500,87,24.000000,24
req-00002188,87479167,87,24.000000,24
req-00002189,87520833,87,24.000000,24
req-00002190,87562500,87,24.000000,24
req-00002191,87604167,87,24.000000,24
req-00002192,87645833,87,24.000000,24
req-00002193,87687500,87,24.000000,24
req-00002194,87729167,87,24.000000,24
req-00002195,87770833,87,24.000000,24
req-00002196,87812500,87,24.000000,24
req-00002197,87854167,87,24.000000,24
req-00002198,87895833,87,24.000000,24
req-00002199,87937500,87,24.000000,24
req-00002200,87979167,87,24.000000,24
req-00002201,88021739,88,23.000000,23
req-00002202,88065217,88,23.000000,23
req-00002203,88108696,88,23.000000,23
req-00002204,88152174,88,23.000000,23
req-00002205,88195652,88,23.000000,23
req-00002206,88239130,88,23.000000,23
req-00002207,88282609,88,23.000000,23
req-00002208,88326087,88,23.000000,23
req-00002209,88369565,88,23.000000,23
req-00002210,88413043,88,23.000000,23
req-00002211,88456522,88,23.000000,23
req-00002212,88500000,88,23.000000,23
req-00002213,88543478,88,23.000000,23
req-00002214,88586957,88,23.000000,23
req-00002215,88630435,88,23.000000,23
req-00002216,88673913,88,23.000000,23
req-00002217,88717391,88,23.000000,23
req-00002218,88760870,88,23.000000,23
req-00002219,88804348,88,23.000000,23
req-00002220,88847826,88,23.000000,23
req-00002221,88891304,88,23.000000,23
req-00002222,88934783,88,23.000000,23
req-00002223,88978261,88,23.000000,23
req-00002224,89020833,89,24.000000,24
req-00002225,89062500,89,24.000000,24
req-00002226,89104167,89,24.000000,24
req-00002227,89145833,89,24.000000,24
req-00002228,89187500,89,24.000000,24
req-00002229,89229167,89,24.000000,24
req-00002230,89270833,89,24.000000,24
req-00002231,89312500,89,24.000000,24
req-00002232,89354167,89,24.000000,24
req-00002233,89395833,89,24.000000,24
req-00002234,89437500,89,24.000000,24
req-00002235,89479167,89,24.000000,24
req-00002236,89520833,89,24.000000,24
req-00002237,89562500,89,24.000000,24
req-00002238,89604167,89,24.000000,24
req-00002239,89645833,89,24.000000,24
req-00002240,89687500,89,24.000000,24
req-00002241,89729167,89,24.000000,24
req-00002242,89770833,89,24.000000,24
req-00002243,89812500,89,24.000000,24
req-00002244,89854167,89,24.000000,24
req-00002245,89895833,89,24.000000,24
req-00002246,89937500,89,24.000000,24
req-00002247,89979167,89,24.000000,24
req-00002248,90020000,90,25.000000,25
req-00002249,90060000,90,25.000000,25
req-00002250,90100000,90,25.000000,25
req-00002251,90140000,90,25.000000,25
req-00002252,90180000,90,25.000000,25
req-00002253,90220000,90,25.000000,25
req-00002254,90260000,90,25.000000,25
req-00002255,90300000,90,25.000000,25
req-00002256,90340000,90,25.000000,25
req-00002257,90380000,90,25.000000,25
req-00002258,90420000,90,25.000000,25
req-00002259,90460000,90,25.000000,25
req-00002260,90500000,90,25.000000,25
req-00002261,90540000,90,25.000000,25
req-00002262,90580000,90,25.000000,25
req-00002263,90620000,90,25.000000,25
req-00002264,90660000,90,25.000000,25
req-00002265,90700000,90,25.000000,25
req-00002266,90740000,90,25.000000,25
req-00002267,90780000,90,25.000000,25
req-00002268,90820000,90,25.000000,25
req-00002269,90860000,90,25.000000,25
req-00002270,90900000,90,25.000000,25
req-00002271,90940000,90,25.000000,25
req-00002272,90980000,90,25.000000,25
req-00002273,91019231,91,26.000000,26
req-00002274,91057692,91,26.000000,26
req-00002275,91096154,91,26.000000,26
req-00002276,91134615,91,26.000000,26
req-00002277,91173077,91,26.000000,26
req-00002278,91211538,91,26.000000,26
req-00002279,91250000,91,26.000000,26
req-00002280,91288462,91,26.000000,26
req-00002281,91326923,91,26.000000,26
req-00002282,91365385,91,26.000000,26
req-00002283,91403846,91,26.000000,26
req-00002284,91442308,91,26.000000,26
req-00002285,91480769,91,26.000000,26
req-00002286,91519231,91,26.000000,26
req-00002287,91557692,91,26.000000,26
req-00002288,91596154,91,26.000000,26
req-00002289,91634615,91,26.000000,26
req-00002290,91673077,91,26.000000,26
req-00002291,91711538,91,26.000000,26
req-00002292,91750000,91,26.000000,26
req-00002293,91788462,91,26.000000,26
req-00002294,91826923,91,26.000000,26
req-00002295,91865385,91,26.000000,26
req-00002296,91903846,91,26.000000,26
req-00002297,91942308,91,26.000000,26
req-00002298,91980769,91,26.000000,26
req-00002299,92018519,92,27.000000,27
req-00002300,92055556,92,27.000000,27
req-00002301,92092593,92,27.000000,27
req-00002302,92129630,92,27.000000,27
req-00002303,92166667,92,27.000000,27
req-00002304,92203704,92,27.000000,27
req-00002305,92240741,92,27.000000,27
req-00002306,92277778,92,27.000000,27
req-00002307,92314815,92,27.000000,27
req-00002308,92351852,92,27.000000,27
req-00002309,92388889,92,27.000000,27
req-00002310,92425926,92,27.000000,27
req-00002311,92462963,92,27.000000,27
req-00002312,92500000,92,27.000000,27
req-00002313,92537037,92,27.000000,27
req-00002314,92574074,92,27.000000,27
req-00002315,92611111,92,27.000000,27
req-00002316,92648148,92,27.000000,27
req-00002317,92685185,92,27.000000,27
req-00002318,92722222,92,27.000000,27
req-00002319,92759259,92,27.000000,27
req-00002320,92796296,92,27.000000,27
req-00002321,92833333,92,27.000000,27
req-00002322,92870370,92,27.000000,27
req-00002323,92907407,92,27.000000,27
req-00002324,92944444,92,27.000000,27
req-00002325,92981481,92,27.000000,27
req-00002326,93019231,93,26.000000,26
req-00002327,93057692,93,26.000000,26
req-00002328,93096154,93,26.000000,26
req-00002329,93134615,93,26.000000,26
req-00002330,93173077,93,26.000000,26
req-00002331,93211538,93,26.000000,26
req-00002332,93250000,93,26.000000,26
req-00002333,93288462,93,26.000000,26
req-00002334,93326923,93,26.000000,26
req-00002335,93365385,93,26.000000,26
req-00002336,93403846,93,26.000000,26
req-00002337,93442308,93,26.000000,26
req-00002338,93480769,93,26.000000,26
req-00002339,93519231,93,26.000000,26
req-00002340,93557692,93,26.000000,26
req-00002341,93596154,93,26.000000,26
req-00002342,93634615,93,26.000000,26
req-00002343,93673077,93,26.000000,26
req-00002344,93711538,93,26.000000,26
req-00002345,93750000,93,26.000000,26
req-00002346,93788462,93,26.000000,26
req-00002347,93826923,93,26.000000,26
req-00002348,93865385,93,26.000000,26
req-00002349,93903846,93,26.000000,26
req-00002350,93942308,93,26.000000,26
req-00002351,93980769,93,26.000000,26
req-00002352,94020000,94,25.000000,25
req-00002353,94060000,94,25.000000,25
req-00002354,94100000,94,25.000000,25
req-00002355,94140000,94,25.000000,25
req-00002356,94180000,94,25.000000,25
req-00002357,94220000,94,25.000000,25
req-00002358,94260000,94,25.000000,25
req-00002359,94300000,94,25.000000,25
req-00002360,94340000,94,25.000000,25
req-00002361,94380000,94,25.000000,25
req-00002362,94420000,94,25.000000,25
req-00002363,94460000,94,25.000000,25
req-00002364,94500000,94,25.000000,25
req-00002365,94540000,94,25.000000,25
req-00002366,94580000,94,25.000000,25
req-00002367,94620000,94,25.000000,25
req-00002368,94660000,94,25.000000,25
req-00002369,94700000,94,25.000000,25
req-00002370,94740000,94,25.000000,25
req-00002371,94780000,94,25.000000,25
req-00002372,94820000,94,25.000000,25
req-00002373,94860000,94,25.000000,25
req-00002374,94900000,94,25.000000,25
req-00002375,94940000,94,25.000000,25
req-00002376,94980000,94,25.000000,25
req-00002377,95020833,95,24.000000,24
req-00002378,95062500,95,24.000000,24
req-00002379,95104167,95,24.000000,24
req-00002380,95145833,95,24.000000,24
req-00002381,95187500,95,24.000000,24
req-00002382,95229167,95,24.000000,24
req-00002383,95270833,95,24.000000,24
req-00002384,95312500,95,24.000000,24
req-00002385,95354167,95,24.000000,24
req-00002386,95395833,95,24.000000,24
req-00002387,95437500,95,24.000000,24
req-00002388,95479167,95,24.000000,24
req-00002389,95520833,95,24.000000,24
req-00002390,95562500,95,24.000000,24
req-00002391,95604167,95,24.000000,24
req-00002392,95645833,95,24.000000,24
req-00002393,95687500,95,24.000000,24
req-00002394,95729167,95,24.000000,24
req-00002395,95770833,95,24.000000,24
req-00002396,95812500,95,24.000000,24
req-00002397,95854167,95,24.000000,24
req-00002398,95895833,95,24.000000,24
req-00002399,95937500,95,24.000000,24
req-00002400,95979167,95,24.000000,24
req-00002401,96021739,96,23.000000,23
req-00002402,96065217,96,23.000000,23
req-00002403,96108696,96,23.000000,23
req-00002404,96152174,96,23.000000,23
req-00002405,96195652,96,23.000000,23
req-00002406,96239130,96,23.000000,23
req-00002407,96282609,96,23.000000,23
req-00002408,96326087,96,23.000000,23
req-00002409,96369565,96,23.000000,23
req-00002410,96413043,96,23.000000,23
req-00002411,96456522,96,23.000000,23
req-00002412,96500000,96,23.000000,23
req-00002413,96543478,96,23.000000,23
req-00002414,96586957,96,23.000000,23
req-00002415,96630435,96,23.000000,23
req-00002416,96673913,96,23.000000,23
req-00002417,96717391,96,23.000000,23
req-00002418,96760870,96,23.000000,23
req-00002419,96804348,96,23.000000,23
req-00002420,96847826,96,23.000000,23
req-00002421,96891304,96,23.000000,23
req-00002422,96934783,96,23.000000,23
req-00002423,96978261,96,23.000000,23
req-00002424,97020833,97,24.000000,24
req-00002425,97062500,97,24.000000,24
req-00002426,97104167,97,24.000000,24
req-00002427,97145833,97,24.000000,24
req-00002428,97187500,97,24.000000,24
req-00002429,97229167,97,24.000000,24
req-00002430,97270833,97,24.000000,24
req-00002431,97312500,97,24.000000,24
req-00002432,97354167,97,24.000000,24
req-00002433,97395833,97,24.000000,24
req-00002434,97437500,97,24.000000,24
req-00002435,97479167,97,24.000000,24
req-00002436,97520833,97,24.000000,24
req-00002437,97562500,97,24.000000,24
req-00002438,97604167,97,24.000000,24
req-00002439,97645833,97,24.000000,24
req-00002440,97687500,97,24.000000,24
req-00002441,97729167,97,24.000000,24
req-00002442,97770833,97,24.000000,24
req-00002443,97812500,97,24.000000,24
req-00002444,97854167,97,24.000000,24
req-00002445,97895833,97,24.000000,24
req-00002446,97937500,97,24.000000,24
req-00002447,97979167,97,24.000000,24
req-00002448,98020000,98,25.000000,25
req-00002449,98060000,98,25.000000,25
req-00002450,98100000,98,25.000000,25
req-00002451,98140000,98,25.000000,25
req-00002452,98180000,98,25.000000,25
req-00002453,98220000,98,25.000000,25
req-00002454,98260000,98,25.000000,25
req-00002455,98300000,98,25.000000,25
req-00002456,98340000,98,25.000000,25
req-00002457,98380000,98,25.000000,25
req-00002458,98420000,98,25.000000,25
req-00002459,98460000,98,25.000000,25
req-00002460,98500000,98,25.000000,25
req-00002461,98540000,98,25.000000,25
req-00002462,98580000,98,25.000000,25
req-00002463,98620000,98,25.000000,25
req-00002464,98660000,98,25.000000,25
req-00002465,98700000,98,25.000000,25
req-00002466,98740000,98,25.000000,25
req-00002467,98780000,98,25.000000,25
req-00002468,98820000,98,25.000000,25
req-00002469,98860000,98,25.000000,25
req-00002470,98900000,98,25.000000,25
req-00002471,98940000,98,25.000000,25
req-00002472,98980000,98,25.000000,25
req-00002473,99019231,99,26.000000,26
req-00002474,99057692,99,26.000000,26
req-00002475,99096154,99,26.000000,26
req-00002476,99134615,99,26.000000,26
req-00002477,99173077,99,26.000000,26
req-00002478,99211538,99,26.000000,26
req-00002479,99250000,99,26.000000,26
req-00002480,99288462,99,26.000000,26
req-00002481,99326923,99,26.000000,26
req-00002482,99365385,99,26.000000,26
req-00002483,99403846,99,26.000000,26
req-00002484,99442308,99,26.000000,26
req-00002485,99480769,99,26.000000,26
req-00002486,99519231,99,26.000000,26
req-00002487,99557692,99,26.000000,26
req-00002488,99596154,99,26.000000,26
req-00002489,99634615,99,26.000000,26
req-00002490,99673077,99,26.000000,26
req-00002491,99711538,99,26.000000,26
req-00002492,99750000,99,26.000000,26
req-00002493,99788462,99,26.000000,26
req-00002494,99826923,99,26.000000,26
req-00002495,99865385,99,26.000000,26
req-00002496,99903846,99,26.000000,26
req-00002497,99942308,99,26.000000,26
req-00002498,99980769,99,26.000000,26
req-00002499,100018519,100,27.000000,27
req-00002500,100055556,100,27.000000,27
req-00002501,100092593,100,27.000000,27
req-00002502,100129630,100,27.000000,27
req-00002503,100166667,100,27.000000,27
req-00002504,100203704,100,27.000000,27
req-00002505,100240741,100,27.000000,27
req-00002506,100277778,100,27.000000,27
req-00002507,100314815,100,27.000000,27
req-00002508,100351852,100,27.000000,27
req-00002509,100388889,100,27.000000,27
req-00002510,100425926,100,27.000000,27
req-00002511,100462963,100,27.000000,27
req-00002512,100500000,100,27.000000,27
req-00002513,100537037,100,27.000000,27
req-00002514,100574074,100,27.000000,27
req-00002515,100611111,100,27.000000,27
req-00002516,100648148,100,27.000000,27
req-00002517,100685185,100,27.000000,27
req-00002518,100722222,100,27.000000,27
req-00002519,100759259,100,27.000000,27
req-00002520,100796296,100,27.000000,27
req-00002521,100833333,100,27.000000,27
req-00002522,100870370,100,27.000000,27
req-00002523,100907407,100,27.000000,27
req-00002524,100944444,100,27.000000,27
req-00002525,100981481,100,27.000000,27
req-00002526,101019231,101,26.000000,26
req-00002527,101057692,101,26.000000,26
req-00002528,101096154,101,26.000000,26
req-00002529,101134615,101,26.000000,26
req-00002530,101173077,101,26.000000,26
req-00002531,101211538,101,26.000000,26
req-00002532,101250000,101,26.000000,26
req-00002533,101288462,101,26.000000,26
req-00002534,101326923,101,26.000000,26
req-00002535,101365385,101,26.000000,26
req-00002536,101403846,101,26.000000,26
req-00002537,101442308,101,26.000000,26
req-00002538,101480769,101,26.000000,26
req-00002539,101519231,101,26.000000,26
req-00002540,101557692,101,26.000000,26
req-00002541,101596154,101,26.000000,26
req-00002542,101634615,101,26.000000,26
req-00002543,101673077,101,26.000000,26
req-00002544,101711538,101,26.000000,26
req-00002545,101750000,101,26.000000,26
req-00002546,101788462,101,26.000000,26
req-00002547,101826923,101,26.000000,26
req-00002548,101865385,101,26.000000,26
req-00002549,101903846,101,26.000000,26
req-00002550,101942308,101,26.000000,26
req-00002551,101980769,101,26.000000,26
req-00002552,102020000,102,25.000000,25
req-00002553,102060000,102,25.000000,25
req-00002554,102100000,102,25.000000,25
req-00002555,102140000,102,25.000000,25
req-00002556,102180000,102,25.000000,25
req-00002557,102220000,102,25.000000,25
req-00002558,102260000,102,25.000000,25
req-00002559,102300000,102,25.000000,25
req-00002560,102340000,102,25.000000,25
req-00002561,102380000,102,25.000000,25
req-00002562,102420000,102,25.000000,25
req-00002563,102460000,102,25.000000,25
req-00002564,102500000,102,25.000000,25
req-00002565,102540000,102,25.000000,25
req-00002566,102580000,102,25.000000,25
req-00002567,102620000,102,25.000000,25
req-00002568,102660000,102,25.000000,25
req-00002569,102700000,102,25.000000,25
req-00002570,102740000,102,25.000000,25
req-00002571,102780000,102,25.000000,25
req-00002572,102820000,102,25.000000,25
req-00002573,102860000,102,25.000000,25
req-00002574,102900000,102,25.000000,25
req-00002575,102940000,102,25.000000,25
req-00002576,102980000,102,25.000000,25
req-00002577,103020833,103,24.000000,24
req-00002578,103062500,103,24.000000,24
req-00002579,103104167,103,24.000000,24
req-00002580,103145833,103,24.000000,24
req-00002581,103187500,103,24.000000,24
req-00002582,103229167,103,24.000000,24
req-00002583,103270833,103,24.000000,24
req-00002584,103312500,103,24.000000,24
req-00002585,103354167,103,24.000000,24
req-00002586,103395833,103,24.000000,24
req-00002587,103437500,103,24.000000,24
req-00002588,103479167,103,24.000000,24
req-00002589,103520833,103,24.000000,24
req-00002590,103562500,103,24.000000,24
req-00002591,103604167,103,24.000000,24
req-00002592,103645833,103,24.000000,24
req-00002593,103687500,103,24.000000,24
req-00002594,103729167,103,24.000000,24
req-00002595,103770833,103,24.000000,24
req-00002596,103812500,103,24.000000,24
req-00002597,103854167,103,24.000000,24
req-00002598,103895833,103,24.000000,24
req-00002599,103937500,103,24.000000,24
req-00002600,103979167,103,24.000000,24
req-00002601,104021739,104,23.000000,23
req-00002602,104065217,104,23.000000,23
req-00002603,104108696,104,23.000000,23
req-00002604,104152174,104,23.000000,23
req-00002605,104195652,104,23.000000,23
req-00002606,104239130,104,23.000000,23
req-00002607,104282609,104,23.000000,23
req-00002608,104326087,104,23.000000,23
req-00002609,104369565,104,23.000000,23
req-00002610,104413043,104,23.000000,23
req-00002611,104456522,104,23.000000,23
req-00002612,104500000,104,23.000000,23
req-00002613,104543478,104,23.000000,23
req-00002614,104586957,104,23.000000,23
req-00002615,104630435,104,23.000000,23
req-00002616,104673913,104,23.000000,23
req-00002617,104717391,104,23.000000,23
req-00002618,104760870,104,23.000000,23
req-00002619,104804348,104,23.000000,23
req-00002620,104847826,104,23.000000,23
req-00002621,104891304,104,23.000000,23
req-00002622,104934783,104,23.000000,23
req-00002623,104978261,104,23.000000,23
req-00002624,105020833,105,24.000000,24
req-00002625,105062500,105,24.000000,24
req-00002626,105104167,105,24.000000,24
req-00002627,105145833,105,24.000000,24
req-00002628,105187500,105,24.000000,24
req-00002629,105229167,105,24.000000,24
req-00002630,105270833,105,24.000000,24
req-00002631,105312500,105,24.000000,24
req-00002632,105354167,105,24.000000,24
req-00002633,105395833,105,24.000000,24
req-00002634,105437500,105,24.000000,24
req-00002635,105479167,105,24.000000,24
req-00002636,105520833,105,24.000000,24
req-00002637,105562500,105,24.000000,24
req-00002638,105604167,105,24.000000,24
req-00002639,105645833,105,24.000000,24
req-00002640,105687500,105,24.000000,24
req-00002641,105729167,105,24.000000,24
req-00002642,105770833,105,24.000000,24
req-00002643,105812500,105,24.000000,24
req-00002644,105854167,105,24.000000,24
req-00002645,105895833,105,24.000000,24
req-00002646,105937500,105,24.000000,24
req-00002647,105979167,105,24.000000,24
req-00002648,106020000,106,25.000000,25
req-00002649,106060000,106,25.000000,25
req-00002650,106100000,106,25.000000,25
req-00002651,106140000,106,25.000000,25
req-00002652,106180000,106,25.000000,25
req-00002653,106220000,106,25.000000,25
req-00002654,106260000,106,25.000000,25
req-00002655,106300000,106,25.000000,25
req-00002656,106340000,106,25.000000,25
req-00002657,106380000,106,25.000000,25
req-00002658,106420000,106,25.000000,25
req-00002659,106460000,106,25.000000,25
req-00002660,106500000,106,25.000000,25
req-00002661,106540000,106,25.000000,25
req-00002662,106580000,106,25.000000,25
req-00002663,106620000,106,25.000000,25
req-00002664,106660000,106,25.000000,25
req-00002665,106700000,106,25.000000,25
req-00002666,106740000,106,25.000000,25
req-00002667,106780000,106,25.000000,25
req-00002668,106820000,106,25.000000,25
req-00002669,106860000,106,25.000000,25
req-00002670,106900000,106,25.000000,25
req-00002671,106940000,106,25.000000,25
req-00002672,106980000,106,25.000000,25
req-00002673,107019231,107,26.000000,26
req-00002674,107057692,107,26.000000,26
req-00002675,107096154,107,26.000000,26
req-00002676,107134615,107,26.000000,26
req-00002677,107173077,107,26.000000,26
req-00002678,107211538,107,26.000000,26
req-00002679,107250000,107,26.000000,26
req-00002680,107288462,107,26.000000,26
req-00002681,107326923,107,26.000000,26
req-00002682,107365385,107,26.000000,26
req-00002683,107403846,107,26.000000,26
req-00002684,107442308,107,26.000000,26
req-00002685,107480769,107,26.000000,26
req-00002686,107519231,107,26.000000,26
req-00002687,107557692,107,26.000000,26
req-00002688,107596154,107,26.000000,26
req-00002689,107634615,107,26.000000,26
req-00002690,107673077,107,26.000000,26
req-00002691,107711538,107,26.000000,26
req-00002692,107750000,107,26.000000,26
req-00002693,107788462,107,26.000000,26
req-00002694,107826923,107,26.000000,26
req-00002695,107865385,107,26.000000,26
req-00002696,107903846,107,26.000000,26
req-00002697,107942308,107,26.000000,26
req-00002698,107980769,107,26.000000,26
req-00002699,108018519,108,27.000000,27
req-00002700,108055556,108,27.000000,27
req-00002701,108092593,108,27.000000,27
req-00002702,108129630,108,27.000000,27
req-00002703,108166667,108,27.000000,27
req-00002704,108203704,108,27.000000,27
req-00002705,108240741,108,27.000000,27
req-00002706,108277778,108,27.000000,27
req-00002707,108314815,108,27.000000,27
req-00002708,108351852,108,27.000000,27
req-00002709,108388889,108,27.000000,27
req-00002710,108425926,108,27.000000,27
req-00002711,108462963,108,27.000000,27
req-00002712,108500000,108,27.000000,27
req-00002713,108537037,108,27.000000,27
req-00002714,108574074,108,27.000000,27
req-00002715,108611111,108,27.000000,27
req-00002716,108648148,108,27.000000,27
req-00002717,108685185,108,27.000000,27
req-00002718,108722222,108,27.000000,27
req-00002719,108759259,108,27.000000,27
req-00002720,108796296,108,27.000000,27
req-00002721,108833333,108,27.000000,27
req-00002722,108870370,108,27.000000,27
req-00002723,108907407,108,27.000000,27
req-00002724,108944444,108,27.000000,27
req-00002725,108981481,108,27.000000,27
req-00002726,109019231,109,26.000000,26
req-00002727,109057692,109,26.000000,26
req-00002728,109096154,109,26.000000,26
req-00002729,109134615,109,26.000000,26
req-00002730,109173077,109,26.000000,26
req-00002731,109211538,109,26.000000,26
req-00002732,109250000,109,26.000000,26
req-00002733,109288462,109,26.000000,26
req-00002734,109326923,109,26.000000,26
req-00002735,109365385,109,26.000000,26
req-00002736,109403846,109,26.000000,26
req-00002737,109442308,109,26.000000,26
req-00002738,109480769,109,26.000000,26
req-00002739,109519231,109,26.000000,26
req-00002740,109557692,109,26.000000,26
req-00002741,109596154,109,26.000000,26
req-00002742,109634615,109,26.000000,26
req-00002743,109673077,109,26.000000,26
req-00002744,109711538,109,26.000000,26
req-00002745,109750000,109,26.000000,26
req-00002746,109788462,109,26.000000,26
req-00002747,109826923,109,26.000000,26
req-00002748,109865385,109,26.000000,26
req-00002749,109903846,109,26.000000,26
req-00002750,109942308,109,26.000000,26
req-00002751,109980769,109,26.000000,26
req-00002752,110020000,110,25.000000,25
req-00002753,110060000,110,25.000000,25
req-00002754,110100000,110,25.000000,25
req-00002755,110140000,110,25.000000,25
req-00002756,110180000,110,25.000000,25
req-00002757,110220000,110,25.000000,25
req-00002758,110260000,110,25.000000,25
req-00002759,110300000,110,25.000000,25
req-00002760,110340000,110,25.000000,25
req-00002761,110380000,110,25.000000,25
req-00002762,110420000,110,25.000000,25
req-00002763,110460000,110,25.000000,25
req-00002764,110500000,110,25.000000,25
req-00002765,110540000,110,25.000000,25
req-00002766,110580000,110,25.000000,25
req-00002767,110620000,110,25.000000,25
req-00002768,110660000,110,25.000000,25
req-00002769,110700000,110,25.000000,25
req-00002770,110740000,110,25.000000,25
req-00002771,110780000,110,25.000000,25
req-00002772,110820000,110,25.000000,25
req-00002773,110860000,110,25.000000,25
req-00002774,110900000,110,25.000000,25
req-00002775,110940000,110,25.000000,25
req-00002776,110980000,110,25.000000,25
req-00002777,111020833,111,24.000000,24
req-00002778,111062500,111,24.000000,24
req-00002779,111104167,111,24.000000,24
req-00002780,111145833,111,24.000000,24
req-00002781,111187500,111,24.000000,24
req-00002782,111229167,111,24.000000,24
req-00002783,111270833,111,24.000000,24
req-00002784,111312500,111,24.000000,24
req-00002785,111354167,111,24.000000,24
req-00002786,111395833,111,24.000000,24
req-00002787,111437500,111,24.000000,24
req-00002788,111479167,111,24.000000,24
req-00002789,111520833,111,24.000000,24
req-00002790,111562500,111,24.000000,24
req-00002791,111604167,111,24.000000,24
req-00002792,111645833,111,24.000000,24
req-00002793,111687500,111,24.000000,24
req-00002794,111729167,111,24.000000,24
req-00002795,111770833,111,24.000000,24
req-00002796,111812500,111,24.000000,24
req-00002797,111854167,111,24.000000,24
req-00002798,111895833,111,24.000000,24
req-00002799,111937500,111,24.000000,24
req-00002800,111979167,111,24.000000,24
req-00002801,112021739,112,23.000000,23
req-00002802,112065217,112,23.000000,23
req-00002803,112108696,112,23.000000,23
req-00002804,112152174,112,23.000000,23
req-00002805,112195652,112,23.000000,23
req-00002806,112239130,112,23.000000,23
req-00002807,112282609,112,23.000000,23
req-00002808,112326087,112,23.000000,23
req-00002809,112369565,112,23.000000,23
req-00002810,112413043,112,23.000000,23
req-00002811,112456522,112,23.000000,23
req-00002812,112500000,112,23.000000,23
req-00002813,112543478,112,23.000000,23
req-00002814,112586957,112,23.000000,23
req-00002815,112630435,112,23.000000,23
req-00002816,112673913,112,23.000000,23
req-00002817,112717391,112,23.000000,23
req-00002818,112760870,112,23.000000,23
req-00002819,112804348,112,23.000000,23
req-00002820,112847826,112,23.000000,23
req-00002821,112891304,112,23.000000,23
req-00002822,112934783,112,23.000000,23
req-00002823,112978261,112,23.000000,23
req-00002824,113020833,113,24.000000,24
req-00002825,113062500,113,24.000000,24
req-00002826,113104167,113,24.000000,24
req-00002827,113145833,113,24.000000,24
req-00002828,113187500,113,24.000000,24
req-00002829,113229167,113,24.000000,24
req-00002830,113270833,113,24.000000,24
req-00002831,113312500,113,24.000000,24
req-00002832,113354167,113,24.000000,24
req-00002833,113395833,113,24.000000,24
req-00002834,113437500,113,24.000000,24
req-00002835,113479167,113,24.000000,24
req-00002836,113520833,113,24.000000,24
req-00002837,113562500,113,24.000000,24
req-00002838,113604167,113,24.000000,24
req-00002839,113645833,113,24.000000,24
req-00002840,113687500,113,24.000000,24
req-00002841,113729167,113,24.000000,24
req-00002842,113770833,113,24.000000,24
req-00002843,113812500,113,24.000000,24
req-00002844,113854167,113,24.000000,24
req-00002845,113895833,113,24.000000,24
req-00002846,113937500,113,24.000000,24
req-00002847,113979167,113,24.000000,24
req-00002848,114020000,114,25.000000,25
req-00002849,114060000,114,25.000000,25
req-00002850,114100000,114,25.000000,25
req-00002851,114140000,114,25.000000,25
req-00002852,114180000,114,25.000000,25
req-00002853,114220000,114,25.000000,25
req-00002854,114260000,114,25.000000,25
req-00002855,114300000,114,25.000000,25
req-00002856,114340000,114,25.000000,25
req-00002857,114380000,114,25.000000,25
req-00002858,114420000,114,25.000000,25
req-00002859,114460000,114,25.000000,25
req-00002860,114500000,114,25.000000,25
req-00002861,114540000,114,25.000000,25
req-00002862,114580000,114,25.000000,25
req-00002863,114620000,114,25.000000,25
req-00002864,114660000,114,25.000000,25
req-00002865,114700000,114,25.000000,25
req-00002866,114740000,114,25.000000,25
req-00002867,114780000,114,25.000000,25
req-00002868,114820000,114,25.000000,25
req-00002869,114860000,114,25.000000,25
req-00002870,114900000,114,25.000000,25
req-00002871,114940000,114,25.000000,25
req-00002872,114980000,114,25.000000,25
req-00002873,115019231,115,26.000000,26
req-00002874,115057692,115,26.000000,26
req-00002875,115096154,115,26.000000,26
req-00002876,115134615,115,26.000000,26
req-00002877,115173077,115,26.000000,26
req-00002878,115211538,115,26.000000,26
req-00002879,115250000,115,26.000000,26
req-00002880,115288462,115,26.000000,26
req-00002881,115326923,115,26.000000,26
req-00002882,115365385,115,26.000000,26
req-00002883,115403846,115,26.000000,26
req-00002884,115442308,115,26.000000,26
req-00002885,115480769,115,26.000000,26
req-00002886,115519231,115,26.000000,26
req-00002887,115557692,115,26.000000,26
req-00002888,115596154,115,26.000000,26
req-00002889,115634615,115,26.000000,26
req-00002890,115673077,115,26.000000,26
req-00002891,115711538,115,26.000000,26
req-00002892,115750000,115,26.000000,26
req-00002893,115788462,115,26.000000,26
req-00002894,115826923,115,26.000000,26
req-00002895,115865385,115,26.000000,26
req-00002896,115903846,115,26.000000,26
req-00002897,115942308,115,26.000000,26
req-00002898,115980769,115,26.000000,26
req-00002899,116018519,116,27.000000,27
req-00002900,116055556,116,27.000000,27
req-00002901,116092593,116,27.000000,27
req-00002902,116129630,116,27.000000,27
req-00002903,116166667,116,27.000000,27
req-00002904,116203704,116,27.000000,27
req-00002905,116240741,116,27.000000,27
req-00002906,116277778,116,27.000000,27
req-00002907,116314815,116,27.000000,27
req-00002908,116351852,116,27.000000,27
req-00002909,116388889,116,27.000000,27
req-00002910,116425926,116,27.000000,27
req-00002911,116462963,116,27.000000,27
req-00002912,116500000,116,27.000000,27
req-00002913,116537037,116,27.000000,27
req-00002914,116574074,116,27.000000,27
req-00002915,116611111,116,27.000000,27
req-00002916,116648148,116,27.000000,27
req-00002917,116685185,116,27.000000,27
req-00002918,116722222,116,27.000000,27
req-00002919,116759259,116,27.000000,27
req-00002920,116796296,116,27.000000,27
req-00002921,116833333,116,27.000000,27
req-00002922,116870370,116,27.000000,27
req-00002923,116907407,116,27.000000,27
req-00002924,116944444,116,27.000000,27
req-00002925,116981481,116,27.000000,27
req-00002926,117019231,117,26.000000,26
req-00002927,117057692,117,26.000000,26
req-00002928,117096154,117,26.000000,26
req-00002929,117134615,117,26.000000,26
req-00002930,117173077,117,26.000000,26
req-00002931,117211538,117,26.000000,26
req-00002932,117250000,117,26.000000,26
req-00002933,117288462,117,26.000000,26
req-00002934,117326923,117,26.000000,26
req-00002935,117365385,117,26.000000,26
req-00002936,117403846,117,26.000000,26
req-00002937,117442308,117,26.000000,26
req-00002938,117480769,117,26.000000,26
req-00002939,117519231,117,26.000000,26
req-00002940,117557692,117,26.000000,26
req-00002941,117596154,117,26.000000,26
req-00002942,117634615,117,26.000000,26
req-00002943,117673077,117,26.000000,26
req-00002944,117711538,117,26.000000,26
req-00002945,117750000,117,26.000000,26
req-00002946,117788462,117,26.000000,26
req-00002947,117826923,117,26.000000,26
req-00002948,117865385,117,26.000000,26
req-00002949,117903846,117,26.000000,26
req-00002950,117942308,117,26.000000,26
req-00002951,117980769,117,26.000000,26
req-00002952,118020000,118,25.000000,25
req-00002953,118060000,118,25.000000,25
req-00002954,118100000,118,25.000000,25
req-00002955,118140000,118,25.000000,25
req-00002956,118180000,118,25.000000,25
req-00002957,118220000,118,25.000000,25
req-00002958,118260000,118,25.000000,25
req-00002959,118300000,118,25.000000,25
req-00002960,118340000,118,25.000000,25
req-00002961,118380000,118,25.000000,25
req-00002962,118420000,118,25.000000,25
req-00002963,118460000,118,25.000000,25
req-00002964,118500000,118,25.000000,25
req-00002965,118540000,118,25.000000,25
req-00002966,118580000,118,25.000000,25
req-00002967,118620000,118,25.000000,25
req-00002968,118660000,118,25.000000,25
req-00002969,118700000,118,25.000000,25
req-00002970,118740000,118,25.000000,25
req-00002971,118780000,118,25.000000,25
req-00002972,118820000,118,25.000000,25
req-00002973,118860000,118,25.000000,25
req-00002974,118900000,118,25.000000,25
req-00002975,118940000,118,25.000000,25
req-00002976,118980000,118,25.000000,25
req-00002977,119020833,119,24.000000,24
req-00002978,119062500,119,24.000000,24
req-00002979,119104167,119,24.000000,24
req-00002980,119145833,119,24.000000,24
req-00002981,119187500,119,24.000000,24
req-00002982,119229167,119,24.000000,24
req-00002983,119270833,119,24.000000,24
req-00002984,119312500,119,24.000000,24
req-00002985,119354167,119,24.000000,24
req-00002986,119395833,119,24.000000,24
req-00002987,119437500,119,24.000000,24
req-00002988,119479167,119,24.000000,24
req-00002989,119520833,119,24.000000,24
req-00002990,119562500,119,24.000000,24
req-00002991,119604167,119,24.000000,24
req-00002992,119645833,119,24.000000,24
req-00002993,119687500,119,24.000000,24
req-00002994,119729167,119,24.000000,24
req-00002995,119770833,119,24.000000,24
req-00002996,119812500,119,24.000000,24
req-00002997,119854167,119,24.000000,24
req-00002998,119895833,119,24.000000,24
req-00002999,119937500,119,24.000000,24
req-00003000,119979167,119,24.000000,24
req-00003001,120021739,120,23.000000,23
req-00003002,120065217,120,23.000000,23
req-00003003,120108696,120,23.000000,23
req-00003004,120152174,120,23.000000,23
req-00003005,120195652,120,23.000000,23
req-00003006,120239130,120,23.000000,23
req-00003007,120282609,120,23.000000,23
req-00003008,120326087,120,23.000000,23
req-00003009,120369565,120,23.000000,23
req-00003010,120413043,120,23.000000,23
req-00003011,120456522,120,23.000000,23
req-00003012,120500000,120,23.000000,23
req-00003013,120543478,120,23.000000,23
req-00003014,120586957,120,23.000000,23
req-00003015,120630435,120,23.000000,23
req-00003016,120673913,120,23.000000,23
req-00003017,120717391,120,23.000000,23
req-00003018,120760870,120,23.000000,23
req-00003019,120804348,120,23.000000,23
req-00003020,120847826,120,23.000000,23
req-00003021,120891304,120,23.000000,23
req-00003022,120934783,120,23.000000,23
req-00003023,120978261,120,23.000000,23
req-00003024,121020833,121,24.000000,24
req-00003025,121062500,121,24.000000,24
req-00003026,121104167,121,24.000000,24
req-00003027,121145833,121,24.000000,24
req-00003028,121187500,121,24.000000,24
req-00003029,121229167,121,24.000000,24
req-00003030,121270833,121,24.000000,24
req-00003031,121312500,121,24.000000,24
req-00003032,121354167,121,24.000000,24
req-00003033,121395833,121,24.000000,24
req-00003034,121437500,121,24.000000,24
req-00003035,121479167,121,24.000000,24
req-00003036,121520833,121,24.000000,24
req-00003037,121562500,121,24.000000,24
req-00003038,121604167,121,24.000000,24
req-00003039,121645833,121,24.000000,24
req-00003040,121687500,121,24.000000,24
req-00003041,121729167,121,24.000000,24
req-00003042,121770833,121,24.000000,24
req-00003043,121812500,121,24.000000,24
req-00003044,121854167,121,24.000000,24
req-00003045,121895833,121,24.000000,24
req-00003046,121937500,121,24.000000,24
req-00003047,121979167,121,24.000000,24
req-00003048,122020000,122,25.000000,25
req-00003049,122060000,122,25.000000,25
req-00003050,122100000,122,25.000000,25
req-00003051,122140000,122,25.000000,25
req-00003052,122180000,122,25.000000,25
req-00003053,122220000,122,25.000000,25
req-00003054,122260000,122,25.000000,25
req-00003055,122300000,122,25.000000,25
req-00003056,122340000,122,25.000000,25
req-00003057,122380000,122,25.000000,25
req-00003058,122420000,122,25.000000,25
req-00003059,122460000,122,25.000000,25
req-00003060,122500000,122,25.000000,25
req-00003061,122540000,122,25.000000,25
req-00003062,122580000,122,25.000000,25
req-00003063,122620000,122,25.000000,25
req-00003064,122660000,122,25.000000,25
req-00003065,122700000,122,25.000000,25
req-00003066,122740000,122,25.000000,25
req-00003067,122780000,122,25.000000,25
req-00003068,122820000,122,25.000000,25
req-00003069,122860000,122,25.000000,25
req-00003070,122900000,122,25.000000,25
req-00003071,122940000,122,25.000000,25
req-00003072,122980000,122,25.000000,25
req-00003073,123019231,123,26.000000,26
req-00003074,123057692,123,26.000000,26
req-00003075,123096154,123,26.000000,26
req-00003076,123134615,123,26.000000,26
req-00003077,123173077,123,26.000000,26
req-00003078,123211538,123,26.000000,26
req-00003079,123250000,123,26.000000,26
req-00003080,123288462,123,26.000000,26
req-00003081,123326923,123,26.000000,26
req-00003082,123365385,123,26.000000,26
req-00003083,123403846,123,26.000000,26
req-00003084,123442308,123,26.000000,26
req-00003085,123480769,123,26.000000,26
req-00003086,123519231,123,26.000000,26
req-00003087,123557692,123,26.000000,26
req-00003088,123596154,123,26.000000,26
req-00003089,123634615,123,26.000000,26
req-00003090,123673077,123,26.000000,26
req-00003091,123711538,123,26.000000,26
req-00003092,123750000,123,26.000000,26
req-00003093,123788462,123,26.000000,26
req-00003094,123826923,123,26.000000,26
req-00003095,123865385,123,26.000000,26
req-00003096,123903846,123,26.000000,26
req-00003097,123942308,123,26.000000,26
req-00003098,123980769,123,26.000000,26
req-00003099,124018519,124,27.000000,27
req-00003100,124055556,124,27.000000,27
req-00003101,124092593,124,27.000000,27
req-00003102,124129630,124,27.000000,27
req-00003103,124166667,124,27.000000,27
req-00003104,124203704,124,27.000000,27
req-00003105,124240741,124,27.000000,27
req-00003106,124277778,124,27.000000,27
req-00003107,124314815,124,27.000000,27
req-00003108,124351852,124,27.000000,27
req-00003109,124388889,124,27.000000,27
req-00003110,124425926,124,27.000000,27
req-00003111,124462963,124,27.000000,27
req-00003112,124500000,124,27.000000,27
req-00003113,124537037,124,27.000000,27
req-00003114,124574074,124,27.000000,27
req-00003115,124611111,124,27.000000,27
req-00003116,124648148,124,27.000000,27
req-00003117,124685185,124,27.000000,27
req-00003118,124722222,124,27.000000,27
req-00003119,124759259,124,27.000000,27
req-00003120,124796296,124,27.000000,27
req-00003121,124833333,124,27.000000,27
req-00003122,124870370,124,27.000000,27
req-00003123,124907407,124,27.000000,27
req-00003124,124944444,124,27.000000,27
req-00003125,124981481,124,27.000000,27
req-00003126,125019231,125,26.000000,26
req-00003127,125057692,125,26.000000,26
req-00003128,125096154,125,26.000000,26
req-00003129,125134615,125,26.000000,26
req-00003130,125173077,125,26.000000,26
req-00003131,125211538,125,26.000000,26
req-00003132,125250000,125,26.000000,26
req-00003133,125288462,125,26.000000,26
req-00003134,125326923,125,26.000000,26
req-00003135,125365385,125,26.000000,26
req-00003136,125403846,125,26.000000,26
req-00003137,125442308,125,26.000000,26
req-00003138,125480769,125,26.000000,26
req-00003139,125519231,125,26.000000,26
req-00003140,125557692,125,26.000000,26
req-00003141,125596154,125,26.000000,26
req-00003142,125634615,125,26.000000,26
req-00003143,125673077,125,26.000000,26
req-00003144,125711538,125,26.000000,26
req-00003145,125750000,125,26.000000,26
req-00003146,125788462,125,26.000000,26
req-00003147,125826923,125,26.000000,26
req-00003148,125865385,125,26.000000,26
req-00003149,125903846,125,26.000000,26
req-00003150,125942308,125,26.000000,26
req-00003151,125980769,125,26.000000,26
req-00003152,126020000,126,25.000000,25
req-00003153,126060000,126,25.000000,25
req-00003154,126100000,126,25.000000,25
req-00003155,126140000,126,25.000000,25
req-00003156,126180000,126,25.000000,25
req-00003157,126220000,126,25.000000,25
req-00003158,126260000,126,25.000000,25
req-00003159,126300000,126,25.000000,25
req-00003160,126340000,126,25.000000,25
req-00003161,126380000,126,25.000000,25
req-00003162,126420000,126,25.000000,25
req-00003163,126460000,126,25.000000,25
req-00003164,126500000,126,25.000000,25
req-00003165,126540000,126,25.000000,25
req-00003166,126580000,126,25.000000,25
req-00003167,126620000,126,25.000000,25
req-00003168,126660000,126,25.000000,25
req-00003169,126700000,126,25.000000,25
req-00003170,126740000,126,25.000000,25
req-00003171,126780000,126,25.000000,25
req-00003172,126820000,126,25.000000,25
req-00003173,126860000,126,25.000000,25
req-00003174,126900000,126,25.000000,25
req-00003175,126940000,126,25.000000,25
req-00003176,126980000,126,25.000000,25
req-00003177,127020833,127,24.000000,24
req-00003178,127062500,127,24.000000,24
req-00003179,127104167,127,24.000000,24
req-00003180,127145833,127,24.000000,24
req-00003181,127187500,127,24.000000,24
req-00003182,127229167,127,24.000000,24
req-00003183,127270833,127,24.000000,24
req-00003184,127312500,127,24.000000,24
req-00003185,127354167,127,24.000000,24
req-00003186,127395833,127,24.000000,24
req-00003187,127437500,127,24.000000,24
req-00003188,127479167,127,24.000000,24
req-00003189,127520833,127,24.000000,24
req-00003190,127562500,127,24.000000,24
req-00003191,127604167,127,24.000000,24
req-00003192,127645833,127,24.000000,24
req-00003193,127687500,127,24.000000,24
req-00003194,127729167,127,24.000000,24
req-00003195,127770833,127,24.000000,24
req-00003196,127812500,127,24.000000,24
req-00003197,127854167,127,24.000000,24
req-00003198,127895833,127,24.000000,24
req-00003199,127937500,127,24.000000,24
req-00003200,127979167,127,24.000000,24
req-00003201,128021739,128,23.000000,23
req-00003202,128065217,128,23.000000,23
req-00003203,128108696,128,23.000000,23
req-00003204,128152174,128,23.000000,23
req-00003205,128195652,128,23.000000,23
req-00003206,128239130,128,23.000000,23
req-00003207,128282609,128,23.000000,23
req-00003208,128326087,128,23.000000,23
req-00003209,128369565,128,23.000000,23
req-00003210,128413043,128,23.000000,23
req-00003211,128456522,128,23.000000,23
req-00003212,128500000,128,23.000000,23
req-00003213,128543478,128,23.000000,23
req-00003214,128586957,128,23.000000,23
req-00003215,128630435,128,23.000000,23
req-00003216,128673913,128,23.000000,23
req-00003217,128717391,128,23.000000,23
req-00003218,128760870,128,23.000000,23
req-00003219,128804348,128,23.000000,23
req-00003220,128847826,128,23.000000,23
req-00003221,128891304,128,23.000000,23
req-00003222,128934783,128,23.000000,23
req-00003223,128978261,128,23.000000,23
req-00003224,129020833,129,24.000000,24
req-00003225,129062500,129,24.000000,24
req-00003226,129104167,129,24.000000,24
req-00003227,129145833,129,24.000000,24
req-00003228,129187500,129,24.000000,24
req-00003229,129229167,129,24.000000,24
req-00003230,129270833,129,24.000000,24
req-00003231,129312500,129,24.000000,24
req-00003232,129354167,129,24.000000,24
req-00003233,129395833,129,24.000000,24
req-00003234,129437500,129,24.000000,24
req-00003235,129479167,129,24.000000,24
req-00003236,129520833,129,24.000000,24
req-00003237,129562500,129,24.000000,24
req-00003238,129604167,129,24.000000,24
req-00003239,129645833,129,24.000000,24
req-00003240,129687500,129,24.000000,24
req-00003241,129729167,129,24.000000,24
req-00003242,129770833,129,24.000000,24
req-00003243,129812500,129,24.000000,24
req-00003244,129854167,129,24.000000,24
req-00003245,129895833,129,24.000000,24
req-00003246,129937500,129,24.000000,24
req-00003247,129979167,129,24.000000,24
req-00003248,130020000,130,25.000000,25
req-00003249,130060000,130,25.000000,25
req-00003250,130100000,130,25.000000,25
req-00003251,130140000,130,25.000000,25
req-00003252,130180000,130,25.000000,25
req-00003253,130220000,130,25.000000,25
req-00003254,130260000,130,25.000000,25
req-00003255,130300000,130,25.000000,25
req-00003256,130340000,130,25.000000,25
req-00003257,130380000,130,25.000000,25
req-00003258,130420000,130,25.000000,25
req-00003259,130460000,130,25.000000,25
req-00003260,130500000,130,25.000000,25
req-00003261,130540000,130,25.000000,25
req-00003262,130580000,130,25.000000,25
req-00003263,130620000,130,25.000000,25
req-00003264,130660000,130,25.000000,25
req-00003265,130700000,130,25.000000,25
req-00003266,130740000,130,25.000000,25
req-00003267,130780000,130,25.000000,25
req-00003268,130820000,130,25.000000,25
req-00003269,130860000,130,25.000000,25
req-00003270,130900000,130,25.000000,25
req-00003271,130940000,130,25.000000,25
req-00003272,130980000,130,25.000000,25
req-00003273,131019231,131,26.000000,26
req-00003274,131057692,131,26.000000,26
req-00003275,131096154,131,26.000000,26
req-00003276,131134615,131,26.000000,26
req-00003277,131173077,131,26.000000,26
req-00003278,131211538,131,26.000000,26
req-00003279,131250000,131,26.000000,26
req-00003280,131288462,131,26.000000,26
req-00003281,131326923,131,26.000000,26
req-00003282,131365385,131,26.000000,26
req-00003283,131403846,131,26.000000,26
req-00003284,131442308,131,26.000000,26
req-00003285,131480769,131,26.000000,26
req-00003286,131519231,131,26.000000,26
req-00003287,131557692,131,26.000000,26
req-00003288,131596154,131,26.000000,26
req-00003289,131634615,131,26.000000,26
req-00003290,131673077,131,26.000000,26
req-00003291,131711538,131,26.000000,26
req-00003292,131750000,131,26.000000,26
req-00003293,131788462,131,26.000000,26
req-00003294,131826923,131,26.000000,26
req-00003295,131865385,131,26.000000,26
req-00003296,131903846,131,26.000000,26
req-00003297,131942308,131,26.000000,26
req-00003298,131980769,131,26.000000,26
req-00003299,132018519,132,27.000000,27
req-00003300,132055556,132,27.000000,27
req-00003301,132092593,132,27.000000,27
req-00003302,132129630,132,27.000000,27
req-00003303,132166667,132,27.000000,27
req-00003304,132203704,132,27.000000,27
req-00003305,132240741,132,27.000000,27
req-00003306,132277778,132,27.000000,27
req-00003307,132314815,132,27.000000,27
req-00003308,132351852,132,27.000000,27
req-00003309,132388889,132,27.000000,27
req-00003310,132425926,132,27.000000,27
req-00003311,132462963,132,27.000000,27
req-00003312,132500000,132,27.000000,27
req-00003313,132537037,132,27.000000,27
req-00003314,132574074,132,27.000000,27
req-00003315,132611111,132,27.000000,27
req-00003316,132648148,132,27.000000,27
req-00003317,132685185,132,27.000000,27
req-00003318,132722222,132,27.000000,27
req-00003319,132759259,132,27.000000,27
req-00003320,132796296,132,27.000000,27
req-00003321,132833333,132,27.000000,27
req-00003322,132870370,132,27.000000,27
req-00003323,132907407,132,27.000000,27
req-00003324,132944444,132,27.000000,27
req-00003325,132981481,132,27.000000,27
req-00003326,133019231,133,26.000000,26
req-00003327,133057692,133,26.000000,26
req-00003328,133096154,133,26.000000,26
req-00003329,133134615,133,26.000000,26
req-00003330,133173077,133,26.000000,26
req-00003331,133211538,133,26.000000,26
req-00003332,133250000,133,26.000000,26
req-00003333,133288462,133,26.000000,26
req-00003334,133326923,133,26.000000,26
req-00003335,133365385,133,26.000000,26
req-00003336,133403846,133,26.000000,26
req-00003337,133442308,133,26.000000,26
req-00003338,133480769,133,26.000000,26
req-00003339,133519231,133,26.000000,26
req-00003340,133557692,133,26.000000,26
req-00003341,133596154,133,26.000000,26
req-00003342,133634615,133,26.000000,26
req-00003343,133673077,133,26.000000,26
req-00003344,133711538,133,26.000000,26
req-00003345,133750000,133,26.000000,26
req-00003346,133788462,133,26.000000,26
req-00003347,133826923,133,26.000000,26
req-00003348,133865385,133,26.000000,26
req-00003349,133903846,133,26.000000,26
req-00003350,133942308,133,26.000000,26
req-00003351,133980769,133,26.000000,26
req-00003352,134020000,134,25.000000,25
req-00003353,134060000,134,25.000000,25
req-00003354,134100000,134,25.000000,25
req-00003355,134140000,134,25.000000,25
req-00003356,134180000,134,25.000000,25
req-00003357,134220000,134,25.000000,25
req-00003358,134260000,134,25.000000,25
req-00003359,134300000,134,25.000000,25
req-00003360,134340000,134,25.000000,25
req-00003361,134380000,134,25.000000,25
req-00003362,134420000,134,25.000000,25
req-00003363,134460000,134,25.000000,25
req-00003364,134500000,134,25.000000,25
req-00003365,134540000,134,25.000000,25
req-00003366,134580000,134,25.000000,25
req-00003367,134620000,134,25.000000,25
req-00003368,134660000,134,25.000000,25
req-00003369,134700000,134,25.000000,25
req-00003370,134740000,134,25.000000,25
req-00003371,134780000,134,25.000000,25
req-00003372,134820000,134,25.000000,25
req-00003373,134860000,134,25.000000,25
req-00003374,134900000,134,25.000000,25
req-00003375,134940000,134,25.000000,25
req-00003376,134980000,134,25.000000,25
req-00003377,135020833,135,24.000000,24
req-00003378,135062500,135,24.000000,24
req-00003379,135104167,135,24.000000,24
req-00003380,135145833,135,24.000000,24
req-00003381,135187500,135,24.000000,24
req-00003382,135229167,135,24.000000,24
req-00003383,135270833,135,24.000000,24
req-00003384,135312500,135,24.000000,24
req-00003385,135354167,135,24.000000,24
req-00003386,135395833,135,24.000000,24
req-00003387,135437500,135,24.000000,24
req-00003388,135479167,135,24.000000,24
req-00003389,135520833,135,24.000000,24
req-00003390,135562500,135,24.000000,24
req-00003391,135604167,135,24.000000,24
req-00003392,135645833,135,24.000000,24
req-00003393,135687500,135,24.000000,24
req-00003394,135729167,135,24.000000,24
req-00003395,135770833,135,24.000000,24
req-00003396,135812500,135,24.000000,24
req-00003397,135854167,135,24.000000,24
req-00003398,135895833,135,24.000000,24
req-00003399,135937500,135,24.000000,24
req-00003400,135979167,135,24.000000,24
req-00003401,136021739,136,23.000000,23
req-00003402,136065217,136,23.000000,23
req-00003403,136108696,136,23.000000,23
req-00003404,136152174,136,23.000000,23
req-00003405,136195652,136,23.000000,23
req-00003406,136239130,136,23.000000,23
req-00003407,136282609,136,23.000000,23
req-00003408,136326087,136,23.000000,23
req-00003409,136369565,136,23.000000,23
req-00003410,136413043,136,23.000000,23
req-00003411,136456522,136,23.000000,23
req-00003412,136500000,136,23.000000,23
req-00003413,136543478,136,23.000000,23
req-00003414,136586957,136,23.000000,23
req-00003415,136630435,136,23.000000,23
req-00003416,136673913,136,23.000000,23
req-00003417,136717391,136,23.000000,23
req-00003418,136760870,136,23.000000,23
req-00003419,136804348,136,23.000000,23
req-00003420,136847826,136,23.000000,23
req-00003421,136891304,136,23.000000,23
req-00003422,136934783,136,23.000000,23
req-00003423,136978261,136,23.000000,23
req-00003424,137020833,137,24.000000,24
req-00003425,137062500,137,24.000000,24
req-00003426,137104167,137,24.000000,24
req-00003427,137145833,137,24.000000,24
req-00003428,137187500,137,24.000000,24
req-00003429,137229167,137,24.000000,24
req-00003430,137270833,137,24.000000,24
req-00003431,137312500,137,24.000000,24
req-00003432,137354167,137,24.000000,24
req-00003433,137395833,137,24.000000,24
req-00003434,137437500,137,24.000000,24
req-00003435,137479167,137,24.000000,24
req-00003436,137520833,137,24.000000,24
req-00003437,137562500,137,24.000000,24
req-00003438,137604167,137,24.000000,24
req-00003439,137645833,137,24.000000,24
req-00003440,137687500,137,24.000000,24
req-00003441,137729167,137,24.000000,24
req-00003442,137770833,137,24.000000,24
req-00003443,137812500,137,24.000000,24
req-00003444,137854167,137,24.000000,24
req-00003445,137895833,137,24.000000,24
req-00003446,137937500,137,24.000000,24
req-00003447,137979167,137,24.000000,24
req-00003448,138020000,138,25.000000,25
req-00003449,138060000,138,25.000000,25
req-00003450,138100000,138,25.000000,25
req-00003451,138140000,138,25.000000,25
req-00003452,138180000,138,25.000000,25
req-00003453,138220000,138,25.000000,25
req-00003454,138260000,138,25.000000,25
req-00003455,138300000,138,25.000000,25
req-00003456,138340000,138,25.000000,25
req-00003457,138380000,138,25.000000,25
req-00003458,138420000,138,25.000000,25
req-00003459,138460000,138,25.000000,25
req-00003460,138500000,138,25.000000,25
req-00003461,138540000,138,25.000000,25
req-00003462,138580000,138,25.000000,25
req-00003463,138620000,138,25.000000,25
req-00003464,138660000,138,25.000000,25
req-00003465,138700000,138,25.000000,25
req-00003466,138740000,138,25.000000,25
req-00003467,138780000,138,25.000000,25
req-00003468,138820000,138,25.000000,25
req-00003469,138860000,138,25.000000,25
req-00003470,138900000,138,25.000000,25
req-00003471,138940000,138,25.000000,25
req-00003472,138980000,138,25.000000,25
req-00003473,139019231,139,26.000000,26
req-00003474,139057692,139,26.000000,26
req-00003475,139096154,139,26.000000,26
req-00003476,139134615,139,26.000000,26
req-00003477,139173077,139,26.000000,26
req-00003478,139211538,139,26.000000,26
req-00003479,139250000,139,26.000000,26
req-00003480,139288462,139,26.000000,26
req-00003481,139326923,139,26.000000,26
req-00003482,139365385,139,26.000000,26
req-00003483,139403846,139,26.000000,26
req-00003484,139442308,139,26.000000,26
req-00003485,139480769,139,26.000000,26
req-00003486,139519231,139,26.000000,26
req-00003487,139557692,139,26.000000,26
req-00003488,139596154,139,26.000000,26
req-00003489,139634615,139,26.000000,26
req-00003490,139673077,139,26.000000,26
req-00003491,139711538,139,26.000000,26
req-00003492,139750000,139,26.000000,26
req-00003493,139788462,139,26.000000,26
req-00003494,139826923,139,26.000000,26
req-00003495,139865385,139,26.000000,26
req-00003496,139903846,139,26.000000,26
req-00003497,139942308,139,26.000000,26
req-00003498,139980769,139,26.000000,26
req-00003499,140018519,140,27.000000,27
req-00003500,140055556,140,27.000000,27
req-00003501,140092593,140,27.000000,27
req-00003502,140129630,140,27.000000,27
req-00003503,140166667,140,27.000000,27
req-00003504,140203704,140,27.000000,27
req-00003505,140240741,140,27.000000,27
req-00003506,140277778,140,27.000000,27
req-00003507,140314815,140,27.000000,27
req-00003508,140351852,140,27.000000,27
req-00003509,140388889,140,27.000000,27
req-00003510,140425926,140,27.000000,27
req-00003511,140462963,140,27.000000,27
req-00003512,140500000,140,27.000000,27
req-00003513,140537037,140,27.000000,27
req-00003514,140574074,140,27.000000,27
req-00003515,140611111,140,27.000000,27
req-00003516,140648148,140,27.000000,27
req-00003517,140685185,140,27.000000,27
req-00003518,140722222,140,27.000000,27
req-00003519,140759259,140,27.000000,27
req-00003520,140796296,140,27.000000,27
req-00003521,140833333,140,27.000000,27
req-00003522,140870370,140,27.000000,27
req-00003523,140907407,140,27.000000,27
req-00003524,140944444,140,27.000000,27
req-00003525,140981481,140,27.000000,27
req-00003526,141019231,141,26.000000,26
req-00003527,141057692,141,26.000000,26
req-00003528,141096154,141,26.000000,26
req-00003529,141134615,141,26.000000,26
req-00003530,141173077,141,26.000000,26
req-00003531,141211538,141,26.000000,26
req-00003532,141250000,141,26.000000,26
req-00003533,141288462,141,26.000000,26
req-00003534,141326923,141,26.000000,26
req-00003535,141365385,141,26.000000,26
req-00003536,141403846,141,26.000000,26
req-00003537,141442308,141,26.000000,26
req-00003538,141480769,141,26.000000,26
req-00003539,141519231,141,26.000000,26
req-00003540,141557692,141,26.000000,26
req-00003541,141596154,141,26.000000,26
req-00003542,141634615,141,26.000000,26
req-00003543,141673077,141,26.000000,26
req-00003544,141711538,141,26.000000,26
req-00003545,141750000,141,26.000000,26
req-00003546,141788462,141,26.000000,26
req-00003547,141826923,141,26.000000,26
req-00003548,141865385,141,26.000000,26
req-00003549,141903846,141,26.000000,26
req-00003550,141942308,141,26.000000,26
req-00003551,141980769,141,26.000000,26
req-00003552,142020000,142,25.000000,25
req-00003553,142060000,142,25.000000,25
req-00003554,142100000,142,25.000000,25
req-00003555,142140000,142,25.000000,25
req-00003556,142180000,142,25.000000,25
req-00003557,142220000,142,25.000000,25
req-00003558,142260000,142,25.000000,25
req-00003559,142300000,142,25.000000,25
req-00003560,142340000,142,25.000000,25
req-00003561,142380000,142,25.000000,25
req-00003562,142420000,142,25.000000,25
req-00003563,142460000,142,25.000000,25
req-00003564,142500000,142,25.000000,25
req-00003565,142540000,142,25.000000,25
req-00003566,142580000,142,25.000000,25
req-00003567,142620000,142,25.000000,25
req-00003568,142660000,142,25.000000,25
req-00003569,142700000,142,25.000000,25
req-00003570,142740000,142,25.000000,25
req-00003571,142780000,142,25.000000,25
req-00003572,142820000,142,25.000000,25
req-00003573,142860000,142,25.000000,25
req-00003574,142900000,142,25.000000,25
req-00003575,142940000,142,25.000000,25
req-00003576,142980000,142,25.000000,25
req-00003577,143020833,143,24.000000,24
req-00003578,143062500,143,24.000000,24
req-00003579,143104167,143,24.000000,24
req-00003580,143145833,143,24.000000,24
req-00003581,143187500,143,24.000000,24
req-00003582,143229167,143,24.000000,24
req-00003583,143270833,143,24.000000,24
req-00003584,143312500,143,24.000000,24
req-00003585,143354167,143,24.000000,24
req-00003586,143395833,143,24.000000,24
req-00003587,143437500,143,24.000000,24
req-00003588,143479167,143,24.000000,24
req-00003589,143520833,143,24.000000,24
req-00003590,143562500,143,24.000000,24
req-00003591,143604167,143,24.000000,24
req-00003592,143645833,143,24.000000,24
req-00003593,143687500,143,24.000000,24
req-00003594,143729167,143,24.000000,24
req-00003595,143770833,143,24.000000,24
req-00003596,143812500,143,24.000000,24
req-00003597,143854167,143,24.000000,24
req-00003598,143895833,143,24.000000,24
req-00003599,143937500,143,24.000000,24
req-00003600,143979167,143,24.000000,24
req-00003601,144021739,144,23.000000,23
req-00003602,144065217,144,23.000000,23
req-00003603,144108696,144,23.000000,23
req-00003604,144152174,144,23.000000,23
req-00003605,144195652,144,23.000000,23
req-00003606,144239130,144,23.000000,23
req-00003607,144282609,144,23.000000,23
req-00003608,144326087,144,23.000000,23
req-00003609,144369565,144,23.000000,23
req-00003610,144413043,144,23.000000,23
req-00003611,144456522,144,23.000000,23
req-00003612,144500000,144,23.000000,23
req-00003613,144543478,144,23.000000,23
req-00003614,144586957,144,23.000000,23
req-00003615,144630435,144,23.000000,23
req-00003616,144673913,144,23.000000,23
req-00003617,144717391,144,23.000000,23
req-00003618,144760870,144,23.000000,23
req-00003619,144804348,144,23.000000,23
req-00003620,144847826,144,23.000000,23
req-00003621,144891304,144,23.000000,23
req-00003622,144934783,144,23.000000,23
req-00003623,144978261,144,23.000000,23
req-00003624,145020833,145,24.000000,24
req-00003625,145062500,145,24.000000,24
req-00003626,145104167,145,24.000000,24
req-00003627,145145833,145,24.000000,24
req-00003628,145187500,145,24.000000,24
req-00003629,145229167,145,24.000000,24
req-00003630,145270833,145,24.000000,24
req-00003631,145312500,145,24.000000,24
req-00003632,145354167,145,24.000000,24
req-00003633,145395833,145,24.000000,24
req-00003634,145437500,145,24.000000,24
req-00003635,145479167,145,24.000000,24
req-00003636,145520833,145,24.000000,24
req-00003637,145562500,145,24.000000,24
req-00003638,145604167,145,24.000000,24
req-00003639,145645833,145,24.000000,24
req-00003640,145687500,145,24.000000,24
req-00003641,145729167,145,24.000000,24
req-00003642,145770833,145,24.000000,24
req-00003643,145812500,145,24.000000,24
req-00003644,145854167,145,24.000000,24
req-00003645,145895833,145,24.000000,24
req-00003646,145937500,145,24.000000,24
req-00003647,145979167,145,24.000000,24
req-00003648,146020000,146,25.000000,25
req-00003649,146060000,146,25.000000,25
req-00003650,146100000,146,25.000000,25
req-00003651,146140000,146,25.000000,25
req-00003652,146180000,146,25.000000,25
req-00003653,146220000,146,25.000000,25
req-00003654,146260000,146,25.000000,25
req-00003655,146300000,146,25.000000,25
req-00003656,146340000,146,25.000000,25
req-00003657,146380000,146,25.000000,25
req-00003658,146420000,146,25.000000,25
req-00003659,146460000,146,25.000000,25
req-00003660,146500000,146,25.000000,25
req-00003661,146540000,146,25.000000,25
req-00003662,146580000,146,25.000000,25
req-00003663,146620000,146,25.000000,25
req-00003664,146660000,146,25.000000,25
req-00003665,146700000,146,25.000000,25
req-00003666,146740000,146,25.000000,25
req-00003667,146780000,146,25.000000,25
req-00003668,146820000,146,25.000000,25
req-00003669,146860000,146,25.000000,25
req-00003670,146900000,146,25.000000,25
req-00003671,146940000,146,25.000000,25
req-00003672,146980000,146,25.000000,25
req-00003673,147019231,147,26.000000,26
req-00003674,147057692,147,26.000000,26
req-00003675,147096154,147,26.000000,26
req-00003676,147134615,147,26.000000,26
req-00003677,147173077,147,26.000000,26
req-00003678,147211538,147,26.000000,26
req-00003679,147250000,147,26.000000,26
req-00003680,147288462,147,26.000000,26
req-00003681,147326923,147,26.000000,26
req-00003682,147365385,147,26.000000,26
req-00003683,147403846,147,26.000000,26
req-00003684,147442308,147,26.000000,26
req-00003685,147480769,147,26.000000,26
req-00003686,147519231,147,26.000000,26
req-00003687,147557692,147,26.000000,26
req-00003688,147596154,147,26.000000,26
req-00003689,147634615,147,26.000000,26
req-00003690,147673077,147,26.000000,26
req-00003691,147711538,147,26.000000,26
req-00003692,147750000,147,26.000000,26
req-00003693,147788462,147,26.000000,26
req-00003694,147826923,147,26.000000,26
req-00003695,147865385,147,26.000000,26
req-00003696,147903846,147,26.000000,26
req-00003697,147942308,147,26.000000,26
req-00003698,147980769,147,26.000000,26
req-00003699,148018519,148,27.000000,27
req-00003700,148055556,148,27.000000,27
req-00003701,148092593,148,27.000000,27
req-00003702,148129630,148,27.000000,27
req-00003703,148166667,148,27.000000,27
req-00003704,148203704,148,27.000000,27
req-00003705,148240741,148,27.000000,27
req-00003706,148277778,148,27.000000,27
req-00003707,148314815,148,27.000000,27
req-00003708,148351852,148,27.000000,27
req-00003709,148388889,148,27.000000,27
req-00003710,148425926,148,27.000000,27
req-00003711,148462963,148,27.000000,27
req-00003712,148500000,148,27.000000,27
req-00003713,148537037,148,27.000000,27
req-00003714,148574074,148,27.000000,27
req-00003715,148611111,148,27.000000,27
req-00003716,148648148,148,27.000000,27
req-00003717,148685185,148,27.000000,27
req-00003718,148722222,148,27.000000,27
req-00003719,148759259,148,27.000000,27
req-00003720,148796296,148,27.000000,27
req-00003721,148833333,148,27.000000,27
req-00003722,148870370,148,27.000000,27
req-00003723,148907407,148,27.000000,27
req-00003724,148944444,148,27.000000,27
req-00003725,148981481,148,27.000000,27
req-00003726,149019231,149,26.000000,26
req-00003727,149057692,149,26.000000,26
req-00003728,149096154,149,26.000000,26
req-00003729,149134615,149,26.000000,26
req-00003730,149173077,149,26.000000,26
req-00003731,149211538,149,26.000000,26
req-00003732,149250000,149,26.000000,26
req-00003733,149288462,149,26.000000,26
req-00003734,149326923,149,26.000000,26
req-00003735,149365385,149,26.000000,26
req-00003736,149403846,149,26.000000,26
req-00003737,149442308,149,26.000000,26
req-00003738,149480769,149,26.000000,26
req-00003739,149519231,149,26.000000,26
req-00003740,149557692,149,26.000000,26
req-00003741,149596154,149,26.000000,26
req-00003742,149634615,149,26.000000,26
req-00003743,149673077,149,26.000000,26
req-00003744,149711538,149,26.000000,26
req-00003745,149750000,149,26.000000,26
req-00003746,149788462,149,26.000000,26
req-00003747,149826923,149,26.000000,26
req-00003748,149865385,149,26.000000,26
req-00003749,149903846,149,26.000000,26
req-00003750,149942308,149,26.000000,26
req-00003751,149980769,149,26.000000,26
req-00003752,150020000,150,25.000000,25
req-00003753,150060000,150,25.000000,25
req-00003754,150100000,150,25.000000,25
req-00003755,150140000,150,25.000000,25
req-00003756,150180000,150,25.000000,25
req-00003757,150220000,150,25.000000,25
req-00003758,150260000,150,25.000000,25
req-00003759,150300000,150,25.000000,25
req-00003760,150340000,150,25.000000,25
req-00003761,150380000,150,25.000000,25
req-00003762,150420000,150,25.000000,25
req-00003763,150460000,150,25.000000,25
req-00003764,150500000,150,25.000000,25
req-00003765,150540000,150,25.000000,25
req-00003766,150580000,150,25.000000,25
req-00003767,150620000,150,25.000000,25
req-00003768,150660000,150,25.000000,25
req-00003769,150700000,150,25.000000,25
req-00003770,150740000,150,25.000000,25
req-00003771,150780000,150,25.000000,25
req-00003772,150820000,150,25.000000,25
req-00003773,150860000,150,25.000000,25
req-00003774,150900000,150,25.000000,25
req-00003775,150940000,150,25.000000,25
req-00003776,150980000,150,25.000000,25
req-00003777,151020833,151,24.000000,24
req-00003778,151062500,151,24.000000,24
req-00003779,151104167,151,24.000000,24
req-00003780,151145833,151,24.000000,24
req-00003781,151187500,151,24.000000,24
req-00003782,151229167,151,24.000000,24
req-00003783,151270833,151,24.000000,24
req-00003784,151312500,151,24.000000,24
req-00003785,151354167,151,24.000000,24
req-00003786,151395833,151,24.000000,24
req-00003787,151437500,151,24.000000,24
req-00003788,151479167,151,24.000000,24
req-00003789,151520833,151,24.000000,24
req-00003790,151562500,151,24.000000,24
req-00003791,151604167,151,24.000000,24
req-00003792,151645833,151,24.000000,24
req-00003793,151687500,151,24.000000,24
req-00003794,151729167,151,24.000000,24
req-00003795,151770833,151,24.000000,24
req-00003796,151812500,151,24.000000,24
req-00003797,151854167,151,24.000000,24
req-00003798,151895833,151,24.000000,24
req-00003799,151937500,151,24.000000,24
req-00003800,151979167,151,24.000000,24
req-00003801,152021739,152,23.000000,23
req-00003802,152065217,152,23.000000,23
req-00003803,152108696,152,23.000000,23
req-00003804,152152174,152,23.000000,23
req-00003805,152195652,152,23.000000,23
req-00003806,152239130,152,23.000000,23
req-00003807,152282609,152,23.000000,23
req-00003808,152326087,152,23.000000,23
req-00003809,152369565,152,23.000000,23
req-00003810,152413043,152,23.000000,23
req-00003811,152456522,152,23.000000,23
req-00003812,152500000,152,23.000000,23
req-00003813,152543478,152,23.000000,23
req-00003814,152586957,152,23.000000,23
req-00003815,152630435,152,23.000000,23
req-00003816,152673913,152,23.000000,23
req-00003817,152717391,152,23.000000,23
req-00003818,152760870,152,23.000000,23
req-00003819,152804348,152,23.000000,23
req-00003820,152847826,152,23.000000,23
req-00003821,152891304,152,23.000000,23
req-00003822,152934783,152,23.000000,23
req-00003823,152978261,152,23.000000,23
req-00003824,153020833,153,24.000000,24
req-00003825,153062500,153,24.000000,24
req-00003826,153104167,153,24.000000,24
req-00003827,153145833,153,24.000000,24
req-00003828,153187500,153,24.000000,24
req-00003829,153229167,153,24.000000,24
req-00003830,153270833,153,24.000000,24
req-00003831,153312500,153,24.000000,24
req-00003832,153354167,153,24.000000,24
req-00003833,153395833,153,24.000000,24
req-00003834,153437500,153,24.000000,24
req-00003835,153479167,153,24.000000,24
req-00003836,153520833,153,24.000000,24
req-00003837,153562500,153,24.000000,24
req-00003838,153604167,153,24.000000,24
req-00003839,153645833,153,24.000000,24
req-00003840,153687500,153,24.000000,24
req-00003841,153729167,153,24.000000,24
req-00003842,153770833,153,24.000000,24
req-00003843,153812500,153,24.000000,24
req-00003844,153854167,153,24.000000,24
req-00003845,153895833,153,24.000000,24
req-00003846,153937500,153,24.000000,24
req-00003847,153979167,153,24.000000,24
req-00003848,154020000,154,25.000000,25
req-00003849,154060000,154,25.000000,25
req-00003850,154100000,154,25.000000,25
req-00003851,154140000,154,25.000000,25
req-00003852,154180000,154,25.000000,25
req-00003853,154220000,154,25.000000,25
req-00003854,154260000,154,25.000000,25
req-00003855,154300000,154,25.000000,25
req-00003856,154340000,154,25.000000,25
req-00003857,154380000,154,25.000000,25
req-00003858,154420000,154,25.000000,25
req-00003859,154460000,154,25.000000,25
req-00003860,154500000,154,25.000000,25
req-00003861,154540000,154,25.000000,25
req-00003862,154580000,154,25.000000,25
req-00003863,154620000,154,25.000000,25
req-00003864,154660000,154,25.000000,25
req-00003865,154700000,154,25.000000,25
req-00003866,154740000,154,25.000000,25
req-00003867,154780000,154,25.000000,25
req-00003868,154820000,154,25.000000,25
req-00003869,154860000,154,25.000000,25
req-00003870,154900000,154,25.000000,25
req-00003871,154940000,154,25.000000,25
req-00003872,154980000,154,25.000000,25
req-00003873,155019231,155,26.000000,26
req-00003874,155057692,155,26.000000,26
req-00003875,155096154,155,26.000000,26
req-00003876,155134615,155,26.000000,26
req-00003877,155173077,155,26.000000,26
req-00003878,155211538,155,26.000000,26
req-00003879,155250000,155,26.000000,26
req-00003880,155288462,155,26.000000,26
req-00003881,155326923,155,26.000000,26
req-00003882,155365385,155,26.000000,26
req-00003883,155403846,155,26.000000,26
req-00003884,155442308,155,26.000000,26
req-00003885,155480769,155,26.000000,26
req-00003886,155519231,155,26.000000,26
req-00003887,155557692,155,26.000000,26
req-00003888,155596154,155,26.000000,26
req-00003889,155634615,155,26.000000,26
req-00003890,155673077,155,26.000000,26
req-00003891,155711538,155,26.000000,26
req-00003892,155750000,155,26.000000,26
req-00003893,155788462,155,26.000000,26
req-00003894,155826923,155,26.000000,26
req-00003895,155865385,155,26.000000,26
req-00003896,155903846,155,26.000000,26
req-00003897,155942308,155,26.000000,26
req-00003898,155980769,155,26.000000,26
req-00003899,156018519,156,27.000000,27
req-00003900,156055556,156,27.000000,27
req-00003901,156092593,156,27.000000,27
req-00003902,156129630,156,27.000000,27
req-00003903,156166667,156,27.000000,27
req-00003904,156203704,156,27.000000,27
req-00003905,156240741,156,27.000000,27
req-00003906,156277778,156,27.000000,27
req-00003907,156314815,156,27.000000,27
req-00003908,156351852,156,27.000000,27
req-00003909,156388889,156,27.000000,27
req-00003910,156425926,156,27.000000,27
req-00003911,156462963,156,27.000000,27
req-00003912,156500000,156,27.000000,27
req-00003913,156537037,156,27.000000,27
req-00003914,156574074,156,27.000000,27
req-00003915,156611111,156,27.000000,27
req-00003916,156648148,156,27.000000,27
req-00003917,156685185,156,27.000000,27
req-00003918,156722222,156,27.000000,27
req-00003919,156759259,156,27.000000,27
req-00003920,156796296,156,27.000000,27
req-00003921,156833333,156,27.000000,27
req-00003922,156870370,156,27.000000,27
req-00003923,156907407,156,27.000000,27
req-00003924,156944444,156,27.000000,27
req-00003925,156981481,156,27.000000,27
req-00003926,157019231,157,26.000000,26
req-00003927,157057692,157,26.000000,26
req-00003928,157096154,157,26.000000,26
req-00003929,157134615,157,26.000000,26
req-00003930,157173077,157,26.000000,26
req-00003931,157211538,157,26.000000,26
req-00003932,157250000,157,26.000000,26
req-00003933,157288462,157,26.000000,26
req-00003934,157326923,157,26.000000,26
req-00003935,157365385,157,26.000000,26
req-00003936,157403846,157,26.000000,26
req-00003937,157442308,157,26.000000,26
req-00003938,157480769,157,26.000000,26
req-00003939,157519231,157,26.000000,26
req-00003940,157557692,157,26.000000,26
req-00003941,157596154,157,26.000000,26
req-00003942,157634615,157,26.000000,26
req-00003943,157673077,157,26.000000,26
req-00003944,157711538,157,26.000000,26
req-00003945,157750000,157,26.000000,26
req-00003946,157788462,157,26.000000,26
req-00003947,157826923,157,26.000000,26
req-00003948,157865385,157,26.000000,26
req-00003949,157903846,157,26.000000,26
req-00003950,157942308,157,26.000000,26
req-00003951,157980769,157,26.000000,26
req-00003952,158020000,158,25.000000,25
req-00003953,158060000,158,25.000000,25
req-00003954,158100000,158,25.000000,25
req-00003955,158140000,158,25.000000,25
req-00003956,158180000,158,25.000000,25
req-00003957,158220000,158,25.000000,25
req-00003958,158260000,158,25.000000,25
req-00003959,158300000,158,25.000000,25
req-00003960,158340000,158,25.000000,25
req-00003961,158380000,158,25.000000,25
req-00003962,158420000,158,25.000000,25
req-00003963,158460000,158,25.000000,25
req-00003964,158500000,158,25.000000,25
req-00003965,158540000,158,25.000000,25
req-00003966,158580000,158,25.000000,25
req-00003967,158620000,158,25.000000,25
req-00003968,158660000,158,25.000000,25
req-00003969,158700000,158,25.000000,25
req-00003970,158740000,158,25.000000,25
req-00003971,158780000,158,25.000000,25
req-00003972,158820000,158,25.000000,25
req-00003973,158860000,158,25.000000,25
req-00003974,158900000,158,25.000000,25
req-00003975,158940000,158,25.000000,25
req-00003976,158980000,158,25.000000,25
req-00003977,159020833,159,24.000000,24
req-00003978,159062500,159,24.000000,24
req-00003979,159104167,159,24.000000,24
req-00003980,159145833,159,24.000000,24
req-00003981,159187500,159,24.000000,24
req-00003982,159229167,159,24.000000,24
req-00003983,159270833,159,24.000000,24
req-00003984,159312500,159,24.000000,24
req-00003985,159354167,159,24.000000,24
req-00003986,159395833,159,24.000000,24
req-00003987,159437500,159,24.000000,24
req-00003988,159479167,159,24.000000,24
req-00003989,159520833,159,24.000000,24
req-00003990,159562500,159,24.000000,24
req-00003991,159604167,159,24.000000,24
req-00003992,159645833,159,24.000000,24
req-00003993,159687500,159,24.000000,24
req-00003994,159729167,159,24.000000,24
req-00003995,159770833,159,24.000000,24
req-00003996,159812500,159,24.000000,24
req-00003997,159854167,159,24.000000,24
req-00003998,159895833,159,24.000000,24
req-00003999,159937500,159,24.000000,24
req-00004000,159979167,159,24.000000,24
req-00004001,160021739,160,23.000000,23
req-00004002,160065217,160,23.000000,23
req-00004003,160108696,160,23.000000,23
req-00004004,160152174,160,23.000000,23
req-00004005,160195652,160,23.000000,23
req-00004006,160239130,160,23.000000,23
req-00004007,160282609,160,23.000000,23
req-00004008,160326087,160,23.000000,23
req-00004009,160369565,160,23.000000,23
req-00004010,160413043,160,23.000000,23
req-00004011,160456522,160,23.000000,23
req-00004012,160500000,160,23.000000,23
req-00004013,160543478,160,23.000000,23
req-00004014,160586957,160,23.000000,23
req-00004015,160630435,160,23.000000,23
req-00004016,160673913,160,23.000000,23
req-00004017,160717391,160,23.000000,23
req-00004018,160760870,160,23.000000,23
req-00004019,160804348,160,23.000000,23
req-00004020,160847826,160,23.000000,23
req-00004021,160891304,160,23.000000,23
req-00004022,160934783,160,23.000000,23
req-00004023,160978261,160,23.000000,23
req-00004024,161020833,161,24.000000,24
req-00004025,161062500,161,24.000000,24
req-00004026,161104167,161,24.000000,24
req-00004027,161145833,161,24.000000,24
req-00004028,161187500,161,24.000000,24
req-00004029,161229167,161,24.000000,24
req-00004030,161270833,161,24.000000,24
req-00004031,161312500,161,24.000000,24
req-00004032,161354167,161,24.000000,24
req-00004033,161395833,161,24.000000,24
req-00004034,161437500,161,24.000000,24
req-00004035,161479167,161,24.000000,24
req-00004036,161520833,161,24.000000,24
req-00004037,161562500,161,24.000000,24
req-00004038,161604167,161,24.000000,24
req-00004039,161645833,161,24.000000,24
req-00004040,161687500,161,24.000000,24
req-00004041,161729167,161,24.000000,24
req-00004042,161770833,161,24.000000,24
req-00004043,161812500,161,24.000000,24
req-00004044,161854167,161,24.000000,24
req-00004045,161895833,161,24.000000,24
req-00004046,161937500,161,24.000000,24
req-00004047,161979167,161,24.000000,24
req-00004048,162020000,162,25.000000,25
req-00004049,162060000,162,25.000000,25
req-00004050,162100000,162,25.000000,25
req-00004051,162140000,162,25.000000,25
req-00004052,162180000,162,25.000000,25
req-00004053,162220000,162,25.000000,25
req-00004054,162260000,162,25.000000,25
req-00004055,162300000,162,25.000000,25
req-00004056,162340000,162,25.000000,25
req-00004057,162380000,162,25.000000,25
req-00004058,162420000,162,25.000000,25
req-00004059,162460000,162,25.000000,25
req-00004060,162500000,162,25.000000,25
req-00004061,162540000,162,25.000000,25
req-00004062,162580000,162,25.000000,25
req-00004063,162620000,162,25.000000,25
req-00004064,162660000,162,25.000000,25
req-00004065,162700000,162,25.000000,25
req-00004066,162740000,162,25.000000,25
req-00004067,162780000,162,25.000000,25
req-00004068,162820000,162,25.000000,25
req-00004069,162860000,162,25.000000,25
req-00004070,162900000,162,25.000000,25
req-00004071,162940000,162,25.000000,25
req-00004072,162980000,162,25.000000,25
req-00004073,163019231,163,26.000000,26
req-00004074,163057692,163,26.000000,26
req-00004075,163096154,163,26.000000,26
req-00004076,163134615,163,26.000000,26
req-00004077,163173077,163,26.000000,26
req-00004078,163211538,163,26.000000,26
req-00004079,163250000,163,26.000000,26
req-00004080,163288462,163,26.000000,26
req-00004081,163326923,163,26.000000,26
req-00004082,163365385,163,26.000000,26
req-00004083,163403846,163,26.000000,26
req-00004084,163442308,163,26.000000,26
req-00004085,163480769,163,26.000000,26
req-00004086,163519231,163,26.000000,26
req-00004087,163557692,163,26.000000,26
req-00004088,163596154,163,26.000000,26
req-00004089,163634615,163,26.000000,26
req-00004090,163673077,163,26.000000,26
req-00004091,163711538,163,26.000000,26
req-00004092,163750000,163,26.000000,26
req-00004093,163788462,163,26.000000,26
req-00004094,163826923,163,26.000000,26
req-00004095,163865385,163,26.000000,26
req-00004096,163903846,163,26.000000,26
req-00004097,163942308,163,26.000000,26
req-00004098,163980769,163,26.000000,26
req-00004099,164018519,164,27.000000,27
req-00004100,164055556,164,27.000000,27
req-00004101,164092593,164,27.000000,27
req-00004102,164129630,164,27.000000,27
req-00004103,164166667,164,27.000000,27
req-00004104,164203704,164,27.000000,27
req-00004105,164240741,164,27.000000,27
req-00004106,164277778,164,27.000000,27
req-00004107,164314815,164,27.000000,27
req-00004108,164351852,164,27.000000,27
req-00004109,164388889,164,27.000000,27
req-00004110,164425926,164,27.000000,27
req-00004111,164462963,164,27.000000,27
req-00004112,164500000,164,27.000000,27
req-00004113,164537037,164,27.000000,27
req-00004114,164574074,164,27.000000,27
req-00004115,164611111,164,27.000000,27
req-00004116,164648148,164,27.000000,27
req-00004117,164685185,164,27.000000,27
req-00004118,164722222,164,27.000000,27
req-00004119,164759259,164,27.000000,27
req-00004120,164796296,164,27.000000,27
req-00004121,164833333,164,27.000000,27
req-00004122,164870370,164,27.000000,27
req-00004123,164907407,164,27.000000,27
req-00004124,164944444,164,27.000000,27
req-00004125,164981481,164,27.000000,27
req-00004126,165019231,165,26.000000,26
req-00004127,165057692,165,26.000000,26
req-00004128,165096154,165,26.000000,26
req-00004129,165134615,165,26.000000,26
req-00004130,165173077,165,26.000000,26
req-00004131,165211538,165,26.000000,26
req-00004132,165250000,165,26.000000,26
req-00004133,165288462,165,26.000000,26
req-00004134,165326923,165,26.000000,26
req-00004135,165365385,165,26.000000,26
req-00004136,165403846,165,26.000000,26
req-00004137,165442308,165,26.000000,26
req-00004138,165480769,165,26.000000,26
req-00004139,165519231,165,26.000000,26
req-00004140,165557692,165,26.000000,26
req-00004141,165596154,165,26.000000,26
req-00004142,165634615,165,26.000000,26
req-00004143,165673077,165,26.000000,26
req-00004144,165711538,165,26.000000,26
req-00004145,165750000,165,26.000000,26
req-00004146,165788462,165,26.000000,26
req-00004147,165826923,165,26.000000,26
req-00004148,165865385,165,26.000000,26
req-00004149,165903846,165,26.000000,26
req-00004150,165942308,165,26.000000,26
req-00004151,165980769,165,26.000000,26
req-00004152,166020000,166,25.000000,25
req-00004153,166060000,166,25.000000,25
req-00004154,166100000,166,25.000000,25
req-00004155,166140000,166,25.000000,25
req-00004156,166180000,166,25.000000,25
req-00004157,166220000,166,25.000000,25
req-00004158,166260000,166,25.000000,25
req-00004159,166300000,166,25.000000,25
req-00004160,166340000,166,25.000000,25
req-00004161,166380000,166,25.000000,25
req-00004162,166420000,166,25.000000,25
req-00004163,166460000,166,25.000000,25
req-00004164,166500000,166,25.000000,25
req-00004165,166540000,166,25.000000,25
req-00004166,166580000,166,25.000000,25
req-00004167,166620000,166,25.000000,25
req-00004168,166660000,166,25.000000,25
req-00004169,166700000,166,25.000000,25
req-00004170,166740000,166,25.000000,25
req-00004171,166780000,166,25.000000,25
req-00004172,166820000,166,25.000000,25
req-00004173,166860000,166,25.000000,25
req-00004174,166900000,166,25.000000,25
req-00004175,166940000,166,25.000000,25
req-00004176,166980000,166,25.000000,25
req-00004177,167020833,167,24.000000,24
req-00004178,167062500,167,24.000000,24
req-00004179,167104167,167,24.000000,24
req-00004180,167145833,167,24.000000,24
req-00004181,167187500,167,24.000000,24
req-00004182,167229167,167,24.000000,24
req-00004183,167270833,167,24.000000,24
req-00004184,167312500,167,24.000000,24
req-00004185,167354167,167,24.000000,24
req-00004186,167395833,167,24.000000,24
req-00004187,167437500,167,24.000000,24
req-00004188,167479167,167,24.000000,24
req-00004189,167520833,167,24.000000,24
req-00004190,167562500,167,24.000000,24
req-00004191,167604167,167,24.000000,24
req-00004192,167645833,167,24.000000,24
req-00004193,167687500,167,24.000000,24
req-00004194,167729167,167,24.000000,24
req-00004195,167770833,167,24.000000,24
req-00004196,167812500,167,24.000000,24
req-00004197,167854167,167,24.000000,24
req-00004198,167895833,167,24.000000,24
req-00004199,167937500,167,24.000000,24
req-00004200,167979167,167,24.000000,24
req-00004201,168021739,168,23.000000,23
req-00004202,168065217,168,23.000000,23
req-00004203,168108696,168,23.000000,23
req-00004204,168152174,168,23.000000,23
req-00004205,168195652,168,23.000000,23
req-00004206,168239130,168,23.000000,23
req-00004207,168282609,168,23.000000,23
req-00004208,168326087,168,23.000000,23
req-00004209,168369565,168,23.000000,23
req-00004210,168413043,168,23.000000,23
req-00004211,168456522,168,23.000000,23
req-00004212,168500000,168,23.000000,23
req-00004213,168543478,168,23.000000,23
req-00004214,168586957,168,23.000000,23
req-00004215,168630435,168,23.000000,23
req-00004216,168673913,168,23.000000,23
req-00004217,168717391,168,23.000000,23
req-00004218,168760870,168,23.000000,23
req-00004219,168804348,168,23.000000,23
req-00004220,168847826,168,23.000000,23
req-00004221,168891304,168,23.000000,23
req-00004222,168934783,168,23.000000,23
req-00004223,168978261,168,23.000000,23
req-00004224,169020833,169,24.000000,24
req-00004225,169062500,169,24.000000,24
req-00004226,169104167,169,24.000000,24
req-00004227,169145833,169,24.000000,24
req-00004228,169187500,169,24.000000,24
req-00004229,169229167,169,24.000000,24
req-00004230,169270833,169,24.000000,24
req-00004231,169312500,169,24.000000,24
req-00004232,169354167,169,24.000000,24
req-00004233,169395833,169,24.000000,24
req-00004234,169437500,169,24.000000,24
req-00004235,169479167,169,24.000000,24
req-00004236,169520833,169,24.000000,24
req-00004237,169562500,169,24.000000,24
req-00004238,169604167,169,24.000000,24
req-00004239,169645833,169,24.000000,24
req-00004240,169687500,169,24.000000,24
req-00004241,169729167,169,24.000000,24
req-00004242,169770833,169,24.000000,24
req-00004243,169812500,169,24.000000,24
req-00004244,169854167,169,24.000000,24
req-00004245,169895833,169,24.000000,24
req-00004246,169937500,169,24.000000,24
req-00004247,169979167,169,24.000000,24
req-00004248,170020000,170,25.000000,25
req-00004249,170060000,170,25.000000,25
req-00004250,170100000,170,25.000000,25
req-00004251,170140000,170,25.000000,25
req-00004252,170180000,170,25.000000,25
req-00004253,170220000,170,25.000000,25
req-00004254,170260000,170,25.000000,25
req-00004255,170300000,170,25.000000,25
req-00004256,170340000,170,25.000000,25
req-00004257,170380000,170,25.000000,25
req-00004258,170420000,170,25.000000,25
req-00004259,170460000,170,25.000000,25
req-00004260,170500000,170,25.000000,25
req-00004261,170540000,170,25.000000,25
req-00004262,170580000,170,25.000000,25
req-00004263,170620000,170,25.000000,25
req-00004264,170660000,170,25.000000,25
req-00004265,170700000,170,25.000000,25
req-00004266,170740000,170,25.000000,25
req-00004267,170780000,170,25.000000,25
req-00004268,170820000,170,25.000000,25
req-00004269,170860000,170,25.000000,25
req-00004270,170900000,170,25.000000,25
req-00004271,170940000,170,25.000000,25
req-00004272,170980000,170,25.000000,25
req-00004273,171019231,171,26.000000,26
req-00004274,171057692,171,26.000000,26
req-00004275,171096154,171,26.000000,26
req-00004276,171134615,171,26.000000,26
req-00004277,171173077,171,26.000000,26
req-00004278,171211538,171,26.000000,26
req-00004279,171250000,171,26.000000,26
req-00004280,171288462,171,26.000000,26
req-00004281,171326923,171,26.000000,26
req-00004282,171365385,171,26.000000,26
req-00004283,171403846,171,26.000000,26
req-00004284,171442308,171,26.000000,26
req-00004285,171480769,171,26.000000,26
req-00004286,171519231,171,26.000000,26
req-00004287,171557692,171,26.000000,26
req-00004288,171596154,171,26.000000,26
req-00004289,171634615,171,26.000000,26
req-00004290,171673077,171,26.000000,26
req-00004291,171711538,171,26.000000,26
req-00004292,171750000,171,26.000000,26
req-00004293,171788462,171,26.000000,26
req-00004294,171826923,171,26.000000,26
req-00004295,171865385,171,26.000000,26
req-00004296,171903846,171,26.000000,26
req-00004297,171942308,171,26.000000,26
req-00004298,171980769,171,26.000000,26
req-00004299,172018519,172,27.000000,27
req-00004300,172055556,172,27.000000,27
req-00004301,172092593,172,27.000000,27
req-00004302,172129630,172,27.000000,27
req-00004303,172166667,172,27.000000,27
req-00004304,172203704,172,27.000000,27
req-00004305,172240741,172,27.000000,27
req-00004306,172277778,172,27.000000,27
req-00004307,172314815,172,27.000000,27
req-00004308,172351852,172,27.000000,27
req-00004309,172388889,172,27.000000,27
req-00004310,172425926,172,27.000000,27
req-00004311,172462963,172,27.000000,27
req-00004312,172500000,172,27.000000,27
req-00004313,172537037,172,27.000000,27
req-00004314,172574074,172,27.000000,27
req-00004315,172611111,172,27.000000,27
req-00004316,172648148,172,27.000000,27
req-00004317,172685185,172,27.000000,27
req-00004318,172722222,172,27.000000,27
req-00004319,172759259,172,27.000000,27
req-00004320,172796296,172,27.000000,27
req-00004321,172833333,172,27.000000,27
req-00004322,172870370,172,27.000000,27
req-00004323,172907407,172,27.000000,27
req-00004324,172944444,172,27.000000,27
req-00004325,172981481,172,27.000000,27
req-00004326,173019231,173,26.000000,26
req-00004327,173057692,173,26.000000,26
req-00004328,173096154,173,26.000000,26
req-00004329,173134615,173,26.000000,26
req-00004330,173173077,173,26.000000,26
req-00004331,173211538,173,26.000000,26
req-00004332,173250000,173,26.000000,26
req-00004333,173288462,173,26.000000,26
req-00004334,173326923,173,26.000000,26
req-00004335,173365385,173,26.000000,26
req-00004336,173403846,173,26.000000,26
req-00004337,173442308,173,26.000000,26
req-00004338,173480769,173,26.000000,26
req-00004339,173519231,173,26.000000,26
req-00004340,173557692,173,26.000000,26
req-00004341,173596154,173,26.000000,26
req-00004342,173634615,173,26.000000,26
req-00004343,173673077,173,26.000000,26
req-00004344,173711538,173,26.000000,26
req-00004345,173750000,173,26.000000,26
req-00004346,173788462,173,26.000000,26
req-00004347,173826923,173,26.000000,26
req-00004348,173865385,173,26.000000,26
req-00004349,173903846,173,26.000000,26
req-00004350,173942308,173,26.000000,26
req-00004351,173980769,173,26.000000,26
req-00004352,174020000,174,25.000000,25
req-00004353,174060000,174,25.000000,25
req-00004354,174100000,174,25.000000,25
req-00004355,174140000,174,25.000000,25
req-00004356,174180000,174,25.000000,25
req-00004357,174220000,174,25.000000,25
req-00004358,174260000,174,25.000000,25
req-00004359,174300000,174,25.000000,25
req-00004360,174340000,174,25.000000,25
req-00004361,174380000,174,25.000000,25
req-00004362,174420000,174,25.000000,25
req-00004363,174460000,174,25.000000,25
req-00004364,174500000,174,25.000000,25
req-00004365,174540000,174,25.000000,25
req-00004366,174580000,174,25.000000,25
req-00004367,174620000,174,25.000000,25
req-00004368,174660000,174,25.000000,25
req-00004369,174700000,174,25.000000,25
req-00004370,174740000,174,25.000000,25
req-00004371,174780000,174,25.000000,25
req-00004372,174820000,174,25.000000,25
req-00004373,174860000,174,25.000000,25
req-00004374,174900000,174,25.000000,25
req-00004375,174940000,174,25.000000,25
req-00004376,174980000,174,25.000000,25
req-00004377,175020833,175,24.000000,24
req-00004378,175062500,175,24.000000,24
req-00004379,175104167,175,24.000000,24
req-00004380,175145833,175,24.000000,24
req-00004381,175187500,175,24.000000,24
req-00004382,175229167,175,24.000000,24
req-00004383,175270833,175,24.000000,24
req-00004384,175312500,175,24.000000,24
req-00004385,175354167,175,24.000000,24
req-00004386,175395833,175,24.000000,24
req-00004387,175437500,175,24.000000,24
req-00004388,175479167,175,24.000000,24
req-00004389,175520833,175,24.000000,24
req-00004390,175562500,175,24.000000,24
req-00004391,175604167,175,24.000000,24
req-00004392,175645833,175,24.000000,24
req-00004393,175687500,175,24.000000,24
req-00004394,175729167,175,24.000000,24
req-00004395,175770833,175,24.000000,24
req-00004396,175812500,175,24.000000,24
req-00004397,175854167,175,24.000000,24
req-00004398,175895833,175,24.000000,24
req-00004399,175937500,175,24.000000,24
req-00004400,175979167,175,24.000000,24
req-00004401,176021739,176,23.000000,23
req-00004402,176065217,176,23.000000,23
req-00004403,176108696,176,23.000000,23
req-00004404,176152174,176,23.000000,23
req-00004405,176195652,176,23.000000,23
req-00004406,176239130,176,23.000000,23
req-00004407,176282609,176,23.000000,23
req-00004408,176326087,176,23.000000,23
req-00004409,176369565,176,23.000000,23
req-00004410,176413043,176,23.000000,23
req-00004411,176456522,176,23.000000,23
req-00004412,176500000,176,23.000000,23
req-00004413,176543478,176,23.000000,23
req-00004414,176586957,176,23.000000,23
req-00004415,176630435,176,23.000000,23
req-00004416,176673913,176,23.000000,23
req-00004417,176717391,176,23.000000,23
req-00004418,176760870,176,23.000000,23
req-00004419,176804348,176,23.000000,23
req-00004420,176847826,176,23.000000,23
req-00004421,176891304,176,23.000000,23
req-00004422,176934783,176,23.000000,23
req-00004423,176978261,176,23.000000,23
req-00004424,177020833,177,24.000000,24
req-00004425,177062500,177,24.000000,24
req-00004426,177104167,177,24.000000,24
req-00004427,177145833,177,24.000000,24
req-00004428,177187500,177,24.000000,24
req-00004429,177229167,177,24.000000,24
req-00004430,177270833,177,24.000000,24
req-00004431,177312500,177,24.000000,24
req-00004432,177354167,177,24.000000,24
req-00004433,177395833,177,24.000000,24
req-00004434,177437500,177,24.000000,24
req-00004435,177479167,177,24.000000,24
req-00004436,177520833,177,24.000000,24
req-00004437,177562500,177,24.000000,24
req-00004438,177604167,177,24.000000,24
req-00004439,177645833,177,24.000000,24
req-00004440,177687500,177,24.000000,24
req-00004441,177729167,177,24.000000,24
req-00004442,177770833,177,24.000000,24
req-00004443,177812500,177,24.000000,24
req-00004444,177854167,177,24.000000,24
req-00004445,177895833,177,24.000000,24
req-00004446,177937500,177,24.000000,24
req-00004447,177979167,177,24.000000,24
req-00004448,178020000,178,25.000000,25
req-00004449,178060000,178,25.000000,25
req-00004450,178100000,178,25.000000,25
req-00004451,178140000,178,25.000000,25
req-00004452,178180000,178,25.000000,25
req-00004453,178220000,178,25.000000,25
req-00004454,178260000,178,25.000000,25
req-00004455,178300000,178,25.000000,25
req-00004456,178340000,178,25.000000,25
req-00004457,178380000,178,25.000000,25
req-00004458,178420000,178,25.000000,25
req-00004459,178460000,178,25.000000,25
req-00004460,178500000,178,25.000000,25
req-00004461,178540000,178,25.000000,25
req-00004462,178580000,178,25.000000,25
req-00004463,178620000,178,25.000000,25
req-00004464,178660000,178,25.000000,25
req-00004465,178700000,178,25.000000,25
req-00004466,178740000,178,25.000000,25
req-00004467,178780000,178,25.000000,25
req-00004468,178820000,178,25.000000,25
req-00004469,178860000,178,25.000000,25
req-00004470,178900000,178,25.000000,25
req-00004471,178940000,178,25.000000,25
req-00004472,178980000,178,25.000000,25
req-00004473,179019231,179,26.000000,26
req-00004474,179057692,179,26.000000,26
req-00004475,179096154,179,26.000000,26
req-00004476,179134615,179,26.000000,26
req-00004477,179173077,179,26.000000,26
req-00004478,179211538,179,26.000000,26
req-00004479,179250000,179,26.000000,26
req-00004480,179288462,179,26.000000,26
req-00004481,179326923,179,26.000000,26
req-00004482,179365385,179,26.000000,26
req-00004483,179403846,179,26.000000,26
req-00004484,179442308,179,26.000000,26
req-00004485,179480769,179,26.000000,26
req-00004486,179519231,179,26.000000,26
req-00004487,179557692,179,26.000000,26
req-00004488,179596154,179,26.000000,26
req-00004489,179634615,179,26.000000,26
req-00004490,179673077,179,26.000000,26
req-00004491,179711538,179,26.000000,26
req-00004492,179750000,179,26.000000,26
req-00004493,179788462,179,26.000000,26
req-00004494,179826923,179,26.000000,26
req-00004495,179865385,179,26.000000,26
req-00004496,179903846,179,26.000000,26
req-00004497,179942308,179,26.000000,26
req-00004498,179980769,179,26.000000,26
req-00004499,180018519,180,27.000000,27
req-00004500,180055556,180,27.000000,27
req-00004501,180092593,180,27.000000,27
req-00004502,180129630,180,27.000000,27
req-00004503,180166667,180,27.000000,27
req-00004504,180203704,180,27.000000,27
req-00004505,180240741,180,27.000000,27
req-00004506,180277778,180,27.000000,27
req-00004507,180314815,180,27.000000,27
req-00004508,180351852,180,27.000000,27
req-00004509,180388889,180,27.000000,27
req-00004510,180425926,180,27.000000,27
req-00004511,180462963,180,27.000000,27
req-00004512,180500000,180,27.000000,27
req-00004513,180537037,180,27.000000,27
req-00004514,180574074,180,27.000000,27
req-00004515,180611111,180,27.000000,27
req-00004516,180648148,180,27.000000,27
req-00004517,180685185,180,27.000000,27
req-00004518,180722222,180,27.000000,27
req-00004519,180759259,180,27.000000,27
req-00004520,180796296,180,27.000000,27
req-00004521,180833333,180,27.000000,27
req-00004522,180870370,180,27.000000,27
req-00004523,180907407,180,27.000000,27
req-00004524,180944444,180,27.000000,27
req-00004525,180981481,180,27.000000,27
req-00004526,181019231,181,26.000000,26
req-00004527,181057692,181,26.000000,26
req-00004528,181096154,181,26.000000,26
req-00004529,181134615,181,26.000000,26
req-00004530,181173077,181,26.000000,26
req-00004531,181211538,181,26.000000,26
req-00004532,181250000,181,26.000000,26
req-00004533,181288462,181,26.000000,26
req-00004534,181326923,181,26.000000,26
req-00004535,181365385,181,26.000000,26
req-00004536,181403846,181,26.000000,26
req-00004537,181442308,181,26.000000,26
req-00004538,181480769,181,26.000000,26
req-00004539,181519231,181,26.000000,26
req-00004540,181557692,181,26.000000,26
req-00004541,181596154,181,26.000000,26
req-00004542,181634615,181,26.000000,26
req-00004543,181673077,181,26.000000,26
req-00004544,181711538,181,26.000000,26
req-00004545,181750000,181,26.000000,26
req-00004546,181788462,181,26.000000,26
req-00004547,181826923,181,26.000000,26
req-00004548,181865385,181,26.000000,26
req-00004549,181903846,181,26.000000,26
req-00004550,181942308,181,26.000000,26
req-00004551,181980769,181,26.000000,26
req-00004552,182020000,182,25.000000,25
req-00004553,182060000,182,25.000000,25
req-00004554,182100000,182,25.000000,25
req-00004555,182140000,182,25.000000,25
req-00004556,182180000,182,25.000000,25
req-00004557,182220000,182,25.000000,25
req-00004558,182260000,182,25.000000,25
req-00004559,182300000,182,25.000000,25
req-00004560,182340000,182,25.000000,25
req-00004561,182380000,182,25.000000,25
req-00004562,182420000,182,25.000000,25
req-00004563,182460000,182,25.000000,25
req-00004564,182500000,182,25.000000,25
req-00004565,182540000,182,25.000000,25
req-00004566,182580000,182,25.000000,25
req-00004567,182620000,182,25.000000,25
req-00004568,182660000,182,25.000000,25
req-00004569,182700000,182,25.000000,25
req-00004570,182740000,182,25.000000,25
req-00004571,182780000,182,25.000000,25
req-00004572,182820000,182,25.000000,25
req-00004573,182860000,182,25.000000,25
req-00004574,182900000,182,25.000000,25
req-00004575,182940000,182,25.000000,25
req-00004576,182980000,182,25.000000,25
req-00004577,183020833,183,24.000000,24
req-00004578,183062500,183,24.000000,24
req-00004579,183104167,183,24.000000,24
req-00004580,183145833,183,24.000000,24
req-00004581,183187500,183,24.000000,24
req-00004582,183229167,183,24.000000,24
req-00004583,183270833,183,24.000000,24
req-00004584,183312500,183,24.000000,24
req-00004585,183354167,183,24.000000,24
req-00004586,183395833,183,24.000000,24
req-00004587,183437500,183,24.000000,24
req-00004588,183479167,183,24.000000,24
req-00004589,183520833,183,24.000000,24
req-00004590,183562500,183,24.000000,24
req-00004591,183604167,183,24.000000,24
req-00004592,183645833,183,24.000000,24
req-00004593,183687500,183,24.000000,24
req-00004594,183729167,183,24.000000,24
req-00004595,183770833,183,24.000000,24
req-00004596,183812500,183,24.000000,24
req-00004597,183854167,183,24.000000,24
req-00004598,183895833,183,24.000000,24
req-00004599,183937500,183,24.000000,24
req-00004600,183979167,183,24.000000,24
req-00004601,184021739,184,23.000000,23
req-00004602,184065217,184,23.000000,23
req-00004603,184108696,184,23.000000,23
req-00004604,184152174,184,23.000000,23
req-00004605,184195652,184,23.000000,23
req-00004606,184239130,184,23.000000,23
req-00004607,184282609,184,23.000000,23
req-00004608,184326087,184,23.000000,23
req-00004609,184369565,184,23.000000,23
req-00004610,184413043,184,23.000000,23
req-00004611,184456522,184,23.000000,23
req-00004612,184500000,184,23.000000,23
req-00004613,184543478,184,23.000000,23
req-00004614,184586957,184,23.000000,23
req-00004615,184630435,184,23.000000,23
req-00004616,184673913,184,23.000000,23
req-00004617,184717391,184,23.000000,23
req-00004618,184760870,184,23.000000,23
req-00004619,184804348,184,23.000000,23
req-00004620,184847826,184,23.000000,23
req-00004621,184891304,184,23.000000,23
req-00004622,184934783,184,23.000000,23
req-00004623,184978261,184,23.000000,23
req-00004624,185020833,185,24.000000,24
req-00004625,185062500,185,24.000000,24
req-00004626,185104167,185,24.000000,24
req-00004627,185145833,185,24.000000,24
req-00004628,185187500,185,24.000000,24
req-00004629,185229167,185,24.000000,24
req-00004630,185270833,185,24.000000,24
req-00004631,185312500,185,24.000000,24
req-00004632,185354167,185,24.000000,24
req-00004633,185395833,185,24.000000,24
req-00004634,185437500,185,24.000000,24
req-00004635,185479167,185,24.000000,24
req-00004636,185520833,185,24.000000,24
req-00004637,185562500,185,24.000000,24
req-00004638,185604167,185,24.000000,24
req-00004639,185645833,185,24.000000,24
req-00004640,185687500,185,24.000000,24
req-00004641,185729167,185,24.000000,24
req-00004642,185770833,185,24.000000,24
req-00004643,185812500,185,24.000000,24
req-00004644,185854167,185,24.000000,24
req-00004645,185895833,185,24.000000,24
req-00004646,185937500,185,24.000000,24
req-00004647,185979167,185,24.000000,24
req-00004648,186020000,186,25.000000,25
req-00004649,186060000,186,25.000000,25
req-00004650,186100000,186,25.000000,25
req-00004651,186140000,186,25.000000,25
req-00004652,186180000,186,25.000000,25
req-00004653,186220000,186,25.000000,25
req-00004654,186260000,186,25.000000,25
req-00004655,186300000,186,25.000000,25
req-00004656,186340000,186,25.000000,25
req-00004657,186380000,186,25.000000,25
req-00004658,186420000,186,25.000000,25
req-00004659,186460000,186,25.000000,25
req-00004660,186500000,186,25.000000,25
req-00004661,186540000,186,25.000000,25
req-00004662,186580000,186,25.000000,25
req-00004663,186620000,186,25.000000,25
req-00004664,186660000,186,25.000000,25
req-00004665,186700000,186,25.000000,25
req-00004666,186740000,186,25.000000,25
req-00004667,186780000,186,25.000000,25
req-00004668,186820000,186,25.000000,25
req-00004669,186860000,186,25.000000,25
req-00004670,186900000,186,25.000000,25
req-00004671,186940000,186,25.000000,25
req-00004672,186980000,186,25.000000,25
req-00004673,187019231,187,26.000000,26
req-00004674,187057692,187,26.000000,26
req-00004675,187096154,187,26.000000,26
req-00004676,187134615,187,26.000000,26
req-00004677,187173077,187,26.000000,26
req-00004678,187211538,187,26.000000,26
req-00004679,187250000,187,26.000000,26
req-00004680,187288462,187,26.000000,26
req-00004681,187326923,187,26.000000,26
req-00004682,187365385,187,26.000000,26
req-00004683,187403846,187,26.000000,26
req-00004684,187442308,187,26.000000,26
req-00004685,187480769,187,26.000000,26
req-00004686,187519231,187,26.000000,26
req-00004687,187557692,187,26.000000,26
req-00004688,187596154,187,26.000000,26
req-00004689,187634615,187,26.000000,26
req-00004690,187673077,187,26.000000,26
req-00004691,187711538,187,26.000000,26
req-00004692,187750000,187,26.000000,26
req-00004693,187788462,187,26.000000,26
req-00004694,187826923,187,26.000000,26
req-00004695,187865385,187,26.000000,26
req-00004696,187903846,187,26.000000,26
req-00004697,187942308,187,26.000000,26
req-00004698,187980769,187,26.000000,26
req-00004699,188018519,188,27.000000,27
req-00004700,188055556,188,27.000000,27
req-00004701,188092593,188,27.000000,27
req-00004702,188129630,188,27.000000,27
req-00004703,188166667,188,27.000000,27
req-00004704,188203704,188,27.000000,27
req-00004705,188240741,188,27.000000,27
req-00004706,188277778,188,27.000000,27
req-00004707,188314815,188,27.000000,27
req-00004708,188351852,188,27.000000,27
req-00004709,188388889,188,27.000000,27
req-00004710,188425926,188,27.000000,27
req-00004711,188462963,188,27.000000,27
req-00004712,188500000,188,27.000000,27
req-00004713,188537037,188,27.000000,27
req-00004714,188574074,188,27.000000,27
req-00004715,188611111,188,27.000000,27
req-00004716,188648148,188,27.000000,27
req-00004717,188685185,188,27.000000,27
req-00004718,188722222,188,27.000000,27
req-00004719,188759259,188,27.000000,27
req-00004720,188796296,188,27.000000,27
req-00004721,188833333,188,27.000000,27
req-00004722,188870370,188,27.000000,27
req-00004723,188907407,188,27.000000,27
req-00004724,188944444,188,27.000000,27
req-00004725,188981481,188,27.000000,27
req-00004726,189019231,189,26.000000,26
req-00004727,189057692,189,26.000000,26
req-00004728,189096154,189,26.000000,26
req-00004729,189134615,189,26.000000,26
req-00004730,189173077,189,26.000000,26
req-00004731,189211538,189,26.000000,26
req-00004732,189250000,189,26.000000,26
req-00004733,189288462,189,26.000000,26
req-00004734,189326923,189,26.000000,26
req-00004735,189365385,189,26.000000,26
req-00004736,189403846,189,26.000000,26
req-00004737,189442308,189,26.000000,26
req-00004738,189480769,189,26.000000,26
req-00004739,189519231,189,26.000000,26
req-00004740,189557692,189,26.000000,26
req-00004741,189596154,189,26.000000,26
req-00004742,189634615,189,26.000000,26
req-00004743,189673077,189,26.000000,26
req-00004744,189711538,189,26.000000,26
req-00004745,189750000,189,26.000000,26
req-00004746,189788462,189,26.000000,26
req-00004747,189826923,189,26.000000,26
req-00004748,189865385,189,26.000000,26
req-00004749,189903846,189,26.000000,26
req-00004750,189942308,189,26.000000,26
req-00004751,189980769,189,26.000000,26
req-00004752,190020000,190,25.000000,25
req-00004753,190060000,190,25.000000,25
req-00004754,190100000,190,25.000000,25
req-00004755,190140000,190,25.000000,25
req-00004756,190180000,190,25.000000,25
req-00004757,190220000,190,25.000000,25
req-00004758,190260000,190,25.000000,25
req-00004759,190300000,190,25.000000,25
req-00004760,190340000,190,25.000000,25
req-00004761,190380000,190,25.000000,25
req-00004762,190420000,190,25.000000,25
req-00004763,190460000,190,25.000000,25
req-00004764,190500000,190,25.000000,25
req-00004765,190540000,190,25.000000,25
req-00004766,190580000,190,25.000000,25
req-00004767,190620000,190,25.000000,25
req-00004768,190660000,190,25.000000,25
req-00004769,190700000,190,25.000000,25
req-00004770,190740000,190,25.000000,25
req-00004771,190780000,190,25.000000,25
req-00004772,190820000,190,25.000000,25
req-00004773,190860000,190,25.000000,25
req-00004774,190900000,190,25.000000,25
req-00004775,190940000,190,25.000000,25
req-00004776,190980000,190,25.000000,25
req-00004777,191020833,191,24.000000,24
req-00004778,191062500,191,24.000000,24
req-00004779,191104167,191,24.000000,24
req-00004780,191145833,191,24.000000,24
req-00004781,191187500,191,24.000000,24
req-00004782,191229167,191,24.000000,24
req-00004783,191270833,191,24.000000,24
req-00004784,191312500,191,24.000000,24
req-00004785,191354167,191,24.000000,24
req-00004786,191395833,191,24.000000,24
req-00004787,191437500,191,24.000000,24
req-00004788,191479167,191,24.000000,24
req-00004789,191520833,191,24.000000,24
req-00004790,191562500,191,24.000000,24
req-00004791,191604167,191,24.000000,24
req-00004792,191645833,191,24.000000,24
req-00004793,191687500,191,24.000000,24
req-00004794,191729167,191,24.000000,24
req-00004795,191770833,191,24.000000,24
req-00004796,191812500,191,24.000000,24
req-00004797,191854167,191,24.000000,24
req-00004798,191895833,191,24.000000,24
req-00004799,191937500,191,24.000000,24
req-00004800,191979167,191,24.000000,24
req-00004801,192021739,192,23.000000,23
req-00004802,192065217,192,23.000000,23
req-00004803,192108696,192,23.000000,23
req-00004804,192152174,192,23.000000,23
req-00004805,192195652,192,23.000000,23
req-00004806,192239130,192,23.000000,23
req-00004807,192282609,192,23.000000,23
req-00004808,192326087,192,23.000000,23
req-00004809,192369565,192,23.000000,23
req-00004810,192413043,192,23.000000,23
req-00004811,192456522,192,23.000000,23
req-00004812,192500000,192,23.000000,23
req-00004813,192543478,192,23.000000,23
req-00004814,192586957,192,23.000000,23
req-00004815,192630435,192,23.000000,23
req-00004816,192673913,192,23.000000,23
req-00004817,192717391,192,23.000000,23
req-00004818,192760870,192,23.000000,23
req-00004819,192804348,192,23.000000,23
req-00004820,192847826,192,23.000000,23
req-00004821,192891304,192,23.000000,23
req-00004822,192934783,192,23.000000,23
req-00004823,192978261,192,23.000000,23
req-00004824,193020833,193,24.000000,24
req-00004825,193062500,193,24.000000,24
req-00004826,193104167,193,24.000000,24
req-00004827,193145833,193,24.000000,24
req-00004828,193187500,193,24.000000,24
req-00004829,193229167,193,24.000000,24
req-00004830,193270833,193,24.000000,24
req-00004831,193312500,193,24.000000,24
req-00004832,193354167,193,24.000000,24
req-00004833,193395833,193,24.000000,24
req-00004834,193437500,193,24.000000,24
req-00004835,193479167,193,24.000000,24
req-00004836,193520833,193,24.000000,24
req-00004837,193562500,193,24.000000,24
req-00004838,193604167,193,24.000000,24
req-00004839,193645833,193,24.000000,24
req-00004840,193687500,193,24.000000,24
req-00004841,193729167,193,24.000000,24
req-00004842,193770833,193,24.000000,24
req-00004843,193812500,193,24.000000,24
req-00004844,193854167,193,24.000000,24
req-00004845,193895833,193,24.000000,24
req-00004846,193937500,193,24.000000,24
req-00004847,193979167,193,24.000000,24
req-00004848,194020000,194,25.000000,25
req-00004849,194060000,194,25.000000,25
req-00004850,194100000,194,25.000000,25
req-00004851,194140000,194,25.000000,25
req-00004852,194180000,194,25.000000,25
req-00004853,194220000,194,25.000000,25
req-00004854,194260000,194,25.000000,25
req-00004855,194300000,194,25.000000,25
req-00004856,194340000,194,25.000000,25
req-00004857,194380000,194,25.000000,25
req-00004858,194420000,194,25.000000,25
req-00004859,194460000,194,25.000000,25
req-00004860,194500000,194,25.000000,25
req-00004861,194540000,194,25.000000,25
req-00004862,194580000,194,25.000000,25
req-00004863,194620000,194,25.000000,25
req-00004864,194660000,194,25.000000,25
req-00004865,194700000,194,25.000000,25
req-00004866,194740000,194,25.000000,25
req-00004867,194780000,194,25.000000,25
req-00004868,194820000,194,25.000000,25
req-00004869,194860000,194,25.000000,25
req-00004870,194900000,194,25.000000,25
req-00004871,194940000,194,25.000000,25
req-00004872,194980000,194,25.000000,25
req-00004873,195019231,195,26.000000,26
req-00004874,195057692,195,26.000000,26
req-00004875,195096154,195,26.000000,26
req-00004876,195134615,195,26.000000,26
req-00004877,195173077,195,26.000000,26
req-00004878,195211538,195,26.000000,26
req-00004879,195250000,195,26.000000,26
req-00004880,195288462,195,26.000000,26
req-00004881,195326923,195,26.000000,26
req-00004882,195365385,195,26.000000,26
req-00004883,195403846,195,26.000000,26
req-00004884,195442308,195,26.000000,26
req-00004885,195480769,195,26.000000,26
req-00004886,195519231,195,26.000000,26
req-00004887,195557692,195,26.000000,26
req-00004888,195596154,195,26.000000,26
req-00004889,195634615,195,26.000000,26
req-00004890,195673077,195,26.000000,26
req-00004891,195711538,195,26.000000,26
req-00004892,195750000,195,26.000000,26
req-00004893,195788462,195,26.000000,26
req-00004894,195826923,195,26.000000,26
req-00004895,195865385,195,26.000000,26
req-00004896,195903846,195,26.000000,26
req-00004897,195942308,195,26.000000,26
req-00004898,195980769,195,26.000000,26
req-00004899,196018519,196,27.000000,27
req-00004900,196055556,196,27.000000,27
req-00004901,196092593,196,27.000000,27
req-00004902,196129630,196,27.000000,27
req-00004903,196166667,196,27.000000,27
req-00004904,196203704,196,27.000000,27
req-00004905,196240741,196,27.000000,27
req-00004906,196277778,196,27.000000,27
req-00004907,196314815,196,27.000000,27
req-00004908,196351852,196,27.000000,27
req-00004909,196388889,196,27.000000,27
req-00004910,196425926,196,27.000000,27
req-00004911,196462963,196,27.000000,27
req-00004912,196500000,196,27.000000,27
req-00004913,196537037,196,27.000000,27
req-00004914,196574074,196,27.000000,27
req-00004915,196611111,196,27.000000,27
req-00004916,196648148,196,27.000000,27
req-00004917,196685185,196,27.000000,27
req-00004918,196722222,196,27.000000,27
req-00004919,196759259,196,27.000000,27
req-00004920,196796296,196,27.000000,27
req-00004921,196833333,196,27.000000,27
req-00004922,196870370,196,27.000000,27
req-00004923,196907407,196,27.000000,27
req-00004924,196944444,196,27.000000,27
req-00004925,196981481,196,27.000000,27
req-00004926,197019231,197,26.000000,26
req-00004927,197057692,197,26.000000,26
req-00004928,197096154,197,26.000000,26
req-00004929,197134615,197,26.000000,26
req-00004930,197173077,197,26.000000,26
req-00004931,197211538,197,26.000000,26
req-00004932,197250000,197,26.000000,26
req-00004933,197288462,197,26.000000,26
req-00004934,197326923,197,26.000000,26
req-00004935,197365385,197,26.000000,26
req-00004936,197403846,197,26.000000,26
req-00004937,197442308,197,26.000000,26
req-00004938,197480769,197,26.000000,26
req-00004939,197519231,197,26.000000,26
req-00004940,197557692,197,26.000000,26
req-00004941,197596154,197,26.000000,26
req-00004942,197634615,197,26.000000,26
req-00004943,197673077,197,26.000000,26
req-00004944,197711538,197,26.000000,26
req-00004945,197750000,197,26.000000,26
req-00004946,197788462,197,26.000000,26
req-00004947,197826923,197,26.000000,26
req-00004948,197865385,197,26.000000,26
req-00004949,197903846,197,26.000000,26
req-00004950,197942308,197,26.000000,26
req-00004951,197980769,197,26.000000,26
req-00004952,198020000,198,25.000000,25
req-00004953,198060000,198,25.000000,25
req-00004954,198100000,198,25.000000,25
req-00004955,198140000,198,25.000000,25
req-00004956,198180000,198,25.000000,25
req-00004957,198220000,198,25.000000,25
req-00004958,198260000,198,25.000000,25
req-00004959,198300000,198,25.000000,25
req-00004960,198340000,198,25.000000,25
req-00004961,198380000,198,25.000000,25
req-00004962,198420000,198,25.000000,25
req-00004963,198460000,198,25.000000,25
req-00004964,198500000,198,25.000000,25
req-00004965,198540000,198,25.000000,25
req-00004966,198580000,198,25.000000,25
req-00004967,198620000,198,25.000000,25
req-00004968,198660000,198,25.000000,25
req-00004969,198700000,198,25.000000,25
req-00004970,198740000,198,25.000000,25
req-00004971,198780000,198,25.000000,25
req-00004972,198820000,198,25.000000,25
req-00004973,198860000,198,25.000000,25
req-00004974,198900000,198,25.000000,25
req-00004975,198940000,198,25.000000,25
req-00004976,198980000,198,25.000000,25
req-00004977,199020833,199,24.000000,24
req-00004978,199062500,199,24.000000,24
req-00004979,199104167,199,24.000000,24
req-00004980,199145833,199,24.000000,24
req-00004981,199187500,199,24.000000,24
req-00004982,199229167,199,24.000000,24
req-00004983,199270833,199,24.000000,24
req-00004984,199312500,199,24.000000,24
req-00004985,199354167,199,24.000000,24
req-00004986,199395833,199,24.000000,24
req-00004987,199437500,199,24.000000,24
req-00004988,199479167,199,24.000000,24
req-00004989,199520833,199,24.000000,24
req-00004990,199562500,199,24.000000,24
req-00004991,199604167,199,24.000000,24
req-00004992,199645833,199,24.000000,24
req-00004993,199687500,199,24.000000,24
req-00004994,199729167,199,24.000000,24
req-00004995,199770833,199,24.000000,24
req-00004996,199812500,199,24.000000,24
req-00004997,199854167,199,24.000000,24
req-00004998,199895833,199,24.000000,24
req-00004999,199937500,199,24.000000,24
req-00005000,199979167,199,24.000000,24
req-00005001,200021739,200,23.000000,23
req-00005002,200065217,200,23.000000,23
req-00005003,200108696,200,23.000000,23
req-00005004,200152174,200,23.000000,23
req-00005005,200195652,200,23.000000,23
req-00005006,200239130,200,23.000000,23
req-00005007,200282609,200,23.000000,23
req-00005008,200326087,200,23.000000,23
req-00005009,200369565,200,23.000000,23
req-00005010,200413043,200,23.000000,23
req-00005011,200456522,200,23.000000,23
req-00005012,200500000,200,23.000000,23
req-00005013,200543478,200,23.000000,23
req-00005014,200586957,200,23.000000,23
req-00005015,200630435,200,23.000000,23
req-00005016,200673913,200,23.000000,23
req-00005017,200717391,200,23.000000,23
req-00005018,200760870,200,23.000000,23
req-00005019,200804348,200,23.000000,23
req-00005020,200847826,200,23.000000,23
req-00005021,200891304,200,23.000000,23
req-00005022,200934783,200,23.000000,23
req-00005023,200978261,200,23.000000,23
req-00005024,201020833,201,24.000000,24
req-00005025,201062500,201,24.000000,24
req-00005026,201104167,201,24.000000,24
req-00005027,201145833,201,24.000000,24
req-00005028,201187500,201,24.000000,24
req-00005029,201229167,201,24.000000,24
req-00005030,201270833,201,24.000000,24
req-00005031,201312500,201,24.000000,24
req-00005032,201354167,201,24.000000,24
req-00005033,201395833,201,24.000000,24
req-00005034,201437500,201,24.000000,24
req-00005035,201479167,201,24.000000,24
req-00005036,201520833,201,24.000000,24
req-00005037,201562500,201,24.000000,24
req-00005038,201604167,201,24.000000,24
req-00005039,201645833,201,24.000000,24
req-00005040,201687500,201,24.000000,24
req-00005041,201729167,201,24.000000,24
req-00005042,201770833,201,24.000000,24
req-00005043,201812500,201,24.000000,24
req-00005044,201854167,201,24.000000,24
req-00005045,201895833,201,24.000000,24
req-00005046,201937500,201,24.000000,24
req-00005047,201979167,201,24.000000,24
req-00005048,202020000,202,25.000000,25
req-00005049,202060000,202,25.000000,25
req-00005050,202100000,202,25.000000,25
req-00005051,202140000,202,25.000000,25
req-00005052,202180000,202,25.000000,25
req-00005053,202220000,202,25.000000,25
req-00005054,202260000,202,25.000000,25
req-00005055,202300000,202,25.000000,25
req-00005056,202340000,202,25.000000,25
req-00005057,202380000,202,25.000000,25
req-00005058,202420000,202,25.000000,25
req-00005059,202460000,202,25.000000,25
req-00005060,202500000,202,25.000000,25
req-00005061,202540000,202,25.000000,25
req-00005062,202580000,202,25.000000,25
req-00005063,202620000,202,25.000000,25
req-00005064,202660000,202,25.000000,25
req-00005065,202700000,202,25.000000,25
req-00005066,202740000,202,25.000000,25
req-00005067,202780000,202,25.000000,25
req-00005068,202820000,202,25.000000,25
req-00005069,202860000,202,25.000000,25
req-00005070,202900000,202,25.000000,25
req-00005071,202940000,202,25.000000,25
req-00005072,202980000,202,25.000000,25
req-00005073,203019231,203,26.000000,26
req-00005074,203057692,203,26.000000,26
req-00005075,203096154,203,26.000000,26
req-00005076,203134615,203,26.000000,26
req-00005077,203173077,203,26.000000,26
req-00005078,203211538,203,26.000000,26
req-00005079,203250000,203,26.000000,26
req-00005080,203288462,203,26.000000,26
req-00005081,203326923,203,26.000000,26
req-00005082,203365385,203,26.000000,26
req-00005083,203403846,203,26.000000,26
req-00005084,203442308,203,26.000000,26
req-00005085,203480769,203,26.000000,26
req-00005086,203519231,203,26.000000,26
req-00005087,203557692,203,26.000000,26
req-00005088,203596154,203,26.000000,26
req-00005089,203634615,203,26.000000,26
req-00005090,203673077,203,26.000000,26
req-00005091,203711538,203,26.000000,26
req-00005092,203750000,203,26.000000,26
req-00005093,203788462,203,26.000000,26
req-00005094,203826923,203,26.000000,26
req-00005095,203865385,203,26.000000,26
req-00005096,203903846,203,26.000000,26
req-00005097,203942308,203,26.000000,26
req-00005098,203980769,203,26.000000,26
req-00005099,204018519,204,27.000000,27
req-00005100,204055556,204,27.000000,27
req-00005101,204092593,204,27.000000,27
req-00005102,204129630,204,27.000000,27
req-00005103,204166667,204,27.000000,27
req-00005104,204203704,204,27.000000,27
req-00005105,204240741,204,27.000000,27
req-00005106,204277778,204,27.000000,27
req-00005107,204314815,204,27.000000,27
req-00005108,204351852,204,27.000000,27
req-00005109,204388889,204,27.000000,27
req-00005110,204425926,204,27.000000,27
req-00005111,204462963,204,27.000000,27
req-00005112,204500000,204,27.000000,27
req-00005113,204537037,204,27.000000,27
req-00005114,204574074,204,27.000000,27
req-00005115,204611111,204,27.000000,27
req-00005116,204648148,204,27.000000,27
req-00005117,204685185,204,27.000000,27
req-00005118,204722222,204,27.000000,27
req-00005119,204759259,204,27.000000,27
req-00005120,204796296,204,27.000000,27
req-00005121,204833333,204,27.000000,27
req-00005122,204870370,204,27.000000,27
req-00005123,204907407,204,27.000000,27
req-00005124,204944444,204,27.000000,27
req-00005125,204981481,204,27.000000,27
req-00005126,205019231,205,26.000000,26
req-00005127,205057692,205,26.000000,26
req-00005128,205096154,205,26.000000,26
req-00005129,205134615,205,26.000000,26
req-00005130,205173077,205,26.000000,26
req-00005131,205211538,205,26.000000,26
req-00005132,205250000,205,26.000000,26
req-00005133,205288462,205,26.000000,26
req-00005134,205326923,205,26.000000,26
req-00005135,205365385,205,26.000000,26
req-00005136,205403846,205,26.000000,26
req-00005137,205442308,205,26.000000,26
req-00005138,205480769,205,26.000000,26
req-00005139,205519231,205,26.000000,26
req-00005140,205557692,205,26.000000,26
req-00005141,205596154,205,26.000000,26
req-00005142,205634615,205,26.000000,26
req-00005143,205673077,205,26.000000,26
req-00005144,205711538,205,26.000000,26
req-00005145,205750000,205,26.000000,26
req-00005146,205788462,205,26.000000,26
req-00005147,205826923,205,26.000000,26
req-00005148,205865385,205,26.000000,26
req-00005149,205903846,205,26.000000,26
req-00005150,205942308,205,26.000000,26
req-00005151,205980769,205,26.000000,26
req-00005152,206020000,206,25.000000,25
req-00005153,206060000,206,25.000000,25
req-00005154,206100000,206,25.000000,25
req-00005155,206140000,206,25.000000,25
req-00005156,206180000,206,25.000000,25
req-00005157,206220000,206,25.000000,25
req-00005158,206260000,206,25.000000,25
req-00005159,206300000,206,25.000000,25
req-00005160,206340000,206,25.000000,25
req-00005161,206380000,206,25.000000,25
req-00005162,206420000,206,25.000000,25
req-00005163,206460000,206,25.000000,25
req-00005164,206500000,206,25.000000,25
req-00005165,206540000,206,25.000000,25
req-00005166,206580000,206,25.000000,25
req-00005167,206620000,206,25.000000,25
req-00005168,206660000,206,25.000000,25
req-00005169,206700000,206,25.000000,25
req-00005170,206740000,206,25.000000,25
req-00005171,206780000,206,25.000000,25
req-00005172,206820000,206,25.000000,25
req-00005173,206860000,206,25.000000,25
req-00005174,206900000,206,25.000000,25
req-00005175,206940000,206,25.000000,25
req-00005176,206980000,206,25.000000,25
req-00005177,207020833,207,24.000000,24
req-00005178,207062500,207,24.000000,24
req-00005179,207104167,207,24.000000,24
req-00005180,207145833,207,24.000000,24
req-00005181,207187500,207,24.000000,24
req-00005182,207229167,207,24.000000,24
req-00005183,207270833,207,24.000000,24
req-00005184,207312500,207,24.000000,24
req-00005185,207354167,207,24.000000,24
req-00005186,207395833,207,24.000000,24
req-00005187,207437500,207,24.000000,24
req-00005188,207479167,207,24.000000,24
req-00005189,207520833,207,24.000000,24
req-00005190,207562500,207,24.000000,24
req-00005191,207604167,207,24.000000,24
req-00005192,207645833,207,24.000000,24
req-00005193,207687500,207,24.000000,24
req-00005194,207729167,207,24.000000,24
req-00005195,207770833,207,24.000000,24
req-00005196,207812500,207,24.000000,24
req-00005197,207854167,207,24.000000,24
req-00005198,207895833,207,24.000000,24
req-00005199,207937500,207,24.000000,24
req-00005200,207979167,207,24.000000,24
req-00005201,208021739,208,23.000000,23
req-00005202,208065217,208,23.000000,23
req-00005203,208108696,208,23.000000,23
req-00005204,208152174,208,23.000000,23
req-00005205,208195652,208,23.000000,23
req-00005206,208239130,208,23.000000,23
req-00005207,208282609,208,23.000000,23
req-00005208,208326087,208,23.000000,23
req-00005209,208369565,208,23.000000,23
req-00005210,208413043,208,23.000000,23
req-00005211,208456522,208,23.000000,23
req-00005212,208500000,208,23.000000,23
req-00005213,208543478,208,23.000000,23
req-00005214,208586957,208,23.000000,23
req-00005215,208630435,208,23.000000,23
req-00005216,208673913,208,23.000000,23
req-00005217,208717391,208,23.000000,23
req-00005218,208760870,208,23.000000,23
req-00005219,208804348,208,23.000000,23
req-00005220,208847826,208,23.000000,23
req-00005221,208891304,208,23.000000,23
req-00005222,208934783,208,23.000000,23
req-00005223,208978261,208,23.000000,23
req-00005224,209020833,209,24.000000,24
req-00005225,209062500,209,24.000000,24
req-00005226,209104167,209,24.000000,24
req-00005227,209145833,209,24.000000,24
req-00005228,209187500,209,24.000000,24
req-00005229,209229167,209,24.000000,24
req-00005230,209270833,209,24.000000,24
req-00005231,209312500,209,24.000000,24
req-00005232,209354167,209,24.000000,24
req-00005233,209395833,209,24.000000,24
req-00005234,209437500,209,24.000000,24
req-00005235,209479167,209,24.000000,24
req-00005236,209520833,209,24.000000,24
req-00005237,209562500,209,24.000000,24
req-00005238,209604167,209,24.000000,24
req-00005239,209645833,209,24.000000,24
req-00005240,209687500,209,24.000000,24
req-00005241,209729167,209,24.000000,24
req-00005242,209770833,209,24.000000,24
req-00005243,209812500,209,24.000000,24
req-00005244,209854167,209,24.000000,24
req-00005245,209895833,209,24.000000,24
req-00005246,209937500,209,24.000000,24
req-00005247,209979167,209,24.000000,24
req-00005248,210020000,210,25.000000,25
req-00005249,210060000,210,25.000000,25
req-00005250,210100000,210,25.000000,25
req-00005251,210140000,210,25.000000,25
req-00005252,210180000,210,25.000000,25
req-00005253,210220000,210,25.000000,25
req-00005254,210260000,210,25.000000,25
req-00005255,210300000,210,25.000000,25
req-00005256,210340000,210,25.000000,25
req-00005257,210380000,210,25.000000,25
req-00005258,210420000,210,25.000000,25
req-00005259,210460000,210,25.000000,25
req-00005260,210500000,210,25.000000,25
req-00005261,210540000,210,25.000000,25
req-00005262,210580000,210,25.000000,25
req-00005263,210620000,210,25.000000,25
req-00005264,210660000,210,25.000000,25
req-00005265,210700000,210,25.000000,25
req-00005266,210740000,210,25.000000,25
req-00005267,210780000,210,25.000000,25
req-00005268,210820000,210,25.000000,25
req-00005269,210860000,210,25.000000,25
req-00005270,210900000,210,25.000000,25
req-00005271,210940000,210,25.000000,25
req-00005272,210980000,210,25.000000,25
req-00005273,211019231,211,26.000000,26
req-00005274,211057692,211,26.000000,26
req-00005275,211096154,211,26.000000,26
req-00005276,211134615,211,26.000000,26
req-00005277,211173077,211,26.000000,26
req-00005278,211211538,211,26.000000,26
req-00005279,211250000,211,26.000000,26
req-00005280,211288462,211,26.000000,26
req-00005281,211326923,211,26.000000,26
req-00005282,211365385,211,26.000000,26
req-00005283,211403846,211,26.000000,26
req-00005284,211442308,211,26.000000,26
req-00005285,211480769,211,26.000000,26
req-00005286,211519231,211,26.000000,26
req-00005287,211557692,211,26.000000,26
req-00005288,211596154,211,26.000000,26
req-00005289,211634615,211,26.000000,26
req-00005290,211673077,211,26.000000,26
req-00005291,211711538,211,26.000000,26
req-00005292,211750000,211,26.000000,26
req-00005293,211788462,211,26.000000,26
req-00005294,211826923,211,26.000000,26
req-00005295,211865385,211,26.000000,26
req-00005296,211903846,211,26.000000,26
req-00005297,211942308,211,26.000000,26
req-00005298,211980769,211,26.000000,26
req-00005299,212018519,212,27.000000,27
req-00005300,212055556,212,27.000000,27
req-00005301,212092593,212,27.000000,27
req-00005302,212129630,212,27.000000,27
req-00005303,212166667,212,27.000000,27
req-00005304,212203704,212,27.000000,27
req-00005305,212240741,212,27.000000,27
req-00005306,212277778,212,27.000000,27
req-00005307,212314815,212,27.000000,27
req-00005308,212351852,212,27.000000,27
req-00005309,212388889,212,27.000000,27
req-00005310,212425926,212,27.000000,27
req-00005311,212462963,212,27.000000,27
req-00005312,212500000,212,27.000000,27
req-00005313,212537037,212,27.000000,27
req-00005314,212574074,212,27.000000,27
req-00005315,212611111,212,27.000000,27
req-00005316,212648148,212,27.000000,27
req-00005317,212685185,212,27.000000,27
req-00005318,212722222,212,27.000000,27
req-00005319,212759259,212,27.000000,27
req-00005320,212796296,212,27.000000,27
req-00005321,212833333,212,27.000000,27
req-00005322,212870370,212,27.000000,27
req-00005323,212907407,212,27.000000,27
req-00005324,212944444,212,27.000000,27
req-00005325,212981481,212,27.000000,27
req-00005326,213019231,213,26.000000,26
req-00005327,213057692,213,26.000000,26
req-00005328,213096154,213,26.000000,26
req-00005329,213134615,213,26.000000,26
req-00005330,213173077,213,26.000000,26
req-00005331,213211538,213,26.000000,26
req-00005332,213250000,213,26.000000,26
req-00005333,213288462,213,26.000000,26
req-00005334,213326923,213,26.000000,26
req-00005335,213365385,213,26.000000,26
req-00005336,213403846,213,26.000000,26
req-00005337,213442308,213,26.000000,26
req-00005338,213480769,213,26.000000,26
req-00005339,213519231,213,26.000000,26
req-00005340,213557692,213,26.000000,26
req-00005341,213596154,213,26.000000,26
req-00005342,213634615,213,26.000000,26
req-00005343,213673077,213,26.000000,26
req-00005344,213711538,213,26.000000,26
req-00005345,213750000,213,26.000000,26
req-00005346,213788462,213,26.000000,26
req-00005347,213826923,213,26.000000,26
req-00005348,213865385,213,26.000000,26
req-00005349,213903846,213,26.000000,26
req-00005350,213942308,213,26.000000,26
req-00005351,213980769,213,26.000000,26
req-00005352,214020000,214,25.000000,25
req-00005353,214060000,214,25.000000,25
req-00005354,214100000,214,25.000000,25
req-00005355,214140000,214,25.000000,25
req-00005356,214180000,214,25.000000,25
req-00005357,214220000,214,25.000000,25
req-00005358,214260000,214,25.000000,25
req-00005359,214300000,214,25.000000,25
req-00005360,214340000,214,25.000000,25
req-00005361,214380000,214,25.000000,25
req-00005362,214420000,214,25.000000,25
req-00005363,214460000,214,25.000000,25
req-00005364,214500000,214,25.000000,25
req-00005365,214540000,214,25.000000,25
req-00005366,214580000,214,25.000000,25
req-00005367,214620000,214,25.000000,25
req-00005368,214660000,214,25.000000,25
req-00005369,214700000,214,25.000000,25
req-00005370,214740000,214,25.000000,25
req-00005371,214780000,214,25.000000,25
req-00005372,214820000,214,25.000000,25
req-00005373,214860000,214,25.000000,25
req-00005374,214900000,214,25.000000,25
req-00005375,214940000,214,25.000000,25
req-00005376,214980000,214,25.000000,25
req-00005377,215020833,215,24.000000,24
req-00005378,215062500,215,24.000000,24
req-00005379,215104167,215,24.000000,24
req-00005380,215145833,215,24.000000,24
req-00005381,215187500,215,24.000000,24
req-00005382,215229167,215,24.000000,24
req-00005383,215270833,215,24.000000,24
req-00005384,215312500,215,24.000000,24
req-00005385,215354167,215,24.000000,24
req-00005386,215395833,215,24.000000,24
req-00005387,215437500,215,24.000000,24
req-00005388,215479167,215,24.000000,24
req-00005389,215520833,215,24.000000,24
req-00005390,215562500,215,24.000000,24
req-00005391,215604167,215,24.000000,24
req-00005392,215645833,215,24.000000,24
req-00005393,215687500,215,24.000000,24
req-00005394,215729167,215,24.000000,24
req-00005395,215770833,215,24.000000,24
req-00005396,215812500,215,24.000000,24
req-00005397,215854167,215,24.000000,24
req-00005398,215895833,215,24.000000,24
req-00005399,215937500,215,24.000000,24
req-00005400,215979167,215,24.000000,24
req-00005401,216021739,216,23.000000,23
req-00005402,216065217,216,23.000000,23
req-00005403,216108696,216,23.000000,23
req-00005404,216152174,216,23.000000,23
req-00005405,216195652,216,23.000000,23
req-00005406,216239130,216,23.000000,23
req-00005407,216282609,216,23.000000,23
req-00005408,216326087,216,23.000000,23
req-00005409,216369565,216,23.000000,23
req-00005410,216413043,216,23.000000,23
req-00005411,216456522,216,23.000000,23
req-00005412,216500000,216,23.000000,23
req-00005413,216543478,216,23.000000,23
req-00005414,216586957,216,23.000000,23
req-00005415,216630435,216,23.000000,23
req-00005416,216673913,216,23.000000,23
req-00005417,216717391,216,23.000000,23
req-00005418,216760870,216,23.000000,23
req-00005419,216804348,216,23.000000,23
req-00005420,216847826,216,23.000000,23
req-00005421,216891304,216,23.000000,23
req-00005422,216934783,216,23.000000,23
req-00005423,216978261,216,23.000000,23
req-00005424,217020833,217,24.000000,24
req-00005425,217062500,217,24.000000,24
req-00005426,217104167,217,24.000000,24
req-00005427,217145833,217,24.000000,24
req-00005428,217187500,217,24.000000,24
req-00005429,217229167,217,24.000000,24
req-00005430,217270833,217,24.000000,24
req-00005431,217312500,217,24.000000,24
req-00005432,217354167,217,24.000000,24
req-00005433,217395833,217,24.000000,24
req-00005434,217437500,217,24.000000,24
req-00005435,217479167,217,24.000000,24
req-00005436,217520833,217,24.000000,24
req-00005437,217562500,217,24.000000,24
req-00005438,217604167,217,24.000000,24
req-00005439,217645833,217,24.000000,24
req-00005440,217687500,217,24.000000,24
req-00005441,217729167,217,24.000000,24
req-00005442,217770833,217,24.000000,24
req-00005443,217812500,217,24.000000,24
req-00005444,217854167,217,24.000000,24
req-00005445,217895833,217,24.000000,24
req-00005446,217937500,217,24.000000,24
req-00005447,217979167,217,24.000000,24
req-00005448,218020000,218,25.000000,25
req-00005449,218060000,218,25.000000,25
req-00005450,218100000,218,25.000000,25
req-00005451,218140000,218,25.000000,25
req-00005452,218180000,218,25.000000,25
req-00005453,218220000,218,25.000000,25
req-00005454,218260000,218,25.000000,25
req-00005455,218300000,218,25.000000,25
req-00005456,218340000,218,25.000000,25
req-00005457,218380000,218,25.000000,25
req-00005458,218420000,218,25.000000,25
req-00005459,218460000,218,25.000000,25
req-00005460,218500000,218,25.000000,25
req-00005461,218540000,218,25.000000,25
req-00005462,218580000,218,25.000000,25
req-00005463,218620000,218,25.000000,25
req-00005464,218660000,218,25.000000,25
req-00005465,218700000,218,25.000000,25
req-00005466,218740000,218,25.000000,25
req-00005467,218780000,218,25.000000,25
req-00005468,218820000,218,25.000000,25
req-00005469,218860000,218,25.000000,25
req-00005470,218900000,218,25.000000,25
req-00005471,218940000,218,25.000000,25
req-00005472,218980000,218,25.000000,25
req-00005473,219019231,219,26.000000,26
req-00005474,219057692,219,26.000000,26
req-00005475,219096154,219,26.000000,26
req-00005476,219134615,219,26.000000,26
req-00005477,219173077,219,26.000000,26
req-00005478,219211538,219,26.000000,26
req-00005479,219250000,219,26.000000,26
req-00005480,219288462,219,26.000000,26
req-00005481,219326923,219,26.000000,26
req-00005482,219365385,219,26.000000,26
req-00005483,219403846,219,26.000000,26
req-00005484,219442308,219,26.000000,26
req-00005485,219480769,219,26.000000,26
req-00005486,219519231,219,26.000000,26
req-00005487,219557692,219,26.000000,26
req-00005488,219596154,219,26.000000,26
req-00005489,219634615,219,26.000000,26
req-00005490,219673077,219,26.000000,26
req-00005491,219711538,219,26.000000,26
req-00005492,219750000,219,26.000000,26
req-00005493,219788462,219,26.000000,26
req-00005494,219826923,219,26.000000,26
req-00005495,219865385,219,26.000000,26
req-00005496,219903846,219,26.000000,26
req-00005497,219942308,219,26.000000,26
req-00005498,219980769,219,26.000000,26
req-00005499,220018519,220,27.000000,27
req-00005500,220055556,220,27.000000,27
req-00005501,220092593,220,27.000000,27
req-00005502,220129630,220,27.000000,27
req-00005503,220166667,220,27.000000,27
req-00005504,220203704,220,27.000000,27
req-00005505,220240741,220,27.000000,27
req-00005506,220277778,220,27.000000,27
req-00005507,220314815,220,27.000000,27
req-00005508,220351852,220,27.000000,27
req-00005509,220388889,220,27.000000,27
req-00005510,220425926,220,27.000000,27
req-00005511,220462963,220,27.000000,27
req-00005512,220500000,220,27.000000,27
req-00005513,220537037,220,27.000000,27
req-00005514,220574074,220,27.000000,27
req-00005515,220611111,220,27.000000,27
req-00005516,220648148,220,27.000000,27
req-00005517,220685185,220,27.000000,27
req-00005518,220722222,220,27.000000,27
req-00005519,220759259,220,27.000000,27
req-00005520,220796296,220,27.000000,27
req-00005521,220833333,220,27.000000,27
req-00005522,220870370,220,27.000000,27
req-00005523,220907407,220,27.000000,27
req-00005524,220944444,220,27.000000,27
req-00005525,220981481,220,27.000000,27
req-00005526,221019231,221,26.000000,26
req-00005527,221057692,221,26.000000,26
req-00005528,221096154,221,26.000000,26
req-00005529,221134615,221,26.000000,26
req-00005530,221173077,221,26.000000,26
req-00005531,221211538,221,26.000000,26
req-00005532,221250000,221,26.000000,26
req-00005533,221288462,221,26.000000,26
req-00005534,221326923,221,26.000000,26
req-00005535,221365385,221,26.000000,26
req-00005536,221403846,221,26.000000,26
req-00005537,221442308,221,26.000000,26
req-00005538,221480769,221,26.000000,26
req-00005539,221519231,221,26.000000,26
req-00005540,221557692,221,26.000000,26
req-00005541,221596154,221,26.000000,26
req-00005542,221634615,221,26.000000,26
req-00005543,221673077,221,26.000000,26
req-00005544,221711538,221,26.000000,26
req-00005545,221750000,221,26.000000,26
req-00005546,221788462,221,26.000000,26
req-00005547,221826923,221,26.000000,26
req-00005548,221865385,221,26.000000,26
req-00005549,221903846,221,26.000000,26
req-00005550,221942308,221,26.000000,26
req-00005551,221980769,221,26.000000,26
req-00005552,222020000,222,25.000000,25
req-00005553,222060000,222,25.000000,25
req-00005554,222100000,222,25.000000,25
req-00005555,222140000,222,25.000000,25
req-00005556,222180000,222,25.000000,25
req-00005557,222220000,222,25.000000,25
req-00005558,222260000,222,25.000000,25
req-00005559,222300000,222,25.000000,25
req-00005560,222340000,222,25.000000,25
req-00005561,222380000,222,25.000000,25
req-00005562,222420000,222,25.000000,25
req-00005563,222460000,222,25.000000,25
req-00005564,222500000,222,25.000000,25
req-00005565,222540000,222,25.000000,25
req-00005566,222580000,222,25.000000,25
req-00005567,222620000,222,25.000000,25
req-00005568,222660000,222,25.000000,25
req-00005569,222700000,222,25.000000,25
req-00005570,222740000,222,25.000000,25
req-00005571,222780000,222,25.000000,25
req-00005572,222820000,222,25.000000,25
req-00005573,222860000,222,25.000000,25
req-00005574,222900000,222,25.000000,25
req-00005575,222940000,222,25.000000,25
req-00005576,222980000,222,25.000000,25
req-00005577,223020833,223,24.000000,24
req-00005578,223062500,223,24.000000,24
req-00005579,223104167,223,24.000000,24
req-00005580,223145833,223,24.000000,24
req-00005581,223187500,223,24.000000,24
req-00005582,223229167,223,24.000000,24
req-00005583,223270833,223,24.000000,24
req-00005584,223312500,223,24.000000,24
req-00005585,223354167,223,24.000000,24
req-00005586,223395833,223,24.000000,24
req-00005587,223437500,223,24.000000,24
req-00005588,223479167,223,24.000000,24
req-00005589,223520833,223,24.000000,24
req-00005590,223562500,223,24.000000,24
req-00005591,223604167,223,24.000000,24
req-00005592,223645833,223,24.000000,24
req-00005593,223687500,223,24.000000,24
req-00005594,223729167,223,24.000000,24
req-00005595,223770833,223,24.000000,24
req-00005596,223812500,223,24.000000,24
req-00005597,223854167,223,24.000000,24
req-00005598,223895833,223,24.000000,24
req-00005599,223937500,223,24.000000,24
req-00005600,223979167,223,24.000000,24
req-00005601,224021739,224,23.000000,23
req-00005602,224065217,224,23.000000,23
req-00005603,224108696,224,23.000000,23
req-00005604,224152174,224,23.000000,23
req-00005605,224195652,224,23.000000,23
req-00005606,224239130,224,23.000000,23
req-00005607,224282609,224,23.000000,23
req-00005608,224326087,224,23.000000,23
req-00005609,224369565,224,23.000000,23
req-00005610,224413043,224,23.000000,23
req-00005611,224456522,224,23.000000,23
req-00005612,224500000,224,23.000000,23
req-00005613,224543478,224,23.000000,23
req-00005614,224586957,224,23.000000,23
req-00005615,224630435,224,23.000000,23
req-00005616,224673913,224,23.000000,23
req-00005617,224717391,224,23.000000,23
req-00005618,224760870,224,23.000000,23
req-00005619,224804348,224,23.000000,23
req-00005620,224847826,224,23.000000,23
req-00005621,224891304,224,23.000000,23
req-00005622,224934783,224,23.000000,23
req-00005623,224978261,224,23.000000,23
req-00005624,225020833,225,24.000000,24
req-00005625,225062500,225,24.000000,24
req-00005626,225104167,225,24.000000,24
req-00005627,225145833,225,24.000000,24
req-00005628,225187500,225,24.000000,24
req-00005629,225229167,225,24.000000,24
req-00005630,225270833,225,24.000000,24
req-00005631,225312500,225,24.000000,24
req-00005632,225354167,225,24.000000,24
req-00005633,225395833,225,24.000000,24
req-00005634,225437500,225,24.000000,24
req-00005635,225479167,225,24.000000,24
req-00005636,225520833,225,24.000000,24
req-00005637,225562500,225,24.000000,24
req-00005638,225604167,225,24.000000,24
req-00005639,225645833,225,24.000000,24
req-00005640,225687500,225,24.000000,24
req-00005641,225729167,225,24.000000,24
req-00005642,225770833,225,24.000000,24
req-00005643,225812500,225,24.000000,24
req-00005644,225854167,225,24.000000,24
req-00005645,225895833,225,24.000000,24
req-00005646,225937500,225,24.000000,24
req-00005647,225979167,225,24.000000,24
req-00005648,226020000,226,25.000000,25
req-00005649,226060000,226,25.000000,25
req-00005650,226100000,226,25.000000,25
req-00005651,226140000,226,25.000000,25
req-00005652,226180000,226,25.000000,25
req-00005653,226220000,226,25.000000,25
req-00005654,226260000,226,25.000000,25
req-00005655,226300000,226,25.000000,25
req-00005656,226340000,226,25.000000,25
req-00005657,226380000,226,25.000000,25
req-00005658,226420000,226,25.000000,25
req-00005659,226460000,226,25.000000,25
req-00005660,226500000,226,25.000000,25
req-00005661,226540000,226,25.000000,25
req-00005662,226580000,226,25.000000,25
req-00005663,226620000,226,25.000000,25
req-00005664,226660000,226,25.000000,25
req-00005665,226700000,226,25.000000,25
req-00005666,226740000,226,25.000000,25
req-00005667,226780000,226,25.000000,25
req-00005668,226820000,226,25.000000,25
req-00005669,226860000,226,25.000000,25
req-00005670,226900000,226,25.000000,25
req-00005671,226940000,226,25.000000,25
req-00005672,226980000,226,25.000000,25
req-00005673,227019231,227,26.000000,26
req-00005674,227057692,227,26.000000,26
req-00005675,227096154,227,26.000000,26
req-00005676,227134615,227,26.000000,26
req-00005677,227173077,227,26.000000,26
req-00005678,227211538,227,26.000000,26
req-00005679,227250000,227,26.000000,26
req-00005680,227288462,227,26.000000,26
req-00005681,227326923,227,26.000000,26
req-00005682,227365385,227,26.000000,26
req-00005683,227403846,227,26.000000,26
req-00005684,227442308,227,26.000000,26
req-00005685,227480769,227,26.000000,26
req-00005686,227519231,227,26.000000,26
req-00005687,227557692,227,26.000000,26
req-00005688,227596154,227,26.000000,26
req-00005689,227634615,227,26.000000,26
req-00005690,227673077,227,26.000000,26
req-00005691,227711538,227,26.000000,26
req-00005692,227750000,227,26.000000,26
req-00005693,227788462,227,26.000000,26
req-00005694,227826923,227,26.000000,26
req-00005695,227865385,227,26.000000,26
req-00005696,227903846,227,26.000000,26
req-00005697,227942308,227,26.000000,26
req-00005698,227980769,227,26.000000,26
req-00005699,228018519,228,27.000000,27
req-00005700,228055556,228,27.000000,27
req-00005701,228092593,228,27.000000,27
req-00005702,228129630,228,27.000000,27
req-00005703,228166667,228,27.000000,27
req-00005704,228203704,228,27.000000,27
req-00005705,228240741,228,27.000000,27
req-00005706,228277778,228,27.000000,27
req-00005707,228314815,228,27.000000,27
req-00005708,228351852,228,27.000000,27
req-00005709,228388889,228,27.000000,27
req-00005710,228425926,228,27.000000,27
req-00005711,228462963,228,27.000000,27
req-00005712,228500000,228,27.000000,27
req-00005713,228537037,228,27.000000,27
req-00005714,228574074,228,27.000000,27
req-00005715,228611111,228,27.000000,27
req-00005716,228648148,228,27.000000,27
req-00005717,228685185,228,27.000000,27
req-00005718,228722222,228,27.000000,27
req-00005719,228759259,228,27.000000,27
req-00005720,228796296,228,27.000000,27
req-00005721,228833333,228,27.000000,27
req-00005722,228870370,228,27.000000,27
req-00005723,228907407,228,27.000000,27
req-00005724,228944444,228,27.000000,27
req-00005725,228981481,228,27.000000,27
req-00005726,229019231,229,26.000000,26
req-00005727,229057692,229,26.000000,26
req-00005728,229096154,229,26.000000,26
req-00005729,229134615,229,26.000000,26
req-00005730,229173077,229,26.000000,26
req-00005731,229211538,229,26.000000,26
req-00005732,229250000,229,26.000000,26
req-00005733,229288462,229,26.000000,26
req-00005734,229326923,229,26.000000,26
req-00005735,229365385,229,26.000000,26
req-00005736,229403846,229,26.000000,26
req-00005737,229442308,229,26.000000,26
req-00005738,229480769,229,26.000000,26
req-00005739,229519231,229,26.000000,26
req-00005740,229557692,229,26.000000,26
req-00005741,229596154,229,26.000000,26
req-00005742,229634615,229,26.000000,26
req-00005743,229673077,229,26.000000,26
req-00005744,229711538,229,26.000000,26
req-00005745,229750000,229,26.000000,26
req-00005746,229788462,229,26.000000,26
req-00005747,229826923,229,26.000000,26
req-00005748,229865385,229,26.000000,26
req-00005749,229903846,229,26.000000,26
req-00005750,229942308,229,26.000000,26
req-00005751,229980769,229,26.000000,26
req-00005752,230020000,230,25.000000,25
req-00005753,230060000,230,25.000000,25
req-00005754,230100000,230,25.000000,25
req-00005755,230140000,230,25.000000,25
req-00005756,230180000,230,25.000000,25
req-00005757,230220000,230,25.000000,25
req-00005758,230260000,230,25.000000,25
req-00005759,230300000,230,25.000000,25
req-00005760,230340000,230,25.000000,25
req-00005761,230380000,230,25.000000,25
req-00005762,230420000,230,25.000000,25
req-00005763,230460000,230,25.000000,25
req-00005764,230500000,230,25.000000,25
req-00005765,230540000,230,25.000000,25
req-00005766,230580000,230,25.000000,25
req-00005767,230620000,230,25.000000,25
req-00005768,230660000,230,25.000000,25
req-00005769,230700000,230,25.000000,25
req-00005770,230740000,230,25.000000,25
req-00005771,230780000,230,25.000000,25
req-00005772,230820000,230,25.000000,25
req-00005773,230860000,230,25.000000,25
req-00005774,230900000,230,25.000000,25
req-00005775,230940000,230,25.000000,25
req-00005776,230980000,230,25.000000,25
req-00005777,231020833,231,24.000000,24
req-00005778,231062500,231,24.000000,24
req-00005779,231104167,231,24.000000,24
req-00005780,231145833,231,24.000000,24
req-00005781,231187500,231,24.000000,24
req-00005782,231229167,231,24.000000,24
req-00005783,231270833,231,24.000000,24
req-00005784,231312500,231,24.000000,24
req-00005785,231354167,231,24.000000,24
req-00005786,231395833,231,24.000000,24
req-00005787,231437500,231,24.000000,24
req-00005788,231479167,231,24.000000,24
req-00005789,231520833,231,24.000000,24
req-00005790,231562500,231,24.000000,24
req-00005791,231604167,231,24.000000,24
req-00005792,231645833,231,24.000000,24
req-00005793,231687500,231,24.000000,24
req-00005794,231729167,231,24.000000,24
req-00005795,231770833,231,24.000000,24
req-00005796,231812500,231,24.000000,24
req-00005797,231854167,231,24.000000,24
req-00005798,231895833,231,24.000000,24
req-00005799,231937500,231,24.000000,24
req-00005800,231979167,231,24.000000,24
req-00005801,232021739,232,23.000000,23
req-00005802,232065217,232,23.000000,23
req-00005803,232108696,232,23.000000,23
req-00005804,232152174,232,23.000000,23
req-00005805,232195652,232,23.000000,23
req-00005806,232239130,232,23.000000,23
req-00005807,232282609,232,23.000000,23
req-00005808,232326087,232,23.000000,23
req-00005809,232369565,232,23.000000,23
req-00005810,232413043,232,23.000000,23
req-00005811,232456522,232,23.000000,23
req-00005812,232500000,232,23.000000,23
req-00005813,232543478,232,23.000000,23
req-00005814,232586957,232,23.000000,23
req-00005815,232630435,232,23.000000,23
req-00005816,232673913,232,23.000000,23
req-00005817,232717391,232,23.000000,23
req-00005818,232760870,232,23.000000,23
req-00005819,232804348,232,23.000000,23
req-00005820,232847826,232,23.000000,23
req-00005821,232891304,232,23.000000,23
req-00005822,232934783,232,23.000000,23
req-00005823,232978261,232,23.000000,23
req-00005824,233020833,233,24.000000,24
req-00005825,233062500,233,24.000000,24
req-00005826,233104167,233,24.000000,24
req-00005827,233145833,233,24.000000,24
req-00005828,233187500,233,24.000000,24
req-00005829,233229167,233,24.000000,24
req-00005830,233270833,233,24.000000,24
req-00005831,233312500,233,24.000000,24
req-00005832,233354167,233,24.000000,24
req-00005833,233395833,233,24.000000,24
req-00005834,233437500,233,24.000000,24
req-00005835,233479167,233,24.000000,24
req-00005836,233520833,233,24.000000,24
req-00005837,233562500,233,24.000000,24
req-00005838,233604167,233,24.000000,24
req-00005839,233645833,233,24.000000,24
req-00005840,233687500,233,24.000000,24
req-00005841,233729167,233,24.000000,24
req-00005842,233770833,233,24.000000,24
req-00005843,233812500,233,24.000000,24
req-00005844,233854167,233,24.000000,24
req-00005845,233895833,233,24.000000,24
req-00005846,233937500,233,24.000000,24
req-00005847,233979167,233,24.000000,24
req-00005848,234020000,234,25.000000,25
req-00005849,234060000,234,25.000000,25
req-00005850,234100000,234,25.000000,25
req-00005851,234140000,234,25.000000,25
req-00005852,234180000,234,25.000000,25
req-00005853,234220000,234,25.000000,25
req-00005854,234260000,234,25.000000,25
req-00005855,234300000,234,25.000000,25
req-00005856,234340000,234,25.000000,25
req-00005857,234380000,234,25.000000,25
req-00005858,234420000,234,25.000000,25
req-00005859,234460000,234,25.000000,25
req-00005860,234500000,234,25.000000,25
req-00005861,234540000,234,25.000000,25
req-00005862,234580000,234,25.000000,25
req-00005863,234620000,234,25.000000,25
req-00005864,234660000,234,25.000000,25
req-00005865,234700000,234,25.000000,25
req-00005866,234740000,234,25.000000,25
req-00005867,234780000,234,25.000000,25
req-00005868,234820000,234,25.000000,25
req-00005869,234860000,234,25.000000,25
req-00005870,234900000,234,25.000000,25
req-00005871,234940000,234,25.000000,25
req-00005872,234980000,234,25.000000,25
req-00005873,235019231,235,26.000000,26
req-00005874,235057692,235,26.000000,26
req-00005875,235096154,235,26.000000,26
req-00005876,235134615,235,26.000000,26
req-00005877,235173077,235,26.000000,26
req-00005878,235211538,235,26.000000,26
req-00005879,235250000,235,26.000000,26
req-00005880,235288462,235,26.000000,26
req-00005881,235326923,235,26.000000,26
req-00005882,235365385,235,26.000000,26
req-00005883,235403846,235,26.000000,26
req-00005884,235442308,235,26.000000,26
req-00005885,235480769,235,26.000000,26
req-00005886,235519231,235,26.000000,26
req-00005887,235557692,235,26.000000,26
req-00005888,235596154,235,26.000000,26
req-00005889,235634615,235,26.000000,26
req-00005890,235673077,235,26.000000,26
req-00005891,235711538,235,26.000000,26
req-00005892,235750000,235,26.000000,26
req-00005893,235788462,235,26.000000,26
req-00005894,235826923,235,26.000000,26
req-00005895,235865385,235,26.000000,26
req-00005896,235903846,235,26.000000,26
req-00005897,235942308,235,26.000000,26
req-00005898,235980769,235,26.000000,26
req-00005899,236018519,236,27.000000,27
req-00005900,236055556,236,27.000000,27
req-00005901,236092593,236,27.000000,27
req-00005902,236129630,236,27.000000,27
req-00005903,236166667,236,27.000000,27
req-00005904,236203704,236,27.000000,27
req-00005905,236240741,236,27.000000,27
req-00005906,236277778,236,27.000000,27
req-00005907,236314815,236,27.000000,27
req-00005908,236351852,236,27.000000,27
req-00005909,236388889,236,27.000000,27
req-00005910,236425926,236,27.000000,27
req-00005911,236462963,236,27.000000,27
req-00005912,236500000,236,27.000000,27
req-00005913,236537037,236,27.000000,27
req-00005914,236574074,236,27.000000,27
req-00005915,236611111,236,27.000000,27
req-00005916,236648148,236,27.000000,27
req-00005917,236685185,236,27.000000,27
req-00005918,236722222,236,27.000000,27
req-00005919,236759259,236,27.000000,27
req-00005920,236796296,236,27.000000,27
req-00005921,236833333,236,27.000000,27
req-00005922,236870370,236,27.000000,27
req-00005923,236907407,236,27.000000,27
req-00005924,236944444,236,27.000000,27
req-00005925,236981481,236,27.000000,27
req-00005926,237019231,237,26.000000,26
req-00005927,237057692,237,26.000000,26
req-00005928,237096154,237,26.000000,26
req-00005929,237134615,237,26.000000,26
req-00005930,237173077,237,26.000000,26
req-00005931,237211538,237,26.000000,26
req-00005932,237250000,237,26.000000,26
req-00005933,237288462,237,26.000000,26
req-00005934,237326923,237,26.000000,26
req-00005935,237365385,237,26.000000,26
req-00005936,237403846,237,26.000000,26
req-00005937,237442308,237,26.000000,26
req-00005938,237480769,237,26.000000,26
req-00005939,237519231,237,26.000000,26
req-00005940,237557692,237,26.000000,26
req-00005941,237596154,237,26.000000,26
req-00005942,237634615,237,26.000000,26
req-00005943,237673077,237,26.000000,26
req-00005944,237711538,237,26.000000,26
req-00005945,237750000,237,26.000000,26
req-00005946,237788462,237,26.000000,26
req-00005947,237826923,237,26.000000,26
req-00005948,237865385,237,26.000000,26
req-00005949,237903846,237,26.000000,26
req-00005950,237942308,237,26.000000,26
req-00005951,237980769,237,26.000000,26
req-00005952,238020000,238,25.000000,25
req-00005953,238060000,238,25.000000,25
req-00005954,238100000,238,25.000000,25
req-00005955,238140000,238,25.000000,25
req-00005956,238180000,238,25.000000,25
req-00005957,238220000,238,25.000000,25
req-00005958,238260000,238,25.000000,25
req-00005959,238300000,238,25.000000,25
req-00005960,238340000,238,25.000000,25
req-00005961,238380000,238,25.000000,25
req-00005962,238420000,238,25.000000,25
req-00005963,238460000,238,25.000000,25
req-00005964,238500000,238,25.000000,25
req-00005965,238540000,238,25.000000,25
req-00005966,238580000,238,25.000000,25
req-00005967,238620000,238,25.000000,25
req-00005968,238660000,238,25.000000,25
req-00005969,238700000,238,25.000000,25
req-00005970,238740000,238,25.000000,25
req-00005971,238780000,238,25.000000,25
req-00005972,238820000,238,25.000000,25
req-00005973,238860000,238,25.000000,25
req-00005974,238900000,238,25.000000,25
req-00005975,238940000,238,25.000000,25
req-00005976,238980000,238,25.000000,25
req-00005977,239020833,239,24.000000,24
req-00005978,239062500,239,24.000000,24
req-00005979,239104167,239,24.000000,24
req-00005980,239145833,239,24.000000,24
req-00005981,239187500,239,24.000000,24
req-00005982,239229167,239,24.000000,24
req-00005983,239270833,239,24.000000,24
req-00005984,239312500,239,24.000000,24
req-00005985,239354167,239,24.000000,24
req-00005986,239395833,239,24.000000,24
req-00005987,239437500,239,24.000000,24
req-00005988,239479167,239,24.000000,24
req-00005989,239520833,239,24.000000,24
req-00005990,239562500,239,24.000000,24
req-00005991,239604167,239,24.000000,24
req-00005992,239645833,239,24.000000,24
req-00005993,239687500,239,24.000000,24
req-00005994,239729167,239,24.000000,24
req-00005995,239770833,239,24.000000,24
req-00005996,239812500,239,24.000000,24
req-00005997,239854167,239,24.000000,24
req-00005998,239895833,239,24.000000,24
req-00005999,239937500,239,24.000000,24
req-00006000,239979167,239,24.000000,24
