request_id,scheduled_offset_us,source_second,target_rps,scheduled_requests_in_second
req-00000001,20000,0,25.000000,25
req-00000002,60000,0,25.000000,25
req-00000003,100000,0,25.000000,25
req-00000004,140000,0,25.000000,25
req-00000005,180000,0,25.000000,25
req-00000006,220000,0,25.000000,25
req-00000007,260000,0,25.000000,25
req-00000008,300000,0,25.000000,25
req-00000009,340000,0,25.000000,25
req-00000010,380000,0,25.000000,25
req-00000011,420000,0,25.000000,25
req-00000012,460000,0,25.000000,25
req-00000013,500000,0,25.000000,25
req-00000014,540000,0,25.000000,25
req-00000015,580000,0,25.000000,25
req-00000016,620000,0,25.000000,25
req-00000017,660000,0,25.000000,25
req-00000018,700000,0,25.000000,25
req-00000019,740000,0,25.000000,25
req-00000020,780000,0,25.000000,25
req-00000021,820000,0,25.000000,25
req-00000022,860000,0,25.000000,25
req-00000023,900000,0,25.000000,25
req-00000024,940000,0,25.000000,25
req-00000025,980000,0,25.000000,25
req-00000026,1020000,1,25.000000,25
req-00000027,1060000,1,25.000000,25
req-00000028,1100000,1,25.000000,25
req-00000029,1140000,1,25.000000,25
req-00000030,1180000,1,25.000000,25
req-00000031,1220000,1,25.000000,25
req-00000032,1260000,1,25.000000,25
req-00000033,1300000,1,25.000000,25
req-00000034,1340000,1,25.000000,25
req-00000035,1380000,1,25.000000,25
req-00000036,1420000,1,25.000000,25
req-00000037,1460000,1,25.000000,25
req-00000038,1500000,1,25.000000,25
req-00000039,1540000,1,25.000000,25
req-00000040,1580000,1,25.000000,25
req-00000041,1620000,1,25.000000,25
req-00000042,1660000,1,25.000000,25
req-00000043,1700000,1,25.000000,25
req-00000044,1740000,1,25.000000,25
req-00000045,1780000,1,25.000000,25
req-00000046,1820000,1,25.000000,25
req-00000047,1860000,1,25.000000,25
req-00000048,1900000,1,25.000000,25
req-00000049,1940000,1,25.000000,25
req-00000050,1980000,1,25.000000,25
req-00000051,2020000,2,25.000000,25
req-00000052,2060000,2,25.000000,25
req-00000053,2100000,2,25.000000,25
req-00000054,2140000,2,25.000000,25
req-00000055,2180000,2,25.000000,25
req-00000056,2220000,2,25.000000,25
req-00000057,2260000,2,25.000000,25
req-00000058,2300000,2,25.000000,25
req-00000059,2340000,2,25.000000,25
req-00000060,2380000,2,25.000000,25
req-00000061,2420000,2,25.000000,25
req-00000062,2460000,2,25.000000,25
req-00000063,2500000,2,25.000000,25
req-00000064,2540000,2,25.000000,25
req-00000065,2580000,2,25.000000,25
req-00000066,2620000,2,25.000000,25
req-00000067,2660000,2,25.000000,25
req-00000068,2700000,2,25.000000,25
req-00000069,2740000,2,25.000000,25
req-00000070,2780000,2,25.000000,25
req-00000071,2820000,2,25.000000,25
req-00000072,2860000,2,25.000000,25
req-00000073,2900000,2,25.000000,25
req-00000074,2940000,2,25.000000,25
req-00000075,2980000,2,25.000000,25
req-00000076,3020000,3,25.000000,25
req-00000077,3060000,3,25.000000,25
req-00000078,3100000,3,25.000000,25
req-00000079,3140000,3,25.000000,25
req-00000080,3180000,3,25.000000,25
req-00000081,3220000,3,25.000000,25
req-00000082,3260000,3,25.000000,25
req-00000083,3300000,3,25.000000,25
req-00000084,3340000,3,25.000000,25
req-00000085,3380000,3,25.000000,25
req-00000086,3420000,3,25.000000,25
req-00000087,3460000,3,25.000000,25
req-00000088,3500000,3,25.000000,25
req-00000089,3540000,3,25.000000,25
req-00000090,3580000,3,25.000000,25
req-00000091,3620000,3,25.000000,25
req-00000092,3660000,3,25.000000,25
req-00000093,3700000,3,25.000000,25
req-00000094,3740000,3,25.000000,25
req-00000095,3780000,3,25.000000,25
req-00000096,3820000,3,25.000000,25
req-00000097,3860000,3,25.000000,25
req-00000098,3900000,3,25.000000,25
req-00000099,3940000,3,25.000000,25
req-00000100,3980000,3,25.000000,25
req-00000101,4020000,4,25.000000,25
req-00000102,4060000,4,25.000000,25
req-00000103,4100000,4,25.000000,25
req-00000104,4140000,4,25.000000,25
req-00000105,4180000,4,25.000000,25
req-00000106,4220000,4,25.000000,25
req-00000107,4260000,4,25.000000,25
req-00000108,4300000,4,25.000000,25
req-00000109,4340000,4,25.000000,25
req-00000110,4380000,4,25.000000,25
req-00000111,4420000,4,25.000000,25
req-00000112,4460000,4,25.000000,25
req-00000113,4500000,4,25.000000,25
req-00000114,4540000,4,25.000000,25
req-00000115,4580000,4,25.000000,25
req-00000116,4620000,4,25.000000,25
req-00000117,4660000,4,25.000000,25
req-00000118,4700000,4,25.000000,25
req-00000119,4740000,4,25.000000,25
req-00000120,4780000,4,25.000000,25
req-00000121,4820000,4,25.000000,25
req-00000122,4860000,4,25.000000,25
req-00000123,4900000,4,25.000000,25
req-00000124,4940000,4,25.000000,25
req-00000125,4980000,4,25.000000,25
req-00000126,5020000,5,25.000000,25
req-00000127,5060000,5,25.000000,25
req-00000128,5100000,5,25.000000,25
req-00000129,5140000,5,25.000000,25
req-00000130,5180000,5,25.000000,25
req-00000131,5220000,5,25.000000,25
req-00000132,5260000,5,25.000000,25
req-00000133,5300000,5,25.000000,25
req-00000134,5340000,5,25.000000,25
req-00000135,5380000,5,25.000000,25
req-00000136,5420000,5,25.000000,25
req-00000137,5460000,5,25.000000,25
req-00000138,5500000,5,25.000000,25
req-00000139,5540000,5,25.000000,25
req-00000140,5580000,5,25.000000,25
req-00000141,5620000,5,25.000000,25
req-00000142,5660000,5,25.000000,25
req-00000143,5700000,5,25.000000,25
req-00000144,5740000,5,25.000000,25
req-00000145,5780000,5,25.000000,25
req-00000146,5820000,5,25.000000,25
req-00000147,5860000,5,25.000000,25
req-00000148,5900000,5,25.000000,25
req-00000149,5940000,5,25.000000,25
req-00000150,5980000,5,25.000000,25
req-00000151,6020000,6,25.000000,25
req-00000152,6060000,6,25.000000,25
req-00000153,6100000,6,25.000000,25
req-00000154,6140000,6,25.000000,25
req-00000155,6180000,6,25.000000,25
req-00000156,6220000,6,25.000000,25
req-00000157,6260000,6,25.000000,25
req-00000158,6300000,6,25.000000,25
req-00000159,6340000,6,25.000000,25
req-00000160,6380000,6,25.000000,25
req-00000161,6420000,6,25.000000,25
req-00000162,6460000,6,25.000000,25
req-00000163,6500000,6,25.000000,25
req-00000164,6540000,6,25.000000,25
req-00000165,6580000,6,25.000000,25
req-00000166,6620000,6,25.000000,25
req-00000167,6660000,6,25.000000,25
req-00000168,6700000,6,25.000000,25
req-00000169,6740000,6,25.000000,25
req-00000170,6780000,6,25.000000,25
req-00000171,6820000,6,25.000000,25
req-00000172,6860000,6,25.000000,25
req-00000173,6900000,6,25.000000,25
req-00000174,6940000,6,25.000000,25
req-00000175,6980000,6,25.000000,25
req-00000176,7020000,7,25.000000,25
req-00000177,7060000,7,25.000000,25
req-00000178,7100000,7,25.000000,25
req-00000179,7140000,7,25.000000,25
req-00000180,7180000,7,25.000000,25
req-00000181,7220000,7,25.000000,25
req-00000182,7260000,7,25.000000,25
req-00000183,7300000,7,25.000000,25
req-00000184,7340000,7,25.000000,25
req-00000185,7380000,7,25.000000,25
req-00000186,7420000,7,25.000000,25
req-00000187,7460000,7,25.000000,25
req-00000188,7500000,7,25.000000,25
req-00000189,7540000,7,25.000000,25
req-00000190,7580000,7,25.000000,25
req-00000191,7620000,7,25.000000,25
req-00000192,7660000,7,25.000000,25
req-00000193,7700000,7,25.000000,25
req-00000194,7740000,7,25.000000,25
req-00000195,7780000,7,25.000000,25
req-00000196,7820000,7,25.000000,25
req-00000197,7860000,7,25.000000,25
req-00000198,7900000,7,25.000000,25
req-00000199,7940000,7,25.000000,25
req-00000200,7980000,7,25.000000,25
req-00000201,8020000,8,25.000000,25
req-00000202,8060000,8,25.000000,25
req-00000203,8100000,8,25.000000,25
req-00000204,8140000,8,25.000000,25
req-00000205,8180000,8,25.000000,25
req-00000206,8220000,8,25.000000,25
req-00000207,8260000,8,25.000000,25
req-00000208,8300000,8,25.000000,25
req-00000209,8340000,8,25.000000,25
req-00000210,8380000,8,25.000000,25
req-00000211,8420000,8,25.000000,25
req-00000212,8460000,8,25.000000,25
req-00000213,8500000,8,25.000000,25
req-00000214,8540000,8,25.000000,25
req-00000215,8580000,8,25.000000,25
req-00000216,8620000,8,25.000000,25
req-00000217,8660000,8,25.000000,25
req-00000218,8700000,8,25.000000,25
req-00000219,8740000,8,25.000000,25
req-00000220,8780000,8,25.000000,25
req-00000221,8820000,8,25.000000,25
req-00000222,8860000,8,25.000000,25
req-00000223,8900000,8,25.000000,25
req-00000224,8940000,8,25.000000,25
req-00000225,8980000,8,25.000000,25
req-00000226,9020000,9,25.000000,25
req-00000227,9060000,9,25.000000,25
req-00000228,9100000,9,25.000000,25
req-00000229,9140000,9,25.000000,25
req-00000230,9180000,9,25.000000,25
req-00000231,9220000,9,25.000000,25
req-00000232,9260000,9,25.000000,25
req-00000233,9300000,9,25.000000,25
req-00000234,9340000,9,25.000000,25
req-00000235,9380000,9,25.000000,25
req-00000236,9420000,9,25.000000,25
req-00000237,9460000,9,25.000000,25
req-00000238,9500000,9,25.000000,25
req-00000239,9540000,9,25.000000,25
req-00000240,9580000,9,25.000000,25
req-00000241,9620000,9,25.000000,25
req-00000242,9660000,9,25.000000,25
req-00000243,9700000,9,25.000000,25
req-00000244,9740000,9,25.000000,25
req-00000245,9780000,9,25.000000,25
req-00000246,9820000,9,25.000000,25
req-00000247,9860000,9,25.000000,25
req-00000248,9900000,9,25.000000,25
req-00000249,9940000,9,25.000000,25
req-00000250,9980000,9,25.000000,25
req-00000251,10020000,10,25.000000,25
req-00000252,10060000,10,25.000000,25
req-00000253,10100000,10,25.000000,25
req-00000254,10140000,10,25.000000,25
req-00000255,10180000,10,25.000000,25
req-00000256,10220000,10,25.000000,25
req-00000257,10260000,10,25.000000,25
req-00000258,10300000,10,25.000000,25
req-00000259,10340000,10,25.000000,25
req-00000260,10380000,10,25.000000,25
req-00000261,10420000,10,25.000000,25
req-00000262,10460000,10,25.000000,25
req-00000263,10500000,10,25.000000,25
req-00000264,10540000,10,25.000000,25
req-00000265,10580000,10,25.000000,25
req-00000266,10620000,10,25.000000,25
req-00000267,10660000,10,25.000000,25
req-00000268,10700000,10,25.000000,25
req-00000269,10740000,10,25.000000,25
req-00000270,10780000,10,25.000000,25
req-00000271,10820000,10,25.000000,25
req-00000272,10860000,10,25.000000,25
req-00000273,10900000,10,25.000000,25
req-00000274,10940000,10,25.000000,25
req-00000275,10980000,10,25.000000,25
req-00000276,11020000,11,25.000000,25
req-00000277,11060000,11,25.000000,25
req-00000278,11100000,11,25.000000,25
req-00000279,11140000,11,25.000000,25
req-00000280,11180000,11,25.000000,25
req-00000281,11220000,11,25.000000,25
req-00000282,11260000,11,25.000000,25
req-00000283,11300000,11,25.000000,25
req-00000284,11340000,11,25.000000,25
req-00000285,11380000,11,25.000000,25
req-00000286,11420000,11,25.000000,25
req-00000287,11460000,11,25.000000,25
req-00000288,11500000,11,25.000000,25
req-00000289,11540000,11,25.000000,25
req-00000290,11580000,11,25.000000,25
req-00000291,11620000,11,25.000000,25
req-00000292,11660000,11,25.000000,25
req-00000293,11700000,11,25.000000,25
req-00000294,11740000,11,25.000000,25
req-00000295,11780000,11,25.000000,25
req-00000296,11820000,11,25.000000,25
req-00000297,11860000,11,25.000000,25
req-00000298,11900000,11,25.000000,25
req-00000299,11940000,11,25.000000,25
req-00000300,11980000,11,25.000000,25
req-00000301,12020000,12,25.000000,25
req-00000302,12060000,12,25.000000,25
req-00000303,12100000,12,25.000000,25
req-00000304,12140000,12,25.000000,25
req-00000305,12180000,12,25.000000,25
req-00000306,12220000,12,25.000000,25
req-00000307,12260000,12,25.000000,25
req-00000308,12300000,12,25.000000,25
req-00000309,12340000,12,25.000000,25
req-00000310,12380000,12,25.000000,25
req-00000311,12420000,12,25.000000,25
req-00000312,12460000,12,25.000000,25
req-00000313,12500000,12,25.000000,25
req-00000314,12540000,12,25.000000,25
req-00000315,12580000,12,25.000000,25
req-00000316,12620000,12,25.000000,25
req-00000317,12660000,12,25.000000,25
req-00000318,12700000,12,25.000000,25
req-00000319,12740000,12,25.000000,25
req-00000320,12780000,12,25.000000,25
req-00000321,12820000,12,25.000000,25
req-00000322,12860000,12,25.000000,25
req-00000323,12900000,12,25.000000,25
req-00000324,12940000,12,25.000000,25
req-00000325,12980000,12,25.000000,25
req-00000326,13020000,13,25.000000,25
req-00000327,13060000,13,25.000000,25
req-00000328,13100000,13,25.000000,25
req-00000329,13140000,13,25.000000,25
req-00000330,13180000,13,25.000000,25
req-00000331,13220000,13,25.000000,25
req-00000332,13260000,13,25.000000,25
req-00000333,13300000,13,25.000000,25
req-00000334,13340000,13,25.000000,25
req-00000335,13380000,13,25.000000,25
req-00000336,13420000,13,25.000000,25
req-00000337,13460000,13,25.000000,25
req-00000338,13500000,13,25.000000,25
req-00000339,13540000,13,25.000000,25
req-00000340,13580000,13,25.000000,25
req-00000341,13620000,13,25.000000,25
req-00000342,13660000,13,25.000000,25
req-00000343,13700000,13,25.000000,25
req-00000344,13740000,13,25.000000,25
req-00000345,13780000,13,25.000000,25
req-00000346,13820000,13,25.000000,25
req-00000347,13860000,13,25.000000,25
req-00000348,13900000,13,25.000000,25
req-00000349,13940000,13,25.000000,25
req-00000350,13980000,13,25.000000,25
req-00000351,14020000,14,25.000000,25
req-00000352,14060000,14,25.000000,25
req-00000353,14100000,14,25.000000,25
req-00000354,14140000,14,25.000000,25
req-00000355,14180000,14,25.000000,25
req-00000356,14220000,14,25.000000,25
req-00000357,14260000,14,25.000000,25
req-00000358,14300000,14,25.000000,25
req-00000359,14340000,14,25.000000,25
req-00000360,14380000,14,25.000000,25
req-00000361,14420000,14,25.000000,25
req-00000362,14460000,14,25.000000,25
req-00000363,14500000,14,25.000000,25
req-00000364,14540000,14,25.000000,25
req-00000365,14580000,14,25.000000,25
req-00000366,14620000,14,25.000000,25
req-00000367,14660000,14,25.000000,25
req-00000368,14700000,14,25.000000,25
req-00000369,14740000,14,25.000000,25
req-00000370,14780000,14,25.000000,25
req-00000371,14820000,14,25.000000,25
req-00000372,14860000,14,25.000000,25
req-00000373,14900000,14,25.000000,25
req-00000374,14940000,14,25.000000,25
req-00000375,14980000,14,25.000000,25
req-00000376,15020000,15,25.000000,25
req-00000377,15060000,15,25.000000,25
req-00000378,15100000,15,25.000000,25
req-00000379,15140000,15,25.000000,25
req-00000380,15180000,15,25.000000,25
req-00000381,15220000,15,25.000000,25
req-00000382,15260000,15,25.000000,25
req-00000383,15300000,15,25.000000,25
req-00000384,15340000,15,25.000000,25
req-00000385,15380000,15,25.000000,25
req-00000386,15420000,15,25.000000,25
req-00000387,15460000,15,25.000000,25
req-00000388,15500000,15,25.000000,25
req-00000389,15540000,15,25.000000,25
req-00000390,15580000,15,25.000000,25
req-00000391,15620000,15,25.000000,25
req-00000392,15660000,15,25.000000,25
req-00000393,15700000,15,25.000000,25
req-00000394,15740000,15,25.000000,25
req-00000395,15780000,15,25.000000,25
req-00000396,15820000,15,25.000000,25
req-00000397,15860000,15,25.000000,25
req-00000398,15900000,15,25.000000,25
req-00000399,15940000,15,25.000000,25
req-00000400,15980000,15,25.000000,25
req-00000401,16020000,16,25.000000,25
req-00000402,16060000,16,25.000000,25
req-00000403,16100000,16,25.000000,25
req-00000404,16140000,16,25.000000,25
req-00000405,16180000,16,25.000000,25
req-00000406,16220000,16,25.000000,25
req-00000407,16260000,16,25.000000,25
req-00000408,16300000,16,25.000000,25
req-00000409,16340000,16,25.000000,25
req-00000410,16380000,16,25.000000,25
req-00000411,16420000,16,25.000000,25
req-00000412,16460000,16,25.000000,25
req-00000413,16500000,16,25.000000,25
req-00000414,16540000,16,25.000000,25
req-00000415,16580000,16,25.000000,25
req-00000416,16620000,16,25.000000,25
req-00000417,16660000,16,25.000000,25
req-00000418,16700000,16,25.000000,25
req-00000419,16740000,16,25.000000,25
req-00000420,16780000,16,25.000000,25
req-00000421,16820000,16,25.000000,25
req-00000422,16860000,16,25.000000,25
req-00000423,16900000,16,25.000000,25
req-00000424,16940000,16,25.000000,25
req-00000425,16980000,16,25.000000,25
req-00000426,17020000,17,25.000000,25
req-00000427,17060000,17,25.000000,25
req-00000428,17100000,17,25.000000,25
req-00000429,17140000,17,25.000000,25
req-00000430,17180000,17,25.000000,25
req-00000431,17220000,17,25.000000,25
req-00000432,17260000,17,25.000000,25
req-00000433,17300000,17,25.000000,25
req-00000434,17340000,17,25.000000,25
req-00000435,17380000,17,25.000000,25
req-00000436,17420000,17,25.000000,25
req-00000437,17460000,17,25.000000,25
req-00000438,17500000,17,25.000000,25
req-00000439,17540000,17,25.000000,25
req-00000440,17580000,17,25.000000,25
req-00000441,17620000,17,25.000000,25
req-00000442,17660000,17,25.000000,25
req-00000443,17700000,17,25.000000,25
req-00000444,17740000,17,25.000000,25
req-00000445,17780000,17,25.000000,25
req-00000446,17820000,17,25.000000,25
req-00000447,17860000,17,25.000000,25
req-00000448,17900000,17,25.000000,25
req-00000449,17940000,17,25.000000,25
req-00000450,17980000,17,25.000000,25
req-00000451,18020000,18,25.000000,25
req-00000452,18060000,18,25.000000,25
req-00000453,18100000,18,25.000000,25
req-00000454,18140000,18,25.000000,25
req-00000455,18180000,18,25.000000,25
req-00000456,18220000,18,25.000000,25
req-00000457,18260000,18,25.000000,25
req-00000458,18300000,18,25.000000,25
req-00000459,18340000,18,25.000000,25
req-00000460,18380000,18,25.000000,25
req-00000461,18420000,18,25.000000,25
req-00000462,18460000,18,25.000000,25
req-00000463,18500000,18,25.000000,25
req-00000464,18540000,18,25.000000,25
req-00000465,18580000,18,25.000000,25
req-00000466,18620000,18,25.000000,25
req-00000467,18660000,18,25.000000,25
req-00000468,18700000,18,25.000000,25
req-00000469,18740000,18,25.000000,25
req-00000470,18780000,18,25.000000,25
req-00000471,18820000,18,25.000000,25
req-00000472,18860000,18,25.000000,25
req-00000473,18900000,18,25.000000,25
req-00000474,18940000,18,25.000000,25
req-00000475,18980000,18,25.000000,25
req-00000476,19020000,19,25.000000,25
req-00000477,19060000,19,25.000000,25
req-00000478,19100000,19,25.000000,25
req-00000479,19140000,19,25.000000,25
req-00000480,19180000,19,25.000000,25
req-00000481,19220000,19,25.000000,25
req-00000482,19260000,19,25.000000,25
req-00000483,19300000,19,25.000000,25
req-00000484,19340000,19,25.000000,25
req-00000485,19380000,19,25.000000,25
req-00000486,19420000,19,25.000000,25
req-00000487,19460000,19,25.000000,25
req-00000488,19500000,19,25.000000,25
req-00000489,19540000,19,25.000000,25
req-00000490,19580000,19,25.000000,25
req-00000491,19620000,19,25.000000,25
req-00000492,19660000,19,25.000000,25
req-00000493,19700000,19,25.000000,25
req-00000494,19740000,19,25.000000,25
req-00000495,19780000,19,25.000000,25
req-00000496,19820000,19,25.000000,25
req-00000497,19860000,19,25.000000,25
req-00000498,19900000,19,25.000000,25
req-00000499,19940000,19,25.000000,25
req-00000500,19980000,19,25.000000,25
req-00000501,20020000,20,25.000000,25
req-00000502,20060000,20,25.000000,25
req-00000503,20100000,20,25.000000,25
req-00000504,20140000,20,25.000000,25
req-00000505,20180000,20,25.000000,25
req-00000506,20220000,20,25.000000,25
req-00000507,20260000,20,25.000000,25
req-00000508,20300000,20,25.000000,25
req-00000509,20340000,20,25.000000,25
req-00000510,20380000,20,25.000000,25
req-00000511,20420000,20,25.000000,25
req-00000512,20460000,20,25.000000,25
req-00000513,20500000,20,25.000000,25
req-00000514,20540000,20,25.000000,25
req-00000515,20580000,20,25.000000,25
req-00000516,20620000,20,25.000000,25
req-00000517,20660000,20,25.000000,25
req-00000518,20700000,20,25.000000,25
req-00000519,20740000,20,25.000000,25
req-00000520,20780000,20,25.000000,25
req-00000521,20820000,20,25.000000,25
req-00000522,20860000,20,25.000000,25
req-00000523,20900000,20,25.000000,25
req-00000524,20940000,20,25.000000,25
req-00000525,20980000,20,25.000000,25
req-00000526,21020000,21,25.000000,25
req-00000527,21060000,21,25.000000,25
req-00000528,21100000,21,25.000000,25
req-00000529,21140000,21,25.000000,25
req-00000530,21180000,21,25.000000,25
req-00000531,21220000,21,25.000000,25
req-00000532,21260000,21,25.000000,25
req-00000533,21300000,21,25.000000,25
req-00000534,21340000,21,25.000000,25
req-00000535,21380000,21,25.000000,25
req-00000536,21420000,21,25.000000,25
req-00000537,21460000,21,25.000000,25
req-00000538,21500000,21,25.000000,25
req-00000539,21540000,21,25.000000,25
req-00000540,21580000,21,25.000000,25
req-00000541,21620000,21,25.000000,25
req-00000542,21660000,21,25.000000,25
req-00000543,21700000,21,25.000000,25
req-00000544,21740000,21,25.000000,25
req-00000545,21780000,21,25.000000,25
req-00000546,21820000,21,25.000000,25
req-00000547,21860000,21,25.000000,25
req-00000548,21900000,21,25.000000,25
req-00000549,21940000,21,25.000000,25
req-00000550,21980000,21,25.000000,25
req-00000551,22020000,22,25.000000,25
req-00000552,22060000,22,25.000000,25
req-00000553,22100000,22,25.000000,25
req-00000554,22140000,22,25.000000,25
req-00000555,22180000,22,25.000000,25
req-00000556,22220000,22,25.000000,25
req-00000557,22260000,22,25.000000,25
req-00000558,22300000,22,25.000000,25
req-00000559,22340000,22,25.000000,25
req-00000560,22380000,22,25.000000,25
req-00000561,22420000,22,25.000000,25
req-00000562,22460000,22,25.000000,25
req-00000563,22500000,22,25.000000,25
req-00000564,22540000,22,25.000000,25
req-00000565,22580000,22,25.000000,25
req-00000566,22620000,22,25.000000,25
req-00000567,22660000,22,25.000000,25
req-00000568,22700000,22,25.000000,25
req-00000569,22740000,22,25.000000,25
req-00000570,22780000,22,25.000000,25
req-00000571,22820000,22,25.000000,25
req-00000572,22860000,22,25.000000,25
req-00000573,22900000,22,25.000000,25
req-00000574,22940000,22,25.000000,25
req-00000575,22980000,22,25.000000,25
req-00000576,23020000,23,25.000000,25
req-00000577,23060000,23,25.000000,25
req-00000578,23100000,23,25.000000,25
req-00000579,23140000,23,25.000000,25
req-00000580,23180000,23,25.000000,25
req-00000581,23220000,23,25.000000,25
req-00000582,23260000,23,25.000000,25
req-00000583,23300000,23,25.000000,25
req-00000584,23340000,23,25.000000,25
req-00000585,23380000,23,25.000000,25
req-00000586,23420000,23,25.000000,25
req-00000587,23460000,23,25.000000,25
req-00000588,23500000,23,25.000000,25
req-00000589,23540000,23,25.000000,25
req-00000590,23580000,23,25.000000,25
req-00000591,23620000,23,25.000000,25
req-00000592,23660000,23,25.000000,25
req-00000593,23700000,23,25.000000,25
req-00000594,23740000,23,25.000000,25
req-00000595,23780000,23,25.000000,25
req-00000596,23820000,23,25.000000,25
req-00000597,23860000,23,25.000000,25
req-00000598,23900000,23,25.000000,25
req-00000599,23940000,23,25.000000,25
req-00000600,23980000,23,25.000000,25
req-00000601,24020000,24,25.000000,25
req-00000602,24060000,24,25.000000,25
req-00000603,24100000,24,25.000000,25
req-00000604,24140000,24,25.000000,25
req-00000605,24180000,24,25.000000,25
req-00000606,24220000,24,25.000000,25
req-00000607,24260000,24,25.000000,25
req-00000608,24300000,24,25.000000,25
req-00000609,24340000,24,25.000000,25
req-00000610,24380000,24,25.000000,25
req-00000611,24420000,24,25.000000,25
req-00000612,24460000,24,25.000000,25
req-00000613,24500000,24,25.000000,25
req-00000614,24540000,24,25.000000,25
req-00000615,24580000,24,25.000000,25
req-00000616,24620000,24,25.000000,25
req-00000617,24660000,24,25.000000,25
req-00000618,24700000,24,25.000000,25
req-00000619,24740000,24,25.000000,25
req-00000620,24780000,24,25.000000,25
req-00000621,24820000,24,25.000000,25
req-00000622,24860000,24,25.000000,25
req-00000623,24900000,24,25.000000,25
req-00000624,24940000,24,25.000000,25
req-00000625,24980000,24,25.000000,25
req-00000626,25020000,25,25.000000,25
req-00000627,25060000,25,25.000000,25
req-00000628,25100000,25,25.000000,25
req-00000629,25140000,25,25.000000,25
req-00000630,25180000,25,25.000000,25
req-00000631,25220000,25,25.000000,25
req-00000632,25260000,25,25.000000,25
req-00000633,25300000,25,25.000000,25
req-00000634,25340000,25,25.000000,25
req-00000635,25380000,25,25.000000,25
req-00000636,25420000,25,25.000000,25
req-00000637,25460000,25,25.000000,25
req-00000638,25500000,25,25.000000,25
req-00000639,25540000,25,25.000000,25
req-00000640,25580000,25,25.000000,25
req-00000641,25620000,25,25.000000,25
req-00000642,25660000,25,25.000000,25
req-00000643,25700000,25,25.000000,25
req-00000644,25740000,25,25.000000,25
req-00000645,25780000,25,25.000000,25
req-00000646,25820000,25,25.000000,25
req-00000647,25860000,25,25.000000,25
req-00000648,25900000,25,25.000000,25
req-00000649,25940000,25,25.000000,25
req-00000650,25980000,25,25.000000,25
req-00000651,26020000,26,25.000000,25
req-00000652,26060000,26,25.000000,25
req-00000653,26100000,26,25.000000,25
req-00000654,26140000,26,25.000000,25
req-00000655,26180000,26,25.000000,25
req-00000656,26220000,26,25.000000,25
req-00000657,26260000,26,25.000000,25
req-00000658,26300000,26,25.000000,25
req-00000659,26340000,26,25.000000,25
req-00000660,26380000,26,25.000000,25
req-00000661,26420000,26,25.000000,25
req-00000662,26460000,26,25.000000,25
req-00000663,26500000,26,25.000000,25
req-00000664,26540000,26,25.000000,25
req-00000665,26580000,26,25.000000,25
req-00000666,26620000,26,25.000000,25
req-00000667,26660000,26,25.000000,25
req-00000668,26700000,26,25.000000,25
req-00000669,26740000,26,25.000000,25
req-00000670,26780000,26,25.000000,25
req-00000671,26820000,26,25.000000,25
req-00000672,26860000,26,25.000000,25
req-00000673,26900000,26,25.000000,25
req-00000674,26940000,26,25.000000,25
req-00000675,26980000,26,25.000000,25
req-00000676,27020000,27,25.000000,25
req-00000677,27060000,27,25.000000,25
req-00000678,27100000,27,25.000000,25
req-00000679,27140000,27,25.000000,25
req-00000680,27180000,27,25.000000,25
req-00000681,27220000,27,25.000000,25
req-00000682,27260000,27,25.000000,25
req-00000683,27300000,27,25.000000,25
req-00000684,27340000,27,25.000000,25
req-00000685,27380000,27,25.000000,25
req-00000686,27420000,27,25.000000,25
req-00000687,27460000,27,25.000000,25
req-00000688,27500000,27,25.000000,25
req-00000689,27540000,27,25.000000,25
req-00000690,27580000,27,25.000000,25
req-00000691,27620000,27,25.000000,25
req-00000692,27660000,27,25.000000,25
req-00000693,27700000,27,25.000000,25
req-00000694,27740000,27,25.000000,25
req-00000695,27780000,27,25.000000,25
req-00000696,27820000,27,25.000000,25
req-00000697,27860000,27,25.000000,25
req-00000698,27900000,27,25.000000,25
req-00000699,27940000,27,25.000000,25
req-00000700,27980000,27,25.000000,25
req-00000701,28020000,28,25.000000,25
req-00000702,28060000,28,25.000000,25
req-00000703,28100000,28,25.000000,25
req-00000704,28140000,28,25.000000,25
req-00000705,28180000,28,25.000000,25
req-00000706,28220000,28,25.000000,25
req-00000707,28260000,28,25.000000,25
req-00000708,28300000,28,25.000000,25
req-00000709,28340000,28,25.000000,25
req-00000710,28380000,28,25.000000,25
req-00000711,28420000,28,25.000000,25
req-00000712,28460000,28,25.000000,25
req-00000713,28500000,28,25.000000,25
req-00000714,28540000,28,25.000000,25
req-00000715,28580000,28,25.000000,25
req-00000716,28620000,28,25.000000,25
req-00000717,28660000,28,25.000000,25
req-00000718,28700000,28,25.000000,25
req-00000719,28740000,28,25.000000,25
req-00000720,28780000,28,25.000000,25
req-00000721,28820000,28,25.000000,25
req-00000722,28860000,28,25.000000,25
req-00000723,28900000,28,25.000000,25
req-00000724,28940000,28,25.000000,25
req-00000725,28980000,28,25.000000,25
req-00000726,29020000,29,25.000000,25
req-00000727,29060000,29,25.000000,25
req-00000728,29100000,29,25.000000,25
req-00000729,29140000,29,25.000000,25
req-00000730,29180000,29,25.000000,25
req-00000731,29220000,29,25.000000,25
req-00000732,29260000,29,25.000000,25
req-00000733,29300000,29,25.000000,25
req-00000734,29340000,29,25.000000,25
req-00000735,29380000,29,25.000000,25
req-00000736,29420000,29,25.000000,25
req-00000737,29460000,29,25.000000,25
req-00000738,29500000,29,25.000000,25
req-00000739,29540000,29,25.000000,25
req-00000740,29580000,29,25.000000,25
req-00000741,29620000,29,25.000000,25
req-00000742,29660000,29,25.000000,25
req-00000743,29700000,29,25.000000,25
req-00000744,29740000,29,25.000000,25
req-00000745,29780000,29,25.000000,25
req-00000746,29820000,29,25.000000,25
req-00000747,29860000,29,25.000000,25
req-00000748,29900000,29,25.000000,25
req-00000749,29940000,29,25.000000,25
req-00000750,29980000,29,25.000000,25
req-00000751,30020000,30,25.000000,25
req-00000752,30060000,30,25.000000,25
req-00000753,30100000,30,25.000000,25
req-00000754,30140000,30,25.000000,25
req-00000755,30180000,30,25.000000,25
req-00000756,30220000,30,25.000000,25
req-00000757,30260000,30,25.000000,25
req-00000758,30300000,30,25.000000,25
req-00000759,30340000,30,25.000000,25
req-00000760,30380000,30,25.000000,25
req-00000761,30420000,30,25.000000,25
req-00000762,30460000,30,25.000000,25
req-00000763,30500000,30,25.000000,25
req-00000764,30540000,30,25.000000,25
req-00000765,30580000,30,25.000000,25
req-00000766,30620000,30,25.000000,25
req-00000767,30660000,30,25.000000,25
req-00000768,30700000,30,25.000000,25
req-00000769,30740000,30,25.000000,25
req-00000770,30780000,30,25.000000,25
req-00000771,30820000,30,25.000000,25
req-00000772,30860000,30,25.000000,25
req-00000773,30900000,30,25.000000,25
req-00000774,30940000,30,25.000000,25
req-00000775,30980000,30,25.000000,25
req-00000776,31020000,31,25.000000,25
req-00000777,31060000,31,25.000000,25
req-00000778,31100000,31,25.000000,25
req-00000779,31140000,31,25.000000,25
req-00000780,31180000,31,25.000000,25
req-00000781,31220000,31,25.000000,25
req-00000782,31260000,31,25.000000,25
req-00000783,31300000,31,25.000000,25
req-00000784,31340000,31,25.000000,25
req-00000785,31380000,31,25.000000,25
req-00000786,31420000,31,25.000000,25
req-00000787,31460000,31,25.000000,25
req-00000788,31500000,31,25.000000,25
req-00000789,31540000,31,25.000000,25
req-00000790,31580000,31,25.000000,25
req-00000791,31620000,31,25.000000,25
req-00000792,31660000,31,25.000000,25
req-00000793,31700000,31,25.000000,25
req-00000794,31740000,31,25.000000,25
req-00000795,31780000,31,25.000000,25
req-00000796,31820000,31,25.000000,25
req-00000797,31860000,31,25.000000,25
req-00000798,31900000,31,25.000000,25
req-00000799,31940000,31,25.000000,25
req-00000800,31980000,31,25.000000,25
req-00000801,32020000,32,25.000000,25
req-00000802,32060000,32,25.000000,25
req-00000803,32100000,32,25.000000,25
req-00000804,32140000,32,25.000000,25
req-00000805,32180000,32,25.000000,25
req-00000806,32220000,32,25.000000,25
req-00000807,32260000,32,25.000000,25
req-00000808,32300000,32,25.000000,25
req-00000809,32340000,32,25.000000,25
req-00000810,32380000,32,25.000000,25
req-00000811,32420000,32,25.000000,25
req-00000812,32460000,32,25.000000,25
req-00000813,32500000,32,25.000000,25
req-00000814,32540000,32,25.000000,25
req-00000815,32580000,32,25.000000,25
req-00000816,32620000,32,25.000000,25
req-00000817,32660000,32,25.000000,25
req-00000818,32700000,32,25.000000,25
req-00000819,32740000,32,25.000000,25
req-00000820,32780000,32,25.000000,25
req-00000821,32820000,32,25.000000,25
req-00000822,32860000,32,25.000000,25
req-00000823,32900000,32,25.000000,25
req-00000824,32940000,32,25.000000,25
req-00000825,32980000,32,25.000000,25
req-00000826,33020000,33,25.000000,25
req-00000827,33060000,33,25.000000,25
req-00000828,33100000,33,25.000000,25
req-00000829,33140000,33,25.000000,25
req-00000830,33180000,33,25.000000,25
req-00000831,33220000,33,25.000000,25
req-00000832,33260000,33,25.000000,25
req-00000833,33300000,33,25.000000,25
req-00000834,33340000,33,25.000000,25
req-00000835,33380000,33,25.000000,25
req-00000836,33420000,33,25.000000,25
req-00000837,33460000,33,25.000000,25
req-00000838,33500000,33,25.000000,25
req-00000839,33540000,33,25.000000,25
req-00000840,33580000,33,25.000000,25
req-00000841,33620000,33,25.000000,25
req-00000842,33660000,33,25.000000,25
req-00000843,33700000,33,25.000000,25
req-00000844,33740000,33,25.000000,25
req-00000845,33780000,33,25.000000,25
req-00000846,33820000,33,25.000000,25
req-00000847,33860000,33,25.000000,25
req-00000848,33900000,33,25.000000,25
req-00000849,33940000,33,25.000000,25
req-00000850,33980000,33,25.000000,25
req-00000851,34020000,34,25.000000,25
req-00000852,34060000,34,25.000000,25
req-00000853,34100000,34,25.000000,25
req-00000854,34140000,34,25.000000,25
req-00000855,34180000,34,25.000000,25
req-00000856,34220000,34,25.000000,25
req-00000857,34260000,34,25.000000,25
req-00000858,34300000,34,25.000000,25
req-00000859,34340000,34,25.000000,25
req-00000860,34380000,34,25.000000,25
req-00000861,34420000,34,25.000000,25
req-00000862,34460000,34,25.000000,25
req-00000863,34500000,34,25.000000,25
req-00000864,34540000,34,25.000000,25
req-00000865,34580000,34,25.000000,25
req-00000866,34620000,34,25.000000,25
req-00000867,34660000,34,25.000000,25
req-00000868,34700000,34,25.000000,25
req-00000869,34740000,34,25.000000,25
req-00000870,34780000,34,25.000000,25
req-00000871,34820000,34,25.000000,25
req-00000872,34860000,34,25.000000,25
req-00000873,34900000,34,25.000000,25
req-00000874,34940000,34,25.000000,25
req-00000875,34980000,34,25.000000,25
req-00000876,35020000,35,25.000000,25
req-00000877,35060000,35,25.000000,25
req-00000878,35100000,35,25.000000,25
req-00000879,35140000,35,25.000000,25
req-00000880,35180000,35,25.000000,25
req-00000881,35220000,35,25.000000,25
req-00000882,35260000,35,25.000000,25
req-00000883,35300000,35,25.000000,25
req-00000884,35340000,35,25.000000,25
req-00000885,35380000,35,25.000000,25
req-00000886,35420000,35,25.000000,25
req-00000887,35460000,35,25.000000,25
req-00000888,35500000,35,25.000000,25
req-00000889,35540000,35,25.000000,25
req-00000890,35580000,35,25.000000,25
req-00000891,35620000,35,25.000000,25
req-00000892,35660000,35,25.000000,25
req-00000893,35700000,35,25.000000,25
req-00000894,35740000,35,25.000000,25
req-00000895,35780000,35,25.000000,25
req-00000896,35820000,35,25.000000,25
req-00000897,35860000,35,25.000000,25
req-00000898,35900000,35,25.000000,25
req-00000899,35940000,35,25.000000,25
req-00000900,35980000,35,25.000000,25
req-00000901,36020000,36,25.000000,25
req-00000902,36060000,36,25.000000,25
req-00000903,36100000,36,25.000000,25
req-00000904,36140000,36,25.000000,25
req-00000905,36180000,36,25.000000,25
req-00000906,36220000,36,25.000000,25
req-00000907,36260000,36,25.000000,25
req-00000908,36300000,36,25.000000,25
req-00000909,36340000,36,25.000000,25
req-00000910,36380000,36,25.000000,25
req-00000911,36420000,36,25.000000,25
req-00000912,36460000,36,25.000000,25
req-00000913,36500000,36,25.000000,25
req-00000914,36540000,36,25.000000,25
req-00000915,36580000,36,25.000000,25
req-00000916,36620000,36,25.000000,25
req-00000917,36660000,36,25.000000,25
req-00000918,36700000,36,25.000000,25
req-00000919,36740000,36,25.000000,25
req-00000920,36780000,36,25.000000,25
req-00000921,36820000,36,25.000000,25
req-00000922,36860000,36,25.000000,25
req-00000923,36900000,36,25.000000,25
req-00000924,36940000,36,25.000000,25
req-00000925,36980000,36,25.000000,25
req-00000926,37020000,37,25.000000,25
req-00000927,37060000,37,25.000000,25
req-00000928,37100000,37,25.000000,25
req-00000929,37140000,37,25.000000,25
req-00000930,37180000,37,25.000000,25
req-00000931,37220000,37,25.000000,25
req-00000932,37260000,37,25.000000,25
req-00000933,37300000,37,25.000000,25
req-00000934,37340000,37,25.000000,25
req-00000935,37380000,37,25.000000,25
req-00000936,37420000,37,25.000000,25
req-00000937,37460000,37,25.000000,25
req-00000938,37500000,37,25.000000,25
req-00000939,37540000,37,25.000000,25
req-00000940,37580000,37,25.000000,25
req-00000941,37620000,37,25.000000,25
req-00000942,37660000,37,25.000000,25
req-00000943,37700000,37,25.000000,25
req-00000944,37740000,37,25.000000,25
req-00000945,37780000,37,25.000000,25
req-00000946,37820000,37,25.000000,25
req-00000947,37860000,37,25.000000,25
req-00000948,37900000,37,25.000000,25
req-00000949,37940000,37,25.000000,25
req-00000950,37980000,37,25.000000,25
req-00000951,38020000,38,25.000000,25
req-00000952,38060000,38,25.000000,25
req-00000953,38100000,38,25.000000,25
req-00000954,38140000,38,25.000000,25
req-00000955,38180000,38,25.000000,25
req-00000956,38220000,38,25.000000,25
req-00000957,38260000,38,25.000000,25
req-00000958,38300000,38,25.000000,25
req-00000959,38340000,38,25.000000,25
req-00000960,38380000,38,25.000000,25
req-00000961,38420000,38,25.000000,25
req-00000962,38460000,38,25.000000,25
req-00000963,38500000,38,25.000000,25
req-00000964,38540000,38,25.000000,25
req-00000965,38580000,38,25.000000,25
req-00000966,38620000,38,25.000000,25
req-00000967,38660000,38,25.000000,25
req-00000968,38700000,38,25.000000,25
req-00000969,38740000,38,25.000000,25
req-00000970,38780000,38,25.000000,25
req-00000971,38820000,38,25.000000,25
req-00000972,38860000,38,25.000000,25
req-00000973,38900000,38,25.000000,25
req-00000974,38940000,38,25.000000,25
req-00000975,38980000,38,25.000000,25
req-00000976,39020000,39,25.000000,25
req-00000977,39060000,39,25.000000,25
req-00000978,39100000,39,25.000000,25
req-00000979,39140000,39,25.000000,25
req-00000980,39180000,39,25.000000,25
req-00000981,39220000,39,25.000000,25
req-00000982,39260000,39,25.000000,25
req-00000983,39300000,39,25.000000,25
req-00000984,39340000,39,25.000000,25
req-00000985,39380000,39,25.000000,25
req-00000986,39420000,39,25.000000,25
req-00000987,39460000,39,25.000000,25
req-00000988,39500000,39,25.000000,25
req-00000989,39540000,39,25.000000,25
req-00000990,39580000,39,25.000000,25
req-00000991,39620000,39,25.000000,25
req-00000992,39660000,39,25.000000,25
req-00000993,39700000,39,25.000000,25
req-00000994,39740000,39,25.000000,25
req-00000995,39780000,39,25.000000,25
req-00000996,39820000,39,25.000000,25
req-00000997,39860000,39,25.000000,25
req-00000998,39900000,39,25.000000,25
req-00000999,39940000,39,25.000000,25
req-00001000,39980000,39,25.000000,25
req-00001001,40020000,40,25.000000,25
req-00001002,40060000,40,25.000000,25
req-00001003,40100000,40,25.000000,25
req-00001004,40140000,40,25.000000,25
req-00001005,40180000,40,25.000000,25
req-00001006,40220000,40,25.000000,25
req-00001007,40260000,40,25.000000,25
req-00001008,40300000,40,25.000000,25
req-00001009,40340000,40,25.000000,25
req-00001010,40380000,40,25.000000,25
req-00001011,40420000,40,25.000000,25
req-00001012,40460000,40,25.000000,25
req-00001013,40500000,40,25.000000,25
req-00001014,40540000,40,25.000000,25
req-00001015,40580000,40,25.000000,25
req-00001016,40620000,40,25.000000,25
req-00001017,40660000,40,25.000000,25
req-00001018,40700000,40,25.000000,25
req-00001019,40740000,40,25.000000,25
req-00001020,40780000,40,25.000000,25
req-00001021,40820000,40,25.000000,25
req-00001022,40860000,40,25.000000,25
req-00001023,40900000,40,25.000000,25
req-00001024,40940000,40,25.000000,25
req-00001025,40980000,40,25.000000,25
req-00001026,41020000,41,25.000000,25
req-00001027,41060000,41,25.000000,25
req-00001028,41100000,41,25.000000,25
req-00001029,41140000,41,25.000000,25
req-00001030,41180000,41,25.000000,25
req-00001031,41220000,41,25.000000,25
req-00001032,41260000,41,25.000000,25
req-00001033,41300000,41,25.000000,25
req-00001034,41340000,41,25.000000,25
req-00001035,41380000,41,25.000000,25
req-00001036,41420000,41,25.000000,25
req-00001037,41460000,41,25.000000,25
req-00001038,41500000,41,25.000000,25
req-00001039,41540000,41,25.000000,25
req-00001040,41580000,41,25.000000,25
req-00001041,41620000,41,25.000000,25
req-00001042,41660000,41,25.000000,25
req-00001043,41700000,41,25.000000,25
req-00001044,41740000,41,25.000000,25
req-00001045,41780000,41,25.000000,25
req-00001046,41820000,41,25.000000,25
req-00001047,41860000,41,25.000000,25
req-00001048,41900000,41,25.000000,25
req-00001049,41940000,41,25.000000,25
req-00001050,41980000,41,25.000000,25
req-00001051,42020000,42,25.000000,25
req-00001052,42060000,42,25.000000,25
req-00001053,42100000,42,25.000000,25
req-00001054,42140000,42,25.000000,25
req-00001055,42180000,42,25.000000,25
req-00001056,42220000,42,25.000000,25
req-00001057,42260000,42,25.000000,25
req-00001058,42300000,42,25.000000,25
req-00001059,42340000,42,25.000000,25
req-00001060,42380000,42,25.000000,25
req-00001061,42420000,42,25.000000,25
req-00001062,42460000,42,25.000000,25
req-00001063,42500000,42,25.000000,25
req-00001064,42540000,42,25.000000,25
req-00001065,42580000,42,25.000000,25
req-00001066,42620000,42,25.000000,25
req-00001067,42660000,42,25.000000,25
req-00001068,42700000,42,25.000000,25
req-00001069,42740000,42,25.000000,25
req-00001070,42780000,42,25.000000,25
req-00001071,42820000,42,25.000000,25
req-00001072,42860000,42,25.000000,25
req-00001073,42900000,42,25.000000,25
req-00001074,42940000,42,25.000000,25
req-00001075,42980000,42,25.000000,25
req-00001076,43020000,43,25.000000,25
req-00001077,43060000,43,25.000000,25
req-00001078,43100000,43,25.000000,25
req-00001079,43140000,43,25.000000,25
req-00001080,43180000,43,25.000000,25
req-00001081,43220000,43,25.000000,25
req-00001082,43260000,43,25.000000,25
req-00001083,43300000,43,25.000000,25
req-00001084,43340000,43,25.000000,25
req-00001085,43380000,43,25.000000,25
req-00001086,43420000,43,25.000000,25
req-00001087,43460000,43,25.000000,25
req-00001088,43500000,43,25.000000,25
req-00001089,43540000,43,25.000000,25
req-00001090,43580000,43,25.000000,25
req-00001091,43620000,43,25.000000,25
req-00001092,43660000,43,25.000000,25
req-00001093,43700000,43,25.000000,25
req-00001094,43740000,43,25.000000,25
req-00001095,43780000,43,25.000000,25
req-00001096,43820000,43,25.000000,25
req-00001097,43860000,43,25.000000,25
req-00001098,43900000,43,25.000000,25
req-00001099,43940000,43,25.000000,25
req-00001100,43980000,43,25.000000,25
req-00001101,44020000,44,25.000000,25
req-00001102,44060000,44,25.000000,25
req-00001103,44100000,44,25.000000,25
req-00001104,44140000,44,25.000000,25
req-00001105,44180000,44,25.000000,25
req-00001106,44220000,44,25.000000,25
req-00001107,44260000,44,25.000000,25
req-00001108,44300000,44,25.000000,25
req-00001109,44340000,44,25.000000,25
req-00001110,44380000,44,25.000000,25
req-00001111,44420000,44,25.000000,25
req-00001112,44460000,44,25.000000,25
req-00001113,44500000,44,25.000000,25
req-00001114,44540000,44,25.000000,25
req-00001115,44580000,44,25.000000,25
req-00001116,44620000,44,25.000000,25
req-00001117,44660000,44,25.000000,25
req-00001118,44700000,44,25.000000,25
req-00001119,44740000,44,25.000000,25
req-00001120,44780000,44,25.000000,25
req-00001121,44820000,44,25.000000,25
req-00001122,44860000,44,25.000000,25
req-00001123,44900000,44,25.000000,25
req-00001124,44940000,44,25.000000,25
req-00001125,44980000,44,25.000000,25
req-00001126,45020000,45,25.000000,25
req-00001127,45060000,45,25.000000,25
req-00001128,45100000,45,25.000000,25
req-00001129,45140000,45,25.000000,25
req-00001130,45180000,45,25.000000,25
req-00001131,45220000,45,25.000000,25
req-00001132,45260000,45,25.000000,25
req-00001133,45300000,45,25.000000,25
req-00001134,45340000,45,25.000000,25
req-00001135,45380000,45,25.000000,25
req-00001136,45420000,45,25.000000,25
req-00001137,45460000,45,25.000000,25
req-00001138,45500000,45,25.000000,25
req-00001139,45540000,45,25.000000,25
req-00001140,45580000,45,25.000000,25
req-00001141,45620000,45,25.000000,25
req-00001142,45660000,45,25.000000,25
req-00001143,45700000,45,25.000000,25
req-00001144,45740000,45,25.000000,25
req-00001145,45780000,45,25.000000,25
req-00001146,45820000,45,25.000000,25
req-00001147,45860000,45,25.000000,25
req-00001148,45900000,45,25.000000,25
req-00001149,45940000,45,25.000000,25
req-00001150,45980000,45,25.000000,25
req-00001151,46020000,46,25.000000,25
req-00001152,46060000,46,25.000000,25
req-00001153,46100000,46,25.000000,25
req-00001154,46140000,46,25.000000,25
req-00001155,46180000,46,25.000000,25
req-00001156,46220000,46,25.000000,25
req-00001157,46260000,46,25.000000,25
req-00001158,46300000,46,25.000000,25
req-00001159,46340000,46,25.000000,25
req-00001160,46380000,46,25.000000,25
req-00001161,46420000,46,25.000000,25
req-00001162,46460000,46,25.000000,25
req-00001163,46500000,46,25.000000,25
req-00001164,46540000,46,25.000000,25
req-00001165,46580000,46,25.000000,25
req-00001166,46620000,46,25.000000,25
req-00001167,46660000,46,25.000000,25
req-00001168,46700000,46,25.000000,25
req-00001169,46740000,46,25.000000,25
req-00001170,46780000,46,25.000000,25
req-00001171,46820000,46,25.000000,25
req-00001172,46860000,46,25.000000,25
req-00001173,46900000,46,25.000000,25
req-00001174,46940000,46,25.000000,25
req-00001175,46980000,46,25.000000,25
req-00001176,47020000,47,25.000000,25
req-00001177,47060000,47,25.000000,25
req-00001178,47100000,47,25.000000,25
req-00001179,47140000,47,25.000000,25
req-00001180,47180000,47,25.000000,25
req-00001181,47220000,47,25.000000,25
req-00001182,47260000,47,25.000000,25
req-00001183,47300000,47,25.000000,25
req-00001184,47340000,47,25.000000,25
req-00001185,47380000,47,25.000000,25
req-00001186,47420000,47,25.000000,25
req-00001187,47460000,47,25.000000,25
req-00001188,47500000,47,25.000000,25
req-00001189,47540000,47,25.000000,25
req-00001190,47580000,47,25.000000,25
req-00001191,47620000,47,25.000000,25
req-00001192,47660000,47,25.000000,25
req-00001193,47700000,47,25.000000,25
req-00001194,47740000,47,25.000000,25
req-00001195,47780000,47,25.000000,25
req-00001196,47820000,47,25.000000,25
req-00001197,47860000,47,25.000000,25
req-00001198,47900000,47,25.000000,25
req-00001199,47940000,47,25.000000,25
req-00001200,47980000,47,25.000000,25
req-00001201,48020000,48,25.000000,25
req-00001202,48060000,48,25.000000,25
req-00001203,48100000,48,25.000000,25
req-00001204,48140000,48,25.000000,25
req-00001205,48180000,48,25.000000,25
req-00001206,48220000,48,25.000000,25
req-00001207,48260000,48,25.000000,25
req-00001208,48300000,48,25.000000,25
req-00001209,48340000,48,25.000000,25
req-00001210,48380000,48,25.000000,25
req-00001211,48420000,48,25.000000,25
req-00001212,48460000,48,25.000000,25
req-00001213,48500000,48,25.000000,25
req-00001214,48540000,48,25.000000,25
req-00001215,48580000,48,25.000000,25
req-00001216,48620000,48,25.000000,25
req-00001217,48660000,48,25.000000,25
req-00001218,48700000,48,25.000000,25
req-00001219,48740000,48,25.000000,25
req-00001220,48780000,48,25.000000,25
req-00001221,48820000,48,25.000000,25
req-00001222,48860000,48,25.000000,25
req-00001223,48900000,48,25.000000,25
req-00001224,48940000,48,25.000000,25
req-00001225,48980000,48,25.000000,25
req-00001226,49020000,49,25.000000,25
req-00001227,49060000,49,25.000000,25
req-00001228,49100000,49,25.000000,25
req-00001229,49140000,49,25.000000,25
req-00001230,49180000,49,25.000000,25
req-00001231,49220000,49,25.000000,25
req-00001232,49260000,49,25.000000,25
req-00001233,49300000,49,25.000000,25
req-00001234,49340000,49,25.000000,25
req-00001235,49380000,49,25.000000,25
req-00001236,49420000,49,25.000000,25
req-00001237,49460000,49,25.000000,25
req-00001238,49500000,49,25.000000,25
req-00001239,49540000,49,25.000000,25
req-00001240,49580000,49,25.000000,25
req-00001241,49620000,49,25.000000,25
req-00001242,49660000,49,25.000000,25
req-00001243,49700000,49,25.000000,25
req-00001244,49740000,49,25.000000,25
req-00001245,49780000,49,25.000000,25
req-00001246,49820000,49,25.000000,25
req-00001247,49860000,49,25.000000,25
req-00001248,49900000,49,25.000000,25
req-00001249,49940000,49,25.000000,25
req-00001250,49980000,49,25.000000,25
req-00001251,50020000,50,25.000000,25
req-00001252,50060000,50,25.000000,25
req-00001253,50100000,50,25.000000,25
req-00001254,50140000,50,25.000000,25
req-00001255,50180000,50,25.000000,25
req-00001256,50220000,50,25.000000,25
req-00001257,50260000,50,25.000000,25
req-00001258,50300000,50,25.000000,25
req-00001259,50340000,50,25.000000,25
req-00001260,50380000,50,25.000000,25
req-00001261,50420000,50,25.000000,25
req-00001262,50460000,50,25.000000,25
req-00001263,50500000,50,25.000000,25
req-00001264,50540000,50,25.000000,25
req-00001265,50580000,50,25.000000,25
req-00001266,50620000,50,25.000000,25
req-00001267,50660000,50,25.000000,25
req-00001268,50700000,50,25.000000,25
req-00001269,50740000,50,25.000000,25
req-00001270,50780000,50,25.000000,25
req-00001271,50820000,50,25.000000,25
req-00001272,50860000,50,25.000000,25
req-00001273,50900000,50,25.000000,25
req-00001274,50940000,50,25.000000,25
req-00001275,50980000,50,25.000000,25
req-00001276,51020000,51,25.000000,25
req-00001277,51060000,51,25.000000,25
req-00001278,51100000,51,25.000000,25
req-00001279,51140000,51,25.000000,25
req-00001280,51180000,51,25.000000,25
req-00001281,51220000,51,25.000000,25
req-00001282,51260000,51,25.000000,25
req-00001283,51300000,51,25.000000,25
req-00001284,51340000,51,25.000000,25
req-00001285,51380000,51,25.000000,25
req-00001286,51420000,51,25.000000,25
req-00001287,51460000,51,25.000000,25
req-00001288,51500000,51,25.000000,25
req-00001289,51540000,51,25.000000,25
req-00001290,51580000,51,25.000000,25
req-00001291,51620000,51,25.000000,25
req-00001292,51660000,51,25.000000,25
req-00001293,51700000,51,25.000000,25
req-00001294,51740000,51,25.000000,25
req-00001295,51780000,51,25.000000,25
req-00001296,51820000,51,25.000000,25
req-00001297,51860000,51,25.000000,25
req-00001298,51900000,51,25.000000,25
req-00001299,51940000,51,25.000000,25
req-00001300,51980000,51,25.000000,25
req-00001301,52020000,52,25.000000,25
req-00001302,52060000,52,25.000000,25
req-00001303,52100000,52,25.000000,25
req-00001304,52140000,52,25.000000,25
req-00001305,52180000,52,25.000000,25
req-00001306,52220000,52,25.000000,25
req-00001307,52260000,52,25.000000,25
req-00001308,52300000,52,25.000000,25
req-00001309,52340000,52,25.000000,25
req-00001310,52380000,52,25.000000,25
req-00001311,52420000,52,25.000000,25
req-00001312,52460000,52,25.000000,25
req-00001313,52500000,52,25.000000,25
req-00001314,52540000,52,25.000000,25
req-00001315,52580000,52,25.000000,25
req-00001316,52620000,52,25.000000,25
req-00001317,52660000,52,25.000000,25
req-00001318,52700000,52,25.000000,25
req-00001319,52740000,52,25.000000,25
req-00001320,52780000,52,25.000000,25
req-00001321,52820000,52,25.000000,25
req-00001322,52860000,52,25.000000,25
req-00001323,52900000,52,25.000000,25
req-00001324,52940000,52,25.000000,25
req-00001325,52980000,52,25.000000,25
req-00001326,53020000,53,25.000000,25
req-00001327,53060000,53,25.000000,25
req-00001328,53100000,53,25.000000,25
req-00001329,53140000,53,25.000000,25
req-00001330,53180000,53,25.000000,25
req-00001331,53220000,53,25.000000,25
req-00001332,53260000,53,25.000000,25
req-00001333,53300000,53,25.000000,25
req-00001334,53340000,53,25.000000,25
req-00001335,53380000,53,25.000000,25
req-00001336,53420000,53,25.000000,25
req-00001337,53460000,53,25.000000,25
req-00001338,53500000,53,25.000000,25
req-00001339,53540000,53,25.000000,25
req-00001340,53580000,53,25.000000,25
req-00001341,53620000,53,25.000000,25
req-00001342,53660000,53,25.000000,25
req-00001343,53700000,53,25.000000,25
req-00001344,53740000,53,25.000000,25
req-00001345,53780000,53,25.000000,25
req-00001346,53820000,53,25.000000,25
req-00001347,53860000,53,25.000000,25
req-00001348,53900000,53,25.000000,25
req-00001349,53940000,53,25.000000,25
req-00001350,53980000,53,25.000000,25
req-00001351,54020000,54,25.000000,25
req-00001352,54060000,54,25.000000,25
req-00001353,54100000,54,25.000000,25
req-00001354,54140000,54,25.000000,25
req-00001355,54180000,54,25.000000,25
req-00001356,54220000,54,25.000000,25
req-00001357,54260000,54,25.000000,25
req-00001358,54300000,54,25.000000,25
req-00001359,54340000,54,25.000000,25
req-00001360,54380000,54,25.000000,25
req-00001361,54420000,54,25.000000,25
req-00001362,54460000,54,25.000000,25
req-00001363,54500000,54,25.000000,25
req-00001364,54540000,54,25.000000,25
req-00001365,54580000,54,25.000000,25
req-00001366,54620000,54,25.000000,25
req-00001367,54660000,54,25.000000,25
req-00001368,54700000,54,25.000000,25
req-00001369,54740000,54,25.000000,25
req-00001370,54780000,54,25.000000,25
req-00001371,54820000,54,25.000000,25
req-00001372,54860000,54,25.000000,25
req-00001373,54900000,54,25.000000,25
req-00001374,54940000,54,25.000000,25
req-00001375,54980000,54,25.000000,25
req-00001376,55020000,55,25.000000,25
req-00001377,55060000,55,25.000000,25
req-00001378,55100000,55,25.000000,25
req-00001379,55140000,55,25.000000,25
req-00001380,55180000,55,25.000000,25
req-00001381,55220000,55,25.000000,25
req-00001382,55260000,55,25.000000,25
req-00001383,55300000,55,25.000000,25
req-00001384,55340000,55,25.000000,25
req-00001385,55380000,55,25.000000,25
req-00001386,55420000,55,25.000000,25
req-00001387,55460000,55,25.000000,25
req-00001388,55500000,55,25.000000,25
req-00001389,55540000,55,25.000000,25
req-00001390,55580000,55,25.000000,25
req-00001391,55620000,55,25.000000,25
req-00001392,55660000,55,25.000000,25
req-00001393,55700000,55,25.000000,25
req-00001394,55740000,55,25.000000,25
req-00001395,55780000,55,25.000000,25
req-00001396,55820000,55,25.000000,25
req-00001397,55860000,55,25.000000,25
req-00001398,55900000,55,25.000000,25
req-00001399,55940000,55,25.000000,25
req-00001400,55980000,55,25.000000,25
req-00001401,56020000,56,25.000000,25
req-00001402,56060000,56,25.000000,25
req-00001403,56100000,56,25.000000,25
req-00001404,56140000,56,25.000000,25
req-00001405,56180000,56,25.000000,25
req-00001406,56220000,56,25.000000,25
req-00001407,56260000,56,25.000000,25
req-00001408,56300000,56,25.000000,25
req-00001409,56340000,56,25.000000,25
req-00001410,56380000,56,25.000000,25
req-00001411,56420000,56,25.000000,25
req-00001412,56460000,56,25.000000,25
req-00001413,56500000,56,25.000000,25
req-00001414,56540000,56,25.000000,25
req-00001415,56580000,56,25.000000,25
req-00001416,56620000,56,25.000000,25
req-00001417,56660000,56,25.000000,25
req-00001418,56700000,56,25.000000,25
req-00001419,56740000,56,25.000000,25
req-00001420,56780000,56,25.000000,25
req-00001421,56820000,56,25.000000,25
req-00001422,56860000,56,25.000000,25
req-00001423,56900000,56,25.000000,25
req-00001424,56940000,56,25.000000,25
req-00001425,56980000,56,25.000000,25
req-00001426,57020000,57,25.000000,25
req-00001427,57060000,57,25.000000,25
req-00001428,57100000,57,25.000000,25
req-00001429,57140000,57,25.000000,25
req-00001430,57180000,57,25.000000,25
req-00001431,57220000,57,25.000000,25
req-00001432,57260000,57,25.000000,25
req-00001433,57300000,57,25.000000,25
req-00001434,57340000,57,25.000000,25
req-00001435,57380000,57,25.000000,25
req-00001436,57420000,57,25.000000,25
req-00001437,57460000,57,25.000000,25
req-00001438,57500000,57,25.000000,25
req-00001439,57540000,57,25.000000,25
req-00001440,57580000,57,25.000000,25
req-00001441,57620000,57,25.000000,25
req-00001442,57660000,57,25.000000,25
req-00001443,57700000,57,25.000000,25
req-00001444,57740000,57,25.000000,25
req-00001445,57780000,57,25.000000,25
req-00001446,57820000,57,25.000000,25
req-00001447,57860000,57,25.000000,25
req-00001448,57900000,57,25.000000,25
req-00001449,57940000,57,25.000000,25
req-00001450,57980000,57,25.000000,25
req-00001451,58020000,58,25.000000,25
req-00001452,58060000,58,25.000000,25
req-00001453,58100000,58,25.000000,25
req-00001454,58140000,58,25.000000,25
req-00001455,58180000,58,25.000000,25
req-00001456,58220000,58,25.000000,25
req-00001457,58260000,58,25.000000,25
req-00001458,58300000,58,25.000000,25
req-00001459,58340000,58,25.000000,25
req-00001460,58380000,58,25.000000,25
req-00001461,58420000,58,25.000000,25
req-00001462,58460000,58,25.000000,25
req-00001463,58500000,58,25.000000,25
req-00001464,58540000,58,25.000000,25
req-00001465,58580000,58,25.000000,25
req-00001466,58620000,58,25.000000,25
req-00001467,58660000,58,25.000000,25
req-00001468,58700000,58,25.000000,25
req-00001469,58740000,58,25.000000,25
req-00001470,58780000,58,25.000000,25
req-00001471,58820000,58,25.000000,25
req-00001472,58860000,58,25.000000,25
req-00001473,58900000,58,25.000000,25
req-00001474,58940000,58,25.000000,25
req-00001475,58980000,58,25.000000,25
req-00001476,59020000,59,25.000000,25
req-00001477,59060000,59,25.000000,25
req-00001478,59100000,59,25.000000,25
req-00001479,59140000,59,25.000000,25
req-00001480,59180000,59,25.000000,25
req-00001481,59220000,59,25.000000,25
req-00001482,59260000,59,25.000000,25
req-00001483,59300000,59,25.000000,25
req-00001484,59340000,59,25.000000,25
req-00001485,59380000,59,25.000000,25
req-00001486,59420000,59,25.000000,25
req-00001487,59460000,59,25.000000,25
req-00001488,59500000,59,25.000000,25
req-00001489,59540000,59,25.000000,25
req-00001490,59580000,59,25.000000,25
req-00001491,59620000,59,25.000000,25
req-00001492,59660000,59,25.000000,25
req-00001493,59700000,59,25.000000,25
req-00001494,59740000,59,25.000000,25
req-00001495,59780000,59,25.000000,25
req-00001496,59820000,59,25.000000,25
req-00001497,59860000,59,25.000000,25
req-00001498,59900000,59,25.000000,25
req-00001499,59940000,59,25.000000,25
req-00001500,59980000,59,25.000000,25
req-00001501,60008333,60,60.000000,60
req-00001502,60025000,60,60.000000,60
req-00001503,60041667,60,60.000000,60
req-00001504,60058333,60,60.000000,60
req-00001505,60075000,60,60.000000,60
req-00001506,60091667,60,60.000000,60
req-00001507,60108333,60,60.000000,60
req-00001508,60125000,60,60.000000,60
req-00001509,60141667,60,60.000000,60
req-00001510,60158333,60,60.000000,60
req-00001511,60175000,60,60.000000,60
req-00001512,60191667,60,60.000000,60
req-00001513,60208333,60,60.000000,60
req-00001514,60225000,60,60.000000,60
req-00001515,60241667,60,60.000000,60
req-00001516,60258333,60,60.000000,60
req-00001517,60275000,60,60.000000,60
req-00001518,60291667,60,60.000000,60
req-00001519,60308333,60,60.000000,60
req-00001520,60325000,60,60.000000,60
req-00001521,60341667,60,60.000000,60
req-00001522,60358333,60,60.000000,60
req-00001523,60375000,60,60.000000,60
req-00001524,60391667,60,60.000000,60
req-00001525,60408333,60,60.000000,60
req-00001526,60425000,60,60.000000,60
req-00001527,60441667,60,60.000000,60
req-00001528,60458333,60,60.000000,60
req-00001529,60475000,60,60.000000,60
req-00001530,60491667,60,60.000000,60
req-00001531,60508333,60,60.000000,60
req-00001532,60525000,60,60.000000,60
req-00001533,60541667,60,60.000000,60
req-00001534,60558333,60,60.000000,60
req-00001535,60575000,60,60.000000,60
req-00001536,60591667,60,60.000000,60
req-00001537,60608333,60,60.000000,60
req-00001538,60625000,60,60.000000,60
req-00001539,60641667,60,60.000000,60
req-00001540,60658333,60,60.000000,60
req-00001541,60675000,60,60.000000,60
req-00001542,60691667,60,60.000000,60
req-00001543,60708333,60,60.000000,60
req-00001544,60725000,60,60.000000,60
req-00001545,60741667,60,60.000000,60
req-00001546,60758333,60,60.000000,60
req-00001547,60775000,60,60.000000,60
req-00001548,60791667,60,60.000000,60
req-00001549,60808333,60,60.000000,60
req-00001550,60825000,60,60.000000,60
req-00001551,60841667,60,60.000000,60
req-00001552,60858333,60,60.000000,60
req-00001553,60875000,60,60.000000,60
req-00001554,60891667,60,60.000000,60
req-00001555,60908333,60,60.000000,60
req-00001556,60925000,60,60.000000,60
req-00001557,60941667,60,60.000000,60
req-00001558,60958333,60,60.000000,60
req-00001559,60975000,60,60.000000,60
req-00001560,60991667,60,60.000000,60
req-00001561,61008333,61,60.000000,60
req-00001562,61025000,61,60.000000,60
req-00001563,61041667,61,60.000000,60
req-00001564,61058333,61,60.000000,60
req-00001565,61075000,61,60.000000,60
req-00001566,61091667,61,60.000000,60
req-00001567,61108333,61,60.000000,60
req-00001568,61125000,61,60.000000,60
req-00001569,61141667,61,60.000000,60
req-00001570,61158333,61,60.000000,60
req-00001571,61175000,61,60.000000,60
req-00001572,61191667,61,60.000000,60
req-00001573,61208333,61,60.000000,60
req-00001574,61225000,61,60.000000,60
req-00001575,61241667,61,60.000000,60
req-00001576,61258333,61,60.000000,60
req-00001577,61275000,61,60.000000,60
req-00001578,61291667,61,60.000000,60
req-00001579,61308333,61,60.000000,60
req-00001580,61325000,61,60.000000,60
req-00001581,61341667,61,60.000000,60
req-00001582,61358333,61,60.000000,60
req-00001583,61375000,61,60.000000,60
req-00001584,61391667,61,60.000000,60
req-00001585,61408333,61,60.000000,60
req-00001586,61425000,61,60.000000,60
req-00001587,61441667,61,60.000000,60
req-00001588,61458333,61,60.000000,60
req-00001589,61475000,61,60.000000,60
req-00001590,61491667,61,60.000000,60
req-00001591,61508333,61,60.000000,60
req-00001592,61525000,61,60.000000,60
req-00001593,61541667,61,60.000000,60
req-00001594,61558333,61,60.000000,60
req-00001595,61575000,61,60.000000,60
req-00001596,61591667,61,60.000000,60
req-00001597,61608333,61,60.000000,60
req-00001598,61625000,61,60.000000,60
req-00001599,61641667,61,60.000000,60
req-00001600,61658333,61,60.000000,60
req-00001601,61675000,61,60.000000,60
req-00001602,61691667,61,60.000000,60
req-00001603,61708333,61,60.000000,60
req-00001604,61725000,61,60.000000,60
req-00001605,61741667,61,60.000000,60
req-00001606,61758333,61,60.000000,60
req-00001607,61775000,61,60.000000,60
req-00001608,61791667,61,60.000000,60
req-00001609,61808333,61,60.000000,60
req-00001610,61825000,61,60.000000,60
req-00001611,61841667,61,60.000000,60
req-00001612,61858333,61,60.000000,60
req-00001613,61875000,61,60.000000,60
req-00001614,61891667,61,60.000000,60
req-00001615,61908333,61,60.000000,60
req-00001616,61925000,61,60.000000,60
req-00001617,61941667,61,60.000000,60
req-00001618,61958333,61,60.000000,60
req-00001619,61975000,61,60.000000,60
req-00001620,61991667,61,60.000000,60
req-00001621,62008333,62,60.000000,60
req-00001622,62025000,62,60.000000,60
req-00001623,62041667,62,60.000000,60
req-00001624,62058333,62,60.000000,60
req-00001625,62075000,62,60.000000,60
req-00001626,62091667,62,60.000000,60
req-00001627,62108333,62,60.000000,60
req-00001628,62125000,62,60.000000,60
req-00001629,62141667,62,60.000000,60
req-00001630,62158333,62,60.000000,60
req-00001631,62175000,62,60.000000,60
req-00001632,62191667,62,60.000000,60
req-00001633,62208333,62,60.000000,60
req-00001634,62225000,62,60.000000,60
req-00001635,62241667,62,60.000000,60
req-00001636,62258333,62,60.000000,60
req-00001637,62275000,62,60.000000,60
req-00001638,62291667,62,60.000000,60
req-00001639,62308333,62,60.000000,60
req-00001640,62325000,62,60.000000,60
req-00001641,62341667,62,60.000000,60
req-00001642,62358333,62,60.000000,60
req-00001643,62375000,62,60.000000,60
req-00001644,62391667,62,60.000000,60
req-00001645,62408333,62,60.000000,60
req-00001646,62425000,62,60.000000,60
req-00001647,62441667,62,60.000000,60
req-00001648,62458333,62,60.000000,60
req-00001649,62475000,62,60.000000,60
req-00001650,62491667,62,60.000000,60
req-00001651,62508333,62,60.000000,60
req-00001652,62525000,62,60.000000,60
req-00001653,62541667,62,60.000000,60
req-00001654,62558333,62,60.000000,60
req-00001655,62575000,62,60.000000,60
req-00001656,62591667,62,60.000000,60
req-00001657,62608333,62,60.000000,60
req-00001658,62625000,62,60.000000,60
req-00001659,62641667,62,60.000000,60
req-00001660,62658333,62,60.000000,60
req-00001661,62675000,62,60.000000,60
req-00001662,62691667,62,60.000000,60
req-00001663,62708333,62,60.000000,60
req-00001664,62725000,62,60.000000,60
req-00001665,62741667,62,60.000000,60
req-00001666,62758333,62,60.000000,60
req-00001667,62775000,62,60.000000,60
req-00001668,62791667,62,60.000000,60
req-00001669,62808333,62,60.000000,60
req-00001670,62825000,62,60.000000,60
req-00001671,62841667,62,60.000000,60
req-00001672,62858333,62,60.000000,60
req-00001673,62875000,62,60.000000,60
req-00001674,62891667,62,60.000000,60
req-00001675,62908333,62,60.000000,60
req-00001676,62925000,62,60.000000,60
req-00001677,62941667,62,60.000000,60
req-00001678,62958333,62,60.000000,60
req-00001679,62975000,62,60.000000,60
req-00001680,62991667,62,60.000000,60
req-00001681,63008333,63,60.000000,60
req-00001682,63025000,63,60.000000,60
req-00001683,63041667,63,60.000000,60
req-00001684,63058333,63,60.000000,60
req-00001685,63075000,63,60.000000,60
req-00001686,63091667,63,60.000000,60
req-00001687,63108333,63,60.000000,60
req-00001688,63125000,63,60.000000,60
req-00001689,63141667,63,60.000000,60
req-00001690,63158333,63,60.000000,60
req-00001691,63175000,63,60.000000,60
req-00001692,63191667,63,60.000000,60
req-00001693,63208333,63,60.000000,60
req-00001694,63225000,63,60.000000,60
req-00001695,63241667,63,60.000000,60
req-00001696,63258333,63,60.000000,60
req-00001697,63275000,63,60.000000,60
req-00001698,63291667,63,60.000000,60
req-00001699,63308333,63,60.000000,60
req-00001700,63325000,63,60.000000,60
req-00001701,63341667,63,60.000000,60
req-00001702,63358333,63,60.000000,60
req-00001703,63375000,63,60.000000,60
req-00001704,63391667,63,60.000000,60
req-00001705,63408333,63,60.000000,60
req-00001706,63425000,63,60.000000,60
req-00001707,63441667,63,60.000000,60
req-00001708,63458333,63,60.000000,60
req-00001709,63475000,63,60.000000,60
req-00001710,63491667,63,60.000000,60
req-00001711,63508333,63,60.000000,60
req-00001712,63525000,63,60.000000,60
req-00001713,63541667,63,60.000000,60
req-00001714,63558333,63,60.000000,60
req-00001715,63575000,63,60.000000,60
req-00001716,63591667,63,60.000000,60
req-00001717,63608333,63,60.000000,60
req-00001718,63625000,63,60.000000,60
req-00001719,63641667,63,60.000000,60
req-00001720,63658333,63,60.000000,60
req-00001721,63675000,63,60.000000,60
req-00001722,63691667,63,60.000000,60
req-00001723,63708333,63,60.000000,60
req-00001724,63725000,63,60.000000,60
req-00001725,63741667,63,60.000000,60
req-00001726,63758333,63,60.000000,60
req-00001727,63775000,63,60.000000,60
req-00001728,63791667,63,60.000000,60
req-00001729,63808333,63,60.000000,60
req-00001730,63825000,63,60.000000,60
req-00001731,63841667,63,60.000000,60
req-00001732,63858333,63,60.000000,60
req-00001733,63875000,63,60.000000,60
req-00001734,63891667,63,60.000000,60
req-00001735,63908333,63,60.000000,60
req-00001736,63925000,63,60.000000,60
req-00001737,63941667,63,60.000000,60
req-00001738,63958333,63,60.000000,60
req-00001739,63975000,63,60.000000,60
req-00001740,63991667,63,60.000000,60
req-00001741,64008333,64,60.000000,60
req-00001742,64025000,64,60.000000,60
req-00001743,64041667,64,60.000000,60
req-00001744,64058333,64,60.000000,60
req-00001745,64075000,64,60.000000,60
req-00001746,64091667,64,60.000000,60
req-00001747,64108333,64,60.000000,60
req-00001748,64125000,64,60.000000,60
req-00001749,64141667,64,60.000000,60
req-00001750,64158333,64,60.000000,60
req-00001751,64175000,64,60.000000,60
req-00001752,64191667,64,60.000000,60
req-00001753,64208333,64,60.000000,60
req-00001754,64225000,64,60.000000,60
req-00001755,64241667,64,60.000000,60
req-00001756,64258333,64,60.000000,60
req-00001757,64275000,64,60.000000,60
req-00001758,64291667,64,60.000000,60
req-00001759,64308333,64,60.000000,60
req-00001760,64325000,64,60.000000,60
req-00001761,64341667,64,60.000000,60
req-00001762,64358333,64,60.000000,60
req-00001763,64375000,64,60.000000,60
req-00001764,64391667,64,60.000000,60
req-00001765,64408333,64,60.000000,60
req-00001766,64425000,64,60.000000,60
req-00001767,64441667,64,60.000000,60
req-00001768,64458333,64,60.000000,60
req-00001769,64475000,64,60.000000,60
req-00001770,64491667,64,60.000000,60
req-00001771,64508333,64,60.000000,60
req-00001772,64525000,64,60.000000,60
req-00001773,64541667,64,60.000000,60
req-00001774,64558333,64,60.000000,60
req-00001775,64575000,64,60.000000,60
req-00001776,64591667,64,60.000000,60
req-00001777,64608333,64,60.000000,60
req-00001778,64625000,64,60.000000,60
req-00001779,64641667,64,60.000000,60
req-00001780,64658333,64,60.000000,60
req-00001781,64675000,64,60.000000,60
req-00001782,64691667,64,60.000000,60
req-00001783,64708333,64,60.000000,60
req-00001784,64725000,64,60.000000,60
req-00001785,64741667,64,60.000000,60
req-00001786,64758333,64,60.000000,60
req-00001787,64775000,64,60.000000,60
req-00001788,64791667,64,60.000000,60
req-00001789,64808333,64,60.000000,60
req-00001790,64825000,64,60.000000,60
req-00001791,64841667,64,60.000000,60
req-00001792,64858333,64,60.000000,60
req-00001793,64875000,64,60.000000,60
req-00001794,64891667,64,60.000000,60
req-00001795,64908333,64,60.000000,60
req-00001796,64925000,64,60.000000,60
req-00001797,64941667,64,60.000000,60
req-00001798,64958333,64,60.000000,60
req-00001799,64975000,64,60.000000,60
req-00001800,64991667,64,60.000000,60
req-00001801,65008333,65,60.000000,60
req-00001802,65025000,65,60.000000,60
req-00001803,65041667,65,60.000000,60
req-00001804,65058333,65,60.000000,60
req-00001805,65075000,65,60.000000,60
req-00001806,65091667,65,60.000000,60
req-00001807,65108333,65,60.000000,60
req-00001808,65125000,65,60.000000,60
req-00001809,65141667,65,60.000000,60
req-00001810,65158333,65,60.000000,60
req-00001811,65175000,65,60.000000,60
req-00001812,65191667,65,60.000000,60
req-00001813,65208333,65,60.000000,60
req-00001814,65225000,65,60.000000,60
req-00001815,65241667,65,60.000000,60
req-00001816,65258333,65,60.000000,60
req-00001817,65275000,65,60.000000,60
req-00001818,65291667,65,60.000000,60
req-00001819,65308333,65,60.000000,60
req-00001820,65325000,65,60.000000,60
req-00001821,65341667,65,60.000000,60
req-00001822,65358333,65,60.000000,60
req-00001823,65375000,65,60.000000,60
req-00001824,65391667,65,60.000000,60
req-00001825,65408333,65,60.000000,60
req-00001826,65425000,65,60.000000,60
req-00001827,65441667,65,60.000000,60
req-00001828,65458333,65,60.000000,60
req-00001829,65475000,65,60.000000,60
req-00001830,65491667,65,60.000000,60
req-00001831,65508333,65,60.000000,60
req-00001832,65525000,65,60.000000,60
req-00001833,65541667,65,60.000000,60
req-00001834,65558333,65,60.000000,60
req-00001835,65575000,65,60.000000,60
req-00001836,65591667,65,60.000000,60
req-00001837,65608333,65,60.000000,60
req-00001838,65625000,65,60.000000,60
req-00001839,65641667,65,60.000000,60
req-00001840,65658333,65,60.000000,60
req-00001841,65675000,65,60.000000,60
req-00001842,65691667,65,60.000000,60
req-00001843,65708333,65,60.000000,60
req-00001844,65725000,65,60.000000,60
req-00001845,65741667,65,60.000000,60
req-00001846,65758333,65,60.000000,60
req-00001847,65775000,65,60.000000,60
req-00001848,65791667,65,60.000000,60
req-00001849,65808333,65,60.000000,60
req-00001850,65825000,65,60.000000,60
req-00001851,65841667,65,60.000000,60
req-00001852,65858333,65,60.000000,60
req-00001853,65875000,65,60.000000,60
req-00001854,65891667,65,60.000000,60
req-00001855,65908333,65,60.000000,60
req-00001856,65925000,65,60.000000,60
req-00001857,65941667,65,60.000000,60
req-00001858,65958333,65,60.000000,60
req-00001859,65975000,65,60.000000,60
req-00001860,65991667,65,60.000000,60
req-00001861,66008333,66,60.000000,60
req-00001862,66025000,66,60.000000,60
req-00001863,66041667,66,60.000000,60
req-00001864,66058333,66,60.000000,60
req-00001865,66075000,66,60.000000,60
req-00001866,66091667,66,60.000000,60
req-00001867,66108333,66,60.000000,60
req-00001868,66125000,66,60.000000,60
req-00001869,66141667,66,60.000000,60
req-00001870,66158333,66,60.000000,60
req-00001871,66175000,66,60.000000,60
req-00001872,66191667,66,60.000000,60
req-00001873,66208333,66,60.000000,60
req-00001874,66225000,66,60.000000,60
req-00001875,66241667,66,60.000000,60
req-00001876,66258333,66,60.000000,60
req-00001877,66275000,66,60.000000,60
req-00001878,66291667,66,60.000000,60
req-00001879,66308333,66,60.000000,60
req-00001880,66325000,66,60.000000,60
req-00001881,66341667,66,60.000000,60
req-00001882,66358333,66,60.000000,60
req-00001883,66375000,66,60.000000,60
req-00001884,66391667,66,60.000000,60
req-00001885,66408333,66,60.000000,60
req-00001886,66425000,66,60.000000,60
req-00001887,66441667,66,60.000000,60
req-00001888,66458333,66,60.000000,60
req-00001889,66475000,66,60.000000,60
req-00001890,66491667,66,60.000000,60
req-00001891,66508333,66,60.000000,60
req-00001892,66525000,66,60.000000,60
req-00001893,66541667,66,60.000000,60
req-00001894,66558333,66,60.000000,60
req-00001895,66575000,66,60.000000,60
req-00001896,66591667,66,60.000000,60
req-00001897,66608333,66,60.000000,60
req-00001898,66625000,66,60.000000,60
req-00001899,66641667,66,60.000000,60
req-00001900,66658333,66,60.000000,60
req-00001901,66675000,66,60.000000,60
req-00001902,66691667,66,60.000000,60
req-00001903,66708333,66,60.000000,60
req-00001904,66725000,66,60.000000,60
req-00001905,66741667,66,60.000000,60
req-00001906,66758333,66,60.000000,60
req-00001907,66775000,66,60.000000,60
req-00001908,66791667,66,60.000000,60
req-00001909,66808333,66,60.000000,60
req-00001910,66825000,66,60.000000,60
req-00001911,66841667,66,60.000000,60
req-00001912,66858333,66,60.000000,60
req-00001913,66875000,66,60.000000,60
req-00001914,66891667,66,60.000000,60
req-00001915,66908333,66,60.000000,60
req-00001916,66925000,66,60.000000,60
req-00001917,66941667,66,60.000000,60
req-00001918,66958333,66,60.000000,60
req-00001919,66975000,66,60.000000,60
req-00001920,66991667,66,60.000000,60
req-00001921,67008333,67,60.000000,60
req-00001922,67025000,67,60.000000,60
req-00001923,67041667,67,60.000000,60
req-00001924,67058333,67,60.000000,60
req-00001925,67075000,67,60.000000,60
req-00001926,67091667,67,60.000000,60
req-00001927,67108333,67,60.000000,60
req-00001928,67125000,67,60.000000,60
req-00001929,67141667,67,60.000000,60
req-00001930,67158333,67,60.000000,60
req-00001931,67175000,67,60.000000,60
req-00001932,67191667,67,60.000000,60
req-00001933,67208333,67,60.000000,60
req-00001934,67225000,67,60.000000,60
req-00001935,67241667,67,60.000000,60
req-00001936,67258333,67,60.000000,60
req-00001937,67275000,67,60.000000,60
req-00001938,67291667,67,60.000000,60
req-00001939,67308333,67,60.000000,60
req-00001940,67325000,67,60.000000,60
req-00001941,67341667,67,60.000000,60
req-00001942,67358333,67,60.000000,60
req-00001943,67375000,67,60.000000,60
req-00001944,67391667,67,60.000000,60
req-00001945,67408333,67,60.000000,60
req-00001946,67425000,67,60.000000,60
req-00001947,67441667,67,60.000000,60
req-00001948,67458333,67,60.000000,60
req-00001949,67475000,67,60.000000,60
req-00001950,67491667,67,60.000000,60
req-00001951,67508333,67,60.000000,60
req-00001952,67525000,67,60.000000,60
req-00001953,67541667,67,60.000000,60
req-00001954,67558333,67,60.000000,60
req-00001955,67575000,67,60.000000,60
req-00001956,67591667,67,60.000000,60
req-00001957,67608333,67,60.000000,60
req-00001958,67625000,67,60.000000,60
req-00001959,67641667,67,60.000000,60
req-00001960,67658333,67,60.000000,60
req-00001961,67675000,67,60.000000,60
req-00001962,67691667,67,60.000000,60
req-00001963,67708333,67,60.000000,60
req-00001964,67725000,67,60.000000,60
req-00001965,67741667,67,60.000000,60
req-00001966,67758333,67,60.000000,60
req-00001967,67775000,67,60.000000,60
req-00001968,67791667,67,60.000000,60
req-00001969,67808333,67,60.000000,60
req-00001970,67825000,67,60.000000,60
req-00001971,67841667,67,60.000000,60
req-00001972,67858333,67,60.000000,60
req-00001973,67875000,67,60.000000,60
req-00001974,67891667,67,60.000000,60
req-00001975,67908333,67,60.000000,60
req-00001976,67925000,67,60.000000,60
req-00001977,67941667,67,60.000000,60
req-00001978,67958333,67,60.000000,60
req-00001979,67975000,67,60.000000,60
req-00001980,67991667,67,60.000000,60
req-00001981,68008333,68,60.000000,60
req-00001982,68025000,68,60.000000,60
req-00001983,68041667,68,60.000000,60
req-00001984,68058333,68,60.000000,60
req-00001985,68075000,68,60.000000,60
req-00001986,68091667,68,60.000000,60
req-00001987,68108333,68,60.000000,60
req-00001988,68125000,68,60.000000,60
req-00001989,68141667,68,60.000000,60
req-00001990,68158333,68,60.000000,60
req-00001991,68175000,68,60.000000,60
req-00001992,68191667,68,60.000000,60
req-00001993,68208333,68,60.000000,60
req-00001994,68225000,68,60.000000,60
req-00001995,68241667,68,60.000000,60
req-00001996,68258333,68,60.000000,60
req-00001997,68275000,68,60.000000,60
req-00001998,68291667,68,60.000000,60
req-00001999,68308333,68,60.000000,60
req-00002000,68325000,68,60.000000,60
req-00002001,68341667,68,60.000000,60
req-00002002,68358333,68,60.000000,60
req-00002003,68375000,68,60.000000,60
req-00002004,68391667,68,60.000000,60
req-00002005,68408333,68,60.000000,60
req-00002006,68425000,68,60.000000,60
req-00002007,68441667,68,60.000000,60
req-00002008,68458333,68,60.000000,60
req-00002009,68475000,68,60.000000,60
req-00002010,68491667,68,60.000000,60
req-00002011,68508333,68,60.000000,60
req-00002012,68525000,68,60.000000,60
req-00002013,68541667,68,60.000000,60
req-00002014,68558333,68,60.000000,60
req-00002015,68575000,68,60.000000,60
req-00002016,68591667,68,60.000000,60
req-00002017,68608333,68,60.000000,60
req-00002018,68625000,68,60.000000,60
req-00002019,68641667,68,60.000000,60
req-00002020,68658333,68,60.000000,60
req-00002021,68675000,68,60.000000,60
req-00002022,68691667,68,60.000000,60
req-00002023,68708333,68,60.000000,60
req-00002024,68725000,68,60.000000,60
req-00002025,68741667,68,60.000000,60
req-00002026,68758333,68,60.000000,60
req-00002027,68775000,68,60.000000,60
req-00002028,68791667,68,60.000000,60
req-00002029,68808333,68,60.000000,60
req-00002030,68825000,68,60.000000,60
req-00002031,68841667,68,60.000000,60
req-00002032,68858333,68,60.000000,60
req-00002033,68875000,68,60.000000,60
req-00002034,68891667,68,60.000000,60
req-00002035,68908333,68,60.000000,60
req-00002036,68925000,68,60.000000,60
req-00002037,68941667,68,60.000000,60
req-00002038,68958333,68,60.000000,60
req-00002039,68975000,68,60.000000,60
req-00002040,68991667,68,60.000000,60
req-00002041,69008333,69,60.000000,60
req-00002042,69025000,69,60.000000,60
req-00002043,69041667,69,60.000000,60
req-00002044,69058333,69,60.000000,60
req-00002045,69075000,69,60.000000,60
req-00002046,69091667,69,60.000000,60
req-00002047,69108333,69,60.000000,60
req-00002048,69125000,69,60.000000,60
req-00002049,69141667,69,60.000000,60
req-00002050,69158333,69,60.000000,60
req-00002051,69175000,69,60.000000,60
req-00002052,69191667,69,60.000000,60
req-00002053,69208333,69,60.000000,60
req-00002054,69225000,69,60.000000,60
req-00002055,69241667,69,60.000000,60
req-00002056,69258333,69,60.000000,60
req-00002057,69275000,69,60.000000,60
req-00002058,69291667,69,60.000000,60
req-00002059,69308333,69,60.000000,60
req-00002060,69325000,69,60.000000,60
req-00002061,69341667,69,60.000000,60
req-00002062,69358333,69,60.000000,60
req-00002063,69375000,69,60.000000,60
req-00002064,69391667,69,60.000000,60
req-00002065,69408333,69,60.000000,60
req-00002066,69425000,69,60.000000,60
req-00002067,69441667,69,60.000000,60
req-00002068,69458333,69,60.000000,60
req-00002069,69475000,69,60.000000,60
req-00002070,69491667,69,60.000000,60
req-00002071,69508333,69,60.000000,60
req-00002072,69525000,69,60.000000,60
req-00002073,69541667,69,60.000000,60
req-00002074,69558333,69,60.000000,60
req-00002075,69575000,69,60.000000,60
req-00002076,69591667,69,60.000000,60
req-00002077,69608333,69,60.000000,60
req-00002078,69625000,69,60.000000,60
req-00002079,69641667,69,60.000000,60
req-00002080,69658333,69,60.000000,60
req-00002081,69675000,69,60.000000,60
req-00002082,69691667,69,60.000000,60
req-00002083,69708333,69,60.000000,60
req-00002084,69725000,69,60.000000,60
req-00002085,69741667,69,60.000000,60
req-00002086,69758333,69,60.000000,60
req-00002087,69775000,69,60.000000,60
req-00002088,69791667,69,60.000000,60
req-00002089,69808333,69,60.000000,60
req-00002090,69825000,69,60.000000,60
req-00002091,69841667,69,60.000000,60
req-00002092,69858333,69,60.000000,60
req-00002093,69875000,69,60.000000,60
req-00002094,69891667,69,60.000000,60
req-00002095,69908333,69,60.000000,60
req-00002096,69925000,69,60.000000,60
req-00002097,69941667,69,60.000000,60
req-00002098,69958333,69,60.000000,60
req-00002099,69975000,69,60.000000,60
req-00002100,69991667,69,60.000000,60
req-00002101,70008333,70,60.000000,60
req-00002102,70025000,70,60.000000,60
req-00002103,70041667,70,60.000000,60
req-00002104,70058333,70,60.000000,60
req-00002105,70075000,70,60.000000,60
req-00002106,70091667,70,60.000000,60
req-00002107,70108333,70,60.000000,60
req-00002108,70125000,70,60.000000,60
req-00002109,70141667,70,60.000000,60
req-00002110,70158333,70,60.000000,60
req-00002111,70175000,70,60.000000,60
req-00002112,70191667,70,60.000000,60
req-00002113,70208333,70,60.000000,60
req-00002114,70225000,70,60.000000,60
req-00002115,70241667,70,60.000000,60
req-00002116,70258333,70,60.000000,60
req-00002117,70275000,70,60.000000,60
req-00002118,70291667,70,60.000000,60
req-00002119,70308333,70,60.000000,60
req-00002120,70325000,70,60.000000,60
req-00002121,70341667,70,60.000000,60
req-00002122,70358333,70,60.000000,60
req-00002123,70375000,70,60.000000,60
req-00002124,70391667,70,60.000000,60
req-00002125,70408333,70,60.000000,60
req-00002126,70425000,70,60.000000,60
req-00002127,70441667,70,60.000000,60
req-00002128,70458333,70,60.000000,60
req-00002129,70475000,70,60.000000,60
req-00002130,70491667,70,60.000000,60
req-00002131,70508333,70,60.000000,60
req-00002132,70525000,70,60.000000,60
req-00002133,70541667,70,60.000000,60
req-00002134,70558333,70,60.000000,60
req-00002135,70575000,70,60.000000,60
req-00002136,70591667,70,60.000000,60
req-00002137,70608333,70,60.000000,60
req-00002138,70625000,70,60.000000,60
req-00002139,70641667,70,60.000000,60
req-00002140,70658333,70,60.000000,60
req-00002141,70675000,70,60.000000,60
req-00002142,70691667,70,60.000000,60
req-00002143,70708333,70,60.000000,60
req-00002144,70725000,70,60.000000,60
req-00002145,70741667,70,60.000000,60
req-00002146,70758333,70,60.000000,60
req-00002147,70775000,70,60.000000,60
req-00002148,70791667,70,60.000000,60
req-00002149,70808333,70,60.000000,60
req-00002150,70825000,70,60.000000,60
req-00002151,70841667,70,60.000000,60
req-00002152,70858333,70,60.000000,60
req-00002153,70875000,70,60.000000,60
req-00002154,70891667,70,60.000000,60
req-00002155,70908333,70,60.000000,60
req-00002156,70925000,70,60.000000,60
req-00002157,70941667,70,60.000000,60
req-00002158,70958333,70,60.000000,60
req-00002159,70975000,70,60.000000,60
req-00002160,70991667,70,60.000000,60
req-00002161,71008333,71,60.000000,60
req-00002162,71025000,71,60.000000,60
req-00002163,71041667,71,60.000000,60
req-00002164,71058333,71,60.000000,60
req-00002165,71075000,71,60.000000,60
req-00002166,71091667,71,60.000000,60
req-00002167,71108333,71,60.000000,60
req-00002168,71125000,71,60.000000,60
req-00002169,71141667,71,60.000000,60
req-00002170,71158333,71,60.000000,60
req-00002171,71175000,71,60.000000,60
req-00002172,71191667,71,60.000000,60
req-00002173,71208333,71,60.000000,60
req-00002174,71225000,71,60.000000,60
req-00002175,71241667,71,60.000000,60
req-00002176,71258333,71,60.000000,60
req-00002177,71275000,71,60.000000,60
req-00002178,71291667,71,60.000000,60
req-00002179,71308333,71,60.000000,60
req-00002180,71325000,71,60.000000,60
req-00002181,71341667,71,60.000000,60
req-00002182,71358333,71,60.000000,60
req-00002183,71375000,71,60.000000,60
req-00002184,71391667,71,60.000000,60
req-00002185,71408333,71,60.000000,60
req-00002186,71425000,71,60.000000,60
req-00002187,71441667,71,60.000000,60
req-00002188,71458333,71,60.000000,60
req-00002189,71475000,71,60.000000,60
req-00002190,71491667,71,60.000000,60
req-00002191,71508333,71,60.000000,60
req-00002192,71525000,71,60.000000,60
req-00002193,71541667,71,60.000000,60
req-00002194,71558333,71,60.000000,60
req-00002195,71575000,71,60.000000,60
req-00002196,71591667,71,60.000000,60
req-00002197,71608333,71,60.000000,60
req-00002198,71625000,71,60.000000,60
req-00002199,71641667,71,60.000000,60
req-00002200,71658333,71,60.000000,60
req-00002201,71675000,71,60.000000,60
req-00002202,71691667,71,60.000000,60
req-00002203,71708333,71,60.000000,60
req-00002204,71725000,71,60.000000,60
req-00002205,71741667,71,60.000000,60
req-00002206,71758333,71,60.000000,60
req-00002207,71775000,71,60.000000,60
req-00002208,71791667,71,60.000000,60
req-00002209,71808333,71,60.000000,60
req-00002210,71825000,71,60.000000,60
req-00002211,71841667,71,60.000000,60
req-00002212,71858333,71,60.000000,60
req-00002213,71875000,71,60.000000,60
req-00002214,71891667,71,60.000000,60
req-00002215,71908333,71,60.000000,60
req-00002216,71925000,71,60.000000,60
req-00002217,71941667,71,60.000000,60
req-00002218,71958333,71,60.000000,60
req-00002219,71975000,71,60.000000,60
req-00002220,71991667,71,60.000000,60
req-00002221,72008333,72,60.000000,60
req-00002222,72025000,72,60.000000,60
req-00002223,72041667,72,60.000000,60
req-00002224,72058333,72,60.000000,60
req-00002225,72075000,72,60.000000,60
req-00002226,72091667,72,60.000000,60
req-00002227,72108333,72,60.000000,60
req-00002228,72125000,72,60.000000,60
req-00002229,72141667,72,60.000000,60
req-00002230,72158333,72,60.000000,60
req-00002231,72175000,72,60.000000,60
req-00002232,72191667,72,60.000000,60
req-00002233,72208333,72,60.000000,60
req-00002234,72225000,72,60.000000,60
req-00002235,72241667,72,60.000000,60
req-00002236,72258333,72,60.000000,60
req-00002237,72275000,72,60.000000,60
req-00002238,72291667,72,60.000000,60
req-00002239,72308333,72,60.000000,60
req-00002240,72325000,72,60.000000,60
req-00002241,72341667,72,60.000000,60
req-00002242,72358333,72,60.000000,60
req-00002243,72375000,72,60.000000,60
req-00002244,72391667,72,60.000000,60
req-00002245,72408333,72,60.000000,60
req-00002246,72425000,72,60.000000,60
req-00002247,72441667,72,60.000000,60
req-00002248,72458333,72,60.000000,60
req-00002249,72475000,72,60.000000,60
req-00002250,72491667,72,60.000000,60
req-00002251,72508333,72,60.000000,60
req-00002252,72525000,72,60.000000,60
req-00002253,72541667,72,60.000000,60
req-00002254,72558333,72,60.000000,60
req-00002255,72575000,72,60.000000,60
req-00002256,72591667,72,60.000000,60
req-00002257,72608333,72,60.000000,60
req-00002258,72625000,72,60.000000,60
req-00002259,72641667,72,60.000000,60
req-00002260,72658333,72,60.000000,60
req-00002261,72675000,72,60.000000,60
req-00002262,72691667,72,60.000000,60
req-00002263,72708333,72,60.000000,60
req-00002264,72725000,72,60.000000,60
req-00002265,72741667,72,60.000000,60
req-00002266,72758333,72,60.000000,60
req-00002267,72775000,72,60.000000,60
req-00002268,72791667,72,60.000000,60
req-00002269,72808333,72,60.000000,60
req-00002270,72825000,72,60.000000,60
req-00002271,72841667,72,60.000000,60
req-00002272,72858333,72,60.000000,60
req-00002273,72875000,72,60.000000,60
req-00002274,72891667,72,60.000000,60
req-00002275,72908333,72,60.000000,60
req-00002276,72925000,72,60.000000,60
req-00002277,72941667,72,60.000000,60
req-00002278,72958333,72,60.000000,60
req-00002279,72975000,72,60.000000,60
req-00002280,72991667,72,60.000000,60
req-00002281,73008333,73,60.000000,60
req-00002282,73025000,73,60.000000,60
req-00002283,73041667,73,60.000000,60
req-00002284,73058333,73,60.000000,60
req-00002285,73075000,73,60.000000,60
req-00002286,73091667,73,60.000000,60
req-00002287,73108333,73,60.000000,60
req-00002288,73125000,73,60.000000,60
req-00002289,73141667,73,60.000000,60
req-00002290,73158333,73,60.000000,60
req-00002291,73175000,73,60.000000,60
req-00002292,73191667,73,60.000000,60
req-00002293,73208333,73,60.000000,60
req-00002294,73225000,73,60.000000,60
req-00002295,73241667,73,60.000000,60
req-00002296,73258333,73,60.000000,60
req-00002297,73275000,73,60.000000,60
req-00002298,73291667,73,60.000000,60
req-00002299,73308333,73,60.000000,60
req-00002300,73325000,73,60.000000,60
req-00002301,73341667,73,60.000000,60
req-00002302,73358333,73,60.000000,60
req-00002303,73375000,73,60.000000,60
req-00002304,73391667,73,60.000000,60
req-00002305,73408333,73,60.000000,60
req-00002306,73425000,73,60.000000,60
req-00002307,73441667,73,60.000000,60
req-00002308,73458333,73,60.000000,60
req-00002309,73475000,73,60.000000,60
req-00002310,73491667,73,60.000000,60
req-00002311,73508333,73,60.000000,60
req-00002312,73525000,73,60.000000,60
req-00002313,73541667,73,60.000000,60
req-00002314,73558333,73,60.000000,60
req-00002315,73575000,73,60.000000,60
req-00002316,73591667,73,60.000000,60
req-00002317,73608333,73,60.000000,60
req-00002318,73625000,73,60.000000,60
req-00002319,73641667,73,60.000000,60
req-00002320,73658333,73,60.000000,60
req-00002321,73675000,73,60.000000,60
req-00002322,73691667,73,60.000000,60
req-00002323,73708333,73,60.000000,60
req-00002324,73725000,73,60.000000,60
req-00002325,73741667,73,60.000000,60
req-00002326,73758333,73,60.000000,60
req-00002327,73775000,73,60.000000,60
req-00002328,73791667,73,60.000000,60
req-00002329,73808333,73,60.000000,60
req-00002330,73825000,73,60.000000,60
req-00002331,73841667,73,60.000000,60
req-00002332,73858333,73,60.000000,60
req-00002333,73875000,73,60.000000,60
req-00002334,73891667,73,60.000000,60
req-00002335,73908333,73,60.000000,60
req-00002336,73925000,73,60.000000,60
req-00002337,73941667,73,60.000000,60
req-00002338,73958333,73,60.000000,60
req-00002339,73975000,73,60.000000,60
req-00002340,73991667,73,60.000000,60
req-00002341,74008333,74,60.000000,60
req-00002342,74025000,74,60.000000,60
req-00002343,74041667,74,60.000000,60
req-00002344,74058333,74,60.000000,60
req-00002345,74075000,74,60.000000,60
req-00002346,74091667,74,60.000000,60
req-00002347,74108333,74,60.000000,60
req-00002348,74125000,74,60.000000,60
req-00002349,74141667,74,60.000000,60
req-00002350,74158333,74,60.000000,60
req-00002351,74175000,74,60.000000,60
req-00002352,74191667,74,60.000000,60
req-00002353,74208333,74,60.000000,60
req-00002354,74225000,74,60.000000,60
req-00002355,74241667,74,60.000000,60
req-00002356,74258333,74,60.000000,60
req-00002357,74275000,74,60.000000,60
req-00002358,74291667,74,60.000000,60
req-00002359,74308333,74,60.000000,60
req-00002360,74325000,74,60.000000,60
req-00002361,74341667,74,60.000000,60
req-00002362,74358333,74,60.000000,60
req-00002363,74375000,74,60.000000,60
req-00002364,74391667,74,60.000000,60
req-00002365,74408333,74,60.000000,60
req-00002366,74425000,74,60.000000,60
req-00002367,74441667,74,60.000000,60
req-00002368,74458333,74,60.000000,60
req-00002369,74475000,74,60.000000,60
req-00002370,74491667,74,60.000000,60
req-00002371,74508333,74,60.000000,60
req-00002372,74525000,74,60.000000,60
req-00002373,74541667,74,60.000000,60
req-00002374,74558333,74,60.000000,60
req-00002375,74575000,74,60.000000,60
req-00002376,74591667,74,60.000000,60
req-00002377,74608333,74,60.000000,60
req-00002378,74625000,74,60.000000,60
req-00002379,74641667,74,60.000000,60
req-00002380,74658333,74,60.000000,60
req-00002381,74675000,74,60.000000,60
req-00002382,74691667,74,60.000000,60
req-00002383,74708333,74,60.000000,60
req-00002384,74725000,74,60.000000,60
req-00002385,74741667,74,60.000000,60
req-00002386,74758333,74,60.000000,60
req-00002387,74775000,74,60.000000,60
req-00002388,74791667,74,60.000000,60
req-00002389,74808333,74,60.000000,60
req-00002390,74825000,74,60.000000,60
req-00002391,74841667,74,60.000000,60
req-00002392,74858333,74,60.000000,60
req-00002393,74875000,74,60.000000,60
req-00002394,74891667,74,60.000000,60
req-00002395,74908333,74,60.000000,60
req-00002396,74925000,74,60.000000,60
req-00002397,74941667,74,60.000000,60
req-00002398,74958333,74,60.000000,60
req-00002399,74975000,74,60.000000,60
req-00002400,74991667,74,60.000000,60
req-00002401,75008333,75,60.000000,60
req-00002402,75025000,75,60.000000,60
req-00002403,75041667,75,60.000000,60
req-00002404,75058333,75,60.000000,60
req-00002405,75075000,75,60.000000,60
req-00002406,75091667,75,60.000000,60
req-00002407,75108333,75,60.000000,60
req-00002408,75125000,75,60.000000,60
req-00002409,75141667,75,60.000000,60
req-00002410,75158333,75,60.000000,60
req-00002411,75175000,75,60.000000,60
req-00002412,75191667,75,60.000000,60
req-00002413,75208333,75,60.000000,60
req-00002414,75225000,75,60.000000,60
req-00002415,75241667,75,60.000000,60
req-00002416,75258333,75,60.000000,60
req-00002417,75275000,75,60.000000,60
req-00002418,75291667,75,60.000000,60
req-00002419,75308333,75,60.000000,60
req-00002420,75325000,75,60.000000,60
req-00002421,75341667,75,60.000000,60
req-00002422,75358333,75,60.000000,60
req-00002423,75375000,75,60.000000,60
req-00002424,75391667,75,60.000000,60
req-00002425,75408333,75,60.000000,60
req-00002426,75425000,75,60.000000,60
req-00002427,75441667,75,60.000000,60
req-00002428,75458333,75,60.000000,60
req-00002429,75475000,75,60.000000,60
req-00002430,75491667,75,60.000000,60
req-00002431,75508333,75,60.000000,60
req-00002432,75525000,75,60.000000,60
req-00002433,75541667,75,60.000000,60
req-00002434,75558333,75,60.000000,60
req-00002435,75575000,75,60.000000,60
req-00002436,75591667,75,60.000000,60
req-00002437,75608333,75,60.000000,60
req-00002438,75625000,75,60.000000,60
req-00002439,75641667,75,60.000000,60
req-00002440,75658333,75,60.000000,60
req-00002441,75675000,75,60.000000,60
req-00002442,75691667,75,60.000000,60
req-00002443,75708333,75,60.000000,60
req-00002444,75725000,75,60.000000,60
req-00002445,75741667,75,60.000000,60
req-00002446,75758333,75,60.000000,60
req-00002447,75775000,75,60.000000,60
req-00002448,75791667,75,60.000000,60
req-00002449,75808333,75,60.000000,60
req-00002450,75825000,75,60.000000,60
req-00002451,75841667,75,60.000000,60
req-00002452,75858333,75,60.000000,60
req-00002453,75875000,75,60.000000,60
req-00002454,75891667,75,60.000000,60
req-00002455,75908333,75,60.000000,60
req-00002456,75925000,75,60.000000,60
req-00002457,75941667,75,60.000000,60
req-00002458,75958333,75,60.000000,60
req-00002459,75975000,75,60.000000,60
req-00002460,75991667,75,60.000000,60
req-00002461,76008333,76,60.000000,60
req-00002462,76025000,76,60.000000,60
req-00002463,76041667,76,60.000000,60
req-00002464,76058333,76,60.000000,60
req-00002465,76075000,76,60.000000,60
req-00002466,76091667,76,60.000000,60
req-00002467,76108333,76,60.000000,60
req-00002468,76125000,76,60.000000,60
req-00002469,76141667,76,60.000000,60
req-00002470,76158333,76,60.000000,60
req-00002471,76175000,76,60.000000,60
req-00002472,76191667,76,60.000000,60
req-00002473,76208333,76,60.000000,60
req-00002474,76225000,76,60.000000,60
req-00002475,76241667,76,60.000000,60
req-00002476,76258333,76,60.000000,60
req-00002477,76275000,76,60.000000,60
req-00002478,76291667,76,60.000000,60
req-00002479,76308333,76,60.000000,60
req-00002480,76325000,76,60.000000,60
req-00002481,76341667,76,60.000000,60
req-00002482,76358333,76,60.000000,60
req-00002483,76375000,76,60.000000,60
req-00002484,76391667,76,60.000000,60
req-00002485,76408333,76,60.000000,60
req-00002486,76425000,76,60.000000,60
req-00002487,76441667,76,60.000000,60
req-00002488,76458333,76,60.000000,60
req-00002489,76475000,76,60.000000,60
req-00002490,76491667,76,60.000000,60
req-00002491,76508333,76,60.000000,60
req-00002492,76525000,76,60.000000,60
req-00002493,76541667,76,60.000000,60
req-00002494,76558333,76,60.000000,60
req-00002495,76575000,76,60.000000,60
req-00002496,76591667,76,60.000000,60
req-00002497,76608333,76,60.000000,60
req-00002498,76625000,76,60.000000,60
req-00002499,76641667,76,60.000000,60
req-00002500,76658333,76,60.000000,60
req-00002501,76675000,76,60.000000,60
req-00002502,76691667,76,60.000000,60
req-00002503,76708333,76,60.000000,60
req-00002504,76725000,76,60.000000,60
req-00002505,76741667,76,60.000000,60
req-00002506,76758333,76,60.000000,60
req-00002507,76775000,76,60.000000,60
req-00002508,76791667,76,60.000000,60
req-00002509,76808333,76,60.000000,60
req-00002510,76825000,76,60.000000,60
req-00002511,76841667,76,60.000000,60
req-00002512,76858333,76,60.000000,60
req-00002513,76875000,76,60.000000,60
req-00002514,76891667,76,60.000000,60
req-00002515,76908333,76,60.000000,60
req-00002516,76925000,76,60.000000,60
req-00002517,76941667,76,60.000000,60
req-00002518,76958333,76,60.000000,60
req-00002519,76975000,76,60.000000,60
req-00002520,76991667,76,60.000000,60
req-00002521,77008333,77,60.000000,60
req-00002522,77025000,77,60.000000,60
req-00002523,77041667,77,60.000000,60
req-00002524,77058333,77,60.000000,60
req-00002525,77075000,77,60.000000,60
req-00002526,77091667,77,60.000000,60
req-00002527,77108333,77,60.000000,60
req-00002528,77125000,77,60.000000,60
req-00002529,77141667,77,60.000000,60
req-00002530,77158333,77,60.000000,60
req-00002531,77175000,77,60.000000,60
req-00002532,77191667,77,60.000000,60
req-00002533,77208333,77,60.000000,60
req-00002534,77225000,77,60.000000,60
req-00002535,77241667,77,60.000000,60
req-00002536,77258333,77,60.000000,60
req-00002537,77275000,77,60.000000,60
req-00002538,77291667,77,60.000000,60
req-00002539,77308333,77,60.000000,60
req-00002540,77325000,77,60.000000,60
req-00002541,77341667,77,60.000000,60
req-00002542,77358333,77,60.000000,60
req-00002543,77375000,77,60.000000,60
req-00002544,77391667,77,60.000000,60
req-00002545,77408333,77,60.000000,60
req-00002546,77425000,77,60.000000,60
req-00002547,77441667,77,60.000000,60
req-00002548,77458333,77,60.000000,60
req-00002549,77475000,77,60.000000,60
req-00002550,77491667,77,60.000000,60
req-00002551,77508333,77,60.000000,60
req-00002552,77525000,77,60.000000,60
req-00002553,77541667,77,60.000000,60
req-00002554,77558333,77,60.000000,60
req-00002555,77575000,77,60.000000,60
req-00002556,77591667,77,60.000000,60
req-00002557,77608333,77,60.000000,60
req-00002558,77625000,77,60.000000,60
req-00002559,77641667,77,60.000000,60
req-00002560,77658333,77,60.000000,60
req-00002561,77675000,77,60.000000,60
req-00002562,77691667,77,60.000000,60
req-00002563,77708333,77,60.000000,60
req-00002564,77725000,77,60.000000,60
req-00002565,77741667,77,60.000000,60
req-00002566,77758333,77,60.000000,60
req-00002567,77775000,77,60.000000,60
req-00002568,77791667,77,60.000000,60
req-00002569,77808333,77,60.000000,60
req-00002570,77825000,77,60.000000,60
req-00002571,77841667,77,60.000000,60
req-00002572,77858333,77,60.000000,60
req-00002573,77875000,77,60.000000,60
req-00002574,77891667,77,60.000000,60
req-00002575,77908333,77,60.000000,60
req-00002576,77925000,77,60.000000,60
req-00002577,77941667,77,60.000000,60
req-00002578,77958333,77,60.000000,60
req-00002579,77975000,77,60.000000,60
req-00002580,77991667,77,60.000000,60
req-00002581,78008333,78,60.000000,60
req-00002582,78025000,78,60.000000,60
req-00002583,78041667,78,60.000000,60
req-00002584,78058333,78,60.000000,60
req-00002585,78075000,78,60.000000,60
req-00002586,78091667,78,60.000000,60
req-00002587,78108333,78,60.000000,60
req-00002588,78125000,78,60.000000,60
req-00002589,78141667,78,60.000000,60
req-00002590,78158333,78,60.000000,60
req-00002591,78175000,78,60.000000,60
req-00002592,78191667,78,60.000000,60
req-00002593,78208333,78,60.000000,60
req-00002594,78225000,78,60.000000,60
req-00002595,78241667,78,60.000000,60
req-00002596,78258333,78,60.000000,60
req-00002597,78275000,78,60.000000,60
req-00002598,78291667,78,60.000000,60
req-00002599,78308333,78,60.000000,60
req-00002600,78325000,78,60.000000,60
req-00002601,78341667,78,60.000000,60
req-00002602,78358333,78,60.000000,60
req-00002603,78375000,78,60.000000,60
req-00002604,78391667,78,60.000000,60
req-00002605,78408333,78,60.000000,60
req-00002606,78425000,78,60.000000,60
req-00002607,78441667,78,60.000000,60
req-00002608,78458333,78,60.000000,60
req-00002609,78475000,78,60.000000,60
req-00002610,78491667,78,60.000000,60
req-00002611,78508333,78,60.000000,60
req-00002612,78525000,78,60.000000,60
req-00002613,78541667,78,60.000000,60
req-00002614,78558333,78,60.000000,60
req-00002615,78575000,78,60.000000,60
req-00002616,78591667,78,60.000000,60
req-00002617,78608333,78,60.000000,60
req-00002618,78625000,78,60.000000,60
req-00002619,78641667,78,60.000000,60
req-00002620,78658333,78,60.000000,60
req-00002621,78675000,78,60.000000,60
req-00002622,78691667,78,60.000000,60
req-00002623,78708333,78,60.000000,60
req-00002624,78725000,78,60.000000,60
req-00002625,78741667,78,60.000000,60
req-00002626,78758333,78,60.000000,60
req-00002627,78775000,78,60.000000,60
req-00002628,78791667,78,60.000000,60
req-00002629,78808333,78,60.000000,60
req-00002630,78825000,78,60.000000,60
req-00002631,78841667,78,60.000000,60
req-00002632,78858333,78,60.000000,60
req-00002633,78875000,78,60.000000,60
req-00002634,78891667,78,60.000000,60
req-00002635,78908333,78,60.000000,60
req-00002636,78925000,78,60.000000,60
req-00002637,78941667,78,60.000000,60
req-00002638,78958333,78,60.000000,60
req-00002639,78975000,78,60.000000,60
req-00002640,78991667,78,60.000000,60
req-00002641,79008333,79,60.000000,60
req-00002642,79025000,79,60.000000,60
req-00002643,79041667,79,60.000000,60
req-00002644,79058333,79,60.000000,60
req-00002645,79075000,79,60.000000,60
req-00002646,79091667,79,60.000000,60
req-00002647,79108333,79,60.000000,60
req-00002648,79125000,79,60.000000,60
req-00002649,79141667,79,60.000000,60
req-00002650,79158333,79,60.000000,60
req-00002651,79175000,79,60.000000,60
req-00002652,79191667,79,60.000000,60
req-00002653,79208333,79,60.000000,60
req-00002654,79225000,79,60.000000,60
req-00002655,79241667,79,60.000000,60
req-00002656,79258333,79,60.000000,60
req-00002657,79275000,79,60.000000,60
req-00002658,79291667,79,60.000000,60
req-00002659,79308333,79,60.000000,60
req-00002660,79325000,79,60.000000,60
req-00002661,79341667,79,60.000000,60
req-00002662,79358333,79,60.000000,60
req-00002663,79375000,79,60.000000,60
req-00002664,79391667,79,60.000000,60
req-00002665,79408333,79,60.000000,60
req-00002666,79425000,79,60.000000,60
req-00002667,79441667,79,60.000000,60
req-00002668,79458333,79,60.000000,60
req-00002669,79475000,79,60.000000,60
req-00002670,79491667,79,60.000000,60
req-00002671,79508333,79,60.000000,60
req-00002672,79525000,79,60.000000,60
req-00002673,79541667,79,60.000000,60
req-00002674,79558333,79,60.000000,60
req-00002675,79575000,79,60.000000,60
req-00002676,79591667,79,60.000000,60
req-00002677,79608333,79,60.000000,60
req-00002678,79625000,79,60.000000,60
req-00002679,79641667,79,60.000000,60
req-00002680,79658333,79,60.000000,60
req-00002681,79675000,79,60.000000,60
req-00002682,79691667,79,60.000000,60
req-00002683,79708333,79,60.000000,60
req-00002684,79725000,79,60.000000,60
req-00002685,79741667,79,60.000000,60
req-00002686,79758333,79,60.000000,60
req-00002687,79775000,79,60.000000,60
req-00002688,79791667,79,60.000000,60
req-00002689,79808333,79,60.000000,60
req-00002690,79825000,79,60.000000,60
req-00002691,79841667,79,60.000000,60
req-00002692,79858333,79,60.000000,60
req-00002693,79875000,79,60.000000,60
req-00002694,79891667,79,60.000000,60
req-00002695,79908333,79,60.000000,60
req-00002696,79925000,79,60.000000,60
req-00002697,79941667,79,60.000000,60
req-00002698,79958333,79,60.000000,60
req-00002699,79975000,79,60.000000,60
req-00002700,79991667,79,60.000000,60
req-00002701,80008333,80,60.000000,60
req-00002702,80025000,80,60.000000,60
req-00002703,80041667,80,60.000000,60
req-00002704,80058333,80,60.000000,60
req-00002705,80075000,80,60.000000,60
req-00002706,80091667,80,60.000000,60
req-00002707,80108333,80,60.000000,60
req-00002708,80125000,80,60.000000,60
req-00002709,80141667,80,60.000000,60
req-00002710,80158333,80,60.000000,60
req-00002711,80175000,80,60.000000,60
req-00002712,80191667,80,60.000000,60
req-00002713,80208333,80,60.000000,60
req-00002714,80225000,80,60.000000,60
req-00002715,80241667,80,60.000000,60
req-00002716,80258333,80,60.000000,60
req-00002717,80275000,80,60.000000,60
req-00002718,80291667,80,60.000000,60
req-00002719,80308333,80,60.000000,60
req-00002720,80325000,80,60.000000,60
req-00002721,80341667,80,60.000000,60
req-00002722,80358333,80,60.000000,60
req-00002723,80375000,80,60.000000,60
req-00002724,80391667,80,60.000000,60
req-00002725,80408333,80,60.000000,60
req-00002726,80425000,80,60.000000,60
req-00002727,80441667,80,60.000000,60
req-00002728,80458333,80,60.000000,60
req-00002729,80475000,80,60.000000,60
req-00002730,80491667,80,60.000000,60
req-00002731,80508333,80,60.000000,60
req-00002732,80525000,80,60.000000,60
req-00002733,80541667,80,60.000000,60
req-00002734,80558333,80,60.000000,60
req-00002735,80575000,80,60.000000,60
req-00002736,80591667,80,60.000000,60
req-00002737,80608333,80,60.000000,60
req-00002738,80625000,80,60.000000,60
req-00002739,80641667,80,60.000000,60
req-00002740,80658333,80,60.000000,60
req-00002741,80675000,80,60.000000,60
req-00002742,80691667,80,60.000000,60
req-00002743,80708333,80,60.000000,60
req-00002744,80725000,80,60.000000,60
req-00002745,80741667,80,60.000000,60
req-00002746,80758333,80,60.000000,60
req-00002747,80775000,80,60.000000,60
req-00002748,80791667,80,60.000000,60
req-00002749,80808333,80,60.000000,60
req-00002750,80825000,80,60.000000,60
req-00002751,80841667,80,60.000000,60
req-00002752,80858333,80,60.000000,60
req-00002753,80875000,80,60.000000,60
req-00002754,80891667,80,60.000000,60
req-00002755,80908333,80,60.000000,60
req-00002756,80925000,80,60.000000,60
req-00002757,80941667,80,60.000000,60
req-00002758,80958333,80,60.000000,60
req-00002759,80975000,80,60.000000,60
req-00002760,80991667,80,60.000000,60
req-00002761,81008333,81,60.000000,60
req-00002762,81025000,81,60.000000,60
req-00002763,81041667,81,60.000000,60
req-00002764,81058333,81,60.000000,60
req-00002765,81075000,81,60.000000,60
req-00002766,81091667,81,60.000000,60
req-00002767,81108333,81,60.000000,60
req-00002768,81125000,81,60.000000,60
req-00002769,81141667,81,60.000000,60
req-00002770,81158333,81,60.000000,60
req-00002771,81175000,81,60.000000,60
req-00002772,81191667,81,60.000000,60
req-00002773,81208333,81,60.000000,60
req-00002774,81225000,81,60.000000,60
req-00002775,81241667,81,60.000000,60
req-00002776,81258333,81,60.000000,60
req-00002777,81275000,81,60.000000,60
req-00002778,81291667,81,60.000000,60
req-00002779,81308333,81,60.000000,60
req-00002780,81325000,81,60.000000,60
req-00002781,81341667,81,60.000000,60
req-00002782,81358333,81,60.000000,60
req-00002783,81375000,81,60.000000,60
req-00002784,81391667,81,60.000000,60
req-00002785,81408333,81,60.000000,60
req-00002786,81425000,81,60.000000,60
req-00002787,81441667,81,60.000000,60
req-00002788,81458333,81,60.000000,60
req-00002789,81475000,81,60.000000,60
req-00002790,81491667,81,60.000000,60
req-00002791,81508333,81,60.000000,60
req-00002792,81525000,81,60.000000,60
req-00002793,81541667,81,60.000000,60
req-00002794,81558333,81,60.000000,60
req-00002795,81575000,81,60.000000,60
req-00002796,81591667,81,60.000000,60
req-00002797,81608333,81,60.000000,60
req-00002798,81625000,81,60.000000,60
req-00002799,81641667,81,60.000000,60
req-00002800,81658333,81,60.000000,60
req-00002801,81675000,81,60.000000,60
req-00002802,81691667,81,60.000000,60
req-00002803,81708333,81,60.000000,60
req-00002804,81725000,81,60.000000,60
req-00002805,81741667,81,60.000000,60
req-00002806,81758333,81,60.000000,60
req-00002807,81775000,81,60.000000,60
req-00002808,81791667,81,60.000000,60
req-00002809,81808333,81,60.000000,60
req-00002810,81825000,81,60.000000,60
req-00002811,81841667,81,60.000000,60
req-00002812,81858333,81,60.000000,60
req-00002813,81875000,81,60.000000,60
req-00002814,81891667,81,60.000000,60
req-00002815,81908333,81,60.000000,60
req-00002816,81925000,81,60.000000,60
req-00002817,81941667,81,60.000000,60
req-00002818,81958333,81,60.000000,60
req-00002819,81975000,81,60.000000,60
req-00002820,81991667,81,60.000000,60
req-00002821,82008333,82,60.000000,60
req-00002822,82025000,82,60.000000,60
req-00002823,82041667,82,60.000000,60
req-00002824,82058333,82,60.000000,60
req-00002825,82075000,82,60.000000,60
req-00002826,82091667,82,60.000000,60
req-00002827,82108333,82,60.000000,60
req-00002828,82125000,82,60.000000,60
req-00002829,82141667,82,60.000000,60
req-00002830,82158333,82,60.000000,60
req-00002831,82175000,82,60.000000,60
req-00002832,82191667,82,60.000000,60
req-00002833,82208333,82,60.000000,60
req-00002834,82225000,82,60.000000,60
req-00002835,82241667,82,60.000000,60
req-00002836,82258333,82,60.000000,60
req-00002837,82275000,82,60.000000,60
req-00002838,82291667,82,60.000000,60
req-00002839,82308333,82,60.000000,60
req-00002840,82325000,82,60.000000,60
req-00002841,82341667,82,60.000000,60
req-00002842,82358333,82,60.000000,60
req-00002843,82375000,82,60.000000,60
req-00002844,82391667,82,60.000000,60
req-00002845,82408333,82,60.000000,60
req-00002846,82425000,82,60.000000,60
req-00002847,82441667,82,60.000000,60
req-00002848,82458333,82,60.000000,60
req-00002849,82475000,82,60.000000,60
req-00002850,82491667,82,60.000000,60
req-00002851,82508333,82,60.000000,60
req-00002852,82525000,82,60.000000,60
req-00002853,82541667,82,60.000000,60
req-00002854,82558333,82,60.000000,60
req-00002855,82575000,82,60.000000,60
req-00002856,82591667,82,60.000000,60
req-00002857,82608333,82,60.000000,60
req-00002858,82625000,82,60.000000,60
req-00002859,82641667,82,60.000000,60
req-00002860,82658333,82,60.000000,60
req-00002861,82675000,82,60.000000,60
req-00002862,82691667,82,60.000000,60
req-00002863,82708333,82,60.000000,60
req-00002864,82725000,82,60.000000,60
req-00002865,82741667,82,60.000000,60
req-00002866,82758333,82,60.000000,60
req-00002867,82775000,82,60.000000,60
req-00002868,82791667,82,60.000000,60
req-00002869,82808333,82,60.000000,60
req-00002870,82825000,82,60.000000,60
req-00002871,82841667,82,60.000000,60
req-00002872,82858333,82,60.000000,60
req-00002873,82875000,82,60.000000,60
req-00002874,82891667,82,60.000000,60
req-00002875,82908333,82,60.000000,60
req-00002876,82925000,82,60.000000,60
req-00002877,82941667,82,60.000000,60
req-00002878,82958333,82,60.000000,60
req-00002879,82975000,82,60.000000,60
req-00002880,82991667,82,60.000000,60
req-00002881,83008333,83,60.000000,60
req-00002882,83025000,83,60.000000,60
req-00002883,83041667,83,60.000000,60
req-00002884,83058333,83,60.000000,60
req-00002885,83075000,83,60.000000,60
req-00002886,83091667,83,60.000000,60
req-00002887,83108333,83,60.000000,60
req-00002888,83125000,83,60.000000,60
req-00002889,83141667,83,60.000000,60
req-00002890,83158333,83,60.000000,60
req-00002891,83175000,83,60.000000,60
req-00002892,83191667,83,60.000000,60
req-00002893,83208333,83,60.000000,60
req-00002894,83225000,83,60.000000,60
req-00002895,83241667,83,60.000000,60
req-00002896,83258333,83,60.000000,60
req-00002897,83275000,83,60.000000,60
req-00002898,83291667,83,60.000000,60
req-00002899,83308333,83,60.000000,60
req-00002900,83325000,83,60.000000,60
req-00002901,83341667,83,60.000000,60
req-00002902,83358333,83,60.000000,60
req-00002903,83375000,83,60.000000,60
req-00002904,83391667,83,60.000000,60
req-00002905,83408333,83,60.000000,60
req-00002906,83425000,83,60.000000,60
req-00002907,83441667,83,60.000000,60
req-00002908,83458333,83,60.000000,60
req-00002909,83475000,83,60.000000,60
req-00002910,83491667,83,60.000000,60
req-00002911,83508333,83,60.000000,60
req-00002912,83525000,83,60.000000,60
req-00002913,83541667,83,60.000000,60
req-00002914,83558333,83,60.000000,60
req-00002915,83575000,83,60.000000,60
req-00002916,83591667,83,60.000000,60
req-00002917,83608333,83,60.000000,60
req-00002918,83625000,83,60.000000,60
req-00002919,83641667,83,60.000000,60
req-00002920,83658333,83,60.000000,60
req-00002921,83675000,83,60.000000,60
req-00002922,83691667,83,60.000000,60
req-00002923,83708333,83,60.000000,60
req-00002924,83725000,83,60.000000,60
req-00002925,83741667,83,60.000000,60
req-00002926,83758333,83,60.000000,60
req-00002927,83775000,83,60.000000,60
req-00002928,83791667,83,60.000000,60
req-00002929,83808333,83,60.000000,60
req-00002930,83825000,83,60.000000,60
req-00002931,83841667,83,60.000000,60
req-00002932,83858333,83,60.000000,60
req-00002933,83875000,83,60.000000,60
req-00002934,83891667,83,60.000000,60
req-00002935,83908333,83,60.000000,60
req-00002936,83925000,83,60.000000,60
req-00002937,83941667,83,60.000000,60
req-00002938,83958333,83,60.000000,60
req-00002939,83975000,83,60.000000,60
req-00002940,83991667,83,60.000000,60
req-00002941,84008333,84,60.000000,60
req-00002942,84025000,84,60.000000,60
req-00002943,84041667,84,60.000000,60
req-00002944,84058333,84,60.000000,60
req-00002945,84075000,84,60.000000,60
req-00002946,84091667,84,60.000000,60
req-00002947,84108333,84,60.000000,60
req-00002948,84125000,84,60.000000,60
req-00002949,84141667,84,60.000000,60
req-00002950,84158333,84,60.000000,60
req-00002951,84175000,84,60.000000,60
req-00002952,84191667,84,60.000000,60
req-00002953,84208333,84,60.000000,60
req-00002954,84225000,84,60.000000,60
req-00002955,84241667,84,60.000000,60
req-00002956,84258333,84,60.000000,60
req-00002957,84275000,84,60.000000,60
req-00002958,84291667,84,60.000000,60
req-00002959,84308333,84,60.000000,60
req-00002960,84325000,84,60.000000,60
req-00002961,84341667,84,60.000000,60
req-00002962,84358333,84,60.000000,60
req-00002963,84375000,84,60.000000,60
req-00002964,84391667,84,60.000000,60
req-00002965,84408333,84,60.000000,60
req-00002966,84425000,84,60.000000,60
req-00002967,84441667,84,60.000000,60
req-00002968,84458333,84,60.000000,60
req-00002969,84475000,84,60.000000,60
req-00002970,84491667,84,60.000000,60
req-00002971,84508333,84,60.000000,60
req-00002972,84525000,84,60.000000,60
req-00002973,84541667,84,60.000000,60
req-00002974,84558333,84,60.000000,60
req-00002975,84575000,84,60.000000,60
req-00002976,84591667,84,60.000000,60
req-00002977,84608333,84,60.000000,60
req-00002978,84625000,84,60.000000,60
req-00002979,84641667,84,60.000000,60
req-00002980,84658333,84,60.000000,60
req-00002981,84675000,84,60.000000,60
req-00002982,84691667,84,60.000000,60
req-00002983,84708333,84,60.000000,60
req-00002984,84725000,84,60.000000,60
req-00002985,84741667,84,60.000000,60
req-00002986,84758333,84,60.000000,60
req-00002987,84775000,84,60.000000,60
req-00002988,84791667,84,60.000000,60
req-00002989,84808333,84,60.000000,60
req-00002990,84825000,84,60.000000,60
req-00002991,84841667,84,60.000000,60
req-00002992,84858333,84,60.000000,60
req-00002993,84875000,84,60.000000,60
req-00002994,84891667,84,60.000000,60
req-00002995,84908333,84,60.000000,60
req-00002996,84925000,84,60.000000,60
req-00002997,84941667,84,60.000000,60
req-00002998,84958333,84,60.000000,60
req-00002999,84975000,84,60.000000,60
req-00003000,84991667,84,60.000000,60
req-00003001,85008333,85,60.000000,60
req-00003002,85025000,85,60.000000,60
req-00003003,85041667,85,60.000000,60
req-00003004,85058333,85,60.000000,60
req-00003005,85075000,85,60.000000,60
req-00003006,85091667,85,60.000000,60
req-00003007,85108333,85,60.000000,60
req-00003008,85125000,85,60.000000,60
req-00003009,85141667,85,60.000000,60
req-00003010,85158333,85,60.000000,60
req-00003011,85175000,85,60.000000,60
req-00003012,85191667,85,60.000000,60
req-00003013,85208333,85,60.000000,60
req-00003014,85225000,85,60.000000,60
req-00003015,85241667,85,60.000000,60
req-00003016,85258333,85,60.000000,60
req-00003017,85275000,85,60.000000,60
req-00003018,85291667,85,60.000000,60
req-00003019,85308333,85,60.000000,60
req-00003020,85325000,85,60.000000,60
req-00003021,85341667,85,60.000000,60
req-00003022,85358333,85,60.000000,60
req-00003023,85375000,85,60.000000,60
req-00003024,85391667,85,60.000000,60
req-00003025,85408333,85,60.000000,60
req-00003026,85425000,85,60.000000,60
req-00003027,85441667,85,60.000000,60
req-00003028,85458333,85,60.000000,60
req-00003029,85475000,85,60.000000,60
req-00003030,85491667,85,60.000000,60
req-00003031,85508333,85,60.000000,60
req-00003032,85525000,85,60.000000,60
req-00003033,85541667,85,60.000000,60
req-00003034,85558333,85,60.000000,60
req-00003035,85575000,85,60.000000,60
req-00003036,85591667,85,60.000000,60
req-00003037,85608333,85,60.000000,60
req-00003038,85625000,85,60.000000,60
req-00003039,85641667,85,60.000000,60
req-00003040,85658333,85,60.000000,60
req-00003041,85675000,85,60.000000,60
req-00003042,85691667,85,60.000000,60
req-00003043,85708333,85,60.000000,60
req-00003044,85725000,85,60.000000,60
req-00003045,85741667,85,60.000000,60
req-00003046,85758333,85,60.000000,60
req-00003047,85775000,85,60.000000,60
req-00003048,85791667,85,60.000000,60
req-00003049,85808333,85,60.000000,60
req-00003050,85825000,85,60.000000,60
req-00003051,85841667,85,60.000000,60
req-00003052,85858333,85,60.000000,60
req-00003053,85875000,85,60.000000,60
req-00003054,85891667,85,60.000000,60
req-00003055,85908333,85,60.000000,60
req-00003056,85925000,85,60.000000,60
req-00003057,85941667,85,60.000000,60
req-00003058,85958333,85,60.000000,60
req-00003059,85975000,85,60.000000,60
req-00003060,85991667,85,60.000000,60
req-00003061,86008333,86,60.000000,60
req-00003062,86025000,86,60.000000,60
req-00003063,86041667,86,60.000000,60
req-00003064,86058333,86,60.000000,60
req-00003065,86075000,86,60.000000,60
req-00003066,86091667,86,60.000000,60
req-00003067,86108333,86,60.000000,60
req-00003068,86125000,86,60.000000,60
req-00003069,86141667,86,60.000000,60
req-00003070,86158333,86,60.000000,60
req-00003071,86175000,86,60.000000,60
req-00003072,86191667,86,60.000000,60
req-00003073,86208333,86,60.000000,60
req-00003074,86225000,86,60.000000,60
req-00003075,86241667,86,60.000000,60
req-00003076,86258333,86,60.000000,60
req-00003077,86275000,86,60.000000,60
req-00003078,86291667,86,60.000000,60
req-00003079,86308333,86,60.000000,60
req-00003080,86325000,86,60.000000,60
req-00003081,86341667,86,60.000000,60
req-00003082,86358333,86,60.000000,60
req-00003083,86375000,86,60.000000,60
req-00003084,86391667,86,60.000000,60
req-00003085,86408333,86,60.000000,60
req-00003086,86425000,86,60.000000,60
req-00003087,86441667,86,60.000000,60
req-00003088,86458333,86,60.000000,60
req-00003089,86475000,86,60.000000,60
req-00003090,86491667,86,60.000000,60
req-00003091,86508333,86,60.000000,60
req-00003092,86525000,86,60.000000,60
req-00003093,86541667,86,60.000000,60
req-00003094,86558333,86,60.000000,60
req-00003095,86575000,86,60.000000,60
req-00003096,86591667,86,60.000000,60
req-00003097,86608333,86,60.000000,60
req-00003098,86625000,86,60.000000,60
req-00003099,86641667,86,60.000000,60
req-00003100,86658333,86,60.000000,60
req-00003101,86675000,86,60.000000,60
req-00003102,86691667,86,60.000000,60
req-00003103,86708333,86,60.000000,60
req-00003104,86725000,86,60.000000,60
req-00003105,86741667,86,60.000000,60
req-00003106,86758333,86,60.000000,60
req-00003107,86775000,86,60.000000,60
req-00003108,86791667,86,60.000000,60
req-00003109,86808333,86,60.000000,60
req-00003110,86825000,86,60.000000,60
req-00003111,86841667,86,60.000000,60
req-00003112,86858333,86,60.000000,60
req-00003113,86875000,86,60.000000,60
req-00003114,86891667,86,60.000000,60
req-00003115,86908333,86,60.000000,60
req-00003116,86925000,86,60.000000,60
req-00003117,86941667,86,60.000000,60
req-00003118,86958333,86,60.000000,60
req-00003119,86975000,86,60.000000,60
req-00003120,86991667,86,60.000000,60
req-00003121,87008333,87,60.000000,60
req-00003122,87025000,87,60.000000,60
req-00003123,87041667,87,60.000000,60
req-00003124,87058333,87,60.000000,60
req-00003125,87075000,87,60.000000,60
req-00003126,87091667,87,60.000000,60
req-00003127,87108333,87,60.000000,60
req-00003128,87125000,87,60.000000,60
req-00003129,87141667,87,60.000000,60
req-00003130,87158333,87,60.000000,60
req-00003131,87175000,87,60.000000,60
req-00003132,87191667,87,60.000000,60
req-00003133,87208333,87,60.000000,60
req-00003134,87225000,87,60.000000,60
req-00003135,87241667,87,60.000000,60
req-00003136,87258333,87,60.000000,60
req-00003137,87275000,87,60.000000,60
req-00003138,87291667,87,60.000000,60
req-00003139,87308333,87,60.000000,60
req-00003140,87325000,87,60.000000,60
req-00003141,87341667,87,60.000000,60
req-00003142,87358333,87,60.000000,60
req-00003143,87375000,87,60.000000,60
req-00003144,87391667,87,60.000000,60
req-00003145,87408333,87,60.000000,60
req-00003146,87425000,87,60.000000,60
req-00003147,87441667,87,60.000000,60
req-00003148,87458333,87,60.000000,60
req-00003149,87475000,87,60.000000,60
req-00003150,87491667,87,60.000000,60
req-00003151,87508333,87,60.000000,60
req-00003152,87525000,87,60.000000,60
req-00003153,87541667,87,60.000000,60
req-00003154,87558333,87,60.000000,60
req-00003155,87575000,87,60.000000,60
req-00003156,87591667,87,60.000000,60
req-00003157,87608333,87,60.000000,60
req-00003158,87625000,87,60.000000,60
req-00003159,87641667,87,60.000000,60
req-00003160,87658333,87,60.000000,60
req-00003161,87675000,87,60.000000,60
req-00003162,87691667,87,60.000000,60
req-00003163,87708333,87,60.000000,60
req-00003164,87725000,87,60.000000,60
req-00003165,87741667,87,60.000000,60
req-00003166,87758333,87,60.000000,60
req-00003167,87775000,87,60.000000,60
req-00003168,87791667,87,60.000000,60
req-00003169,87808333,87,60.000000,60
req-00003170,87825000,87,60.000000,60
req-00003171,87841667,87,60.000000,60
req-00003172,87858333,87,60.000000,60
req-00003173,87875000,87,60.000000,60
req-00003174,87891667,87,60.000000,60
req-00003175,87908333,87,60.000000,60
req-00003176,87925000,87,60.000000,60
req-00003177,87941667,87,60.000000,60
req-00003178,87958333,87,60.000000,60
req-00003179,87975000,87,60.000000,60
req-00003180,87991667,87,60.000000,60
req-00003181,88008333,88,60.000000,60
req-00003182,88025000,88,60.000000,60
req-00003183,88041667,88,60.000000,60
req-00003184,88058333,88,60.000000,60
req-00003185,88075000,88,60.000000,60
req-00003186,88091667,88,60.000000,60
req-00003187,88108333,88,60.000000,60
req-00003188,88125000,88,60.000000,60
req-00003189,88141667,88,60.000000,60
req-00003190,88158333,88,60.000000,60
req-00003191,88175000,88,60.000000,60
req-00003192,88191667,88,60.000000,60
req-00003193,88208333,88,60.000000,60
req-00003194,88225000,88,60.000000,60
req-00003195,88241667,88,60.000000,60
req-00003196,88258333,88,60.000000,60
req-00003197,88275000,88,60.000000,60
req-00003198,88291667,88,60.000000,60
req-00003199,88308333,88,60.000000,60
req-00003200,88325000,88,60.000000,60
req-00003201,88341667,88,60.000000,60
req-00003202,88358333,88,60.000000,60
req-00003203,88375000,88,60.000000,60
req-00003204,88391667,88,60.000000,60
req-00003205,88408333,88,60.000000,60
req-00003206,88425000,88,60.000000,60
req-00003207,88441667,88,60.000000,60
req-00003208,88458333,88,60.000000,60
req-00003209,88475000,88,60.000000,60
req-00003210,88491667,88,60.000000,60
req-00003211,88508333,88,60.000000,60
req-00003212,88525000,88,60.000000,60
req-00003213,88541667,88,60.000000,60
req-00003214,88558333,88,60.000000,60
req-00003215,88575000,88,60.000000,60
req-00003216,88591667,88,60.000000,60
req-00003217,88608333,88,60.000000,60
req-00003218,88625000,88,60.000000,60
req-00003219,88641667,88,60.000000,60
req-00003220,88658333,88,60.000000,60
req-00003221,88675000,88,60.000000,60
req-00003222,88691667,88,60.000000,60
req-00003223,88708333,88,60.000000,60
req-00003224,88725000,88,60.000000,60
req-00003225,88741667,88,60.000000,60
req-00003226,88758333,88,60.000000,60
req-00003227,88775000,88,60.000000,60
req-00003228,88791667,88,60.000000,60
req-00003229,88808333,88,60.000000,60
req-00003230,88825000,88,60.000000,60
req-00003231,88841667,88,60.000000,60
req-00003232,88858333,88,60.000000,60
req-00003233,88875000,88,60.000000,60
req-00003234,88891667,88,60.000000,60
req-00003235,88908333,88,60.000000,60
req-00003236,88925000,88,60.000000,60
req-00003237,88941667,88,60.000000,60
req-00003238,88958333,88,60.000000,60
req-00003239,88975000,88,60.000000,60
req-00003240,88991667,88,60.000000,60
req-00003241,89008333,89,60.000000,60
req-00003242,89025000,89,60.000000,60
req-00003243,89041667,89,60.000000,60
req-00003244,89058333,89,60.000000,60
req-00003245,89075000,89,60.000000,60
req-00003246,89091667,89,60.000000,60
req-00003247,89108333,89,60.000000,60
req-00003248,89125000,89,60.000000,60
req-00003249,89141667,89,60.000000,60
req-00003250,89158333,89,60.000000,60
req-00003251,89175000,89,60.000000,60
req-00003252,89191667,89,60.000000,60
req-00003253,89208333,89,60.000000,60
req-00003254,89225000,89,60.000000,60
req-00003255,89241667,89,60.000000,60
req-00003256,89258333,89,60.000000,60
req-00003257,89275000,89,60.000000,60
req-00003258,89291667,89,60.000000,60
req-00003259,89308333,89,60.000000,60
req-00003260,89325000,89,60.000000,60
req-00003261,89341667,89,60.000000,60
req-00003262,89358333,89,60.000000,60
req-00003263,89375000,89,60.000000,60
req-00003264,89391667,89,60.000000,60
req-00003265,89408333,89,60.000000,60
req-00003266,89425000,89,60.000000,60
req-00003267,89441667,89,60.000000,60
req-00003268,89458333,89,60.000000,60
req-00003269,89475000,89,60.000000,60
req-00003270,89491667,89,60.000000,60
req-00003271,89508333,89,60.000000,60
req-00003272,89525000,89,60.000000,60
req-00003273,89541667,89,60.000000,60
req-00003274,89558333,89,60.000000,60
req-00003275,89575000,89,60.000000,60
req-00003276,89591667,89,60.000000,60
req-00003277,89608333,89,60.000000,60
req-00003278,89625000,89,60.000000,60
req-00003279,89641667,89,60.000000,60
req-00003280,89658333,89,60.000000,60
req-00003281,89675000,89,60.000000,60
req-00003282,89691667,89,60.000000,60
req-00003283,89708333,89,60.000000,60
req-00003284,89725000,89,60.000000,60
req-00003285,89741667,89,60.000000,60
req-00003286,89758333,89,60.000000,60
req-00003287,89775000,89,60.000000,60
req-00003288,89791667,89,60.000000,60
req-00003289,89808333,89,60.000000,60
req-00003290,89825000,89,60.000000,60
req-00003291,89841667,89,60.000000,60
req-00003292,89858333,89,60.000000,60
req-00003293,89875000,89,60.000000,60
req-00003294,89891667,89,60.000000,60
req-00003295,89908333,89,60.000000,60
req-00003296,89925000,89,60.000000,60
req-00003297,89941667,89,60.000000,60
req-00003298,89958333,89,60.000000,60
req-00003299,89975000,89,60.000000,60
req-00003300,89991667,89,60.000000,60
req-00003301,90008333,90,60.000000,60
req-00003302,90025000,90,60.000000,60
req-00003303,90041667,90,60.000000,60
req-00003304,90058333,90,60.000000,60
req-00003305,90075000,90,60.000000,60
req-00003306,90091667,90,60.000000,60
req-00003307,90108333,90,60.000000,60
req-00003308,90125000,90,60.000000,60
req-00003309,90141667,90,60.000000,60
req-00003310,90158333,90,60.000000,60
req-00003311,90175000,90,60.000000,60
req-00003312,90191667,90,60.000000,60
req-00003313,90208333,90,60.000000,60
req-00003314,90225000,90,60.000000,60
req-00003315,90241667,90,60.000000,60
req-00003316,90258333,90,60.000000,60
req-00003317,90275000,90,60.000000,60
req-00003318,90291667,90,60.000000,60
req-00003319,90308333,90,60.000000,60
req-00003320,90325000,90,60.000000,60
req-00003321,90341667,90,60.000000,60
req-00003322,90358333,90,60.000000,60
req-00003323,90375000,90,60.000000,60
req-00003324,90391667,90,60.000000,60
req-00003325,90408333,90,60.000000,60
req-00003326,90425000,90,60.000000,60
req-00003327,90441667,90,60.000000,60
req-00003328,90458333,90,60.000000,60
req-00003329,90475000,90,60.000000,60
req-00003330,90491667,90,60.000000,60
req-00003331,90508333,90,60.000000,60
req-00003332,90525000,90,60.000000,60
req-00003333,90541667,90,60.000000,60
req-00003334,90558333,90,60.000000,60
req-00003335,90575000,90,60.000000,60
req-00003336,90591667,90,60.000000,60
req-00003337,90608333,90,60.000000,60
req-00003338,90625000,90,60.000000,60
req-00003339,90641667,90,60.000000,60
req-00003340,90658333,90,60.000000,60
req-00003341,90675000,90,60.000000,60
req-00003342,90691667,90,60.000000,60
req-00003343,90708333,90,60.000000,60
req-00003344,90725000,90,60.000000,60
req-00003345,90741667,90,60.000000,60
req-00003346,90758333,90,60.000000,60
req-00003347,90775000,90,60.000000,60
req-00003348,90791667,90,60.000000,60
req-00003349,90808333,90,60.000000,60
req-00003350,90825000,90,60.000000,60
req-00003351,90841667,90,60.000000,60
req-00003352,90858333,90,60.000000,60
req-00003353,90875000,90,60.000000,60
req-00003354,90891667,90,60.000000,60
req-00003355,90908333,90,60.000000,60
req-00003356,90925000,90,60.000000,60
req-00003357,90941667,90,60.000000,60
req-00003358,90958333,90,60.000000,60
req-00003359,90975000,90,60.000000,60
req-00003360,90991667,90,60.000000,60
req-00003361,91008333,91,60.000000,60
req-00003362,91025000,91,60.000000,60
req-00003363,91041667,91,60.000000,60
req-00003364,91058333,91,60.000000,60
req-00003365,91075000,91,60.000000,60
req-00003366,91091667,91,60.000000,60
req-00003367,91108333,91,60.000000,60
req-00003368,91125000,91,60.000000,60
req-00003369,91141667,91,60.000000,60
req-00003370,91158333,91,60.000000,60
req-00003371,91175000,91,60.000000,60
req-00003372,91191667,91,60.000000,60
req-00003373,91208333,91,60.000000,60
req-00003374,91225000,91,60.000000,60
req-00003375,91241667,91,60.000000,60
req-00003376,91258333,91,60.000000,60
req-00003377,91275000,91,60.000000,60
req-00003378,91291667,91,60.000000,60
req-00003379,91308333,91,60.000000,60
req-00003380,91325000,91,60.000000,60
req-00003381,91341667,91,60.000000,60
req-00003382,91358333,91,60.000000,60
req-00003383,91375000,91,60.000000,60
req-00003384,91391667,91,60.000000,60
req-00003385,91408333,91,60.000000,60
req-00003386,91425000,91,60.000000,60
req-00003387,91441667,91,60.000000,60
req-00003388,91458333,91,60.000000,60
req-00003389,91475000,91,60.000000,60
req-00003390,91491667,91,60.000000,60
req-00003391,91508333,91,60.000000,60
req-00003392,91525000,91,60.000000,60
req-00003393,91541667,91,60.000000,60
req-00003394,91558333,91,60.000000,60
req-00003395,91575000,91,60.000000,60
req-00003396,91591667,91,60.000000,60
req-00003397,91608333,91,60.000000,60
req-00003398,91625000,91,60.000000,60
req-00003399,91641667,91,60.000000,60
req-00003400,91658333,91,60.000000,60
req-00003401,91675000,91,60.000000,60
req-00003402,91691667,91,60.000000,60
req-00003403,91708333,91,60.000000,60
req-00003404,91725000,91,60.000000,60
req-00003405,91741667,91,60.000000,60
req-00003406,91758333,91,60.000000,60
req-00003407,91775000,91,60.000000,60
req-00003408,91791667,91,60.000000,60
req-00003409,91808333,91,60.000000,60
req-00003410,91825000,91,60.000000,60
req-00003411,91841667,91,60.000000,60
req-00003412,91858333,91,60.000000,60
req-00003413,91875000,91,60.000000,60
req-00003414,91891667,91,60.000000,60
req-00003415,91908333,91,60.000000,60
req-00003416,91925000,91,60.000000,60
req-00003417,91941667,91,60.000000,60
req-00003418,91958333,91,60.000000,60
req-00003419,91975000,91,60.000000,60
req-00003420,91991667,91,60.000000,60
req-00003421,92008333,92,60.000000,60
req-00003422,92025000,92,60.000000,60
req-00003423,92041667,92,60.000000,60
req-00003424,92058333,92,60.000000,60
req-00003425,92075000,92,60.000000,60
req-00003426,92091667,92,60.000000,60
req-00003427,92108333,92,60.000000,60
req-00003428,92125000,92,60.000000,60
req-00003429,92141667,92,60.000000,60
req-00003430,92158333,92,60.000000,60
req-00003431,92175000,92,60.000000,60
req-00003432,92191667,92,60.000000,60
req-00003433,92208333,92,60.000000,60
req-00003434,92225000,92,60.000000,60
req-00003435,92241667,92,60.000000,60
req-00003436,92258333,92,60.000000,60
req-00003437,92275000,92,60.000000,60
req-00003438,92291667,92,60.000000,60
req-00003439,92308333,92,60.000000,60
req-00003440,92325000,92,60.000000,60
req-00003441,92341667,92,60.000000,60
req-00003442,92358333,92,60.000000,60
req-00003443,92375000,92,60.000000,60
req-00003444,92391667,92,60.000000,60
req-00003445,92408333,92,60.000000,60
req-00003446,92425000,92,60.000000,60
req-00003447,92441667,92,60.000000,60
req-00003448,92458333,92,60.000000,60
req-00003449,92475000,92,60.000000,60
req-00003450,92491667,92,60.000000,60
req-00003451,92508333,92,60.000000,60
req-00003452,92525000,92,60.000000,60
req-00003453,92541667,92,60.000000,60
req-00003454,92558333,92,60.000000,60
req-00003455,92575000,92,60.000000,60
req-00003456,92591667,92,60.000000,60
req-00003457,92608333,92,60.000000,60
req-00003458,92625000,92,60.000000,60
req-00003459,92641667,92,60.000000,60
req-00003460,92658333,92,60.000000,60
req-00003461,92675000,92,60.000000,60
req-00003462,92691667,92,60.000000,60
req-00003463,92708333,92,60.000000,60
req-00003464,92725000,92,60.000000,60
req-00003465,92741667,92,60.000000,60
req-00003466,92758333,92,60.000000,60
req-00003467,92775000,92,60.000000,60
req-00003468,92791667,92,60.000000,60
req-00003469,92808333,92,60.000000,60
req-00003470,92825000,92,60.000000,60
req-00003471,92841667,92,60.000000,60
req-00003472,92858333,92,60.000000,60
req-00003473,92875000,92,60.000000,60
req-00003474,92891667,92,60.000000,60
req-00003475,92908333,92,60.000000,60
req-00003476,92925000,92,60.000000,60
req-00003477,92941667,92,60.000000,60
req-00003478,92958333,92,60.000000,60
req-00003479,92975000,92,60.000000,60
req-00003480,92991667,92,60.000000,60
req-00003481,93008333,93,60.000000,60
req-00003482,93025000,93,60.000000,60
req-00003483,93041667,93,60.000000,60
req-00003484,93058333,93,60.000000,60
req-00003485,93075000,93,60.000000,60
req-00003486,93091667,93,60.000000,60
req-00003487,93108333,93,60.000000,60
req-00003488,93125000,93,60.000000,60
req-00003489,93141667,93,60.000000,60
req-00003490,93158333,93,60.000000,60
req-00003491,93175000,93,60.000000,60
req-00003492,93191667,93,60.000000,60
req-00003493,93208333,93,60.000000,60
req-00003494,93225000,93,60.000000,60
req-00003495,93241667,93,60.000000,60
req-00003496,93258333,93,60.000000,60
req-00003497,93275000,93,60.000000,60
req-00003498,93291667,93,60.000000,60
req-00003499,93308333,93,60.000000,60
req-00003500,93325000,93,60.000000,60
req-00003501,93341667,93,60.000000,60
req-00003502,93358333,93,60.000000,60
req-00003503,93375000,93,60.000000,60
req-00003504,93391667,93,60.000000,60
req-00003505,93408333,93,60.000000,60
req-00003506,93425000,93,60.000000,60
req-00003507,93441667,93,60.000000,60
req-00003508,93458333,93,60.000000,60
req-00003509,93475000,93,60.000000,60
req-00003510,93491667,93,60.000000,60
req-00003511,93508333,93,60.000000,60
req-00003512,93525000,93,60.000000,60
req-00003513,93541667,93,60.000000,60
req-00003514,93558333,93,60.000000,60
req-00003515,93575000,93,60.000000,60
req-00003516,93591667,93,60.000000,60
req-00003517,93608333,93,60.000000,60
req-00003518,93625000,93,60.000000,60
req-00003519,93641667,93,60.000000,60
req-00003520,93658333,93,60.000000,60
req-00003521,93675000,93,60.000000,60
req-00003522,93691667,93,60.000000,60
req-00003523,93708333,93,60.000000,60
req-00003524,93725000,93,60.000000,60
req-00003525,93741667,93,60.000000,60
req-00003526,93758333,93,60.000000,60
req-00003527,93775000,93,60.000000,60
req-00003528,93791667,93,60.000000,60
req-00003529,93808333,93,60.000000,60
req-00003530,93825000,93,60.000000,60
req-00003531,93841667,93,60.000000,60
req-00003532,93858333,93,60.000000,60
req-00003533,93875000,93,60.000000,60
req-00003534,93891667,93,60.000000,60
req-00003535,93908333,93,60.000000,60
req-00003536,93925000,93,60.000000,60
req-00003537,93941667,93,60.000000,60
req-00003538,93958333,93,60.000000,60
req-00003539,93975000,93,60.000000,60
req-00003540,93991667,93,60.000000,60
req-00003541,94008333,94,60.000000,60
req-00003542,94025000,94,60.000000,60
req-00003543,94041667,94,60.000000,60
req-00003544,94058333,94,60.000000,60
req-00003545,94075000,94,60.000000,60
req-00003546,94091667,94,60.000000,60
req-00003547,94108333,94,60.000000,60
req-00003548,94125000,94,60.000000,60
req-00003549,94141667,94,60.000000,60
req-00003550,94158333,94,60.000000,60
req-00003551,94175000,94,60.000000,60
req-00003552,94191667,94,60.000000,60
req-00003553,94208333,94,60.000000,60
req-00003554,94225000,94,60.000000,60
req-00003555,94241667,94,60.000000,60
req-00003556,94258333,94,60.000000,60
req-00003557,94275000,94,60.000000,60
req-00003558,94291667,94,60.000000,60
req-00003559,94308333,94,60.000000,60
req-00003560,94325000,94,60.000000,60
req-00003561,94341667,94,60.000000,60
req-00003562,94358333,94,60.000000,60
req-00003563,94375000,94,60.000000,60
req-00003564,94391667,94,60.000000,60
req-00003565,94408333,94,60.000000,60
req-00003566,94425000,94,60.000000,60
req-00003567,94441667,94,60.000000,60
req-00003568,94458333,94,60.000000,60
req-00003569,94475000,94,60.000000,60
req-00003570,94491667,94,60.000000,60
req-00003571,94508333,94,60.000000,60
req-00003572,94525000,94,60.000000,60
req-00003573,94541667,94,60.000000,60
req-00003574,94558333,94,60.000000,60
req-00003575,94575000,94,60.000000,60
req-00003576,94591667,94,60.000000,60
req-00003577,94608333,94,60.000000,60
req-00003578,94625000,94,60.000000,60
req-00003579,94641667,94,60.000000,60
req-00003580,94658333,94,60.000000,60
req-00003581,94675000,94,60.000000,60
req-00003582,94691667,94,60.000000,60
req-00003583,94708333,94,60.000000,60
req-00003584,94725000,94,60.000000,60
req-00003585,94741667,94,60.000000,60
req-00003586,94758333,94,60.000000,60
req-00003587,94775000,94,60.000000,60
req-00003588,94791667,94,60.000000,60
req-00003589,94808333,94,60.000000,60
req-00003590,94825000,94,60.000000,60
req-00003591,94841667,94,60.000000,60
req-00003592,94858333,94,60.000000,60
req-00003593,94875000,94,60.000000,60
req-00003594,94891667,94,60.000000,60
req-00003595,94908333,94,60.000000,60
req-00003596,94925000,94,60.000000,60
req-00003597,94941667,94,60.000000,60
req-00003598,94958333,94,60.000000,60
req-00003599,94975000,94,60.000000,60
req-00003600,94991667,94,60.000000,60
req-00003601,95008333,95,60.000000,60
req-00003602,95025000,95,60.000000,60
req-00003603,95041667,95,60.000000,60
req-00003604,95058333,95,60.000000,60
req-00003605,95075000,95,60.000000,60
req-00003606,95091667,95,60.000000,60
req-00003607,95108333,95,60.000000,60
req-00003608,95125000,95,60.000000,60
req-00003609,95141667,95,60.000000,60
req-00003610,95158333,95,60.000000,60
req-00003611,95175000,95,60.000000,60
req-00003612,95191667,95,60.000000,60
req-00003613,95208333,95,60.000000,60
req-00003614,95225000,95,60.000000,60
req-00003615,95241667,95,60.000000,60
req-00003616,95258333,95,60.000000,60
req-00003617,95275000,95,60.000000,60
req-00003618,95291667,95,60.000000,60
req-00003619,95308333,95,60.000000,60
req-00003620,95325000,95,60.000000,60
req-00003621,95341667,95,60.000000,60
req-00003622,95358333,95,60.000000,60
req-00003623,95375000,95,60.000000,60
req-00003624,95391667,95,60.000000,60
req-00003625,95408333,95,60.000000,60
req-00003626,95425000,95,60.000000,60
req-00003627,95441667,95,60.000000,60
req-00003628,95458333,95,60.000000,60
req-00003629,95475000,95,60.000000,60
req-00003630,95491667,95,60.000000,60
req-00003631,95508333,95,60.000000,60
req-00003632,95525000,95,60.000000,60
req-00003633,95541667,95,60.000000,60
req-00003634,95558333,95,60.000000,60
req-00003635,95575000,95,60.000000,60
req-00003636,95591667,95,60.000000,60
req-00003637,95608333,95,60.000000,60
req-00003638,95625000,95,60.000000,60
req-00003639,95641667,95,60.000000,60
req-00003640,95658333,95,60.000000,60
req-00003641,95675000,95,60.000000,60
req-00003642,95691667,95,60.000000,60
req-00003643,95708333,95,60.000000,60
req-00003644,95725000,95,60.000000,60
req-00003645,95741667,95,60.000000,60
req-00003646,95758333,95,60.000000,60
req-00003647,95775000,95,60.000000,60
req-00003648,95791667,95,60.000000,60
req-00003649,95808333,95,60.000000,60
req-00003650,95825000,95,60.000000,60
req-00003651,95841667,95,60.000000,60
req-00003652,95858333,95,60.000000,60
req-00003653,95875000,95,60.000000,60
req-00003654,95891667,95,60.000000,60
req-00003655,95908333,95,60.000000,60
req-00003656,95925000,95,60.000000,60
req-00003657,95941667,95,60.000000,60
req-00003658,95958333,95,60.000000,60
req-00003659,95975000,95,60.000000,60
req-00003660,95991667,95,60.000000,60
req-00003661,96008333,96,60.000000,60
req-00003662,96025000,96,60.000000,60
req-00003663,96041667,96,60.000000,60
req-00003664,96058333,96,60.000000,60
req-00003665,96075000,96,60.000000,60
req-00003666,96091667,96,60.000000,60
req-00003667,96108333,96,60.000000,60
req-00003668,96125000,96,60.000000,60
req-00003669,96141667,96,60.000000,60
req-00003670,96158333,96,60.000000,60
req-00003671,96175000,96,60.000000,60
req-00003672,96191667,96,60.000000,60
req-00003673,96208333,96,60.000000,60
req-00003674,96225000,96,60.000000,60
req-00003675,96241667,96,60.000000,60
req-00003676,96258333,96,60.000000,60
req-00003677,96275000,96,60.000000,60
req-00003678,96291667,96,60.000000,60
req-00003679,96308333,96,60.000000,60
req-00003680,96325000,96,60.000000,60
req-00003681,96341667,96,60.000000,60
req-00003682,96358333,96,60.000000,60
req-00003683,96375000,96,60.000000,60
req-00003684,96391667,96,60.000000,60
req-00003685,96408333,96,60.000000,60
req-00003686,96425000,96,60.000000,60
req-00003687,96441667,96,60.000000,60
req-00003688,96458333,96,60.000000,60
req-00003689,96475000,96,60.000000,60
req-00003690,96491667,96,60.000000,60
req-00003691,96508333,96,60.000000,60
req-00003692,96525000,96,60.000000,60
req-00003693,96541667,96,60.000000,60
req-00003694,96558333,96,60.000000,60
req-00003695,96575000,96,60.000000,60
req-00003696,96591667,96,60.000000,60
req-00003697,96608333,96,60.000000,60
req-00003698,96625000,96,60.000000,60
req-00003699,96641667,96,60.000000,60
req-00003700,96658333,96,60.000000,60
req-00003701,96675000,96,60.000000,60
req-00003702,96691667,96,60.000000,60
req-00003703,96708333,96,60.000000,60
req-00003704,96725000,96,60.000000,60
req-00003705,96741667,96,60.000000,60
req-00003706,96758333,96,60.000000,60
req-00003707,96775000,96,60.000000,60
req-00003708,96791667,96,60.000000,60
req-00003709,96808333,96,60.000000,60
req-00003710,96825000,96,60.000000,60
req-00003711,96841667,96,60.000000,60
req-00003712,96858333,96,60.000000,60
req-00003713,96875000,96,60.000000,60
req-00003714,96891667,96,60.000000,60
req-00003715,96908333,96,60.000000,60
req-00003716,96925000,96,60.000000,60
req-00003717,96941667,96,60.000000,60
req-00003718,96958333,96,60.000000,60
req-00003719,96975000,96,60.000000,60
req-00003720,96991667,96,60.000000,60
req-00003721,97008333,97,60.000000,60
req-00003722,97025000,97,60.000000,60
req-00003723,97041667,97,60.000000,60
req-00003724,97058333,97,60.000000,60
req-00003725,97075000,97,60.000000,60
req-00003726,97091667,97,60.000000,60
req-00003727,97108333,97,60.000000,60
req-00003728,97125000,97,60.000000,60
req-00003729,97141667,97,60.000000,60
req-00003730,97158333,97,60.000000,60
req-00003731,97175000,97,60.000000,60
req-00003732,97191667,97,60.000000,60
req-00003733,97208333,97,60.000000,60
req-00003734,97225000,97,60.000000,60
req-00003735,97241667,97,60.000000,60
req-00003736,97258333,97,60.000000,60
req-00003737,97275000,97,60.000000,60
req-00003738,97291667,97,60.000000,60
req-00003739,97308333,97,60.000000,60
req-00003740,97325000,97,60.000000,60
req-00003741,97341667,97,60.000000,60
req-00003742,97358333,97,60.000000,60
req-00003743,97375000,97,60.000000,60
req-00003744,97391667,97,60.000000,60
req-00003745,97408333,97,60.000000,60
req-00003746,97425000,97,60.000000,60
req-00003747,97441667,97,60.000000,60
req-00003748,97458333,97,60.000000,60
req-00003749,97475000,97,60.000000,60
req-00003750,97491667,97,60.000000,60
req-00003751,97508333,97,60.000000,60
req-00003752,97525000,97,60.000000,60
req-00003753,97541667,97,60.000000,60
req-00003754,97558333,97,60.000000,60
req-00003755,97575000,97,60.000000,60
req-00003756,97591667,97,60.000000,60
req-00003757,97608333,97,60.000000,60
req-00003758,97625000,97,60.000000,60
req-00003759,97641667,97,60.000000,60
req-00003760,97658333,97,60.000000,60
req-00003761,97675000,97,60.000000,60
req-00003762,97691667,97,60.000000,60
req-00003763,97708333,97,60.000000,60
req-00003764,97725000,97,60.000000,60
req-00003765,97741667,97,60.000000,60
req-00003766,97758333,97,60.000000,60
req-00003767,97775000,97,60.000000,60
req-00003768,97791667,97,60.000000,60
req-00003769,97808333,97,60.000000,60
req-00003770,97825000,97,60.000000,60
req-00003771,97841667,97,60.000000,60
req-00003772,97858333,97,60.000000,60
req-00003773,97875000,97,60.000000,60
req-00003774,97891667,97,60.000000,60
req-00003775,97908333,97,60.000000,60
req-00003776,97925000,97,60.000000,60
req-00003777,97941667,97,60.000000,60
req-00003778,97958333,97,60.000000,60
req-00003779,97975000,97,60.000000,60
req-00003780,97991667,97,60.000000,60
req-00003781,98008333,98,60.000000,60
req-00003782,98025000,98,60.000000,60
req-00003783,98041667,98,60.000000,60
req-00003784,98058333,98,60.000000,60
req-00003785,98075000,98,60.000000,60
req-00003786,98091667,98,60.000000,60
req-00003787,98108333,98,60.000000,60
req-00003788,98125000,98,60.000000,60
req-00003789,98141667,98,60.000000,60
req-00003790,98158333,98,60.000000,60
req-00003791,98175000,98,60.000000,60
req-00003792,98191667,98,60.000000,60
req-00003793,98208333,98,60.000000,60
req-00003794,98225000,98,60.000000,60
req-00003795,98241667,98,60.000000,60
req-00003796,98258333,98,60.000000,60
req-00003797,98275000,98,60.000000,60
req-00003798,98291667,98,60.000000,60
req-00003799,98308333,98,60.000000,60
req-00003800,98325000,98,60.000000,60
req-00003801,98341667,98,60.000000,60
req-00003802,98358333,98,60.000000,60
req-00003803,98375000,98,60.000000,60
req-00003804,98391667,98,60.000000,60
req-00003805,98408333,98,60.000000,60
req-00003806,98425000,98,60.000000,60
req-00003807,98441667,98,60.000000,60
req-00003808,98458333,98,60.000000,60
req-00003809,98475000,98,60.000000,60
req-00003810,98491667,98,60.000000,60
req-00003811,98508333,98,60.000000,60
req-00003812,98525000,98,60.000000,60
req-00003813,98541667,98,60.000000,60
req-00003814,98558333,98,60.000000,60
req-00003815,98575000,98,60.000000,60
req-00003816,98591667,98,60.000000,60
req-00003817,98608333,98,60.000000,60
req-00003818,98625000,98,60.000000,60
req-00003819,98641667,98,60.000000,60
req-00003820,98658333,98,60.000000,60
req-00003821,98675000,98,60.000000,60
req-00003822,98691667,98,60.000000,60
req-00003823,98708333,98,60.000000,60
req-00003824,98725000,98,60.000000,60
req-00003825,98741667,98,60.000000,60
req-00003826,98758333,98,60.000000,60
req-00003827,98775000,98,60.000000,60
req-00003828,98791667,98,60.000000,60
req-00003829,98808333,98,60.000000,60
req-00003830,98825000,98,60.000000,60
req-00003831,98841667,98,60.000000,60
req-00003832,98858333,98,60.000000,60
req-00003833,98875000,98,60.000000,60
req-00003834,98891667,98,60.000000,60
req-00003835,98908333,98,60.000000,60
req-00003836,98925000,98,60.000000,60
req-00003837,98941667,98,60.000000,60
req-00003838,98958333,98,60.000000,60
req-00003839,98975000,98,60.000000,60
req-00003840,98991667,98,60.000000,60
req-00003841,99008333,99,60.000000,60
req-00003842,99025000,99,60.000000,60
req-00003843,99041667,99,60.000000,60
req-00003844,99058333,99,60.000000,60
req-00003845,99075000,99,60.000000,60
req-00003846,99091667,99,60.000000,60
req-00003847,99108333,99,60.000000,60
req-00003848,99125000,99,60.000000,60
req-00003849,99141667,99,60.000000,60
req-00003850,99158333,99,60.000000,60
req-00003851,99175000,99,60.000000,60
req-00003852,99191667,99,60.000000,60
req-00003853,99208333,99,60.000000,60
req-00003854,99225000,99,60.000000,60
req-00003855,99241667,99,60.000000,60
req-00003856,99258333,99,60.000000,60
req-00003857,99275000,99,60.000000,60
req-00003858,99291667,99,60.000000,60
req-00003859,99308333,99,60.000000,60
req-00003860,99325000,99,60.000000,60
req-00003861,99341667,99,60.000000,60
req-00003862,99358333,99,60.000000,60
req-00003863,99375000,99,60.000000,60
req-00003864,99391667,99,60.000000,60
req-00003865,99408333,99,60.000000,60
req-00003866,99425000,99,60.000000,60
req-00003867,99441667,99,60.000000,60
req-00003868,99458333,99,60.000000,60
req-00003869,99475000,99,60.000000,60
req-00003870,99491667,99,60.000000,60
req-00003871,99508333,99,60.000000,60
req-00003872,99525000,99,60.000000,60
req-00003873,99541667,99,60.000000,60
req-00003874,99558333,99,60.000000,60
req-00003875,99575000,99,60.000000,60
req-00003876,99591667,99,60.000000,60
req-00003877,99608333,99,60.000000,60
req-00003878,99625000,99,60.000000,60
req-00003879,99641667,99,60.000000,60
req-00003880,99658333,99,60.000000,60
req-00003881,99675000,99,60.000000,60
req-00003882,99691667,99,60.000000,60
req-00003883,99708333,99,60.000000,60
req-00003884,99725000,99,60.000000,60
req-00003885,99741667,99,60.000000,60
req-00003886,99758333,99,60.000000,60
req-00003887,99775000,99,60.000000,60
req-00003888,99791667,99,60.000000,60
req-00003889,99808333,99,60.000000,60
req-00003890,99825000,99,60.000000,60
req-00003891,99841667,99,60.000000,60
req-00003892,99858333,99,60.000000,60
req-00003893,99875000,99,60.000000,60
req-00003894,99891667,99,60.000000,60
req-00003895,99908333,99,60.000000,60
req-00003896,99925000,99,60.000000,60
req-00003897,99941667,99,60.000000,60
req-00003898,99958333,99,60.000000,60
req-00003899,99975000,99,60.000000,60
req-00003900,99991667,99,60.000000,60
req-00003901,100008333,100,60.000000,60
req-00003902,100025000,100,60.000000,60
req-00003903,100041667,100,60.000000,60
req-00003904,100058333,100,60.000000,60
req-00003905,100075000,100,60.000000,60
req-00003906,100091667,100,60.000000,60
req-00003907,100108333,100,60.000000,60
req-00003908,100125000,100,60.000000,60
req-00003909,100141667,100,60.000000,60
req-00003910,100158333,100,60.000000,60
req-00003911,100175000,100,60.000000,60
req-00003912,100191667,100,60.000000,60
req-00003913,100208333,100,60.000000,60
req-00003914,100225000,100,60.000000,60
req-00003915,100241667,100,60.000000,60
req-00003916,100258333,100,60.000000,60
req-00003917,100275000,100,60.000000,60
req-00003918,100291667,100,60.000000,60
req-00003919,100308333,100,60.000000,60
req-00003920,100325000,100,60.000000,60
req-00003921,100341667,100,60.000000,60
req-00003922,100358333,100,60.000000,60
req-00003923,100375000,100,60.000000,60
req-00003924,100391667,100,60.000000,60
req-00003925,100408333,100,60.000000,60
req-00003926,100425000,100,60.000000,60
req-00003927,100441667,100,60.000000,60
req-00003928,100458333,100,60.000000,60
req-00003929,100475000,100,60.000000,60
req-00003930,100491667,100,60.000000,60
req-00003931,100508333,100,60.000000,60
req-00003932,100525000,100,60.000000,60
req-00003933,100541667,100,60.000000,60
req-00003934,100558333,100,60.000000,60
req-00003935,100575000,100,60.000000,60
req-00003936,100591667,100,60.000000,60
req-00003937,100608333,100,60.000000,60
req-00003938,100625000,100,60.000000,60
req-00003939,100641667,100,60.000000,60
req-00003940,100658333,100,60.000000,60
req-00003941,100675000,100,60.000000,60
req-00003942,100691667,100,60.000000,60
req-00003943,100708333,100,60.000000,60
req-00003944,100725000,100,60.000000,60
req-00003945,100741667,100,60.000000,60
req-00003946,100758333,100,60.000000,60
req-00003947,100775000,100,60.000000,60
req-00003948,100791667,100,60.000000,60
req-00003949,100808333,100,60.000000,60
req-00003950,100825000,100,60.000000,60
req-00003951,100841667,100,60.000000,60
req-00003952,100858333,100,60.000000,60
req-00003953,100875000,100,60.000000,60
req-00003954,100891667,100,60.000000,60
req-00003955,100908333,100,60.000000,60
req-00003956,100925000,100,60.000000,60
req-00003957,100941667,100,60.000000,60
req-00003958,100958333,100,60.000000,60
req-00003959,100975000,100,60.000000,60
req-00003960,100991667,100,60.000000,60
req-00003961,101008333,101,60.000000,60
req-00003962,101025000,101,60.000000,60
req-00003963,101041667,101,60.000000,60
req-00003964,101058333,101,60.000000,60
req-00003965,101075000,101,60.000000,60
req-00003966,101091667,101,60.000000,60
req-00003967,101108333,101,60.000000,60
req-00003968,101125000,101,60.000000,60
req-00003969,101141667,101,60.000000,60
req-00003970,101158333,101,60.000000,60
req-00003971,101175000,101,60.000000,60
req-00003972,101191667,101,60.000000,60
req-00003973,101208333,101,60.000000,60
req-00003974,101225000,101,60.000000,60
req-00003975,101241667,101,60.000000,60
req-00003976,101258333,101,60.000000,60
req-00003977,101275000,101,60.000000,60
req-00003978,101291667,101,60.000000,60
req-00003979,101308333,101,60.000000,60
req-00003980,101325000,101,60.000000,60
req-00003981,101341667,101,60.000000,60
req-00003982,101358333,101,60.000000,60
req-00003983,101375000,101,60.000000,60
req-00003984,101391667,101,60.000000,60
req-00003985,101408333,101,60.000000,60
req-00003986,101425000,101,60.000000,60
req-00003987,101441667,101,60.000000,60
req-00003988,101458333,101,60.000000,60
req-00003989,101475000,101,60.000000,60
req-00003990,101491667,101,60.000000,60
req-00003991,101508333,101,60.000000,60
req-00003992,101525000,101,60.000000,60
req-00003993,101541667,101,60.000000,60
req-00003994,101558333,101,60.000000,60
req-00003995,101575000,101,60.000000,60
req-00003996,101591667,101,60.000000,60
req-00003997,101608333,101,60.000000,60
req-00003998,101625000,101,60.000000,60
req-00003999,101641667,101,60.000000,60
req-00004000,101658333,101,60.000000,60
req-00004001,101675000,101,60.000000,60
req-00004002,101691667,101,60.000000,60
req-00004003,101708333,101,60.000000,60
req-00004004,101725000,101,60.000000,60
req-00004005,101741667,101,60.000000,60
req-00004006,101758333,101,60.000000,60
req-00004007,101775000,101,60.000000,60
req-00004008,101791667,101,60.000000,60
req-00004009,101808333,101,60.000000,60
req-00004010,101825000,101,60.000000,60
req-00004011,101841667,101,60.000000,60
req-00004012,101858333,101,60.000000,60
req-00004013,101875000,101,60.000000,60
req-00004014,101891667,101,60.000000,60
req-00004015,101908333,101,60.000000,60
req-00004016,101925000,101,60.000000,60
req-00004017,101941667,101,60.000000,60
req-00004018,101958333,101,60.000000,60
req-00004019,101975000,101,60.000000,60
req-00004020,101991667,101,60.000000,60
req-00004021,102008333,102,60.000000,60
req-00004022,102025000,102,60.000000,60
req-00004023,102041667,102,60.000000,60
req-00004024,102058333,102,60.000000,60
req-00004025,102075000,102,60.000000,60
req-00004026,102091667,102,60.000000,60
req-00004027,102108333,102,60.000000,60
req-00004028,102125000,102,60.000000,60
req-00004029,102141667,102,60.000000,60
req-00004030,102158333,102,60.000000,60
req-00004031,102175000,102,60.000000,60
req-00004032,102191667,102,60.000000,60
req-00004033,102208333,102,60.000000,60
req-00004034,102225000,102,60.000000,60
req-00004035,102241667,102,60.000000,60
req-00004036,102258333,102,60.000000,60
req-00004037,102275000,102,60.000000,60
req-00004038,102291667,102,60.000000,60
req-00004039,102308333,102,60.000000,60
req-00004040,102325000,102,60.000000,60
req-00004041,102341667,102,60.000000,60
req-00004042,102358333,102,60.000000,60
req-00004043,102375000,102,60.000000,60
req-00004044,102391667,102,60.000000,60
req-00004045,102408333,102,60.000000,60
req-00004046,102425000,102,60.000000,60
req-00004047,102441667,102,60.000000,60
req-00004048,102458333,102,60.000000,60
req-00004049,102475000,102,60.000000,60
req-00004050,102491667,102,60.000000,60
req-00004051,102508333,102,60.000000,60
req-00004052,102525000,102,60.000000,60
req-00004053,102541667,102,60.000000,60
req-00004054,102558333,102,60.000000,60
req-00004055,102575000,102,60.000000,60
req-00004056,102591667,102,60.000000,60
req-00004057,102608333,102,60.000000,60
req-00004058,102625000,102,60.000000,60
req-00004059,102641667,102,60.000000,60
req-00004060,102658333,102,60.000000,60
req-00004061,102675000,102,60.000000,60
req-00004062,102691667,102,60.000000,60
req-00004063,102708333,102,60.000000,60
req-00004064,102725000,102,60.000000,60
req-00004065,102741667,102,60.000000,60
req-00004066,102758333,102,60.000000,60
req-00004067,102775000,102,60.000000,60
req-00004068,102791667,102,60.000000,60
req-00004069,102808333,102,60.000000,60
req-00004070,102825000,102,60.000000,60
req-00004071,102841667,102,60.000000,60
req-00004072,102858333,102,60.000000,60
req-00004073,102875000,102,60.000000,60
req-00004074,102891667,102,60.000000,60
req-00004075,102908333,102,60.000000,60
req-00004076,102925000,102,60.000000,60
req-00004077,102941667,102,60.000000,60
req-00004078,102958333,102,60.000000,60
req-00004079,102975000,102,60.000000,60
req-00004080,102991667,102,60.000000,60
req-00004081,103008333,103,60.000000,60
req-00004082,103025000,103,60.000000,60
req-00004083,103041667,103,60.000000,60
req-00004084,103058333,103,60.000000,60
req-00004085,103075000,103,60.000000,60
req-00004086,103091667,103,60.000000,60
req-00004087,103108333,103,60.000000,60
req-00004088,103125000,103,60.000000,60
req-00004089,103141667,103,60.000000,60
req-00004090,103158333,103,60.000000,60
req-00004091,103175000,103,60.000000,60
req-00004092,103191667,103,60.000000,60
req-00004093,103208333,103,60.000000,60
req-00004094,103225000,103,60.000000,60
req-00004095,103241667,103,60.000000,60
req-00004096,103258333,103,60.000000,60
req-00004097,103275000,103,60.000000,60
req-00004098,103291667,103,60.000000,60
req-00004099,103308333,103,60.000000,60
req-00004100,103325000,103,60.000000,60
req-00004101,103341667,103,60.000000,60
req-00004102,103358333,103,60.000000,60
req-00004103,103375000,103,60.000000,60
req-00004104,103391667,103,60.000000,60
req-00004105,103408333,103,60.000000,60
req-00004106,103425000,103,60.000000,60
req-00004107,103441667,103,60.000000,60
req-00004108,103458333,103,60.000000,60
req-00004109,103475000,103,60.000000,60
req-00004110,103491667,103,60.000000,60
req-00004111,103508333,103,60.000000,60
req-00004112,103525000,103,60.000000,60
req-00004113,103541667,103,60.000000,60
req-00004114,103558333,103,60.000000,60
req-00004115,103575000,103,60.000000,60
req-00004116,103591667,103,60.000000,60
req-00004117,103608333,103,60.000000,60
req-00004118,103625000,103,60.000000,60
req-00004119,103641667,103,60.000000,60
req-00004120,103658333,103,60.000000,60
req-00004121,103675000,103,60.000000,60
req-00004122,103691667,103,60.000000,60
req-00004123,103708333,103,60.000000,60
req-00004124,103725000,103,60.000000,60
req-00004125,103741667,103,60.000000,60
req-00004126,103758333,103,60.000000,60
req-00004127,103775000,103,60.000000,60
req-00004128,103791667,103,60.000000,60
req-00004129,103808333,103,60.000000,60
req-00004130,103825000,103,60.000000,60
req-00004131,103841667,103,60.000000,60
req-00004132,103858333,103,60.000000,60
req-00004133,103875000,103,60.000000,60
req-00004134,103891667,103,60.000000,60
req-00004135,103908333,103,60.000000,60
req-00004136,103925000,103,60.000000,60
req-00004137,103941667,103,60.000000,60
req-00004138,103958333,103,60.000000,60
req-00004139,103975000,103,60.000000,60
req-00004140,103991667,103,60.000000,60
req-00004141,104008333,104,60.000000,60
req-00004142,104025000,104,60.000000,60
req-00004143,104041667,104,60.000000,60
req-00004144,104058333,104,60.000000,60
req-00004145,104075000,104,60.000000,60
req-00004146,104091667,104,60.000000,60
req-00004147,104108333,104,60.000000,60
req-00004148,104125000,104,60.000000,60
req-00004149,104141667,104,60.000000,60
req-00004150,104158333,104,60.000000,60
req-00004151,104175000,104,60.000000,60
req-00004152,104191667,104,60.000000,60
req-00004153,104208333,104,60.000000,60
req-00004154,104225000,104,60.000000,60
req-00004155,104241667,104,60.000000,60
req-00004156,104258333,104,60.000000,60
req-00004157,104275000,104,60.000000,60
req-00004158,104291667,104,60.000000,60
req-00004159,104308333,104,60.000000,60
req-00004160,104325000,104,60.000000,60
req-00004161,104341667,104,60.000000,60
req-00004162,104358333,104,60.000000,60
req-00004163,104375000,104,60.000000,60
req-00004164,104391667,104,60.000000,60
req-00004165,104408333,104,60.000000,60
req-00004166,104425000,104,60.000000,60
req-00004167,104441667,104,60.000000,60
req-00004168,104458333,104,60.000000,60
req-00004169,104475000,104,60.000000,60
req-00004170,104491667,104,60.000000,60
req-00004171,104508333,104,60.000000,60
req-00004172,104525000,104,60.000000,60
req-00004173,104541667,104,60.000000,60
req-00004174,104558333,104,60.000000,60
req-00004175,104575000,104,60.000000,60
req-00004176,104591667,104,60.000000,60
req-00004177,104608333,104,60.000000,60
req-00004178,104625000,104,60.000000,60
req-00004179,104641667,104,60.000000,60
req-00004180,104658333,104,60.000000,60
req-00004181,104675000,104,60.000000,60
req-00004182,104691667,104,60.000000,60
req-00004183,104708333,104,60.000000,60
req-00004184,104725000,104,60.000000,60
req-00004185,104741667,104,60.000000,60
req-00004186,104758333,104,60.000000,60
req-00004187,104775000,104,60.000000,60
req-00004188,104791667,104,60.000000,60
req-00004189,104808333,104,60.000000,60
req-00004190,104825000,104,60.000000,60
req-00004191,104841667,104,60.000000,60
req-00004192,104858333,104,60.000000,60
req-00004193,104875000,104,60.000000,60
req-00004194,104891667,104,60.000000,60
req-00004195,104908333,104,60.000000,60
req-00004196,104925000,104,60.000000,60
req-00004197,104941667,104,60.000000,60
req-00004198,104958333,104,60.000000,60
req-00004199,104975000,104,60.000000,60
req-00004200,104991667,104,60.000000,60
req-00004201,105008333,105,60.000000,60
req-00004202,105025000,105,60.000000,60
req-00004203,105041667,105,60.000000,60
req-00004204,105058333,105,60.000000,60
req-00004205,105075000,105,60.000000,60
req-00004206,105091667,105,60.000000,60
req-00004207,105108333,105,60.000000,60
req-00004208,105125000,105,60.000000,60
req-00004209,105141667,105,60.000000,60
req-00004210,105158333,105,60.000000,60
req-00004211,105175000,105,60.000000,60
req-00004212,105191667,105,60.000000,60
req-00004213,105208333,105,60.000000,60
req-00004214,105225000,105,60.000000,60
req-00004215,105241667,105,60.000000,60
req-00004216,105258333,105,60.000000,60
req-00004217,105275000,105,60.000000,60
req-00004218,105291667,105,60.000000,60
req-00004219,105308333,105,60.000000,60
req-00004220,105325000,105,60.000000,60
req-00004221,105341667,105,60.000000,60
req-00004222,105358333,105,60.000000,60
req-00004223,105375000,105,60.000000,60
req-00004224,105391667,105,60.000000,60
req-00004225,105408333,105,60.000000,60
req-00004226,105425000,105,60.000000,60
req-00004227,105441667,105,60.000000,60
req-00004228,105458333,105,60.000000,60
req-00004229,105475000,105,60.000000,60
req-00004230,105491667,105,60.000000,60
req-00004231,105508333,105,60.000000,60
req-00004232,105525000,105,60.000000,60
req-00004233,105541667,105,60.000000,60
req-00004234,105558333,105,60.000000,60
req-00004235,105575000,105,60.000000,60
req-00004236,105591667,105,60.000000,60
req-00004237,105608333,105,60.000000,60
req-00004238,105625000,105,60.000000,60
req-00004239,105641667,105,60.000000,60
req-00004240,105658333,105,60.000000,60
req-00004241,105675000,105,60.000000,60
req-00004242,105691667,105,60.000000,60
req-00004243,105708333,105,60.000000,60
req-00004244,105725000,105,60.000000,60
req-00004245,105741667,105,60.000000,60
req-00004246,105758333,105,60.000000,60
req-00004247,105775000,105,60.000000,60
req-00004248,105791667,105,60.000000,60
req-00004249,105808333,105,60.000000,60
req-00004250,105825000,105,60.000000,60
req-00004251,105841667,105,60.000000,60
req-00004252,105858333,105,60.000000,60
req-00004253,105875000,105,60.000000,60
req-00004254,105891667,105,60.000000,60
req-00004255,105908333,105,60.000000,60
req-00004256,105925000,105,60.000000,60
req-00004257,105941667,105,60.000000,60
req-00004258,105958333,105,60.000000,60
req-00004259,105975000,105,60.000000,60
req-00004260,105991667,105,60.000000,60
req-00004261,106008333,106,60.000000,60
req-00004262,106025000,106,60.000000,60
req-00004263,106041667,106,60.000000,60
req-00004264,106058333,106,60.000000,60
req-00004265,106075000,106,60.000000,60
req-00004266,106091667,106,60.000000,60
req-00004267,106108333,106,60.000000,60
req-00004268,106125000,106,60.000000,60
req-00004269,106141667,106,60.000000,60
req-00004270,106158333,106,60.000000,60
req-00004271,106175000,106,60.000000,60
req-00004272,106191667,106,60.000000,60
req-00004273,106208333,106,60.000000,60
req-00004274,106225000,106,60.000000,60
req-00004275,106241667,106,60.000000,60
req-00004276,106258333,106,60.000000,60
req-00004277,106275000,106,60.000000,60
req-00004278,106291667,106,60.000000,60
req-00004279,106308333,106,60.000000,60
req-00004280,106325000,106,60.000000,60
req-00004281,106341667,106,60.000000,60
req-00004282,106358333,106,60.000000,60
req-00004283,106375000,106,60.000000,60
req-00004284,106391667,106,60.000000,60
req-00004285,106408333,106,60.000000,60
req-00004286,106425000,106,60.000000,60
req-00004287,106441667,106,60.000000,60
req-00004288,106458333,106,60.000000,60
req-00004289,106475000,106,60.000000,60
req-00004290,106491667,106,60.000000,60
req-00004291,106508333,106,60.000000,60
req-00004292,106525000,106,60.000000,60
req-00004293,106541667,106,60.000000,60
req-00004294,106558333,106,60.000000,60
req-00004295,106575000,106,60.000000,60
req-00004296,106591667,106,60.000000,60
req-00004297,106608333,106,60.000000,60
req-00004298,106625000,106,60.000000,60
req-00004299,106641667,106,60.000000,60
req-00004300,106658333,106,60.000000,60
req-00004301,106675000,106,60.000000,60
req-00004302,106691667,106,60.000000,60
req-00004303,106708333,106,60.000000,60
req-00004304,106725000,106,60.000000,60
req-00004305,106741667,106,60.000000,60
req-00004306,106758333,106,60.000000,60
req-00004307,106775000,106,60.000000,60
req-00004308,106791667,106,60.000000,60
req-00004309,106808333,106,60.000000,60
req-00004310,106825000,106,60.000000,60
req-00004311,106841667,106,60.000000,60
req-00004312,106858333,106,60.000000,60
req-00004313,106875000,106,60.000000,60
req-00004314,106891667,106,60.000000,60
req-00004315,106908333,106,60.000000,60
req-00004316,106925000,106,60.000000,60
req-00004317,106941667,106,60.000000,60
req-00004318,106958333,106,60.000000,60
req-00004319,106975000,106,60.000000,60
req-00004320,106991667,106,60.000000,60
req-00004321,107008333,107,60.000000,60
req-00004322,107025000,107,60.000000,60
req-00004323,107041667,107,60.000000,60
req-00004324,107058333,107,60.000000,60
req-00004325,107075000,107,60.000000,60
req-00004326,107091667,107,60.000000,60
req-00004327,107108333,107,60.000000,60
req-00004328,107125000,107,60.000000,60
req-00004329,107141667,107,60.000000,60
req-00004330,107158333,107,60.000000,60
req-00004331,107175000,107,60.000000,60
req-00004332,107191667,107,60.000000,60
req-00004333,107208333,107,60.000000,60
req-00004334,107225000,107,60.000000,60
req-00004335,107241667,107,60.000000,60
req-00004336,107258333,107,60.000000,60
req-00004337,107275000,107,60.000000,60
req-00004338,107291667,107,60.000000,60
req-00004339,107308333,107,60.000000,60
req-00004340,107325000,107,60.000000,60
req-00004341,107341667,107,60.000000,60
req-00004342,107358333,107,60.000000,60
req-00004343,107375000,107,60.000000,60
req-00004344,107391667,107,60.000000,60
req-00004345,107408333,107,60.000000,60
req-00004346,107425000,107,60.000000,60
req-00004347,107441667,107,60.000000,60
req-00004348,107458333,107,60.000000,60
req-00004349,107475000,107,60.000000,60
req-00004350,107491667,107,60.000000,60
req-00004351,107508333,107,60.000000,60
req-00004352,107525000,107,60.000000,60
req-00004353,107541667,107,60.000000,60
req-00004354,107558333,107,60.000000,60
req-00004355,107575000,107,60.000000,60
req-00004356,107591667,107,60.000000,60
req-00004357,107608333,107,60.000000,60
req-00004358,107625000,107,60.000000,60
req-00004359,107641667,107,60.000000,60
req-00004360,107658333,107,60.000000,60
req-00004361,107675000,107,60.000000,60
req-00004362,107691667,107,60.000000,60
req-00004363,107708333,107,60.000000,60
req-00004364,107725000,107,60.000000,60
req-00004365,107741667,107,60.000000,60
req-00004366,107758333,107,60.000000,60
req-00004367,107775000,107,60.000000,60
req-00004368,107791667,107,60.000000,60
req-00004369,107808333,107,60.000000,60
req-00004370,107825000,107,60.000000,60
req-00004371,107841667,107,60.000000,60
req-00004372,107858333,107,60.000000,60
req-00004373,107875000,107,60.000000,60
req-00004374,107891667,107,60.000000,60
req-00004375,107908333,107,60.000000,60
req-00004376,107925000,107,60.000000,60
req-00004377,107941667,107,60.000000,60
req-00004378,107958333,107,60.000000,60
req-00004379,107975000,107,60.000000,60
req-00004380,107991667,107,60.000000,60
req-00004381,108008333,108,60.000000,60
req-00004382,108025000,108,60.000000,60
req-00004383,108041667,108,60.000000,60
req-00004384,108058333,108,60.000000,60
req-00004385,108075000,108,60.000000,60
req-00004386,108091667,108,60.000000,60
req-00004387,108108333,108,60.000000,60
req-00004388,108125000,108,60.000000,60
req-00004389,108141667,108,60.000000,60
req-00004390,108158333,108,60.000000,60
req-00004391,108175000,108,60.000000,60
req-00004392,108191667,108,60.000000,60
req-00004393,108208333,108,60.000000,60
req-00004394,108225000,108,60.000000,60
req-00004395,108241667,108,60.000000,60
req-00004396,108258333,108,60.000000,60
req-00004397,108275000,108,60.000000,60
req-00004398,108291667,108,60.000000,60
req-00004399,108308333,108,60.000000,60
req-00004400,108325000,108,60.000000,60
req-00004401,108341667,108,60.000000,60
req-00004402,108358333,108,60.000000,60
req-00004403,108375000,108,60.000000,60
req-00004404,108391667,108,60.000000,60
req-00004405,108408333,108,60.000000,60
req-00004406,108425000,108,60.000000,60
req-00004407,108441667,108,60.000000,60
req-00004408,108458333,108,60.000000,60
req-00004409,108475000,108,60.000000,60
req-00004410,108491667,108,60.000000,60
req-00004411,108508333,108,60.000000,60
req-00004412,108525000,108,60.000000,60
req-00004413,108541667,108,60.000000,60
req-00004414,108558333,108,60.000000,60
req-00004415,108575000,108,60.000000,60
req-00004416,108591667,108,60.000000,60
req-00004417,108608333,108,60.000000,60
req-00004418,108625000,108,60.000000,60
req-00004419,108641667,108,60.000000,60
req-00004420,108658333,108,60.000000,60
req-00004421,108675000,108,60.000000,60
req-00004422,108691667,108,60.000000,60
req-00004423,108708333,108,60.000000,60
req-00004424,108725000,108,60.000000,60
req-00004425,108741667,108,60.000000,60
req-00004426,108758333,108,60.000000,60
req-00004427,108775000,108,60.000000,60
req-00004428,108791667,108,60.000000,60
req-00004429,108808333,108,60.000000,60
req-00004430,108825000,108,60.000000,60
req-00004431,108841667,108,60.000000,60
req-00004432,108858333,108,60.000000,60
req-00004433,108875000,108,60.000000,60
req-00004434,108891667,108,60.000000,60
req-00004435,108908333,108,60.000000,60
req-00004436,108925000,108,60.000000,60
req-00004437,108941667,108,60.000000,60
req-00004438,108958333,108,60.000000,60
req-00004439,108975000,108,60.000000,60
req-00004440,108991667,108,60.000000,60
req-00004441,109008333,109,60.000000,60
req-00004442,109025000,109,60.000000,60
req-00004443,109041667,109,60.000000,60
req-00004444,109058333,109,60.000000,60
req-00004445,109075000,109,60.000000,60
req-00004446,109091667,109,60.000000,60
req-00004447,109108333,109,60.000000,60
req-00004448,109125000,109,60.000000,60
req-00004449,109141667,109,60.000000,60
req-00004450,109158333,109,60.000000,60
req-00004451,109175000,109,60.000000,60
req-00004452,109191667,109,60.000000,60
req-00004453,109208333,109,60.000000,60
req-00004454,109225000,109,60.000000,60
req-00004455,109241667,109,60.000000,60
req-00004456,109258333,109,60.000000,60
req-00004457,109275000,109,60.000000,60
req-00004458,109291667,109,60.000000,60
req-00004459,109308333,109,60.000000,60
req-00004460,109325000,109,60.000000,60
req-00004461,109341667,109,60.000000,60
req-00004462,109358333,109,60.000000,60
req-00004463,109375000,109,60.000000,60
req-00004464,109391667,109,60.000000,60
req-00004465,109408333,109,60.000000,60
req-00004466,109425000,109,60.000000,60
req-00004467,109441667,109,60.000000,60
req-00004468,109458333,109,60.000000,60
req-00004469,109475000,109,60.000000,60
req-00004470,109491667,109,60.000000,60
req-00004471,109508333,109,60.000000,60
req-00004472,109525000,109,60.000000,60
req-00004473,109541667,109,60.000000,60
req-00004474,109558333,109,60.000000,60
req-00004475,109575000,109,60.000000,60
req-00004476,109591667,109,60.000000,60
req-00004477,109608333,109,60.000000,60
req-00004478,109625000,109,60.000000,60
req-00004479,109641667,109,60.000000,60
req-00004480,109658333,109,60.000000,60
req-00004481,109675000,109,60.000000,60
req-00004482,109691667,109,60.000000,60
req-00004483,109708333,109,60.000000,60
req-00004484,109725000,109,60.000000,60
req-00004485,109741667,109,60.000000,60
req-00004486,109758333,109,60.000000,60
req-00004487,109775000,109,60.000000,60
req-00004488,109791667,109,60.000000,60
req-00004489,109808333,109,60.000000,60
req-00004490,109825000,109,60.000000,60
req-00004491,109841667,109,60.000000,60
req-00004492,109858333,109,60.000000,60
req-00004493,109875000,109,60.000000,60
req-00004494,109891667,109,60.000000,60
req-00004495,109908333,109,60.000000,60
req-00004496,109925000,109,60.000000,60
req-00004497,109941667,109,60.000000,60
req-00004498,109958333,109,60.000000,60
req-00004499,109975000,109,60.000000,60
req-00004500,109991667,109,60.000000,60
req-00004501,110008333,110,60.000000,60
req-00004502,110025000,110,60.000000,60
req-00004503,110041667,110,60.000000,60
req-00004504,110058333,110,60.000000,60
req-00004505,110075000,110,60.000000,60
req-00004506,110091667,110,60.000000,60
req-00004507,110108333,110,60.000000,60
req-00004508,110125000,110,60.000000,60
req-00004509,110141667,110,60.000000,60
req-00004510,110158333,110,60.000000,60
req-00004511,110175000,110,60.000000,60
req-00004512,110191667,110,60.000000,60
req-00004513,110208333,110,60.000000,60
req-00004514,110225000,110,60.000000,60
req-00004515,110241667,110,60.000000,60
req-00004516,110258333,110,60.000000,60
req-00004517,110275000,110,60.000000,60
req-00004518,110291667,110,60.000000,60
req-00004519,110308333,110,60.000000,60
req-00004520,110325000,110,60.000000,60
req-00004521,110341667,110,60.000000,60
req-00004522,110358333,110,60.000000,60
req-00004523,110375000,110,60.000000,60
req-00004524,110391667,110,60.000000,60
req-00004525,110408333,110,60.000000,60
req-00004526,110425000,110,60.000000,60
req-00004527,110441667,110,60.000000,60
req-00004528,110458333,110,60.000000,60
req-00004529,110475000,110,60.000000,60
req-00004530,110491667,110,60.000000,60
req-00004531,110508333,110,60.000000,60
req-00004532,110525000,110,60.000000,60
req-00004533,110541667,110,60.000000,60
req-00004534,110558333,110,60.000000,60
req-00004535,110575000,110,60.000000,60
req-00004536,110591667,110,60.000000,60
req-00004537,110608333,110,60.000000,60
req-00004538,110625000,110,60.000000,60
req-00004539,110641667,110,60.000000,60
req-00004540,110658333,110,60.000000,60
req-00004541,110675000,110,60.000000,60
req-00004542,110691667,110,60.000000,60
req-00004543,110708333,110,60.000000,60
req-00004544,110725000,110,60.000000,60
req-00004545,110741667,110,60.000000,60
req-00004546,110758333,110,60.000000,60
req-00004547,110775000,110,60.000000,60
req-00004548,110791667,110,60.000000,60
req-00004549,110808333,110,60.000000,60
req-00004550,110825000,110,60.000000,60
req-00004551,110841667,110,60.000000,60
req-00004552,110858333,110,60.000000,60
req-00004553,110875000,110,60.000000,60
req-00004554,110891667,110,60.000000,60
req-00004555,110908333,110,60.000000,60
req-00004556,110925000,110,60.000000,60
req-00004557,110941667,110,60.000000,60
req-00004558,110958333,110,60.000000,60
req-00004559,110975000,110,60.000000,60
req-00004560,110991667,110,60.000000,60
req-00004561,111008333,111,60.000000,60
req-00004562,111025000,111,60.000000,60
req-00004563,111041667,111,60.000000,60
req-00004564,111058333,111,60.000000,60
req-00004565,111075000,111,60.000000,60
req-00004566,111091667,111,60.000000,60
req-00004567,111108333,111,60.000000,60
req-00004568,111125000,111,60.000000,60
req-00004569,111141667,111,60.000000,60
req-00004570,111158333,111,60.000000,60
req-00004571,111175000,111,60.000000,60
req-00004572,111191667,111,60.000000,60
req-00004573,111208333,111,60.000000,60
req-00004574,111225000,111,60.000000,60
req-00004575,111241667,111,60.000000,60
req-00004576,111258333,111,60.000000,60
req-00004577,111275000,111,60.000000,60
req-00004578,111291667,111,60.000000,60
req-00004579,111308333,111,60.000000,60
req-00004580,111325000,111,60.000000,60
req-00004581,111341667,111,60.000000,60
req-00004582,111358333,111,60.000000,60
req-00004583,111375000,111,60.000000,60
req-00004584,111391667,111,60.000000,60
req-00004585,111408333,111,60.000000,60
req-00004586,111425000,111,60.000000,60
req-00004587,111441667,111,60.000000,60
req-00004588,111458333,111,60.000000,60
req-00004589,111475000,111,60.000000,60
req-00004590,111491667,111,60.000000,60
req-00004591,111508333,111,60.000000,60
req-00004592,111525000,111,60.000000,60
req-00004593,111541667,111,60.000000,60
req-00004594,111558333,111,60.000000,60
req-00004595,111575000,111,60.000000,60
req-00004596,111591667,111,60.000000,60
req-00004597,111608333,111,60.000000,60
req-00004598,111625000,111,60.000000,60
req-00004599,111641667,111,60.000000,60
req-00004600,111658333,111,60.000000,60
req-00004601,111675000,111,60.000000,60
req-00004602,111691667,111,60.000000,60
req-00004603,111708333,111,60.000000,60
req-00004604,111725000,111,60.000000,60
req-00004605,111741667,111,60.000000,60
req-00004606,111758333,111,60.000000,60
req-00004607,111775000,111,60.000000,60
req-00004608,111791667,111,60.000000,60
req-00004609,111808333,111,60.000000,60
req-00004610,111825000,111,60.000000,60
req-00004611,111841667,111,60.000000,60
req-00004612,111858333,111,60.000000,60
req-00004613,111875000,111,60.000000,60
req-00004614,111891667,111,60.000000,60
req-00004615,111908333,111,60.000000,60
req-00004616,111925000,111,60.000000,60
req-00004617,111941667,111,60.000000,60
req-00004618,111958333,111,60.000000,60
req-00004619,111975000,111,60.000000,60
req-00004620,111991667,111,60.000000,60
req-00004621,112008333,112,60.000000,60
req-00004622,112025000,112,60.000000,60
req-00004623,112041667,112,60.000000,60
req-00004624,112058333,112,60.000000,60
req-00004625,112075000,112,60.000000,60
req-00004626,112091667,112,60.000000,60
req-00004627,112108333,112,60.000000,60
req-00004628,112125000,112,60.000000,60
req-00004629,112141667,112,60.000000,60
req-00004630,112158333,112,60.000000,60
req-00004631,112175000,112,60.000000,60
req-00004632,112191667,112,60.000000,60
req-00004633,112208333,112,60.000000,60
req-00004634,112225000,112,60.000000,60
req-00004635,112241667,112,60.000000,60
req-00004636,112258333,112,60.000000,60
req-00004637,112275000,112,60.000000,60
req-00004638,112291667,112,60.000000,60
req-00004639,112308333,112,60.000000,60
req-00004640,112325000,112,60.000000,60
req-00004641,112341667,112,60.000000,60
req-00004642,112358333,112,60.000000,60
req-00004643,112375000,112,60.000000,60
req-00004644,112391667,112,60.000000,60
req-00004645,112408333,112,60.000000,60
req-00004646,112425000,112,60.000000,60
req-00004647,112441667,112,60.000000,60
req-00004648,112458333,112,60.000000,60
req-00004649,112475000,112,60.000000,60
req-00004650,112491667,112,60.000000,60
req-00004651,112508333,112,60.000000,60
req-00004652,112525000,112,60.000000,60
req-00004653,112541667,112,60.000000,60
req-00004654,112558333,112,60.000000,60
req-00004655,112575000,112,60.000000,60
req-00004656,112591667,112,60.000000,60
req-00004657,112608333,112,60.000000,60
req-00004658,112625000,112,60.000000,60
req-00004659,112641667,112,60.000000,60
req-00004660,112658333,112,60.000000,60
req-00004661,112675000,112,60.000000,60
req-00004662,112691667,112,60.000000,60
req-00004663,112708333,112,60.000000,60
req-00004664,112725000,112,60.000000,60
req-00004665,112741667,112,60.000000,60
req-00004666,112758333,112,60.000000,60
req-00004667,112775000,112,60.000000,60
req-00004668,112791667,112,60.000000,60
req-00004669,112808333,112,60.000000,60
req-00004670,112825000,112,60.000000,60
req-00004671,112841667,112,60.000000,60
req-00004672,112858333,112,60.000000,60
req-00004673,112875000,112,60.000000,60
req-00004674,112891667,112,60.000000,60
req-00004675,112908333,112,60.000000,60
req-00004676,112925000,112,60.000000,60
req-00004677,112941667,112,60.000000,60
req-00004678,112958333,112,60.000000,60
req-00004679,112975000,112,60.000000,60
req-00004680,112991667,112,60.000000,60
req-00004681,113008333,113,60.000000,60
req-00004682,113025000,113,60.000000,60
req-00004683,113041667,113,60.000000,60
req-00004684,113058333,113,60.000000,60
req-00004685,113075000,113,60.000000,60
req-00004686,113091667,113,60.000000,60
req-00004687,113108333,113,60.000000,60
req-00004688,113125000,113,60.000000,60
req-00004689,113141667,113,60.000000,60
req-00004690,113158333,113,60.000000,60
req-00004691,113175000,113,60.000000,60
req-00004692,113191667,113,60.000000,60
req-00004693,113208333,113,60.000000,60
req-00004694,113225000,113,60.000000,60
req-00004695,113241667,113,60.000000,60
req-00004696,113258333,113,60.000000,60
req-00004697,113275000,113,60.000000,60
req-00004698,113291667,113,60.000000,60
req-00004699,113308333,113,60.000000,60
req-00004700,113325000,113,60.000000,60
req-00004701,113341667,113,60.000000,60
req-00004702,113358333,113,60.000000,60
req-00004703,113375000,113,60.000000,60
req-00004704,113391667,113,60.000000,60
req-00004705,113408333,113,60.000000,60
req-00004706,113425000,113,60.000000,60
req-00004707,113441667,113,60.000000,60
req-00004708,113458333,113,60.000000,60
req-00004709,113475000,113,60.000000,60
req-00004710,113491667,113,60.000000,60
req-00004711,113508333,113,60.000000,60
req-00004712,113525000,113,60.000000,60
req-00004713,113541667,113,60.000000,60
req-00004714,113558333,113,60.000000,60
req-00004715,113575000,113,60.000000,60
req-00004716,113591667,113,60.000000,60
req-00004717,113608333,113,60.000000,60
req-00004718,113625000,113,60.000000,60
req-00004719,113641667,113,60.000000,60
req-00004720,113658333,113,60.000000,60
req-00004721,113675000,113,60.000000,60
req-00004722,113691667,113,60.000000,60
req-00004723,113708333,113,60.000000,60
req-00004724,113725000,113,60.000000,60
req-00004725,113741667,113,60.000000,60
req-00004726,113758333,113,60.000000,60
req-00004727,113775000,113,60.000000,60
req-00004728,113791667,113,60.000000,60
req-00004729,113808333,113,60.000000,60
req-00004730,113825000,113,60.000000,60
req-00004731,113841667,113,60.000000,60
req-00004732,113858333,113,60.000000,60
req-00004733,113875000,113,60.000000,60
req-00004734,113891667,113,60.000000,60
req-00004735,113908333,113,60.000000,60
req-00004736,113925000,113,60.000000,60
req-00004737,113941667,113,60.000000,60
req-00004738,113958333,113,60.000000,60
req-00004739,113975000,113,60.000000,60
req-00004740,113991667,113,60.000000,60
req-00004741,114008333,114,60.000000,60
req-00004742,114025000,114,60.000000,60
req-00004743,114041667,114,60.000000,60
req-00004744,114058333,114,60.000000,60
req-00004745,114075000,114,60.000000,60
req-00004746,114091667,114,60.000000,60
req-00004747,114108333,114,60.000000,60
req-00004748,114125000,114,60.000000,60
req-00004749,114141667,114,60.000000,60
req-00004750,114158333,114,60.000000,60
req-00004751,114175000,114,60.000000,60
req-00004752,114191667,114,60.000000,60
req-00004753,114208333,114,60.000000,60
req-00004754,114225000,114,60.000000,60
req-00004755,114241667,114,60.000000,60
req-00004756,114258333,114,60.000000,60
req-00004757,114275000,114,60.000000,60
req-00004758,114291667,114,60.000000,60
req-00004759,114308333,114,60.000000,60
req-00004760,114325000,114,60.000000,60
req-00004761,114341667,114,60.000000,60
req-00004762,114358333,114,60.000000,60
req-00004763,114375000,114,60.000000,60
req-00004764,114391667,114,60.000000,60
req-00004765,114408333,114,60.000000,60
req-00004766,114425000,114,60.000000,60
req-00004767,114441667,114,60.000000,60
req-00004768,114458333,114,60.000000,60
req-00004769,114475000,114,60.000000,60
req-00004770,114491667,114,60.000000,60
req-00004771,114508333,114,60.000000,60
req-00004772,114525000,114,60.000000,60
req-00004773,114541667,114,60.000000,60
req-00004774,114558333,114,60.000000,60
req-00004775,114575000,114,60.000000,60
req-00004776,114591667,114,60.000000,60
req-00004777,114608333,114,60.000000,60
req-00004778,114625000,114,60.000000,60
req-00004779,114641667,114,60.000000,60
req-00004780,114658333,114,60.000000,60
req-00004781,114675000,114,60.000000,60
req-00004782,114691667,114,60.000000,60
req-00004783,114708333,114,60.000000,60
req-00004784,114725000,114,60.000000,60
req-00004785,114741667,114,60.000000,60
req-00004786,114758333,114,60.000000,60
req-00004787,114775000,114,60.000000,60
req-00004788,114791667,114,60.000000,60
req-00004789,114808333,114,60.000000,60
req-00004790,114825000,114,60.000000,60
req-00004791,114841667,114,60.000000,60
req-00004792,114858333,114,60.000000,60
req-00004793,114875000,114,60.000000,60
req-00004794,114891667,114,60.000000,60
req-00004795,114908333,114,60.000000,60
req-00004796,114925000,114,60.000000,60
req-00004797,114941667,114,60.000000,60
req-00004798,114958333,114,60.000000,60
req-00004799,114975000,114,60.000000,60
req-00004800,114991667,114,60.000000,60
req-00004801,115008333,115,60.000000,60
req-00004802,115025000,115,60.000000,60
req-00004803,115041667,115,60.000000,60
req-00004804,115058333,115,60.000000,60
req-00004805,115075000,115,60.000000,60
req-00004806,115091667,115,60.000000,60
req-00004807,115108333,115,60.000000,60
req-00004808,115125000,115,60.000000,60
req-00004809,115141667,115,60.000000,60
req-00004810,115158333,115,60.000000,60
req-00004811,115175000,115,60.000000,60
req-00004812,115191667,115,60.000000,60
req-00004813,115208333,115,60.000000,60
req-00004814,115225000,115,60.000000,60
req-00004815,115241667,115,60.000000,60
req-00004816,115258333,115,60.000000,60
req-00004817,115275000,115,60.000000,60
req-00004818,115291667,115,60.000000,60
req-00004819,115308333,115,60.000000,60
req-00004820,115325000,115,60.000000,60
req-00004821,115341667,115,60.000000,60
req-00004822,115358333,115,60.000000,60
req-00004823,115375000,115,60.000000,60
req-00004824,115391667,115,60.000000,60
req-00004825,115408333,115,60.000000,60
req-00004826,115425000,115,60.000000,60
req-00004827,115441667,115,60.000000,60
req-00004828,115458333,115,60.000000,60
req-00004829,115475000,115,60.000000,60
req-00004830,115491667,115,60.000000,60
req-00004831,115508333,115,60.000000,60
req-00004832,115525000,115,60.000000,60
req-00004833,115541667,115,60.000000,60
req-00004834,115558333,115,60.000000,60
req-00004835,115575000,115,60.000000,60
req-00004836,115591667,115,60.000000,60
req-00004837,115608333,115,60.000000,60
req-00004838,115625000,115,60.000000,60
req-00004839,115641667,115,60.000000,60
req-00004840,115658333,115,60.000000,60
req-00004841,115675000,115,60.000000,60
req-00004842,115691667,115,60.000000,60
req-00004843,115708333,115,60.000000,60
req-00004844,115725000,115,60.000000,60
req-00004845,115741667,115,60.000000,60
req-00004846,115758333,115,60.000000,60
req-00004847,115775000,115,60.000000,60
req-00004848,115791667,115,60.000000,60
req-00004849,115808333,115,60.000000,60
req-00004850,115825000,115,60.000000,60
req-00004851,115841667,115,60.000000,60
req-00004852,115858333,115,60.000000,60
req-00004853,115875000,115,60.000000,60
req-00004854,115891667,115,60.000000,60
req-00004855,115908333,115,60.000000,60
req-00004856,115925000,115,60.000000,60
req-00004857,115941667,115,60.000000,60
req-00004858,115958333,115,60.000000,60
req-00004859,115975000,115,60.000000,60
req-00004860,115991667,115,60.000000,60
req-00004861,116008333,116,60.000000,60
req-00004862,116025000,116,60.000000,60
req-00004863,116041667,116,60.000000,60
req-00004864,116058333,116,60.000000,60
req-00004865,116075000,116,60.000000,60
req-00004866,116091667,116,60.000000,60
req-00004867,116108333,116,60.000000,60
req-00004868,116125000,116,60.000000,60
req-00004869,116141667,116,60.000000,60
req-00004870,116158333,116,60.000000,60
req-00004871,116175000,116,60.000000,60
req-00004872,116191667,116,60.000000,60
req-00004873,116208333,116,60.000000,60
req-00004874,116225000,116,60.000000,60
req-00004875,116241667,116,60.000000,60
req-00004876,116258333,116,60.000000,60
req-00004877,116275000,116,60.000000,60
req-00004878,116291667,116,60.000000,60
req-00004879,116308333,116,60.000000,60
req-00004880,116325000,116,60.000000,60
req-00004881,116341667,116,60.000000,60
req-00004882,116358333,116,60.000000,60
req-00004883,116375000,116,60.000000,60
req-00004884,116391667,116,60.000000,60
req-00004885,116408333,116,60.000000,60
req-00004886,116425000,116,60.000000,60
req-00004887,116441667,116,60.000000,60
req-00004888,116458333,116,60.000000,60
req-00004889,116475000,116,60.000000,60
req-00004890,116491667,116,60.000000,60
req-00004891,116508333,116,60.000000,60
req-00004892,116525000,116,60.000000,60
req-00004893,116541667,116,60.000000,60
req-00004894,116558333,116,60.000000,60
req-00004895,116575000,116,60.000000,60
req-00004896,116591667,116,60.000000,60
req-00004897,116608333,116,60.000000,60
req-00004898,116625000,116,60.000000,60
req-00004899,116641667,116,60.000000,60
req-00004900,116658333,116,60.000000,60
req-00004901,116675000,116,60.000000,60
req-00004902,116691667,116,60.000000,60
req-00004903,116708333,116,60.000000,60
req-00004904,116725000,116,60.000000,60
req-00004905,116741667,116,60.000000,60
req-00004906,116758333,116,60.000000,60
req-00004907,116775000,116,60.000000,60
req-00004908,116791667,116,60.000000,60
req-00004909,116808333,116,60.000000,60
req-00004910,116825000,116,60.000000,60
req-00004911,116841667,116,60.000000,60
req-00004912,116858333,116,60.000000,60
req-00004913,116875000,116,60.000000,60
req-00004914,116891667,116,60.000000,60
req-00004915,116908333,116,60.000000,60
req-00004916,116925000,116,60.000000,60
req-00004917,116941667,116,60.000000,60
req-00004918,116958333,116,60.000000,60
req-00004919,116975000,116,60.000000,60
req-00004920,116991667,116,60.000000,60
req-00004921,117008333,117,60.000000,60
req-00004922,117025000,117,60.000000,60
req-00004923,117041667,117,60.000000,60
req-00004924,117058333,117,60.000000,60
req-00004925,117075000,117,60.000000,60
req-00004926,117091667,117,60.000000,60
req-00004927,117108333,117,60.000000,60
req-00004928,117125000,117,60.000000,60
req-00004929,117141667,117,60.000000,60
req-00004930,117158333,117,60.000000,60
req-00004931,117175000,117,60.000000,60
req-00004932,117191667,117,60.000000,60
req-00004933,117208333,117,60.000000,60
req-00004934,117225000,117,60.000000,60
req-00004935,117241667,117,60.000000,60
req-00004936,117258333,117,60.000000,60
req-00004937,117275000,117,60.000000,60
req-00004938,117291667,117,60.000000,60
req-00004939,117308333,117,60.000000,60
req-00004940,117325000,117,60.000000,60
req-00004941,117341667,117,60.000000,60
req-00004942,117358333,117,60.000000,60
req-00004943,117375000,117,60.000000,60
req-00004944,117391667,117,60.000000,60
req-00004945,117408333,117,60.000000,60
req-00004946,117425000,117,60.000000,60
req-00004947,117441667,117,60.000000,60
req-00004948,117458333,117,60.000000,60
req-00004949,117475000,117,60.000000,60
req-00004950,117491667,117,60.000000,60
req-00004951,117508333,117,60.000000,60
req-00004952,117525000,117,60.000000,60
req-00004953,117541667,117,60.000000,60
req-00004954,117558333,117,60.000000,60
req-00004955,117575000,117,60.000000,60
req-00004956,117591667,117,60.000000,60
req-00004957,117608333,117,60.000000,60
req-00004958,117625000,117,60.000000,60
req-00004959,117641667,117,60.000000,60
req-00004960,117658333,117,60.000000,60
req-00004961,117675000,117,60.000000,60
req-00004962,117691667,117,60.000000,60
req-00004963,117708333,117,60.000000,60
req-00004964,117725000,117,60.000000,60
req-00004965,117741667,117,60.000000,60
req-00004966,117758333,117,60.000000,60
req-00004967,117775000,117,60.000000,60
req-00004968,117791667,117,60.000000,60
req-00004969,117808333,117,60.000000,60
req-00004970,117825000,117,60.000000,60
req-00004971,117841667,117,60.000000,60
req-00004972,117858333,117,60.000000,60
req-00004973,117875000,117,60.000000,60
req-00004974,117891667,117,60.000000,60
req-00004975,117908333,117,60.000000,60
req-00004976,117925000,117,60.000000,60
req-00004977,117941667,117,60.000000,60
req-00004978,117958333,117,60.000000,60
req-00004979,117975000,117,60.000000,60
req-00004980,117991667,117,60.000000,60
req-00004981,118008333,118,60.000000,60
req-00004982,118025000,118,60.000000,60
req-00004983,118041667,118,60.000000,60
req-00004984,118058333,118,60.000000,60
req-00004985,118075000,118,60.000000,60
req-00004986,118091667,118,60.000000,60
req-00004987,118108333,118,60.000000,60
req-00004988,118125000,118,60.000000,60
req-00004989,118141667,118,60.000000,60
req-00004990,118158333,118,60.000000,60
req-00004991,118175000,118,60.000000,60
req-00004992,118191667,118,60.000000,60
req-00004993,118208333,118,60.000000,60
req-00004994,118225000,118,60.000000,60
req-00004995,118241667,118,60.000000,60
req-00004996,118258333,118,60.000000,60
req-00004997,118275000,118,60.000000,60
req-00004998,118291667,118,60.000000,60
req-00004999,118308333,118,60.000000,60
req-00005000,118325000,118,60.000000,60
req-00005001,118341667,118,60.000000,60
req-00005002,118358333,118,60.000000,60
req-00005003,118375000,118,60.000000,60
req-00005004,118391667,118,60.000000,60
req-00005005,118408333,118,60.000000,60
req-00005006,118425000,118,60.000000,60
req-00005007,118441667,118,60.000000,60
req-00005008,118458333,118,60.000000,60
req-00005009,118475000,118,60.000000,60
req-00005010,118491667,118,60.000000,60
req-00005011,118508333,118,60.000000,60
req-00005012,118525000,118,60.000000,60
req-00005013,118541667,118,60.000000,60
req-00005014,118558333,118,60.000000,60
req-00005015,118575000,118,60.000000,60
req-00005016,118591667,118,60.000000,60
req-00005017,118608333,118,60.000000,60
req-00005018,118625000,118,60.000000,60
req-00005019,118641667,118,60.000000,60
req-00005020,118658333,118,60.000000,60
req-00005021,118675000,118,60.000000,60
req-00005022,118691667,118,60.000000,60
req-00005023,118708333,118,60.000000,60
req-00005024,118725000,118,60.000000,60
req-00005025,118741667,118,60.000000,60
req-00005026,118758333,118,60.000000,60
req-00005027,118775000,118,60.000000,60
req-00005028,118791667,118,60.000000,60
req-00005029,118808333,118,60.000000,60
req-00005030,118825000,118,60.000000,60
req-00005031,118841667,118,60.000000,60
req-00005032,118858333,118,60.000000,60
req-00005033,118875000,118,60.000000,60
req-00005034,118891667,118,60.000000,60
req-00005035,118908333,118,60.000000,60
req-00005036,118925000,118,60.000000,60
req-00005037,118941667,118,60.000000,60
req-00005038,118958333,118,60.000000,60
req-00005039,118975000,118,60.000000,60
req-00005040,118991667,118,60.000000,60
req-00005041,119008333,119,60.000000,60
req-00005042,119025000,119,60.000000,60
req-00005043,119041667,119,60.000000,60
req-00005044,119058333,119,60.000000,60
req-00005045,119075000,119,60.000000,60
req-00005046,119091667,119,60.000000,60
req-00005047,119108333,119,60.000000,60
req-00005048,119125000,119,60.000000,60
req-00005049,119141667,119,60.000000,60
req-00005050,119158333,119,60.000000,60
req-00005051,119175000,119,60.000000,60
req-00005052,119191667,119,60.000000,60
req-00005053,119208333,119,60.000000,60
req-00005054,119225000,119,60.000000,60
req-00005055,119241667,119,60.000000,60
req-00005056,119258333,119,60.000000,60
req-00005057,119275000,119,60.000000,60
req-00005058,119291667,119,60.000000,60
req-00005059,119308333,119,60.000000,60
req-00005060,119325000,119,60.000000,60
req-00005061,119341667,119,60.000000,60
req-00005062,119358333,119,60.000000,60
req-00005063,119375000,119,60.000000,60
req-00005064,119391667,119,60.000000,60
req-00005065,119408333,119,60.000000,60
req-00005066,119425000,119,60.000000,60
req-00005067,119441667,119,60.000000,60
req-00005068,119458333,119,60.000000,60
req-00005069,119475000,119,60.000000,60
req-00005070,119491667,119,60.000000,60
req-00005071,119508333,119,60.000000,60
req-00005072,119525000,119,60.000000,60
req-00005073,119541667,119,60.000000,60
req-00005074,119558333,119,60.000000,60
req-00005075,119575000,119,60.000000,60
req-00005076,119591667,119,60.000000,60
req-00005077,119608333,119,60.000000,60
req-00005078,119625000,119,60.000000,60
req-00005079,119641667,119,60.000000,60
req-00005080,119658333,119,60.000000,60
req-00005081,119675000,119,60.000000,60
req-00005082,119691667,119,60.000000,60
req-00005083,119708333,119,60.000000,60
req-00005084,119725000,119,60.000000,60
req-00005085,119741667,119,60.000000,60
req-00005086,119758333,119,60.000000,60
req-00005087,119775000,119,60.000000,60
req-00005088,119791667,119,60.000000,60
req-00005089,119808333,119,60.000000,60
req-00005090,119825000,119,60.000000,60
req-00005091,119841667,119,60.000000,60
req-00005092,119858333,119,60.000000,60
req-00005093,119875000,119,60.000000,60
req-00005094,119891667,119,60.000000,60
req-00005095,119908333,119,60.000000,60
req-00005096,119925000,119,60.000000,60
req-00005097,119941667,119,60.000000,60
req-00005098,119958333,119,60.000000,60
req-00005099,119975000,119,60.000000,60
req-00005100,119991667,119,60.000000,60
req-00005101,120008333,120,60.000000,60
req-00005102,120025000,120,60.000000,60
req-00005103,120041667,120,60.000000,60
req-00005104,120058333,120,60.000000,60
req-00005105,120075000,120,60.000000,60
req-00005106,120091667,120,60.000000,60
req-00005107,120108333,120,60.000000,60
req-00005108,120125000,120,60.000000,60
req-00005109,120141667,120,60.000000,60
req-00005110,120158333,120,60.000000,60
req-00005111,120175000,120,60.000000,60
req-00005112,120191667,120,60.000000,60
req-00005113,120208333,120,60.000000,60
req-00005114,120225000,120,60.000000,60
req-00005115,120241667,120,60.000000,60
req-00005116,120258333,120,60.000000,60
req-00005117,120275000,120,60.000000,60
req-00005118,120291667,120,60.000000,60
req-00005119,120308333,120,60.000000,60
req-00005120,120325000,120,60.000000,60
req-00005121,120341667,120,60.000000,60
req-00005122,120358333,120,60.000000,60
req-00005123,120375000,120,60.000000,60
req-00005124,120391667,120,60.000000,60
req-00005125,120408333,120,60.000000,60
req-00005126,120425000,120,60.000000,60
req-00005127,120441667,120,60.000000,60
req-00005128,120458333,120,60.000000,60
req-00005129,120475000,120,60.000000,60
req-00005130,120491667,120,60.000000,60
req-00005131,120508333,120,60.000000,60
req-00005132,120525000,120,60.000000,60
req-00005133,120541667,120,60.000000,60
req-00005134,120558333,120,60.000000,60
req-00005135,120575000,120,60.000000,60
req-00005136,120591667,120,60.000000,60
req-00005137,120608333,120,60.000000,60
req-00005138,120625000,120,60.000000,60
req-00005139,120641667,120,60.000000,60
req-00005140,120658333,120,60.000000,60
req-00005141,120675000,120,60.000000,60
req-00005142,120691667,120,60.000000,60
req-00005143,120708333,120,60.000000,60
req-00005144,120725000,120,60.000000,60
req-00005145,120741667,120,60.000000,60
req-00005146,120758333,120,60.000000,60
req-00005147,120775000,120,60.000000,60
req-00005148,120791667,120,60.000000,60
req-00005149,120808333,120,60.000000,60
req-00005150,120825000,120,60.000000,60
req-00005151,120841667,120,60.000000,60
req-00005152,120858333,120,60.000000,60
req-00005153,120875000,120,60.000000,60
req-00005154,120891667,120,60.000000,60
req-00005155,120908333,120,60.000000,60
req-00005156,120925000,120,60.000000,60
req-00005157,120941667,120,60.000000,60
req-00005158,120958333,120,60.000000,60
req-00005159,120975000,120,60.000000,60
req-00005160,120991667,120,60.000000,60
req-00005161,121008333,121,60.000000,60
req-00005162,121025000,121,60.000000,60
req-00005163,121041667,121,60.000000,60
req-00005164,121058333,121,60.000000,60
req-00005165,121075000,121,60.000000,60
req-00005166,121091667,121,60.000000,60
req-00005167,121108333,121,60.000000,60
req-00005168,121125000,121,60.000000,60
req-00005169,121141667,121,60.000000,60
req-00005170,121158333,121,60.000000,60
req-00005171,121175000,121,60.000000,60
req-00005172,121191667,121,60.000000,60
req-00005173,121208333,121,60.000000,60
req-00005174,121225000,121,60.000000,60
req-00005175,121241667,121,60.000000,60
req-00005176,121258333,121,60.000000,60
req-00005177,121275000,121,60.000000,60
req-00005178,121291667,121,60.000000,60
req-00005179,121308333,121,60.000000,60
req-00005180,121325000,121,60.000000,60
req-00005181,121341667,121,60.000000,60
req-00005182,121358333,121,60.000000,60
req-00005183,121375000,121,60.000000,60
req-00005184,121391667,121,60.000000,60
req-00005185,121408333,121,60.000000,60
req-00005186,121425000,121,60.000000,60
req-00005187,121441667,121,60.000000,60
req-00005188,121458333,121,60.000000,60
req-00005189,121475000,121,60.000000,60
req-00005190,121491667,121,60.000000,60
req-00005191,121508333,121,60.000000,60
req-00005192,121525000,121,60.000000,60
req-00005193,121541667,121,60.000000,60
req-00005194,121558333,121,60.000000,60
req-00005195,121575000,121,60.000000,60
req-00005196,121591667,121,60.000000,60
req-00005197,121608333,121,60.000000,60
req-00005198,121625000,121,60.000000,60
req-00005199,121641667,121,60.000000,60
req-00005200,121658333,121,60.000000,60
req-00005201,121675000,121,60.000000,60
req-00005202,121691667,121,60.000000,60
req-00005203,121708333,121,60.000000,60
req-00005204,121725000,121,60.000000,60
req-00005205,121741667,121,60.000000,60
req-00005206,121758333,121,60.000000,60
req-00005207,121775000,121,60.000000,60
req-00005208,121791667,121,60.000000,60
req-00005209,121808333,121,60.000000,60
req-00005210,121825000,121,60.000000,60
req-00005211,121841667,121,60.000000,60
req-00005212,121858333,121,60.000000,60
req-00005213,121875000,121,60.000000,60
req-00005214,121891667,121,60.000000,60
req-00005215,121908333,121,60.000000,60
req-00005216,121925000,121,60.000000,60
req-00005217,121941667,121,60.000000,60
req-00005218,121958333,121,60.000000,60
req-00005219,121975000,121,60.000000,60
req-00005220,121991667,121,60.000000,60
req-00005221,122008333,122,60.000000,60
req-00005222,122025000,122,60.000000,60
req-00005223,122041667,122,60.000000,60
req-00005224,122058333,122,60.000000,60
req-00005225,122075000,122,60.000000,60
req-00005226,122091667,122,60.000000,60
req-00005227,122108333,122,60.000000,60
req-00005228,122125000,122,60.000000,60
req-00005229,122141667,122,60.000000,60
req-00005230,122158333,122,60.000000,60
req-00005231,122175000,122,60.000000,60
req-00005232,122191667,122,60.000000,60
req-00005233,122208333,122,60.000000,60
req-00005234,122225000,122,60.000000,60
req-00005235,122241667,122,60.000000,60
req-00005236,122258333,122,60.000000,60
req-00005237,122275000,122,60.000000,60
req-00005238,122291667,122,60.000000,60
req-00005239,122308333,122,60.000000,60
req-00005240,122325000,122,60.000000,60
req-00005241,122341667,122,60.000000,60
req-00005242,122358333,122,60.000000,60
req-00005243,122375000,122,60.000000,60
req-00005244,122391667,122,60.000000,60
req-00005245,122408333,122,60.000000,60
req-00005246,122425000,122,60.000000,60
req-00005247,122441667,122,60.000000,60
req-00005248,122458333,122,60.000000,60
req-00005249,122475000,122,60.000000,60
req-00005250,122491667,122,60.000000,60
req-00005251,122508333,122,60.000000,60
req-00005252,122525000,122,60.000000,60
req-00005253,122541667,122,60.000000,60
req-00005254,122558333,122,60.000000,60
req-00005255,122575000,122,60.000000,60
req-00005256,122591667,122,60.000000,60
req-00005257,122608333,122,60.000000,60
req-00005258,122625000,122,60.000000,60
req-00005259,122641667,122,60.000000,60
req-00005260,122658333,122,60.000000,60
req-00005261,122675000,122,60.000000,60
req-00005262,122691667,122,60.000000,60
req-00005263,122708333,122,60.000000,60
req-00005264,122725000,122,60.000000,60
req-00005265,122741667,122,60.000000,60
req-00005266,122758333,122,60.000000,60
req-00005267,122775000,122,60.000000,60
req-00005268,122791667,122,60.000000,60
req-00005269,122808333,122,60.000000,60
req-00005270,122825000,122,60.000000,60
req-00005271,122841667,122,60.000000,60
req-00005272,122858333,122,60.000000,60
req-00005273,122875000,122,60.000000,60
req-00005274,122891667,122,60.000000,60
req-00005275,122908333,122,60.000000,60
req-00005276,122925000,122,60.000000,60
req-00005277,122941667,122,60.000000,60
req-00005278,122958333,122,60.000000,60
req-00005279,122975000,122,60.000000,60
req-00005280,122991667,122,60.000000,60
req-00005281,123008333,123,60.000000,60
req-00005282,123025000,123,60.000000,60
req-00005283,123041667,123,60.000000,60
req-00005284,123058333,123,60.000000,60
req-00005285,123075000,123,60.000000,60
req-00005286,123091667,123,60.000000,60
req-00005287,123108333,123,60.000000,60
req-00005288,123125000,123,60.000000,60
req-00005289,123141667,123,60.000000,60
req-00005290,123158333,123,60.000000,60
req-00005291,123175000,123,60.000000,60
req-00005292,123191667,123,60.000000,60
req-00005293,123208333,123,60.000000,60
req-00005294,123225000,123,60.000000,60
req-00005295,123241667,123,60.000000,60
req-00005296,123258333,123,60.000000,60
req-00005297,123275000,123,60.000000,60
req-00005298,123291667,123,60.000000,60
req-00005299,123308333,123,60.000000,60
req-00005300,123325000,123,60.000000,60
req-00005301,123341667,123,60.000000,60
req-00005302,123358333,123,60.000000,60
req-00005303,123375000,123,60.000000,60
req-00005304,123391667,123,60.000000,60
req-00005305,123408333,123,60.000000,60
req-00005306,123425000,123,60.000000,60
req-00005307,123441667,123,60.000000,60
req-00005308,123458333,123,60.000000,60
req-00005309,123475000,123,60.000000,60
req-00005310,123491667,123,60.000000,60
req-00005311,123508333,123,60.000000,60
req-00005312,123525000,123,60.000000,60
req-00005313,123541667,123,60.000000,60
req-00005314,123558333,123,60.000000,60
req-00005315,123575000,123,60.000000,60
req-00005316,123591667,123,60.000000,60
req-00005317,123608333,123,60.000000,60
req-00005318,123625000,123,60.000000,60
req-00005319,123641667,123,60.000000,60
req-00005320,123658333,123,60.000000,60
req-00005321,123675000,123,60.000000,60
req-00005322,123691667,123,60.000000,60
req-00005323,123708333,123,60.000000,60
req-00005324,123725000,123,60.000000,60
req-00005325,123741667,123,60.000000,60
req-00005326,123758333,123,60.000000,60
req-00005327,123775000,123,60.000000,60
req-00005328,123791667,123,60.000000,60
req-00005329,123808333,123,60.000000,60
req-00005330,123825000,123,60.000000,60
req-00005331,123841667,123,60.000000,60
req-00005332,123858333,123,60.000000,60
req-00005333,123875000,123,60.000000,60
req-00005334,123891667,123,60.000000,60
req-00005335,123908333,123,60.000000,60
req-00005336,123925000,123,60.000000,60
req-00005337,123941667,123,60.000000,60
req-00005338,123958333,123,60.000000,60
req-00005339,123975000,123,60.000000,60
req-00005340,123991667,123,60.000000,60
req-00005341,124008333,124,60.000000,60
req-00005342,124025000,124,60.000000,60
req-00005343,124041667,124,60.000000,60
req-00005344,124058333,124,60.000000,60
req-00005345,124075000,124,60.000000,60
req-00005346,124091667,124,60.000000,60
req-00005347,124108333,124,60.000000,60
req-00005348,124125000,124,60.000000,60
req-00005349,124141667,124,60.000000,60
req-00005350,124158333,124,60.000000,60
req-00005351,124175000,124,60.000000,60
req-00005352,124191667,124,60.000000,60
req-00005353,124208333,124,60.000000,60
req-00005354,124225000,124,60.000000,60
req-00005355,124241667,124,60.000000,60
req-00005356,124258333,124,60.000000,60
req-00005357,124275000,124,60.000000,60
req-00005358,124291667,124,60.000000,60
req-00005359,124308333,124,60.000000,60
req-00005360,124325000,124,60.000000,60
req-00005361,124341667,124,60.000000,60
req-00005362,124358333,124,60.000000,60
req-00005363,124375000,124,60.000000,60
req-00005364,124391667,124,60.000000,60
req-00005365,124408333,124,60.000000,60
req-00005366,124425000,124,60.000000,60
req-00005367,124441667,124,60.000000,60
req-00005368,124458333,124,60.000000,60
req-00005369,124475000,124,60.000000,60
req-00005370,124491667,124,60.000000,60
req-00005371,124508333,124,60.000000,60
req-00005372,124525000,124,60.000000,60
req-00005373,124541667,124,60.000000,60
req-00005374,124558333,124,60.000000,60
req-00005375,124575000,124,60.000000,60
req-00005376,124591667,124,60.000000,60
req-00005377,124608333,124,60.000000,60
req-00005378,124625000,124,60.000000,60
req-00005379,124641667,124,60.000000,60
req-00005380,124658333,124,60.000000,60
req-00005381,124675000,124,60.000000,60
req-00005382,124691667,124,60.000000,60
req-00005383,124708333,124,60.000000,60
req-00005384,124725000,124,60.000000,60
req-00005385,124741667,124,60.000000,60
req-00005386,124758333,124,60.000000,60
req-00005387,124775000,124,60.000000,60
req-00005388,124791667,124,60.000000,60
req-00005389,124808333,124,60.000000,60
req-00005390,124825000,124,60.000000,60
req-00005391,124841667,124,60.000000,60
req-00005392,124858333,124,60.000000,60
req-00005393,124875000,124,60.000000,60
req-00005394,124891667,124,60.000000,60
req-00005395,124908333,124,60.000000,60
req-00005396,124925000,124,60.000000,60
req-00005397,124941667,124,60.000000,60
req-00005398,124958333,124,60.000000,60
req-00005399,124975000,124,60.000000,60
req-00005400,124991667,124,60.000000,60
req-00005401,125008333,125,60.000000,60
req-00005402,125025000,125,60.000000,60
req-00005403,125041667,125,60.000000,60
req-00005404,125058333,125,60.000000,60
req-00005405,125075000,125,60.000000,60
req-00005406,125091667,125,60.000000,60
req-00005407,125108333,125,60.000000,60
req-00005408,125125000,125,60.000000,60
req-00005409,125141667,125,60.000000,60
req-00005410,125158333,125,60.000000,60
req-00005411,125175000,125,60.000000,60
req-00005412,125191667,125,60.000000,60
req-00005413,125208333,125,60.000000,60
req-00005414,125225000,125,60.000000,60
req-00005415,125241667,125,60.000000,60
req-00005416,125258333,125,60.000000,60
req-00005417,125275000,125,60.000000,60
req-00005418,125291667,125,60.000000,60
req-00005419,125308333,125,60.000000,60
req-00005420,125325000,125,60.000000,60
req-00005421,125341667,125,60.000000,60
req-00005422,125358333,125,60.000000,60
req-00005423,125375000,125,60.000000,60
req-00005424,125391667,125,60.000000,60
req-00005425,125408333,125,60.000000,60
req-00005426,125425000,125,60.000000,60
req-00005427,125441667,125,60.000000,60
req-00005428,125458333,125,60.000000,60
req-00005429,125475000,125,60.000000,60
req-00005430,125491667,125,60.000000,60
req-00005431,125508333,125,60.000000,60
req-00005432,125525000,125,60.000000,60
req-00005433,125541667,125,60.000000,60
req-00005434,125558333,125,60.000000,60
req-00005435,125575000,125,60.000000,60
req-00005436,125591667,125,60.000000,60
req-00005437,125608333,125,60.000000,60
req-00005438,125625000,125,60.000000,60
req-00005439,125641667,125,60.000000,60
req-00005440,125658333,125,60.000000,60
req-00005441,125675000,125,60.000000,60
req-00005442,125691667,125,60.000000,60
req-00005443,125708333,125,60.000000,60
req-00005444,125725000,125,60.000000,60
req-00005445,125741667,125,60.000000,60
req-00005446,125758333,125,60.000000,60
req-00005447,125775000,125,60.000000,60
req-00005448,125791667,125,60.000000,60
req-00005449,125808333,125,60.000000,60
req-00005450,125825000,125,60.000000,60
req-00005451,125841667,125,60.000000,60
req-00005452,125858333,125,60.000000,60
req-00005453,125875000,125,60.000000,60
req-00005454,125891667,125,60.000000,60
req-00005455,125908333,125,60.000000,60
req-00005456,125925000,125,60.000000,60
req-00005457,125941667,125,60.000000,60
req-00005458,125958333,125,60.000000,60
req-00005459,125975000,125,60.000000,60
req-00005460,125991667,125,60.000000,60
req-00005461,126008333,126,60.000000,60
req-00005462,126025000,126,60.000000,60
req-00005463,126041667,126,60.000000,60
req-00005464,126058333,126,60.000000,60
req-00005465,126075000,126,60.000000,60
req-00005466,126091667,126,60.000000,60
req-00005467,126108333,126,60.000000,60
req-00005468,126125000,126,60.000000,60
req-00005469,126141667,126,60.000000,60
req-00005470,126158333,126,60.000000,60
req-00005471,126175000,126,60.000000,60
req-00005472,126191667,126,60.000000,60
req-00005473,126208333,126,60.000000,60
req-00005474,126225000,126,60.000000,60
req-00005475,126241667,126,60.000000,60
req-00005476,126258333,126,60.000000,60
req-00005477,126275000,126,60.000000,60
req-00005478,126291667,126,60.000000,60
req-00005479,126308333,126,60.000000,60
req-00005480,126325000,126,60.000000,60
req-00005481,126341667,126,60.000000,60
req-00005482,126358333,126,60.000000,60
req-00005483,126375000,126,60.000000,60
req-00005484,126391667,126,60.000000,60
req-00005485,126408333,126,60.000000,60
req-00005486,126425000,126,60.000000,60
req-00005487,126441667,126,60.000000,60
req-00005488,126458333,126,60.000000,60
req-00005489,126475000,126,60.000000,60
req-00005490,126491667,126,60.000000,60
req-00005491,126508333,126,60.000000,60
req-00005492,126525000,126,60.000000,60
req-00005493,126541667,126,60.000000,60
req-00005494,126558333,126,60.000000,60
req-00005495,126575000,126,60.000000,60
req-00005496,126591667,126,60.000000,60
req-00005497,126608333,126,60.000000,60
req-00005498,126625000,126,60.000000,60
req-00005499,126641667,126,60.000000,60
req-00005500,126658333,126,60.000000,60
req-00005501,126675000,126,60.000000,60
req-00005502,126691667,126,60.000000,60
req-00005503,126708333,126,60.000000,60
req-00005504,126725000,126,60.000000,60
req-00005505,126741667,126,60.000000,60
req-00005506,126758333,126,60.000000,60
req-00005507,126775000,126,60.000000,60
req-00005508,126791667,126,60.000000,60
req-00005509,126808333,126,60.000000,60
req-00005510,126825000,126,60.000000,60
req-00005511,126841667,126,60.000000,60
req-00005512,126858333,126,60.000000,60
req-00005513,126875000,126,60.000000,60
req-00005514,126891667,126,60.000000,60
req-00005515,126908333,126,60.000000,60
req-00005516,126925000,126,60.000000,60
req-00005517,126941667,126,60.000000,60
req-00005518,126958333,126,60.000000,60
req-00005519,126975000,126,60.000000,60
req-00005520,126991667,126,60.000000,60
req-00005521,127008333,127,60.000000,60
req-00005522,127025000,127,60.000000,60
req-00005523,127041667,127,60.000000,60
req-00005524,127058333,127,60.000000,60
req-00005525,127075000,127,60.000000,60
req-00005526,127091667,127,60.000000,60
req-00005527,127108333,127,60.000000,60
req-00005528,127125000,127,60.000000,60
req-00005529,127141667,127,60.000000,60
req-00005530,127158333,127,60.000000,60
req-00005531,127175000,127,60.000000,60
req-00005532,127191667,127,60.000000,60
req-00005533,127208333,127,60.000000,60
req-00005534,127225000,127,60.000000,60
req-00005535,127241667,127,60.000000,60
req-00005536,127258333,127,60.000000,60
req-00005537,127275000,127,60.000000,60
req-00005538,127291667,127,60.000000,60
req-00005539,127308333,127,60.000000,60
req-00005540,127325000,127,60.000000,60
req-00005541,127341667,127,60.000000,60
req-00005542,127358333,127,60.000000,60
req-00005543,127375000,127,60.000000,60
req-00005544,127391667,127,60.000000,60
req-00005545,127408333,127,60.000000,60
req-00005546,127425000,127,60.000000,60
req-00005547,127441667,127,60.000000,60
req-00005548,127458333,127,60.000000,60
req-00005549,127475000,127,60.000000,60
req-00005550,127491667,127,60.000000,60
req-00005551,127508333,127,60.000000,60
req-00005552,127525000,127,60.000000,60
req-00005553,127541667,127,60.000000,60
req-00005554,127558333,127,60.000000,60
req-00005555,127575000,127,60.000000,60
req-00005556,127591667,127,60.000000,60
req-00005557,127608333,127,60.000000,60
req-00005558,127625000,127,60.000000,60
req-00005559,127641667,127,60.000000,60
req-00005560,127658333,127,60.000000,60
req-00005561,127675000,127,60.000000,60
req-00005562,127691667,127,60.000000,60
req-00005563,127708333,127,60.000000,60
req-00005564,127725000,127,60.000000,60
req-00005565,127741667,127,60.000000,60
req-00005566,127758333,127,60.000000,60
req-00005567,127775000,127,60.000000,60
req-00005568,127791667,127,60.000000,60
req-00005569,127808333,127,60.000000,60
req-00005570,127825000,127,60.000000,60
req-00005571,127841667,127,60.000000,60
req-00005572,127858333,127,60.000000,60
req-00005573,127875000,127,60.000000,60
req-00005574,127891667,127,60.000000,60
req-00005575,127908333,127,60.000000,60
req-00005576,127925000,127,60.000000,60
req-00005577,127941667,127,60.000000,60
req-00005578,127958333,127,60.000000,60
req-00005579,127975000,127,60.000000,60
req-00005580,127991667,127,60.000000,60
req-00005581,128008333,128,60.000000,60
req-00005582,128025000,128,60.000000,60
req-00005583,128041667,128,60.000000,60
req-00005584,128058333,128,60.000000,60
req-00005585,128075000,128,60.000000,60
req-00005586,128091667,128,60.000000,60
req-00005587,128108333,128,60.000000,60
req-00005588,128125000,128,60.000000,60
req-00005589,128141667,128,60.000000,60
req-00005590,128158333,128,60.000000,60
req-00005591,128175000,128,60.000000,60
req-00005592,128191667,128,60.000000,60
req-00005593,128208333,128,60.000000,60
req-00005594,128225000,128,60.000000,60
req-00005595,128241667,128,60.000000,60
req-00005596,128258333,128,60.000000,60
req-00005597,128275000,128,60.000000,60
req-00005598,128291667,128,60.000000,60
req-00005599,128308333,128,60.000000,60
req-00005600,128325000,128,60.000000,60
req-00005601,128341667,128,60.000000,60
req-00005602,128358333,128,60.000000,60
req-00005603,128375000,128,60.000000,60
req-00005604,128391667,128,60.000000,60
req-00005605,128408333,128,60.000000,60
req-00005606,128425000,128,60.000000,60
req-00005607,128441667,128,60.000000,60
req-00005608,128458333,128,60.000000,60
req-00005609,128475000,128,60.000000,60
req-00005610,128491667,128,60.000000,60
req-00005611,128508333,128,60.000000,60
req-00005612,128525000,128,60.000000,60
req-00005613,128541667,128,60.000000,60
req-00005614,128558333,128,60.000000,60
req-00005615,128575000,128,60.000000,60
req-00005616,128591667,128,60.000000,60
req-00005617,128608333,128,60.000000,60
req-00005618,128625000,128,60.000000,60
req-00005619,128641667,128,60.000000,60
req-00005620,128658333,128,60.000000,60
req-00005621,128675000,128,60.000000,60
req-00005622,128691667,128,60.000000,60
req-00005623,128708333,128,60.000000,60
req-00005624,128725000,128,60.000000,60
req-00005625,128741667,128,60.000000,60
req-00005626,128758333,128,60.000000,60
req-00005627,128775000,128,60.000000,60
req-00005628,128791667,128,60.000000,60
req-00005629,128808333,128,60.000000,60
req-00005630,128825000,128,60.000000,60
req-00005631,128841667,128,60.000000,60
req-00005632,128858333,128,60.000000,60
req-00005633,128875000,128,60.000000,60
req-00005634,128891667,128,60.000000,60
req-00005635,128908333,128,60.000000,60
req-00005636,128925000,128,60.000000,60
req-00005637,128941667,128,60.000000,60
req-00005638,128958333,128,60.000000,60
req-00005639,128975000,128,60.000000,60
req-00005640,128991667,128,60.000000,60
req-00005641,129008333,129,60.000000,60
req-00005642,129025000,129,60.000000,60
req-00005643,129041667,129,60.000000,60
req-00005644,129058333,129,60.000000,60
req-00005645,129075000,129,60.000000,60
req-00005646,129091667,129,60.000000,60
req-00005647,129108333,129,60.000000,60
req-00005648,129125000,129,60.000000,60
req-00005649,129141667,129,60.000000,60
req-00005650,129158333,129,60.000000,60
req-00005651,129175000,129,60.000000,60
req-00005652,129191667,129,60.000000,60
req-00005653,129208333,129,60.000000,60
req-00005654,129225000,129,60.000000,60
req-00005655,129241667,129,60.000000,60
req-00005656,129258333,129,60.000000,60
req-00005657,129275000,129,60.000000,60
req-00005658,129291667,129,60.000000,60
req-00005659,129308333,129,60.000000,60
req-00005660,129325000,129,60.000000,60
req-00005661,129341667,129,60.000000,60
req-00005662,129358333,129,60.000000,60
req-00005663,129375000,129,60.000000,60
req-00005664,129391667,129,60.000000,60
req-00005665,129408333,129,60.000000,60
req-00005666,129425000,129,60.000000,60
req-00005667,129441667,129,60.000000,60
req-00005668,129458333,129,60.000000,60
req-00005669,129475000,129,60.000000,60
req-00005670,129491667,129,60.000000,60
req-00005671,129508333,129,60.000000,60
req-00005672,129525000,129,60.000000,60
req-00005673,129541667,129,60.000000,60
req-00005674,129558333,129,60.000000,60
req-00005675,129575000,129,60.000000,60
req-00005676,129591667,129,60.000000,60
req-00005677,129608333,129,60.000000,60
req-00005678,129625000,129,60.000000,60
req-00005679,129641667,129,60.000000,60
req-00005680,129658333,129,60.000000,60
req-00005681,129675000,129,60.000000,60
req-00005682,129691667,129,60.000000,60
req-00005683,129708333,129,60.000000,60
req-00005684,129725000,129,60.000000,60
req-00005685,129741667,129,60.000000,60
req-00005686,129758333,129,60.000000,60
req-00005687,129775000,129,60.000000,60
req-00005688,129791667,129,60.000000,60
req-00005689,129808333,129,60.000000,60
req-00005690,129825000,129,60.000000,60
req-00005691,129841667,129,60.000000,60
req-00005692,129858333,129,60.000000,60
req-00005693,129875000,129,60.000000,60
req-00005694,129891667,129,60.000000,60
req-00005695,129908333,129,60.000000,60
req-00005696,129925000,129,60.000000,60
req-00005697,129941667,129,60.000000,60
req-00005698,129958333,129,60.000000,60
req-00005699,129975000,129,60.000000,60
req-00005700,129991667,129,60.000000,60
req-00005701,130008333,130,60.000000,60
req-00005702,130025000,130,60.000000,60
req-00005703,130041667,130,60.000000,60
req-00005704,130058333,130,60.000000,60
req-00005705,130075000,130,60.000000,60
req-00005706,130091667,130,60.000000,60
req-00005707,130108333,130,60.000000,60
req-00005708,130125000,130,60.000000,60
req-00005709,130141667,130,60.000000,60
req-00005710,130158333,130,60.000000,60
req-00005711,130175000,130,60.000000,60
req-00005712,130191667,130,60.000000,60
req-00005713,130208333,130,60.000000,60
req-00005714,130225000,130,60.000000,60
req-00005715,130241667,130,60.000000,60
req-00005716,130258333,130,60.000000,60
req-00005717,130275000,130,60.000000,60
req-00005718,130291667,130,60.000000,60
req-00005719,130308333,130,60.000000,60
req-00005720,130325000,130,60.000000,60
req-00005721,130341667,130,60.000000,60
req-00005722,130358333,130,60.000000,60
req-00005723,130375000,130,60.000000,60
req-00005724,130391667,130,60.000000,60
req-00005725,130408333,130,60.000000,60
req-00005726,130425000,130,60.000000,60
req-00005727,130441667,130,60.000000,60
req-00005728,130458333,130,60.000000,60
req-00005729,130475000,130,60.000000,60
req-00005730,130491667,130,60.000000,60
req-00005731,130508333,130,60.000000,60
req-00005732,130525000,130,60.000000,60
req-00005733,130541667,130,60.000000,60
req-00005734,130558333,130,60.000000,60
req-00005735,130575000,130,60.000000,60
req-00005736,130591667,130,60.000000,60
req-00005737,130608333,130,60.000000,60
req-00005738,130625000,130,60.000000,60
req-00005739,130641667,130,60.000000,60
req-00005740,130658333,130,60.000000,60
req-00005741,130675000,130,60.000000,60
req-00005742,130691667,130,60.000000,60
req-00005743,130708333,130,60.000000,60
req-00005744,130725000,130,60.000000,60
req-00005745,130741667,130,60.000000,60
req-00005746,130758333,130,60.000000,60
req-00005747,130775000,130,60.000000,60
req-00005748,130791667,130,60.000000,60
req-00005749,130808333,130,60.000000,60
req-00005750,130825000,130,60.000000,60
req-00005751,130841667,130,60.000000,60
req-00005752,130858333,130,60.000000,60
req-00005753,130875000,130,60.000000,60
req-00005754,130891667,130,60.000000,60
req-00005755,130908333,130,60.000000,60
req-00005756,130925000,130,60.000000,60
req-00005757,130941667,130,60.000000,60
req-00005758,130958333,130,60.000000,60
req-00005759,130975000,130,60.000000,60
req-00005760,130991667,130,60.000000,60
req-00005761,131008333,131,60.000000,60
req-00005762,131025000,131,60.000000,60
req-00005763,131041667,131,60.000000,60
req-00005764,131058333,131,60.000000,60
req-00005765,131075000,131,60.000000,60
req-00005766,131091667,131,60.000000,60
req-00005767,131108333,131,60.000000,60
req-00005768,131125000,131,60.000000,60
req-00005769,131141667,131,60.000000,60
req-00005770,131158333,131,60.000000,60
req-00005771,131175000,131,60.000000,60
req-00005772,131191667,131,60.000000,60
req-00005773,131208333,131,60.000000,60
req-00005774,131225000,131,60.000000,60
req-00005775,131241667,131,60.000000,60
req-00005776,131258333,131,60.000000,60
req-00005777,131275000,131,60.000000,60
req-00005778,131291667,131,60.000000,60
req-00005779,131308333,131,60.000000,60
req-00005780,131325000,131,60.000000,60
req-00005781,131341667,131,60.000000,60
req-00005782,131358333,131,60.000000,60
req-00005783,131375000,131,60.000000,60
req-00005784,131391667,131,60.000000,60
req-00005785,131408333,131,60.000000,60
req-00005786,131425000,131,60.000000,60
req-00005787,131441667,131,60.000000,60
req-00005788,131458333,131,60.000000,60
req-00005789,131475000,131,60.000000,60
req-00005790,131491667,131,60.000000,60
req-00005791,131508333,131,60.000000,60
req-00005792,131525000,131,60.000000,60
req-00005793,131541667,131,60.000000,60
req-00005794,131558333,131,60.000000,60
req-00005795,131575000,131,60.000000,60
req-00005796,131591667,131,60.000000,60
req-00005797,131608333,131,60.000000,60
req-00005798,131625000,131,60.000000,60
req-00005799,131641667,131,60.000000,60
req-00005800,131658333,131,60.000000,60
req-00005801,131675000,131,60.000000,60
req-00005802,131691667,131,60.000000,60
req-00005803,131708333,131,60.000000,60
req-00005804,131725000,131,60.000000,60
req-00005805,131741667,131,60.000000,60
req-00005806,131758333,131,60.000000,60
req-00005807,131775000,131,60.000000,60
req-00005808,131791667,131,60.000000,60
req-00005809,131808333,131,60.000000,60
req-00005810,131825000,131,60.000000,60
req-00005811,131841667,131,60.000000,60
req-00005812,131858333,131,60.000000,60
req-00005813,131875000,131,60.000000,60
req-00005814,131891667,131,60.000000,60
req-00005815,131908333,131,60.000000,60
req-00005816,131925000,131,60.000000,60
req-00005817,131941667,131,60.000000,60
req-00005818,131958333,131,60.000000,60
req-00005819,131975000,131,60.000000,60
req-00005820,131991667,131,60.000000,60
req-00005821,132008333,132,60.000000,60
req-00005822,132025000,132,60.000000,60
req-00005823,132041667,132,60.000000,60
req-00005824,132058333,132,60.000000,60
req-00005825,132075000,132,60.000000,60
req-00005826,132091667,132,60.000000,60
req-00005827,132108333,132,60.000000,60
req-00005828,132125000,132,60.000000,60
req-00005829,132141667,132,60.000000,60
req-00005830,132158333,132,60.000000,60
req-00005831,132175000,132,60.000000,60
req-00005832,132191667,132,60.000000,60
req-00005833,132208333,132,60.000000,60
req-00005834,132225000,132,60.000000,60
req-00005835,132241667,132,60.000000,60
req-00005836,132258333,132,60.000000,60
req-00005837,132275000,132,60.000000,60
req-00005838,132291667,132,60.000000,60
req-00005839,132308333,132,60.000000,60
req-00005840,132325000,132,60.000000,60
req-00005841,132341667,132,60.000000,60
req-00005842,132358333,132,60.000000,60
req-00005843,132375000,132,60.000000,60
req-00005844,132391667,132,60.000000,60
req-00005845,132408333,132,60.000000,60
req-00005846,132425000,132,60.000000,60
req-00005847,132441667,132,60.000000,60
req-00005848,132458333,132,60.000000,60
req-00005849,132475000,132,60.000000,60
req-00005850,132491667,132,60.000000,60
req-00005851,132508333,132,60.000000,60
req-00005852,132525000,132,60.000000,60
req-00005853,132541667,132,60.000000,60
req-00005854,132558333,132,60.000000,60
req-00005855,132575000,132,60.000000,60
req-00005856,132591667,132,60.000000,60
req-00005857,132608333,132,60.000000,60
req-00005858,132625000,132,60.000000,60
req-00005859,132641667,132,60.000000,60
req-00005860,132658333,132,60.000000,60
req-00005861,132675000,132,60.000000,60
req-00005862,132691667,132,60.000000,60
req-00005863,132708333,132,60.000000,60
req-00005864,132725000,132,60.000000,60
req-00005865,132741667,132,60.000000,60
req-00005866,132758333,132,60.000000,60
req-00005867,132775000,132,60.000000,60
req-00005868,132791667,132,60.000000,60
req-00005869,132808333,132,60.000000,60
req-00005870,132825000,132,60.000000,60
req-00005871,132841667,132,60.000000,60
req-00005872,132858333,132,60.000000,60
req-00005873,132875000,132,60.000000,60
req-00005874,132891667,132,60.000000,60
req-00005875,132908333,132,60.000000,60
req-00005876,132925000,132,60.000000,60
req-00005877,132941667,132,60.000000,60
req-00005878,132958333,132,60.000000,60
req-00005879,132975000,132,60.000000,60
req-00005880,132991667,132,60.000000,60
req-00005881,133008333,133,60.000000,60
req-00005882,133025000,133,60.000000,60
req-00005883,133041667,133,60.000000,60
req-00005884,133058333,133,60.000000,60
req-00005885,133075000,133,60.000000,60
req-00005886,133091667,133,60.000000,60
req-00005887,133108333,133,60.000000,60
req-00005888,133125000,133,60.000000,60
req-00005889,133141667,133,60.000000,60
req-00005890,133158333,133,60.000000,60
req-00005891,133175000,133,60.000000,60
req-00005892,133191667,133,60.000000,60
req-00005893,133208333,133,60.000000,60
req-00005894,133225000,133,60.000000,60
req-00005895,133241667,133,60.000000,60
req-00005896,133258333,133,60.000000,60
req-00005897,133275000,133,60.000000,60
req-00005898,133291667,133,60.000000,60
req-00005899,133308333,133,60.000000,60
req-00005900,133325000,133,60.000000,60
req-00005901,133341667,133,60.000000,60
req-00005902,133358333,133,60.000000,60
req-00005903,133375000,133,60.000000,60
req-00005904,133391667,133,60.000000,60
req-00005905,133408333,133,60.000000,60
req-00005906,133425000,133,60.000000,60
req-00005907,133441667,133,60.000000,60
req-00005908,133458333,133,60.000000,60
req-00005909,133475000,133,60.000000,60
req-00005910,133491667,133,60.000000,60
req-00005911,133508333,133,60.000000,60
req-00005912,133525000,133,60.000000,60
req-00005913,133541667,133,60.000000,60
req-00005914,133558333,133,60.000000,60
req-00005915,133575000,133,60.000000,60
req-00005916,133591667,133,60.000000,60
req-00005917,133608333,133,60.000000,60
req-00005918,133625000,133,60.000000,60
req-00005919,133641667,133,60.000000,60
req-00005920,133658333,133,60.000000,60
req-00005921,133675000,133,60.000000,60
req-00005922,133691667,133,60.000000,60
req-00005923,133708333,133,60.000000,60
req-00005924,133725000,133,60.000000,60
req-00005925,133741667,133,60.000000,60
req-00005926,133758333,133,60.000000,60
req-00005927,133775000,133,60.000000,60
req-00005928,133791667,133,60.000000,60
req-00005929,133808333,133,60.000000,60
req-00005930,133825000,133,60.000000,60
req-00005931,133841667,133,60.000000,60
req-00005932,133858333,133,60.000000,60
req-00005933,133875000,133,60.000000,60
req-00005934,133891667,133,60.000000,60
req-00005935,133908333,133,60.000000,60
req-00005936,133925000,133,60.000000,60
req-00005937,133941667,133,60.000000,60
req-00005938,133958333,133,60.000000,60
req-00005939,133975000,133,60.000000,60
req-00005940,133991667,133,60.000000,60
req-00005941,134008333,134,60.000000,60
req-00005942,134025000,134,60.000000,60
req-00005943,134041667,134,60.000000,60
req-00005944,134058333,134,60.000000,60
req-00005945,134075000,134,60.000000,60
req-00005946,134091667,134,60.000000,60
req-00005947,134108333,134,60.000000,60
req-00005948,134125000,134,60.000000,60
req-00005949,134141667,134,60.000000,60
req-00005950,134158333,134,60.000000,60
req-00005951,134175000,134,60.000000,60
req-00005952,134191667,134,60.000000,60
req-00005953,134208333,134,60.000000,60
req-00005954,134225000,134,60.000000,60
req-00005955,134241667,134,60.000000,60
req-00005956,134258333,134,60.000000,60
req-00005957,134275000,134,60.000000,60
req-00005958,134291667,134,60.000000,60
req-00005959,134308333,134,60.000000,60
req-00005960,134325000,134,60.000000,60
req-00005961,134341667,134,60.000000,60
req-00005962,134358333,134,60.000000,60
req-00005963,134375000,134,60.000000,60
req-00005964,134391667,134,60.000000,60
req-00005965,134408333,134,60.000000,60
req-00005966,134425000,134,60.000000,60
req-00005967,134441667,134,60.000000,60
req-00005968,134458333,134,60.000000,60
req-00005969,134475000,134,60.000000,60
req-00005970,134491667,134,60.000000,60
req-00005971,134508333,134,60.000000,60
req-00005972,134525000,134,60.000000,60
req-00005973,134541667,134,60.000000,60
req-00005974,134558333,134,60.000000,60
req-00005975,134575000,134,60.000000,60
req-00005976,134591667,134,60.000000,60
req-00005977,134608333,134,60.000000,60
req-00005978,134625000,134,60.000000,60
req-00005979,134641667,134,60.000000,60
req-00005980,134658333,134,60.000000,60
req-00005981,134675000,134,60.000000,60
req-00005982,134691667,134,60.000000,60
req-00005983,134708333,134,60.000000,60
req-00005984,134725000,134,60.000000,60
req-00005985,134741667,134,60.000000,60
req-00005986,134758333,134,60.000000,60
req-00005987,134775000,134,60.000000,60
req-00005988,134791667,134,60.000000,60
req-00005989,134808333,134,60.000000,60
req-00005990,134825000,134,60.000000,60
req-00005991,134841667,134,60.000000,60
req-00005992,134858333,134,60.000000,60
req-00005993,134875000,134,60.000000,60
req-00005994,134891667,134,60.000000,60
req-00005995,134908333,134,60.000000,60
req-00005996,134925000,134,60.000000,60
req-00005997,134941667,134,60.000000,60
req-00005998,134958333,134,60.000000,60
req-00005999,134975000,134,60.000000,60
req-00006000,134991667,134,60.000000,60
req-00006001,135008333,135,60.000000,60
req-00006002,135025000,135,60.000000,60
req-00006003,135041667,135,60.000000,60
req-00006004,135058333,135,60.000000,60
req-00006005,135075000,135,60.000000,60
req-00006006,135091667,135,60.000000,60
req-00006007,135108333,135,60.000000,60
req-00006008,135125000,135,60.000000,60
req-00006009,135141667,135,60.000000,60
req-00006010,135158333,135,60.000000,60
req-00006011,135175000,135,60.000000,60
req-00006012,135191667,135,60.000000,60
req-00006013,135208333,135,60.000000,60
req-00006014,135225000,135,60.000000,60
req-00006015,135241667,135,60.000000,60
req-00006016,135258333,135,60.000000,60
req-00006017,135275000,135,60.000000,60
req-00006018,135291667,135,60.000000,60
req-00006019,135308333,135,60.000000,60
req-00006020,135325000,135,60.000000,60
req-00006021,135341667,135,60.000000,60
req-00006022,135358333,135,60.000000,60
req-00006023,135375000,135,60.000000,60
req-00006024,135391667,135,60.000000,60
req-00006025,135408333,135,60.000000,60
req-00006026,135425000,135,60.000000,60
req-00006027,135441667,135,60.000000,60
req-00006028,135458333,135,60.000000,60
req-00006029,135475000,135,60.000000,60
req-00006030,135491667,135,60.000000,60
req-00006031,135508333,135,60.000000,60
req-00006032,135525000,135,60.000000,60
req-00006033,135541667,135,60.000000,60
req-00006034,135558333,135,60.000000,60
req-00006035,135575000,135,60.000000,60
req-00006036,135591667,135,60.000000,60
req-00006037,135608333,135,60.000000,60
req-00006038,135625000,135,60.000000,60
req-00006039,135641667,135,60.000000,60
req-00006040,135658333,135,60.000000,60
req-00006041,135675000,135,60.000000,60
req-00006042,135691667,135,60.000000,60
req-00006043,135708333,135,60.000000,60
req-00006044,135725000,135,60.000000,60
req-00006045,135741667,135,60.000000,60
req-00006046,135758333,135,60.000000,60
req-00006047,135775000,135,60.000000,60
req-00006048,135791667,135,60.000000,60
req-00006049,135808333,135,60.000000,60
req-00006050,135825000,135,60.000000,60
req-00006051,135841667,135,60.000000,60
req-00006052,135858333,135,60.000000,60
req-00006053,135875000,135,60.000000,60
req-00006054,135891667,135,60.000000,60
req-00006055,135908333,135,60.000000,60
req-00006056,135925000,135,60.000000,60
req-00006057,135941667,135,60.000000,60
req-00006058,135958333,135,60.000000,60
req-00006059,135975000,135,60.000000,60
req-00006060,135991667,135,60.000000,60
req-00006061,136008333,136,60.000000,60
req-00006062,136025000,136,60.000000,60
req-00006063,136041667,136,60.000000,60
req-00006064,136058333,136,60.000000,60
req-00006065,136075000,136,60.000000,60
req-00006066,136091667,136,60.000000,60
req-00006067,136108333,136,60.000000,60
req-00006068,136125000,136,60.000000,60
req-00006069,136141667,136,60.000000,60
req-00006070,136158333,136,60.000000,60
req-00006071,136175000,136,60.000000,60
req-00006072,136191667,136,60.000000,60
req-00006073,136208333,136,60.000000,60
req-00006074,136225000,136,60.000000,60
req-00006075,136241667,136,60.000000,60
req-00006076,136258333,136,60.000000,60
req-00006077,136275000,136,60.000000,60
req-00006078,136291667,136,60.000000,60
req-00006079,136308333,136,60.000000,60
req-00006080,136325000,136,60.000000,60
req-00006081,136341667,136,60.000000,60
req-00006082,136358333,136,60.000000,60
req-00006083,136375000,136,60.000000,60
req-00006084,136391667,136,60.000000,60
req-00006085,136408333,136,60.000000,60
req-00006086,136425000,136,60.000000,60
req-00006087,136441667,136,60.000000,60
req-00006088,136458333,136,60.000000,60
req-00006089,136475000,136,60.000000,60
req-00006090,136491667,136,60.000000,60
req-00006091,136508333,136,60.000000,60
req-00006092,136525000,136,60.000000,60
req-00006093,136541667,136,60.000000,60
req-00006094,136558333,136,60.000000,60
req-00006095,136575000,136,60.000000,60
req-00006096,136591667,136,60.000000,60
req-00006097,136608333,136,60.000000,60
req-00006098,136625000,136,60.000000,60
req-00006099,136641667,136,60.000000,60
req-00006100,136658333,136,60.000000,60
req-00006101,136675000,136,60.000000,60
req-00006102,136691667,136,60.000000,60
req-00006103,136708333,136,60.000000,60
req-00006104,136725000,136,60.000000,60
req-00006105,136741667,136,60.000000,60
req-00006106,136758333,136,60.000000,60
req-00006107,136775000,136,60.000000,60
req-00006108,136791667,136,60.000000,60
req-00006109,136808333,136,60.000000,60
req-00006110,136825000,136,60.000000,60
req-00006111,136841667,136,60.000000,60
req-00006112,136858333,136,60.000000,60
req-00006113,136875000,136,60.000000,60
req-00006114,136891667,136,60.000000,60
req-00006115,136908333,136,60.000000,60
req-00006116,136925000,136,60.000000,60
req-00006117,136941667,136,60.000000,60
req-00006118,136958333,136,60.000000,60
req-00006119,136975000,136,60.000000,60
req-00006120,136991667,136,60.000000,60
req-00006121,137008333,137,60.000000,60
req-00006122,137025000,137,60.000000,60
req-00006123,137041667,137,60.000000,60
req-00006124,137058333,137,60.000000,60
req-00006125,137075000,137,60.000000,60
req-00006126,137091667,137,60.000000,60
req-00006127,137108333,137,60.000000,60
req-00006128,137125000,137,60.000000,60
req-00006129,137141667,137,60.000000,60
req-00006130,137158333,137,60.000000,60
req-00006131,137175000,137,60.000000,60
req-00006132,137191667,137,60.000000,60
req-00006133,137208333,137,60.000000,60
req-00006134,137225000,137,60.000000,60
req-00006135,137241667,137,60.000000,60
req-00006136,137258333,137,60.000000,60
req-00006137,137275000,137,60.000000,60
req-00006138,137291667,137,60.000000,60
req-00006139,137308333,137,60.000000,60
req-00006140,137325000,137,60.000000,60
req-00006141,137341667,137,60.000000,60
req-00006142,137358333,137,60.000000,60
req-00006143,137375000,137,60.000000,60
req-00006144,137391667,137,60.000000,60
req-00006145,137408333,137,60.000000,60
req-00006146,137425000,137,60.000000,60
req-00006147,137441667,137,60.000000,60
req-00006148,137458333,137,60.000000,60
req-00006149,137475000,137,60.000000,60
req-00006150,137491667,137,60.000000,60
req-00006151,137508333,137,60.000000,60
req-00006152,137525000,137,60.000000,60
req-00006153,137541667,137,60.000000,60
req-00006154,137558333,137,60.000000,60
req-00006155,137575000,137,60.000000,60
req-00006156,137591667,137,60.000000,60
req-00006157,137608333,137,60.000000,60
req-00006158,137625000,137,60.000000,60
req-00006159,137641667,137,60.000000,60
req-00006160,137658333,137,60.000000,60
req-00006161,137675000,137,60.000000,60
req-00006162,137691667,137,60.000000,60
req-00006163,137708333,137,60.000000,60
req-00006164,137725000,137,60.000000,60
req-00006165,137741667,137,60.000000,60
req-00006166,137758333,137,60.000000,60
req-00006167,137775000,137,60.000000,60
req-00006168,137791667,137,60.000000,60
req-00006169,137808333,137,60.000000,60
req-00006170,137825000,137,60.000000,60
req-00006171,137841667,137,60.000000,60
req-00006172,137858333,137,60.000000,60
req-00006173,137875000,137,60.000000,60
req-00006174,137891667,137,60.000000,60
req-00006175,137908333,137,60.000000,60
req-00006176,137925000,137,60.000000,60
req-00006177,137941667,137,60.000000,60
req-00006178,137958333,137,60.000000,60
req-00006179,137975000,137,60.000000,60
req-00006180,137991667,137,60.000000,60
req-00006181,138008333,138,60.000000,60
req-00006182,138025000,138,60.000000,60
req-00006183,138041667,138,60.000000,60
req-00006184,138058333,138,60.000000,60
req-00006185,138075000,138,60.000000,60
req-00006186,138091667,138,60.000000,60
req-00006187,138108333,138,60.000000,60
req-00006188,138125000,138,60.000000,60
req-00006189,138141667,138,60.000000,60
req-00006190,138158333,138,60.000000,60
req-00006191,138175000,138,60.000000,60
req-00006192,138191667,138,60.000000,60
req-00006193,138208333,138,60.000000,60
req-00006194,138225000,138,60.000000,60
req-00006195,138241667,138,60.000000,60
req-00006196,138258333,138,60.000000,60
req-00006197,138275000,138,60.000000,60
req-00006198,138291667,138,60.000000,60
req-00006199,138308333,138,60.000000,60
req-00006200,138325000,138,60.000000,60
req-00006201,138341667,138,60.000000,60
req-00006202,138358333,138,60.000000,60
req-00006203,138375000,138,60.000000,60
req-00006204,138391667,138,60.000000,60
req-00006205,138408333,138,60.000000,60
req-00006206,138425000,138,60.000000,60
req-00006207,138441667,138,60.000000,60
req-00006208,138458333,138,60.000000,60
req-00006209,138475000,138,60.000000,60
req-00006210,138491667,138,60.000000,60
req-00006211,138508333,138,60.000000,60
req-00006212,138525000,138,60.000000,60
req-00006213,138541667,138,60.000000,60
req-00006214,138558333,138,60.000000,60
req-00006215,138575000,138,60.000000,60
req-00006216,138591667,138,60.000000,60
req-00006217,138608333,138,60.000000,60
req-00006218,138625000,138,60.000000,60
req-00006219,138641667,138,60.000000,60
req-00006220,138658333,138,60.000000,60
req-00006221,138675000,138,60.000000,60
req-00006222,138691667,138,60.000000,60
req-00006223,138708333,138,60.000000,60
req-00006224,138725000,138,60.000000,60
req-00006225,138741667,138,60.000000,60
req-00006226,138758333,138,60.000000,60
req-00006227,138775000,138,60.000000,60
req-00006228,138791667,138,60.000000,60
req-00006229,138808333,138,60.000000,60
req-00006230,138825000,138,60.000000,60
req-00006231,138841667,138,60.000000,60
req-00006232,138858333,138,60.000000,60
req-00006233,138875000,138,60.000000,60
req-00006234,138891667,138,60.000000,60
req-00006235,138908333,138,60.000000,60
req-00006236,138925000,138,60.000000,60
req-00006237,138941667,138,60.000000,60
req-00006238,138958333,138,60.000000,60
req-00006239,138975000,138,60.000000,60
req-00006240,138991667,138,60.000000,60
req-00006241,139008333,139,60.000000,60
req-00006242,139025000,139,60.000000,60
req-00006243,139041667,139,60.000000,60
req-00006244,139058333,139,60.000000,60
req-00006245,139075000,139,60.000000,60
req-00006246,139091667,139,60.000000,60
req-00006247,139108333,139,60.000000,60
req-00006248,139125000,139,60.000000,60
req-00006249,139141667,139,60.000000,60
req-00006250,139158333,139,60.000000,60
req-00006251,139175000,139,60.000000,60
req-00006252,139191667,139,60.000000,60
req-00006253,139208333,139,60.000000,60
req-00006254,139225000,139,60.000000,60
req-00006255,139241667,139,60.000000,60
req-00006256,139258333,139,60.000000,60
req-00006257,139275000,139,60.000000,60
req-00006258,139291667,139,60.000000,60
req-00006259,139308333,139,60.000000,60
req-00006260,139325000,139,60.000000,60
req-00006261,139341667,139,60.000000,60
req-00006262,139358333,139,60.000000,60
req-00006263,139375000,139,60.000000,60
req-00006264,139391667,139,60.000000,60
req-00006265,139408333,139,60.000000,60
req-00006266,139425000,139,60.000000,60
req-00006267,139441667,139,60.000000,60
req-00006268,139458333,139,60.000000,60
req-00006269,139475000,139,60.000000,60
req-00006270,139491667,139,60.000000,60
req-00006271,139508333,139,60.000000,60
req-00006272,139525000,139,60.000000,60
req-00006273,139541667,139,60.000000,60
req-00006274,139558333,139,60.000000,60
req-00006275,139575000,139,60.000000,60
req-00006276,139591667,139,60.000000,60
req-00006277,139608333,139,60.000000,60
req-00006278,139625000,139,60.000000,60
req-00006279,139641667,139,60.000000,60
req-00006280,139658333,139,60.000000,60
req-00006281,139675000,139,60.000000,60
req-00006282,139691667,139,60.000000,60
req-00006283,139708333,139,60.000000,60
req-00006284,139725000,139,60.000000,60
req-00006285,139741667,139,60.000000,60
req-00006286,139758333,139,60.000000,60
req-00006287,139775000,139,60.000000,60
req-00006288,139791667,139,60.000000,60
req-00006289,139808333,139,60.000000,60
req-00006290,139825000,139,60.000000,60
req-00006291,139841667,139,60.000000,60
req-00006292,139858333,139,60.000000,60
req-00006293,139875000,139,60.000000,60
req-00006294,139891667,139,60.000000,60
req-00006295,139908333,139,60.000000,60
req-00006296,139925000,139,60.000000,60
req-00006297,139941667,139,60.000000,60
req-00006298,139958333,139,60.000000,60
req-00006299,139975000,139,60.000000,60
req-00006300,139991667,139,60.000000,60
req-00006301,140008333,140,60.000000,60
req-00006302,140025000,140,60.000000,60
req-00006303,140041667,140,60.000000,60
req-00006304,140058333,140,60.000000,60
req-00006305,140075000,140,60.000000,60
req-00006306,140091667,140,60.000000,60
req-00006307,140108333,140,60.000000,60
req-00006308,140125000,140,60.000000,60
req-00006309,140141667,140,60.000000,60
req-00006310,140158333,140,60.000000,60
req-00006311,140175000,140,60.000000,60
req-00006312,140191667,140,60.000000,60
req-00006313,140208333,140,60.000000,60
req-00006314,140225000,140,60.000000,60
req-00006315,140241667,140,60.000000,60
req-00006316,140258333,140,60.000000,60
req-00006317,140275000,140,60.000000,60
req-00006318,140291667,140,60.000000,60
req-00006319,140308333,140,60.000000,60
req-00006320,140325000,140,60.000000,60
req-00006321,140341667,140,60.000000,60
req-00006322,140358333,140,60.000000,60
req-00006323,140375000,140,60.000000,60
req-00006324,140391667,140,60.000000,60
req-00006325,140408333,140,60.000000,60
req-00006326,140425000,140,60.000000,60
req-00006327,140441667,140,60.000000,60
req-00006328,140458333,140,60.000000,60
req-00006329,140475000,140,60.000000,60
req-00006330,140491667,140,60.000000,60
req-00006331,140508333,140,60.000000,60
req-00006332,140525000,140,60.000000,60
req-00006333,140541667,140,60.000000,60
req-00006334,140558333,140,60.000000,60
req-00006335,140575000,140,60.000000,60
req-00006336,140591667,140,60.000000,60
req-00006337,140608333,140,60.000000,60
req-00006338,140625000,140,60.000000,60
req-00006339,140641667,140,60.000000,60
req-00006340,140658333,140,60.000000,60
req-00006341,140675000,140,60.000000,60
req-00006342,140691667,140,60.000000,60
req-00006343,140708333,140,60.000000,60
req-00006344,140725000,140,60.000000,60
req-00006345,140741667,140,60.000000,60
req-00006346,140758333,140,60.000000,60
req-00006347,140775000,140,60.000000,60
req-00006348,140791667,140,60.000000,60
req-00006349,140808333,140,60.000000,60
req-00006350,140825000,140,60.000000,60
req-00006351,140841667,140,60.000000,60
req-00006352,140858333,140,60.000000,60
req-00006353,140875000,140,60.000000,60
req-00006354,140891667,140,60.000000,60
req-00006355,140908333,140,60.000000,60
req-00006356,140925000,140,60.000000,60
req-00006357,140941667,140,60.000000,60
req-00006358,140958333,140,60.000000,60
req-00006359,140975000,140,60.000000,60
req-00006360,140991667,140,60.000000,60
req-00006361,141008333,141,60.000000,60
req-00006362,141025000,141,60.000000,60
req-00006363,141041667,141,60.000000,60
req-00006364,141058333,141,60.000000,60
req-00006365,141075000,141,60.000000,60
req-00006366,141091667,141,60.000000,60
req-00006367,141108333,141,60.000000,60
req-00006368,141125000,141,60.000000,60
req-00006369,141141667,141,60.000000,60
req-00006370,141158333,141,60.000000,60
req-00006371,141175000,141,60.000000,60
req-00006372,141191667,141,60.000000,60
req-00006373,141208333,141,60.000000,60
req-00006374,141225000,141,60.000000,60
req-00006375,141241667,141,60.000000,60
req-00006376,141258333,141,60.000000,60
req-00006377,141275000,141,60.000000,60
req-00006378,141291667,141,60.000000,60
req-00006379,141308333,141,60.000000,60
req-00006380,141325000,141,60.000000,60
req-00006381,141341667,141,60.000000,60
req-00006382,141358333,141,60.000000,60
req-00006383,141375000,141,60.000000,60
req-00006384,141391667,141,60.000000,60
req-00006385,141408333,141,60.000000,60
req-00006386,141425000,141,60.000000,60
req-00006387,141441667,141,60.000000,60
req-00006388,141458333,141,60.000000,60
req-00006389,141475000,141,60.000000,60
req-00006390,141491667,141,60.000000,60
req-00006391,141508333,141,60.000000,60
req-00006392,141525000,141,60.000000,60
req-00006393,141541667,141,60.000000,60
req-00006394,141558333,141,60.000000,60
req-00006395,141575000,141,60.000000,60
req-00006396,141591667,141,60.000000,60
req-00006397,141608333,141,60.000000,60
req-00006398,141625000,141,60.000000,60
req-00006399,141641667,141,60.000000,60
req-00006400,141658333,141,60.000000,60
req-00006401,141675000,141,60.000000,60
req-00006402,141691667,141,60.000000,60
req-00006403,141708333,141,60.000000,60
req-00006404,141725000,141,60.000000,60
req-00006405,141741667,141,60.000000,60
req-00006406,141758333,141,60.000000,60
req-00006407,141775000,141,60.000000,60
req-00006408,141791667,141,60.000000,60
req-00006409,141808333,141,60.000000,60
req-00006410,141825000,141,60.000000,60
req-00006411,141841667,141,60.000000,60
req-00006412,141858333,141,60.000000,60
req-00006413,141875000,141,60.000000,60
req-00006414,141891667,141,60.000000,60
req-00006415,141908333,141,60.000000,60
req-00006416,141925000,141,60.000000,60
req-00006417,141941667,141,60.000000,60
req-00006418,141958333,141,60.000000,60
req-00006419,141975000,141,60.000000,60
req-00006420,141991667,141,60.000000,60
req-00006421,142008333,142,60.000000,60
req-00006422,142025000,142,60.000000,60
req-00006423,142041667,142,60.000000,60
req-00006424,142058333,142,60.000000,60
req-00006425,142075000,142,60.000000,60
req-00006426,142091667,142,60.000000,60
req-00006427,142108333,142,60.000000,60
req-00006428,142125000,142,60.000000,60
req-00006429,142141667,142,60.000000,60
req-00006430,142158333,142,60.000000,60
req-00006431,142175000,142,60.000000,60
req-00006432,142191667,142,60.000000,60
req-00006433,142208333,142,60.000000,60
req-00006434,142225000,142,60.000000,60
req-00006435,142241667,142,60.000000,60
req-00006436,142258333,142,60.000000,60
req-00006437,142275000,142,60.000000,60
req-00006438,142291667,142,60.000000,60
req-00006439,142308333,142,60.000000,60
req-00006440,142325000,142,60.000000,60
req-00006441,142341667,142,60.000000,60
req-00006442,142358333,142,60.000000,60
req-00006443,142375000,142,60.000000,60
req-00006444,142391667,142,60.000000,60
req-00006445,142408333,142,60.000000,60
req-00006446,142425000,142,60.000000,60
req-00006447,142441667,142,60.000000,60
req-00006448,142458333,142,60.000000,60
req-00006449,142475000,142,60.000000,60
req-00006450,142491667,142,60.000000,60
req-00006451,142508333,142,60.000000,60
req-00006452,142525000,142,60.000000,60
req-00006453,142541667,142,60.000000,60
req-00006454,142558333,142,60.000000,60
req-00006455,142575000,142,60.000000,60
req-00006456,142591667,142,60.000000,60
req-00006457,142608333,142,60.000000,60
req-00006458,142625000,142,60.000000,60
req-00006459,142641667,142,60.000000,60
req-00006460,142658333,142,60.000000,60
req-00006461,142675000,142,60.000000,60
req-00006462,142691667,142,60.000000,60
req-00006463,142708333,142,60.000000,60
req-00006464,142725000,142,60.000000,60
req-00006465,142741667,142,60.000000,60
req-00006466,142758333,142,60.000000,60
req-00006467,142775000,142,60.000000,60
req-00006468,142791667,142,60.000000,60
req-00006469,142808333,142,60.000000,60
req-00006470,142825000,142,60.000000,60
req-00006471,142841667,142,60.000000,60
req-00006472,142858333,142,60.000000,60
req-00006473,142875000,142,60.000000,60
req-00006474,142891667,142,60.000000,60
req-00006475,142908333,142,60.000000,60
req-00006476,142925000,142,60.000000,60
req-00006477,142941667,142,60.000000,60
req-00006478,142958333,142,60.000000,60
req-00006479,142975000,142,60.000000,60
req-00006480,142991667,142,60.000000,60
req-00006481,143008333,143,60.000000,60
req-00006482,143025000,143,60.000000,60
req-00006483,143041667,143,60.000000,60
req-00006484,143058333,143,60.000000,60
req-00006485,143075000,143,60.000000,60
req-00006486,143091667,143,60.000000,60
req-00006487,143108333,143,60.000000,60
req-00006488,143125000,143,60.000000,60
req-00006489,143141667,143,60.000000,60
req-00006490,143158333,143,60.000000,60
req-00006491,143175000,143,60.000000,60
req-00006492,143191667,143,60.000000,60
req-00006493,143208333,143,60.000000,60
req-00006494,143225000,143,60.000000,60
req-00006495,143241667,143,60.000000,60
req-00006496,143258333,143,60.000000,60
req-00006497,143275000,143,60.000000,60
req-00006498,143291667,143,60.000000,60
req-00006499,143308333,143,60.000000,60
req-00006500,143325000,143,60.000000,60
req-00006501,143341667,143,60.000000,60
req-00006502,143358333,143,60.000000,60
req-00006503,143375000,143,60.000000,60
req-00006504,143391667,143,60.000000,60
req-00006505,143408333,143,60.000000,60
req-00006506,143425000,143,60.000000,60
req-00006507,143441667,143,60.000000,60
req-00006508,143458333,143,60.000000,60
req-00006509,143475000,143,60.000000,60
req-00006510,143491667,143,60.000000,60
req-00006511,143508333,143,60.000000,60
req-00006512,143525000,143,60.000000,60
req-00006513,143541667,143,60.000000,60
req-00006514,143558333,143,60.000000,60
req-00006515,143575000,143,60.000000,60
req-00006516,143591667,143,60.000000,60
req-00006517,143608333,143,60.000000,60
req-00006518,143625000,143,60.000000,60
req-00006519,143641667,143,60.000000,60
req-00006520,143658333,143,60.000000,60
req-00006521,143675000,143,60.000000,60
req-00006522,143691667,143,60.000000,60
req-00006523,143708333,143,60.000000,60
req-00006524,143725000,143,60.000000,60
req-00006525,143741667,143,60.000000,60
req-00006526,143758333,143,60.000000,60
req-00006527,143775000,143,60.000000,60
req-00006528,143791667,143,60.000000,60
req-00006529,143808333,143,60.000000,60
req-00006530,143825000,143,60.000000,60
req-00006531,143841667,143,60.000000,60
req-00006532,143858333,143,60.000000,60
req-00006533,143875000,143,60.000000,60
req-00006534,143891667,143,60.000000,60
req-00006535,143908333,143,60.000000,60
req-00006536,143925000,143,60.000000,60
req-00006537,143941667,143,60.000000,60
req-00006538,143958333,143,60.000000,60
req-00006539,143975000,143,60.000000,60
req-00006540,143991667,143,60.000000,60
req-00006541,144008333,144,60.000000,60
req-00006542,144025000,144,60.000000,60
req-00006543,144041667,144,60.000000,60
req-00006544,144058333,144,60.000000,60
req-00006545,144075000,144,60.000000,60
req-00006546,144091667,144,60.000000,60
req-00006547,144108333,144,60.000000,60
req-00006548,144125000,144,60.000000,60
req-00006549,144141667,144,60.000000,60
req-00006550,144158333,144,60.000000,60
req-00006551,144175000,144,60.000000,60
req-00006552,144191667,144,60.000000,60
req-00006553,144208333,144,60.000000,60
req-00006554,144225000,144,60.000000,60
req-00006555,144241667,144,60.000000,60
req-00006556,144258333,144,60.000000,60
req-00006557,144275000,144,60.000000,60
req-00006558,144291667,144,60.000000,60
req-00006559,144308333,144,60.000000,60
req-00006560,144325000,144,60.000000,60
req-00006561,144341667,144,60.000000,60
req-00006562,144358333,144,60.000000,60
req-00006563,144375000,144,60.000000,60
req-00006564,144391667,144,60.000000,60
req-00006565,144408333,144,60.000000,60
req-00006566,144425000,144,60.000000,60
req-00006567,144441667,144,60.000000,60
req-00006568,144458333,144,60.000000,60
req-00006569,144475000,144,60.000000,60
req-00006570,144491667,144,60.000000,60
req-00006571,144508333,144,60.000000,60
req-00006572,144525000,144,60.000000,60
req-00006573,144541667,144,60.000000,60
req-00006574,144558333,144,60.000000,60
req-00006575,144575000,144,60.000000,60
req-00006576,144591667,144,60.000000,60
req-00006577,144608333,144,60.000000,60
req-00006578,144625000,144,60.000000,60
req-00006579,144641667,144,60.000000,60
req-00006580,144658333,144,60.000000,60
req-00006581,144675000,144,60.000000,60
req-00006582,144691667,144,60.000000,60
req-00006583,144708333,144,60.000000,60
req-00006584,144725000,144,60.000000,60
req-00006585,144741667,144,60.000000,60
req-00006586,144758333,144,60.000000,60
req-00006587,144775000,144,60.000000,60
req-00006588,144791667,144,60.000000,60
req-00006589,144808333,144,60.000000,60
req-00006590,144825000,144,60.000000,60
req-00006591,144841667,144,60.000000,60
req-00006592,144858333,144,60.000000,60
req-00006593,144875000,144,60.000000,60
req-00006594,144891667,144,60.000000,60
req-00006595,144908333,144,60.000000,60
req-00006596,144925000,144,60.000000,60
req-00006597,144941667,144,60.000000,60
req-00006598,144958333,144,60.000000,60
req-00006599,144975000,144,60.000000,60
req-00006600,144991667,144,60.000000,60
req-00006601,145008333,145,60.000000,60
req-00006602,145025000,145,60.000000,60
req-00006603,145041667,145,60.000000,60
req-00006604,145058333,145,60.000000,60
req-00006605,145075000,145,60.000000,60
req-00006606,145091667,145,60.000000,60
req-00006607,145108333,145,60.000000,60
req-00006608,145125000,145,60.000000,60
req-00006609,145141667,145,60.000000,60
req-00006610,145158333,145,60.000000,60
req-00006611,145175000,145,60.000000,60
req-00006612,145191667,145,60.000000,60
req-00006613,145208333,145,60.000000,60
req-00006614,145225000,145,60.000000,60
req-00006615,145241667,145,60.000000,60
req-00006616,145258333,145,60.000000,60
req-00006617,145275000,145,60.000000,60
req-00006618,145291667,145,60.000000,60
req-00006619,145308333,145,60.000000,60
req-00006620,145325000,145,60.000000,60
req-00006621,145341667,145,60.000000,60
req-00006622,145358333,145,60.000000,60
req-00006623,145375000,145,60.000000,60
req-00006624,145391667,145,60.000000,60
req-00006625,145408333,145,60.000000,60
req-00006626,145425000,145,60.000000,60
req-00006627,145441667,145,60.000000,60
req-00006628,145458333,145,60.000000,60
req-00006629,145475000,145,60.000000,60
req-00006630,145491667,145,60.000000,60
req-00006631,145508333,145,60.000000,60
req-00006632,145525000,145,60.000000,60
req-00006633,145541667,145,60.000000,60
req-00006634,145558333,145,60.000000,60
req-00006635,145575000,145,60.000000,60
req-00006636,145591667,145,60.000000,60
req-00006637,145608333,145,60.000000,60
req-00006638,145625000,145,60.000000,60
req-00006639,145641667,145,60.000000,60
req-00006640,145658333,145,60.000000,60
req-00006641,145675000,145,60.000000,60
req-00006642,145691667,145,60.000000,60
req-00006643,145708333,145,60.000000,60
req-00006644,145725000,145,60.000000,60
req-00006645,145741667,145,60.000000,60
req-00006646,145758333,145,60.000000,60
req-00006647,145775000,145,60.000000,60
req-00006648,145791667,145,60.000000,60
req-00006649,145808333,145,60.000000,60
req-00006650,145825000,145,60.000000,60
req-00006651,145841667,145,60.000000,60
req-00006652,145858333,145,60.000000,60
req-00006653,145875000,145,60.000000,60
req-00006654,145891667,145,60.000000,60
req-00006655,145908333,145,60.000000,60
req-00006656,145925000,145,60.000000,60
req-00006657,145941667,145,60.000000,60
req-00006658,145958333,145,60.000000,60
req-00006659,145975000,145,60.000000,60
req-00006660,145991667,145,60.000000,60
req-00006661,146008333,146,60.000000,60
req-00006662,146025000,146,60.000000,60
req-00006663,146041667,146,60.000000,60
req-00006664,146058333,146,60.000000,60
req-00006665,146075000,146,60.000000,60
req-00006666,146091667,146,60.000000,60
req-00006667,146108333,146,60.000000,60
req-00006668,146125000,146,60.000000,60
req-00006669,146141667,146,60.000000,60
req-00006670,146158333,146,60.000000,60
req-00006671,146175000,146,60.000000,60
req-00006672,146191667,146,60.000000,60
req-00006673,146208333,146,60.000000,60
req-00006674,146225000,146,60.000000,60
req-00006675,146241667,146,60.000000,60
req-00006676,146258333,146,60.000000,60
req-00006677,146275000,146,60.000000,60
req-00006678,146291667,146,60.000000,60
req-00006679,146308333,146,60.000000,60
req-00006680,146325000,146,60.000000,60
req-00006681,146341667,146,60.000000,60
req-00006682,146358333,146,60.000000,60
req-00006683,146375000,146,60.000000,60
req-00006684,146391667,146,60.000000,60
req-00006685,146408333,146,60.000000,60
req-00006686,146425000,146,60.000000,60
req-00006687,146441667,146,60.000000,60
req-00006688,146458333,146,60.000000,60
req-00006689,146475000,146,60.000000,60
req-00006690,146491667,146,60.000000,60
req-00006691,146508333,146,60.000000,60
req-00006692,146525000,146,60.000000,60
req-00006693,146541667,146,60.000000,60
req-00006694,146558333,146,60.000000,60
req-00006695,146575000,146,60.000000,60
req-00006696,146591667,146,60.000000,60
req-00006697,146608333,146,60.000000,60
req-00006698,146625000,146,60.000000,60
req-00006699,146641667,146,60.000000,60
req-00006700,146658333,146,60.000000,60
req-00006701,146675000,146,60.000000,60
req-00006702,146691667,146,60.000000,60
req-00006703,146708333,146,60.000000,60
req-00006704,146725000,146,60.000000,60
req-00006705,146741667,146,60.000000,60
req-00006706,146758333,146,60.000000,60
req-00006707,146775000,146,60.000000,60
req-00006708,146791667,146,60.000000,60
req-00006709,146808333,146,60.000000,60
req-00006710,146825000,146,60.000000,60
req-00006711,146841667,146,60.000000,60
req-00006712,146858333,146,60.000000,60
req-00006713,146875000,146,60.000000,60
req-00006714,146891667,146,60.000000,60
req-00006715,146908333,146,60.000000,60
req-00006716,146925000,146,60.000000,60
req-00006717,146941667,146,60.000000,60
req-00006718,146958333,146,60.000000,60
req-00006719,146975000,146,60.000000,60
req-00006720,146991667,146,60.000000,60
req-00006721,147008333,147,60.000000,60
req-00006722,147025000,147,60.000000,60
req-00006723,147041667,147,60.000000,60
req-00006724,147058333,147,60.000000,60
req-00006725,147075000,147,60.000000,60
req-00006726,147091667,147,60.000000,60
req-00006727,147108333,147,60.000000,60
req-00006728,147125000,147,60.000000,60
req-00006729,147141667,147,60.000000,60
req-00006730,147158333,147,60.000000,60
req-00006731,147175000,147,60.000000,60
req-00006732,147191667,147,60.000000,60
req-00006733,147208333,147,60.000000,60
req-00006734,147225000,147,60.000000,60
req-00006735,147241667,147,60.000000,60
req-00006736,147258333,147,60.000000,60
req-00006737,147275000,147,60.000000,60
req-00006738,147291667,147,60.000000,60
req-00006739,147308333,147,60.000000,60
req-00006740,147325000,147,60.000000,60
req-00006741,147341667,147,60.000000,60
req-00006742,147358333,147,60.000000,60
req-00006743,147375000,147,60.000000,60
req-00006744,147391667,147,60.000000,60
req-00006745,147408333,147,60.000000,60
req-00006746,147425000,147,60.000000,60
req-00006747,147441667,147,60.000000,60
req-00006748,147458333,147,60.000000,60
req-00006749,147475000,147,60.000000,60
req-00006750,147491667,147,60.000000,60
req-00006751,147508333,147,60.000000,60
req-00006752,147525000,147,60.000000,60
req-00006753,147541667,147,60.000000,60
req-00006754,147558333,147,60.000000,60
req-00006755,147575000,147,60.000000,60
req-00006756,147591667,147,60.000000,60
req-00006757,147608333,147,60.000000,60
req-00006758,147625000,147,60.000000,60
req-00006759,147641667,147,60.000000,60
req-00006760,147658333,147,60.000000,60
req-00006761,147675000,147,60.000000,60
req-00006762,147691667,147,60.000000,60
req-00006763,147708333,147,60.000000,60
req-00006764,147725000,147,60.000000,60
req-00006765,147741667,147,60.000000,60
req-00006766,147758333,147,60.000000,60
req-00006767,147775000,147,60.000000,60
req-00006768,147791667,147,60.000000,60
req-00006769,147808333,147,60.000000,60
req-00006770,147825000,147,60.000000,60
req-00006771,147841667,147,60.000000,60
req-00006772,147858333,147,60.000000,60
req-00006773,147875000,147,60.000000,60
req-00006774,147891667,147,60.000000,60
req-00006775,147908333,147,60.000000,60
req-00006776,147925000,147,60.000000,60
req-00006777,147941667,147,60.000000,60
req-00006778,147958333,147,60.000000,60
req-00006779,147975000,147,60.000000,60
req-00006780,147991667,147,60.000000,60
req-00006781,148008333,148,60.000000,60
req-00006782,148025000,148,60.000000,60
req-00006783,148041667,148,60.000000,60
req-00006784,148058333,148,60.000000,60
req-00006785,148075000,148,60.000000,60
req-00006786,148091667,148,60.000000,60
req-00006787,148108333,148,60.000000,60
req-00006788,148125000,148,60.000000,60
req-00006789,148141667,148,60.000000,60
req-00006790,148158333,148,60.000000,60
req-00006791,148175000,148,60.000000,60
req-00006792,148191667,148,60.000000,60
req-00006793,148208333,148,60.000000,60
req-00006794,148225000,148,60.000000,60
req-00006795,148241667,148,60.000000,60
req-00006796,148258333,148,60.000000,60
req-00006797,148275000,148,60.000000,60
req-00006798,148291667,148,60.000000,60
req-00006799,148308333,148,60.000000,60
req-00006800,148325000,148,60.000000,60
req-00006801,148341667,148,60.000000,60
req-00006802,148358333,148,60.000000,60
req-00006803,148375000,148,60.000000,60
req-00006804,148391667,148,60.000000,60
req-00006805,148408333,148,60.000000,60
req-00006806,148425000,148,60.000000,60
req-00006807,148441667,148,60.000000,60
req-00006808,148458333,148,60.000000,60
req-00006809,148475000,148,60.000000,60
req-00006810,148491667,148,60.000000,60
req-00006811,148508333,148,60.000000,60
req-00006812,148525000,148,60.000000,60
req-00006813,148541667,148,60.000000,60
req-00006814,148558333,148,60.000000,60
req-00006815,148575000,148,60.000000,60
req-00006816,148591667,148,60.000000,60
req-00006817,148608333,148,60.000000,60
req-00006818,148625000,148,60.000000,60
req-00006819,148641667,148,60.000000,60
req-00006820,148658333,148,60.000000,60
req-00006821,148675000,148,60.000000,60
req-00006822,148691667,148,60.000000,60
req-00006823,148708333,148,60.000000,60
req-00006824,148725000,148,60.000000,60
req-00006825,148741667,148,60.000000,60
req-00006826,148758333,148,60.000000,60
req-00006827,148775000,148,60.000000,60
req-00006828,148791667,148,60.000000,60
req-00006829,148808333,148,60.000000,60
req-00006830,148825000,148,60.000000,60
req-00006831,148841667,148,60.000000,60
req-00006832,148858333,148,60.000000,60
req-00006833,148875000,148,60.000000,60
req-00006834,148891667,148,60.000000,60
req-00006835,148908333,148,60.000000,60
req-00006836,148925000,148,60.000000,60
req-00006837,148941667,148,60.000000,60
req-00006838,148958333,148,60.000000,60
req-00006839,148975000,148,60.000000,60
req-00006840,148991667,148,60.000000,60
req-00006841,149008333,149,60.000000,60
req-00006842,149025000,149,60.000000,60
req-00006843,149041667,149,60.000000,60
req-00006844,149058333,149,60.000000,60
req-00006845,149075000,149,60.000000,60
req-00006846,149091667,149,60.000000,60
req-00006847,149108333,149,60.000000,60
req-00006848,149125000,149,60.000000,60
req-00006849,149141667,149,60.000000,60
req-00006850,149158333,149,60.000000,60
req-00006851,149175000,149,60.000000,60
req-00006852,149191667,149,60.000000,60
req-00006853,149208333,149,60.000000,60
req-00006854,149225000,149,60.000000,60
req-00006855,149241667,149,60.000000,60
req-00006856,149258333,149,60.000000,60
req-00006857,149275000,149,60.000000,60
req-00006858,149291667,149,60.000000,60
req-00006859,149308333,149,60.000000,60
req-00006860,149325000,149,60.000000,60
req-00006861,149341667,149,60.000000,60
req-00006862,149358333,149,60.000000,60
req-00006863,149375000,149,60.000000,60
req-00006864,149391667,149,60.000000,60
req-00006865,149408333,149,60.000000,60
req-00006866,149425000,149,60.000000,60
req-00006867,149441667,149,60.000000,60
req-00006868,149458333,149,60.000000,60
req-00006869,149475000,149,60.000000,60
req-00006870,149491667,149,60.000000,60
req-00006871,149508333,149,60.000000,60
req-00006872,149525000,149,60.000000,60
req-00006873,149541667,149,60.000000,60
req-00006874,149558333,149,60.000000,60
req-00006875,149575000,149,60.000000,60
req-00006876,149591667,149,60.000000,60
req-00006877,149608333,149,60.000000,60
req-00006878,149625000,149,60.000000,60
req-00006879,149641667,149,60.000000,60
req-00006880,149658333,149,60.000000,60
req-00006881,149675000,149,60.000000,60
req-00006882,149691667,149,60.000000,60
req-00006883,149708333,149,60.000000,60
req-00006884,149725000,149,60.000000,60
req-00006885,149741667,149,60.000000,60
req-00006886,149758333,149,60.000000,60
req-00006887,149775000,149,60.000000,60
req-00006888,149791667,149,60.000000,60
req-00006889,149808333,149,60.000000,60
req-00006890,149825000,149,60.000000,60
req-00006891,149841667,149,60.000000,60
req-00006892,149858333,149,60.000000,60
req-00006893,149875000,149,60.000000,60
req-00006894,149891667,149,60.000000,60
req-00006895,149908333,149,60.000000,60
req-00006896,149925000,149,60.000000,60
req-00006897,149941667,149,60.000000,60
req-00006898,149958333,149,60.000000,60
req-00006899,149975000,149,60.000000,60
req-00006900,149991667,149,60.000000,60
req-00006901,150008333,150,60.000000,60
req-00006902,150025000,150,60.000000,60
req-00006903,150041667,150,60.000000,60
req-00006904,150058333,150,60.000000,60
req-00006905,150075000,150,60.000000,60
req-00006906,150091667,150,60.000000,60
req-00006907,150108333,150,60.000000,60
req-00006908,150125000,150,60.000000,60
req-00006909,150141667,150,60.000000,60
req-00006910,150158333,150,60.000000,60
req-00006911,150175000,150,60.000000,60
req-00006912,150191667,150,60.000000,60
req-00006913,150208333,150,60.000000,60
req-00006914,150225000,150,60.000000,60
req-00006915,150241667,150,60.000000,60
req-00006916,150258333,150,60.000000,60
req-00006917,150275000,150,60.000000,60
req-00006918,150291667,150,60.000000,60
req-00006919,150308333,150,60.000000,60
req-00006920,150325000,150,60.000000,60
req-00006921,150341667,150,60.000000,60
req-00006922,150358333,150,60.000000,60
req-00006923,150375000,150,60.000000,60
req-00006924,150391667,150,60.000000,60
req-00006925,150408333,150,60.000000,60
req-00006926,150425000,150,60.000000,60
req-00006927,150441667,150,60.000000,60
req-00006928,150458333,150,60.000000,60
req-00006929,150475000,150,60.000000,60
req-00006930,150491667,150,60.000000,60
req-00006931,150508333,150,60.000000,60
req-00006932,150525000,150,60.000000,60
req-00006933,150541667,150,60.000000,60
req-00006934,150558333,150,60.000000,60
req-00006935,150575000,150,60.000000,60
req-00006936,150591667,150,60.000000,60
req-00006937,150608333,150,60.000000,60
req-00006938,150625000,150,60.000000,60
req-00006939,150641667,150,60.000000,60
req-00006940,150658333,150,60.000000,60
req-00006941,150675000,150,60.000000,60
req-00006942,150691667,150,60.000000,60
req-00006943,150708333,150,60.000000,60
req-00006944,150725000,150,60.000000,60
req-00006945,150741667,150,60.000000,60
req-00006946,150758333,150,60.000000,60
req-00006947,150775000,150,60.000000,60
req-00006948,150791667,150,60.000000,60
req-00006949,150808333,150,60.000000,60
req-00006950,150825000,150,60.000000,60
req-00006951,150841667,150,60.000000,60
req-00006952,150858333,150,60.000000,60
req-00006953,150875000,150,60.000000,60
req-00006954,150891667,150,60.000000,60
req-00006955,150908333,150,60.000000,60
req-00006956,150925000,150,60.000000,60
req-00006957,150941667,150,60.000000,60
req-00006958,150958333,150,60.000000,60
req-00006959,150975000,150,60.000000,60
req-00006960,150991667,150,60.000000,60
req-00006961,151008333,151,60.000000,60
req-00006962,151025000,151,60.000000,60
req-00006963,151041667,151,60.000000,60
req-00006964,151058333,151,60.000000,60
req-00006965,151075000,151,60.000000,60
req-00006966,151091667,151,60.000000,60
req-00006967,151108333,151,60.000000,60
req-00006968,151125000,151,60.000000,60
req-00006969,151141667,151,60.000000,60
req-00006970,151158333,151,60.000000,60
req-00006971,151175000,151,60.000000,60
req-00006972,151191667,151,60.000000,60
req-00006973,151208333,151,60.000000,60
req-00006974,151225000,151,60.000000,60
req-00006975,151241667,151,60.000000,60
req-00006976,151258333,151,60.000000,60
req-00006977,151275000,151,60.000000,60
req-00006978,151291667,151,60.000000,60
req-00006979,151308333,151,60.000000,60
req-00006980,151325000,151,60.000000,60
req-00006981,151341667,151,60.000000,60
req-00006982,151358333,151,60.000000,60
req-00006983,151375000,151,60.000000,60
req-00006984,151391667,151,60.000000,60
req-00006985,151408333,151,60.000000,60
req-00006986,151425000,151,60.000000,60
req-00006987,151441667,151,60.000000,60
req-00006988,151458333,151,60.000000,60
req-00006989,151475000,151,60.000000,60
req-00006990,151491667,151,60.000000,60
req-00006991,151508333,151,60.000000,60
req-00006992,151525000,151,60.000000,60
req-00006993,151541667,151,60.000000,60
req-00006994,151558333,151,60.000000,60
req-00006995,151575000,151,60.000000,60
req-00006996,151591667,151,60.000000,60
req-00006997,151608333,151,60.000000,60
req-00006998,151625000,151,60.000000,60
req-00006999,151641667,151,60.000000,60
req-00007000,151658333,151,60.000000,60
req-00007001,151675000,151,60.000000,60
req-00007002,151691667,151,60.000000,60
req-00007003,151708333,151,60.000000,60
req-00007004,151725000,151,60.000000,60
req-00007005,151741667,151,60.000000,60
req-00007006,151758333,151,60.000000,60
req-00007007,151775000,151,60.000000,60
req-00007008,151791667,151,60.000000,60
req-00007009,151808333,151,60.000000,60
req-00007010,151825000,151,60.000000,60
req-00007011,151841667,151,60.000000,60
req-00007012,151858333,151,60.000000,60
req-00007013,151875000,151,60.000000,60
req-00007014,151891667,151,60.000000,60
req-00007015,151908333,151,60.000000,60
req-00007016,151925000,151,60.000000,60
req-00007017,151941667,151,60.000000,60
req-00007018,151958333,151,60.000000,60
req-00007019,151975000,151,60.000000,60
req-00007020,151991667,151,60.000000,60
req-00007021,152008333,152,60.000000,60
req-00007022,152025000,152,60.000000,60
req-00007023,152041667,152,60.000000,60
req-00007024,152058333,152,60.000000,60
req-00007025,152075000,152,60.000000,60
req-00007026,152091667,152,60.000000,60
req-00007027,152108333,152,60.000000,60
req-00007028,152125000,152,60.000000,60
req-00007029,152141667,152,60.000000,60
req-00007030,152158333,152,60.000000,60
req-00007031,152175000,152,60.000000,60
req-00007032,152191667,152,60.000000,60
req-00007033,152208333,152,60.000000,60
req-00007034,152225000,152,60.000000,60
req-00007035,152241667,152,60.000000,60
req-00007036,152258333,152,60.000000,60
req-00007037,152275000,152,60.000000,60
req-00007038,152291667,152,60.000000,60
req-00007039,152308333,152,60.000000,60
req-00007040,152325000,152,60.000000,60
req-00007041,152341667,152,60.000000,60
req-00007042,152358333,152,60.000000,60
req-00007043,152375000,152,60.000000,60
req-00007044,152391667,152,60.000000,60
req-00007045,152408333,152,60.000000,60
req-00007046,152425000,152,60.000000,60
req-00007047,152441667,152,60.000000,60
req-00007048,152458333,152,60.000000,60
req-00007049,152475000,152,60.000000,60
req-00007050,152491667,152,60.000000,60
req-00007051,152508333,152,60.000000,60
req-00007052,152525000,152,60.000000,60
req-00007053,152541667,152,60.000000,60
req-00007054,152558333,152,60.000000,60
req-00007055,152575000,152,60.000000,60
req-00007056,152591667,152,60.000000,60
req-00007057,152608333,152,60.000000,60
req-00007058,152625000,152,60.000000,60
req-00007059,152641667,152,60.000000,60
req-00007060,152658333,152,60.000000,60
req-00007061,152675000,152,60.000000,60
req-00007062,152691667,152,60.000000,60
req-00007063,152708333,152,60.000000,60
req-00007064,152725000,152,60.000000,60
req-00007065,152741667,152,60.000000,60
req-00007066,152758333,152,60.000000,60
req-00007067,152775000,152,60.000000,60
req-00007068,152791667,152,60.000000,60
req-00007069,152808333,152,60.000000,60
req-00007070,152825000,152,60.000000,60
req-00007071,152841667,152,60.000000,60
req-00007072,152858333,152,60.000000,60
req-00007073,152875000,152,60.000000,60
req-00007074,152891667,152,60.000000,60
req-00007075,152908333,152,60.000000,60
req-00007076,152925000,152,60.000000,60
req-00007077,152941667,152,60.000000,60
req-00007078,152958333,152,60.000000,60
req-00007079,152975000,152,60.000000,60
req-00007080,152991667,152,60.000000,60
req-00007081,153008333,153,60.000000,60
req-00007082,153025000,153,60.000000,60
req-00007083,153041667,153,60.000000,60
req-00007084,153058333,153,60.000000,60
req-00007085,153075000,153,60.000000,60
req-00007086,153091667,153,60.000000,60
req-00007087,153108333,153,60.000000,60
req-00007088,153125000,153,60.000000,60
req-00007089,153141667,153,60.000000,60
req-00007090,153158333,153,60.000000,60
req-00007091,153175000,153,60.000000,60
req-00007092,153191667,153,60.000000,60
req-00007093,153208333,153,60.000000,60
req-00007094,153225000,153,60.000000,60
req-00007095,153241667,153,60.000000,60
req-00007096,153258333,153,60.000000,60
req-00007097,153275000,153,60.000000,60
req-00007098,153291667,153,60.000000,60
req-00007099,153308333,153,60.000000,60
req-00007100,153325000,153,60.000000,60
req-00007101,153341667,153,60.000000,60
req-00007102,153358333,153,60.000000,60
req-00007103,153375000,153,60.000000,60
req-00007104,153391667,153,60.000000,60
req-00007105,153408333,153,60.000000,60
req-00007106,153425000,153,60.000000,60
req-00007107,153441667,153,60.000000,60
req-00007108,153458333,153,60.000000,60
req-00007109,153475000,153,60.000000,60
req-00007110,153491667,153,60.000000,60
req-00007111,153508333,153,60.000000,60
req-00007112,153525000,153,60.000000,60
req-00007113,153541667,153,60.000000,60
req-00007114,153558333,153,60.000000,60
req-00007115,153575000,153,60.000000,60
req-00007116,153591667,153,60.000000,60
req-00007117,153608333,153,60.000000,60
req-00007118,153625000,153,60.000000,60
req-00007119,153641667,153,60.000000,60
req-00007120,153658333,153,60.000000,60
req-00007121,153675000,153,60.000000,60
req-00007122,153691667,153,60.000000,60
req-00007123,153708333,153,60.000000,60
req-00007124,153725000,153,60.000000,60
req-00007125,153741667,153,60.000000,60
req-00007126,153758333,153,60.000000,60
req-00007127,153775000,153,60.000000,60
req-00007128,153791667,153,60.000000,60
req-00007129,153808333,153,60.000000,60
req-00007130,153825000,153,60.000000,60
req-00007131,153841667,153,60.000000,60
req-00007132,153858333,153,60.000000,60
req-00007133,153875000,153,60.000000,60
req-00007134,153891667,153,60.000000,60
req-00007135,153908333,153,60.000000,60
req-00007136,153925000,153,60.000000,60
req-00007137,153941667,153,60.000000,60
req-00007138,153958333,153,60.000000,60
req-00007139,153975000,153,60.000000,60
req-00007140,153991667,153,60.000000,60
req-00007141,154008333,154,60.000000,60
req-00007142,154025000,154,60.000000,60
req-00007143,154041667,154,60.000000,60
req-00007144,154058333,154,60.000000,60
req-00007145,154075000,154,60.000000,60
req-00007146,154091667,154,60.000000,60
req-00007147,154108333,154,60.000000,60
req-00007148,154125000,154,60.000000,60
req-00007149,154141667,154,60.000000,60
req-00007150,154158333,154,60.000000,60
req-00007151,154175000,154,60.000000,60
req-00007152,154191667,154,60.000000,60
req-00007153,154208333,154,60.000000,60
req-00007154,154225000,154,60.000000,60
req-00007155,154241667,154,60.000000,60
req-00007156,154258333,154,60.000000,60
req-00007157,154275000,154,60.000000,60
req-00007158,154291667,154,60.000000,60
req-00007159,154308333,154,60.000000,60
req-00007160,154325000,154,60.000000,60
req-00007161,154341667,154,60.000000,60
req-00007162,154358333,154,60.000000,60
req-00007163,154375000,154,60.000000,60
req-00007164,154391667,154,60.000000,60
req-00007165,154408333,154,60.000000,60
req-00007166,154425000,154,60.000000,60
req-00007167,154441667,154,60.000000,60
req-00007168,154458333,154,60.000000,60
req-00007169,154475000,154,60.000000,60
req-00007170,154491667,154,60.000000,60
req-00007171,154508333,154,60.000000,60
req-00007172,154525000,154,60.000000,60
req-00007173,154541667,154,60.000000,60
req-00007174,154558333,154,60.000000,60
req-00007175,154575000,154,60.000000,60
req-00007176,154591667,154,60.000000,60
req-00007177,154608333,154,60.000000,60
req-00007178,154625000,154,60.000000,60
req-00007179,154641667,154,60.000000,60
req-00007180,154658333,154,60.000000,60
req-00007181,154675000,154,60.000000,60
req-00007182,154691667,154,60.000000,60
req-00007183,154708333,154,60.000000,60
req-00007184,154725000,154,60.000000,60
req-00007185,154741667,154,60.000000,60
req-00007186,154758333,154,60.000000,60
req-00007187,154775000,154,60.000000,60
req-00007188,154791667,154,60.000000,60
req-00007189,154808333,154,60.000000,60
req-00007190,154825000,154,60.000000,60
req-00007191,154841667,154,60.000000,60
req-00007192,154858333,154,60.000000,60
req-00007193,154875000,154,60.000000,60
req-00007194,154891667,154,60.000000,60
req-00007195,154908333,154,60.000000,60
req-00007196,154925000,154,60.000000,60
req-00007197,154941667,154,60.000000,60
req-00007198,154958333,154,60.000000,60
req-00007199,154975000,154,60.000000,60
req-00007200,154991667,154,60.000000,60
req-00007201,155008333,155,60.000000,60
req-00007202,155025000,155,60.000000,60
req-00007203,155041667,155,60.000000,60
req-00007204,155058333,155,60.000000,60
req-00007205,155075000,155,60.000000,60
req-00007206,155091667,155,60.000000,60
req-00007207,155108333,155,60.000000,60
req-00007208,155125000,155,60.000000,60
req-00007209,155141667,155,60.000000,60
req-00007210,155158333,155,60.000000,60
req-00007211,155175000,155,60.000000,60
req-00007212,155191667,155,60.000000,60
req-00007213,155208333,155,60.000000,60
req-00007214,155225000,155,60.000000,60
req-00007215,155241667,155,60.000000,60
req-00007216,155258333,155,60.000000,60
req-00007217,155275000,155,60.000000,60
req-00007218,155291667,155,60.000000,60
req-00007219,155308333,155,60.000000,60
req-00007220,155325000,155,60.000000,60
req-00007221,155341667,155,60.000000,60
req-00007222,155358333,155,60.000000,60
req-00007223,155375000,155,60.000000,60
req-00007224,155391667,155,60.000000,60
req-00007225,155408333,155,60.000000,60
req-00007226,155425000,155,60.000000,60
req-00007227,155441667,155,60.000000,60
req-00007228,155458333,155,60.000000,60
req-00007229,155475000,155,60.000000,60
req-00007230,155491667,155,60.000000,60
req-00007231,155508333,155,60.000000,60
req-00007232,155525000,155,60.000000,60
req-00007233,155541667,155,60.000000,60
req-00007234,155558333,155,60.000000,60
req-00007235,155575000,155,60.000000,60
req-00007236,155591667,155,60.000000,60
req-00007237,155608333,155,60.000000,60
req-00007238,155625000,155,60.000000,60
req-00007239,155641667,155,60.000000,60
req-00007240,155658333,155,60.000000,60
req-00007241,155675000,155,60.000000,60
req-00007242,155691667,155,60.000000,60
req-00007243,155708333,155,60.000000,60
req-00007244,155725000,155,60.000000,60
req-00007245,155741667,155,60.000000,60
req-00007246,155758333,155,60.000000,60
req-00007247,155775000,155,60.000000,60
req-00007248,155791667,155,60.000000,60
req-00007249,155808333,155,60.000000,60
req-00007250,155825000,155,60.000000,60
req-00007251,155841667,155,60.000000,60
req-00007252,155858333,155,60.000000,60
req-00007253,155875000,155,60.000000,60
req-00007254,155891667,155,60.000000,60
req-00007255,155908333,155,60.000000,60
req-00007256,155925000,155,60.000000,60
req-00007257,155941667,155,60.000000,60
req-00007258,155958333,155,60.000000,60
req-00007259,155975000,155,60.000000,60
req-00007260,155991667,155,60.000000,60
req-00007261,156008333,156,60.000000,60
req-00007262,156025000,156,60.000000,60
req-00007263,156041667,156,60.000000,60
req-00007264,156058333,156,60.000000,60
req-00007265,156075000,156,60.000000,60
req-00007266,156091667,156,60.000000,60
req-00007267,156108333,156,60.000000,60
req-00007268,156125000,156,60.000000,60
req-00007269,156141667,156,60.000000,60
req-00007270,156158333,156,60.000000,60
req-00007271,156175000,156,60.000000,60
req-00007272,156191667,156,60.000000,60
req-00007273,156208333,156,60.000000,60
req-00007274,156225000,156,60.000000,60
req-00007275,156241667,156,60.000000,60
req-00007276,156258333,156,60.000000,60
req-00007277,156275000,156,60.000000,60
req-00007278,156291667,156,60.000000,60
req-00007279,156308333,156,60.000000,60
req-00007280,156325000,156,60.000000,60
req-00007281,156341667,156,60.000000,60
req-00007282,156358333,156,60.000000,60
req-00007283,156375000,156,60.000000,60
req-00007284,156391667,156,60.000000,60
req-00007285,156408333,156,60.000000,60
req-00007286,156425000,156,60.000000,60
req-00007287,156441667,156,60.000000,60
req-00007288,156458333,156,60.000000,60
req-00007289,156475000,156,60.000000,60
req-00007290,156491667,156,60.000000,60
req-00007291,156508333,156,60.000000,60
req-00007292,156525000,156,60.000000,60
req-00007293,156541667,156,60.000000,60
req-00007294,156558333,156,60.000000,60
req-00007295,156575000,156,60.000000,60
req-00007296,156591667,156,60.000000,60
req-00007297,156608333,156,60.000000,60
req-00007298,156625000,156,60.000000,60
req-00007299,156641667,156,60.000000,60
req-00007300,156658333,156,60.000000,60
req-00007301,156675000,156,60.000000,60
req-00007302,156691667,156,60.000000,60
req-00007303,156708333,156,60.000000,60
req-00007304,156725000,156,60.000000,60
req-00007305,156741667,156,60.000000,60
req-00007306,156758333,156,60.000000,60
req-00007307,156775000,156,60.000000,60
req-00007308,156791667,156,60.000000,60
req-00007309,156808333,156,60.000000,60
req-00007310,156825000,156,60.000000,60
req-00007311,156841667,156,60.000000,60
req-00007312,156858333,156,60.000000,60
req-00007313,156875000,156,60.000000,60
req-00007314,156891667,156,60.000000,60
req-00007315,156908333,156,60.000000,60
req-00007316,156925000,156,60.000000,60
req-00007317,156941667,156,60.000000,60
req-00007318,156958333,156,60.000000,60
req-00007319,156975000,156,60.000000,60
req-00007320,156991667,156,60.000000,60
req-00007321,157008333,157,60.000000,60
req-00007322,157025000,157,60.000000,60
req-00007323,157041667,157,60.000000,60
req-00007324,157058333,157,60.000000,60
req-00007325,157075000,157,60.000000,60
req-00007326,157091667,157,60.000000,60
req-00007327,157108333,157,60.000000,60
req-00007328,157125000,157,60.000000,60
req-00007329,157141667,157,60.000000,60
req-00007330,157158333,157,60.000000,60
req-00007331,157175000,157,60.000000,60
req-00007332,157191667,157,60.000000,60
req-00007333,157208333,157,60.000000,60
req-00007334,157225000,157,60.000000,60
req-00007335,157241667,157,60.000000,60
req-00007336,157258333,157,60.000000,60
req-00007337,157275000,157,60.000000,60
req-00007338,157291667,157,60.000000,60
req-00007339,157308333,157,60.000000,60
req-00007340,157325000,157,60.000000,60
req-00007341,157341667,157,60.000000,60
req-00007342,157358333,157,60.000000,60
req-00007343,157375000,157,60.000000,60
req-00007344,157391667,157,60.000000,60
req-00007345,157408333,157,60.000000,60
req-00007346,157425000,157,60.000000,60
req-00007347,157441667,157,60.000000,60
req-00007348,157458333,157,60.000000,60
req-00007349,157475000,157,60.000000,60
req-00007350,157491667,157,60.000000,60
req-00007351,157508333,157,60.000000,60
req-00007352,157525000,157,60.000000,60
req-00007353,157541667,157,60.000000,60
req-00007354,157558333,157,60.000000,60
req-00007355,157575000,157,60.000000,60
req-00007356,157591667,157,60.000000,60
req-00007357,157608333,157,60.000000,60
req-00007358,157625000,157,60.000000,60
req-00007359,157641667,157,60.000000,60
req-00007360,157658333,157,60.000000,60
req-00007361,157675000,157,60.000000,60
req-00007362,157691667,157,60.000000,60
req-00007363,157708333,157,60.000000,60
req-00007364,157725000,157,60.000000,60
req-00007365,157741667,157,60.000000,60
req-00007366,157758333,157,60.000000,60
req-00007367,157775000,157,60.000000,60
req-00007368,157791667,157,60.000000,60
req-00007369,157808333,157,60.000000,60
req-00007370,157825000,157,60.000000,60
req-00007371,157841667,157,60.000000,60
req-00007372,157858333,157,60.000000,60
req-00007373,157875000,157,60.000000,60
req-00007374,157891667,157,60.000000,60
req-00007375,157908333,157,60.000000,60
req-00007376,157925000,157,60.000000,60
req-00007377,157941667,157,60.000000,60
req-00007378,157958333,157,60.000000,60
req-00007379,157975000,157,60.000000,60
req-00007380,157991667,157,60.000000,60
req-00007381,158008333,158,60.000000,60
req-00007382,158025000,158,60.000000,60
req-00007383,158041667,158,60.000000,60
req-00007384,158058333,158,60.000000,60
req-00007385,158075000,158,60.000000,60
req-00007386,158091667,158,60.000000,60
req-00007387,158108333,158,60.000000,60
req-00007388,158125000,158,60.000000,60
req-00007389,158141667,158,60.000000,60
req-00007390,158158333,158,60.000000,60
req-00007391,158175000,158,60.000000,60
req-00007392,158191667,158,60.000000,60
req-00007393,158208333,158,60.000000,60
req-00007394,158225000,158,60.000000,60
req-00007395,158241667,158,60.000000,60
req-00007396,158258333,158,60.000000,60
req-00007397,158275000,158,60.000000,60
req-00007398,158291667,158,60.000000,60
req-00007399,158308333,158,60.000000,60
req-00007400,158325000,158,60.000000,60
req-00007401,158341667,158,60.000000,60
req-00007402,158358333,158,60.000000,60
req-00007403,158375000,158,60.000000,60
req-00007404,158391667,158,60.000000,60
req-00007405,158408333,158,60.000000,60
req-00007406,158425000,158,60.000000,60
req-00007407,158441667,158,60.000000,60
req-00007408,158458333,158,60.000000,60
req-00007409,158475000,158,60.000000,60
req-00007410,158491667,158,60.000000,60
req-00007411,158508333,158,60.000000,60
req-00007412,158525000,158,60.000000,60
req-00007413,158541667,158,60.000000,60
req-00007414,158558333,158,60.000000,60
req-00007415,158575000,158,60.000000,60
req-00007416,158591667,158,60.000000,60
req-00007417,158608333,158,60.000000,60
req-00007418,158625000,158,60.000000,60
req-00007419,158641667,158,60.000000,60
req-00007420,158658333,158,60.000000,60
req-00007421,158675000,158,60.000000,60
req-00007422,158691667,158,60.000000,60
req-00007423,158708333,158,60.000000,60
req-00007424,158725000,158,60.000000,60
req-00007425,158741667,158,60.000000,60
req-00007426,158758333,158,60.000000,60
req-00007427,158775000,158,60.000000,60
req-00007428,158791667,158,60.000000,60
req-00007429,158808333,158,60.000000,60
req-00007430,158825000,158,60.000000,60
req-00007431,158841667,158,60.000000,60
req-00007432,158858333,158,60.000000,60
req-00007433,158875000,158,60.000000,60
req-00007434,158891667,158,60.000000,60
req-00007435,158908333,158,60.000000,60
req-00007436,158925000,158,60.000000,60
req-00007437,158941667,158,60.000000,60
req-00007438,158958333,158,60.000000,60
req-00007439,158975000,158,60.000000,60
req-00007440,158991667,158,60.000000,60
req-00007441,159008333,159,60.000000,60
req-00007442,159025000,159,60.000000,60
req-00007443,159041667,159,60.000000,60
req-00007444,159058333,159,60.000000,60
req-00007445,159075000,159,60.000000,60
req-00007446,159091667,159,60.000000,60
req-00007447,159108333,159,60.000000,60
req-00007448,159125000,159,60.000000,60
req-00007449,159141667,159,60.000000,60
req-00007450,159158333,159,60.000000,60
req-00007451,159175000,159,60.000000,60
req-00007452,159191667,159,60.000000,60
req-00007453,159208333,159,60.000000,60
req-00007454,159225000,159,60.000000,60
req-00007455,159241667,159,60.000000,60
req-00007456,159258333,159,60.000000,60
req-00007457,159275000,159,60.000000,60
req-00007458,159291667,159,60.000000,60
req-00007459,159308333,159,60.000000,60
req-00007460,159325000,159,60.000000,60
req-00007461,159341667,159,60.000000,60
req-00007462,159358333,159,60.000000,60
req-00007463,159375000,159,60.000000,60
req-00007464,159391667,159,60.000000,60
req-00007465,159408333,159,60.000000,60
req-00007466,159425000,159,60.000000,60
req-00007467,159441667,159,60.000000,60
req-00007468,159458333,159,60.000000,60
req-00007469,159475000,159,60.000000,60
req-00007470,159491667,159,60.000000,60
req-00007471,159508333,159,60.000000,60
req-00007472,159525000,159,60.000000,60
req-00007473,159541667,159,60.000000,60
req-00007474,159558333,159,60.000000,60
req-00007475,159575000,159,60.000000,60
req-00007476,159591667,159,60.000000,60
req-00007477,159608333,159,60.000000,60
req-00007478,159625000,159,60.000000,60
req-00007479,159641667,159,60.000000,60
req-00007480,159658333,159,60.000000,60
req-00007481,159675000,159,60.000000,60
req-00007482,159691667,159,60.000000,60
req-00007483,159708333,159,60.000000,60
req-00007484,159725000,159,60.000000,60
req-00007485,159741667,159,60.000000,60
req-00007486,159758333,159,60.000000,60
req-00007487,159775000,159,60.000000,60
req-00007488,159791667,159,60.000000,60
req-00007489,159808333,159,60.000000,60
req-00007490,159825000,159,60.000000,60
req-00007491,159841667,159,60.000000,60
req-00007492,159858333,159,60.000000,60
req-00007493,159875000,159,60.000000,60
req-00007494,159891667,159,60.000000,60
req-00007495,159908333,159,60.000000,60
req-00007496,159925000,159,60.000000,60
req-00007497,159941667,159,60.000000,60
req-00007498,159958333,159,60.000000,60
req-00007499,159975000,159,60.000000,60
req-00007500,159991667,159,60.000000,60
req-00007501,160008333,160,60.000000,60
req-00007502,160025000,160,60.000000,60
req-00007503,160041667,160,60.000000,60
req-00007504,160058333,160,60.000000,60
req-00007505,160075000,160,60.000000,60
req-00007506,160091667,160,60.000000,60
req-00007507,160108333,160,60.000000,60
req-00007508,160125000,160,60.000000,60
req-00007509,160141667,160,60.000000,60
req-00007510,160158333,160,60.000000,60
req-00007511,160175000,160,60.000000,60
req-00007512,160191667,160,60.000000,60
req-00007513,160208333,160,60.000000,60
req-00007514,160225000,160,60.000000,60
req-00007515,160241667,160,60.000000,60
req-00007516,160258333,160,60.000000,60
req-00007517,160275000,160,60.000000,60
req-00007518,160291667,160,60.000000,60
req-00007519,160308333,160,60.000000,60
req-00007520,160325000,160,60.000000,60
req-00007521,160341667,160,60.000000,60
req-00007522,160358333,160,60.000000,60
req-00007523,160375000,160,60.000000,60
req-00007524,160391667,160,60.000000,60
req-00007525,160408333,160,60.000000,60
req-00007526,160425000,160,60.000000,60
req-00007527,160441667,160,60.000000,60
req-00007528,160458333,160,60.000000,60
req-00007529,160475000,160,60.000000,60
req-00007530,160491667,160,60.000000,60
req-00007531,160508333,160,60.000000,60
req-00007532,160525000,160,60.000000,60
req-00007533,160541667,160,60.000000,60
req-00007534,160558333,160,60.000000,60
req-00007535,160575000,160,60.000000,60
req-00007536,160591667,160,60.000000,60
req-00007537,160608333,160,60.000000,60
req-00007538,160625000,160,60.000000,60
req-00007539,160641667,160,60.000000,60
req-00007540,160658333,160,60.000000,60
req-00007541,160675000,160,60.000000,60
req-00007542,160691667,160,60.000000,60
req-00007543,160708333,160,60.000000,60
req-00007544,160725000,160,60.000000,60
req-00007545,160741667,160,60.000000,60
req-00007546,160758333,160,60.000000,60
req-00007547,160775000,160,60.000000,60
req-00007548,160791667,160,60.000000,60
req-00007549,160808333,160,60.000000,60
req-00007550,160825000,160,60.000000,60
req-00007551,160841667,160,60.000000,60
req-00007552,160858333,160,60.000000,60
req-00007553,160875000,160,60.000000,60
req-00007554,160891667,160,60.000000,60
req-00007555,160908333,160,60.000000,60
req-00007556,160925000,160,60.000000,60
req-00007557,160941667,160,60.000000,60
req-00007558,160958333,160,60.000000,60
req-00007559,160975000,160,60.000000,60
req-00007560,160991667,160,60.000000,60
req-00007561,161008333,161,60.000000,60
req-00007562,161025000,161,60.000000,60
req-00007563,161041667,161,60.000000,60
req-00007564,161058333,161,60.000000,60
req-00007565,161075000,161,60.000000,60
req-00007566,161091667,161,60.000000,60
req-00007567,161108333,161,60.000000,60
req-00007568,161125000,161,60.000000,60
req-00007569,161141667,161,60.000000,60
req-00007570,161158333,161,60.000000,60
req-00007571,161175000,161,60.000000,60
req-00007572,161191667,161,60.000000,60
req-00007573,161208333,161,60.000000,60
req-00007574,161225000,161,60.000000,60
req-00007575,161241667,161,60.000000,60
req-00007576,161258333,161,60.000000,60
req-00007577,161275000,161,60.000000,60
req-00007578,161291667,161,60.000000,60
req-00007579,161308333,161,60.000000,60
req-00007580,161325000,161,60.000000,60
req-00007581,161341667,161,60.000000,60
req-00007582,161358333,161,60.000000,60
req-00007583,161375000,161,60.000000,60
req-00007584,161391667,161,60.000000,60
req-00007585,161408333,161,60.000000,60
req-00007586,161425000,161,60.000000,60
req-00007587,161441667,161,60.000000,60
req-00007588,161458333,161,60.000000,60
req-00007589,161475000,161,60.000000,60
req-00007590,161491667,161,60.000000,60
req-00007591,161508333,161,60.000000,60
req-00007592,161525000,161,60.000000,60
req-00007593,161541667,161,60.000000,60
req-00007594,161558333,161,60.000000,60
req-00007595,161575000,161,60.000000,60
req-00007596,161591667,161,60.000000,60
req-00007597,161608333,161,60.000000,60
req-00007598,161625000,161,60.000000,60
req-00007599,161641667,161,60.000000,60
req-00007600,161658333,161,60.000000,60
req-00007601,161675000,161,60.000000,60
req-00007602,161691667,161,60.000000,60
req-00007603,161708333,161,60.000000,60
req-00007604,161725000,161,60.000000,60
req-00007605,161741667,161,60.000000,60
req-00007606,161758333,161,60.000000,60
req-00007607,161775000,161,60.000000,60
req-00007608,161791667,161,60.000000,60
req-00007609,161808333,161,60.000000,60
req-00007610,161825000,161,60.000000,60
req-00007611,161841667,161,60.000000,60
req-00007612,161858333,161,60.000000,60
req-00007613,161875000,161,60.000000,60
req-00007614,161891667,161,60.000000,60
req-00007615,161908333,161,60.000000,60
req-00007616,161925000,161,60.000000,60
req-00007617,161941667,161,60.000000,60
req-00007618,161958333,161,60.000000,60
req-00007619,161975000,161,60.000000,60
req-00007620,161991667,161,60.000000,60
req-00007621,162008333,162,60.000000,60
req-00007622,162025000,162,60.000000,60
req-00007623,162041667,162,60.000000,60
req-00007624,162058333,162,60.000000,60
req-00007625,162075000,162,60.000000,60
req-00007626,162091667,162,60.000000,60
req-00007627,162108333,162,60.000000,60
req-00007628,162125000,162,60.000000,60
req-00007629,162141667,162,60.000000,60
req-00007630,162158333,162,60.000000,60
req-00007631,162175000,162,60.000000,60
req-00007632,162191667,162,60.000000,60
req-00007633,162208333,162,60.000000,60
req-00007634,162225000,162,60.000000,60
req-00007635,162241667,162,60.000000,60
req-00007636,162258333,162,60.000000,60
req-00007637,162275000,162,60.000000,60
req-00007638,162291667,162,60.000000,60
req-00007639,162308333,162,60.000000,60
req-00007640,162325000,162,60.000000,60
req-00007641,162341667,162,60.000000,60
req-00007642,162358333,162,60.000000,60
req-00007643,162375000,162,60.000000,60
req-00007644,162391667,162,60.000000,60
req-00007645,162408333,162,60.000000,60
req-00007646,162425000,162,60.000000,60
req-00007647,162441667,162,60.000000,60
req-00007648,162458333,162,60.000000,60
req-00007649,162475000,162,60.000000,60
req-00007650,162491667,162,60.000000,60
req-00007651,162508333,162,60.000000,60
req-00007652,162525000,162,60.000000,60
req-00007653,162541667,162,60.000000,60
req-00007654,162558333,162,60.000000,60
req-00007655,162575000,162,60.000000,60
req-00007656,162591667,162,60.000000,60
req-00007657,162608333,162,60.000000,60
req-00007658,162625000,162,60.000000,60
req-00007659,162641667,162,60.000000,60
req-00007660,162658333,162,60.000000,60
req-00007661,162675000,162,60.000000,60
req-00007662,162691667,162,60.000000,60
req-00007663,162708333,162,60.000000,60
req-00007664,162725000,162,60.000000,60
req-00007665,162741667,162,60.000000,60
req-00007666,162758333,162,60.000000,60
req-00007667,162775000,162,60.000000,60
req-00007668,162791667,162,60.000000,60
req-00007669,162808333,162,60.000000,60
req-00007670,162825000,162,60.000000,60
req-00007671,162841667,162,60.000000,60
req-00007672,162858333,162,60.000000,60
req-00007673,162875000,162,60.000000,60
req-00007674,162891667,162,60.000000,60
req-00007675,162908333,162,60.000000,60
req-00007676,162925000,162,60.000000,60
req-00007677,162941667,162,60.000000,60
req-00007678,162958333,162,60.000000,60
req-00007679,162975000,162,60.000000,60
req-00007680,162991667,162,60.000000,60
req-00007681,163008333,163,60.000000,60
req-00007682,163025000,163,60.000000,60
req-00007683,163041667,163,60.000000,60
req-00007684,163058333,163,60.000000,60
req-00007685,163075000,163,60.000000,60
req-00007686,163091667,163,60.000000,60
req-00007687,163108333,163,60.000000,60
req-00007688,163125000,163,60.000000,60
req-00007689,163141667,163,60.000000,60
req-00007690,163158333,163,60.000000,60
req-00007691,163175000,163,60.000000,60
req-00007692,163191667,163,60.000000,60
req-00007693,163208333,163,60.000000,60
req-00007694,163225000,163,60.000000,60
req-00007695,163241667,163,60.000000,60
req-00007696,163258333,163,60.000000,60
req-00007697,163275000,163,60.000000,60
req-00007698,163291667,163,60.000000,60
req-00007699,163308333,163,60.000000,60
req-00007700,163325000,163,60.000000,60
req-00007701,163341667,163,60.000000,60
req-00007702,163358333,163,60.000000,60
req-00007703,163375000,163,60.000000,60
req-00007704,163391667,163,60.000000,60
req-00007705,163408333,163,60.000000,60
req-00007706,163425000,163,60.000000,60
req-00007707,163441667,163,60.000000,60
req-00007708,163458333,163,60.000000,60
req-00007709,163475000,163,60.000000,60
req-00007710,163491667,163,60.000000,60
req-00007711,163508333,163,60.000000,60
req-00007712,163525000,163,60.000000,60
req-00007713,163541667,163,60.000000,60
req-00007714,163558333,163,60.000000,60
req-00007715,163575000,163,60.000000,60
req-00007716,163591667,163,60.000000,60
req-00007717,163608333,163,60.000000,60
req-00007718,163625000,163,60.000000,60
req-00007719,163641667,163,60.000000,60
req-00007720,163658333,163,60.000000,60
req-00007721,163675000,163,60.000000,60
req-00007722,163691667,163,60.000000,60
req-00007723,163708333,163,60.000000,60
req-00007724,163725000,163,60.000000,60
req-00007725,163741667,163,60.000000,60
req-00007726,163758333,163,60.000000,60
req-00007727,163775000,163,60.000000,60
req-00007728,163791667,163,60.000000,60
req-00007729,163808333,163,60.000000,60
req-00007730,163825000,163,60.000000,60
req-00007731,163841667,163,60.000000,60
req-00007732,163858333,163,60.000000,60
req-00007733,163875000,163,60.000000,60
req-00007734,163891667,163,60.000000,60
req-00007735,163908333,163,60.000000,60
req-00007736,163925000,163,60.000000,60
req-00007737,163941667,163,60.000000,60
req-00007738,163958333,163,60.000000,60
req-00007739,163975000,163,60.000000,60
req-00007740,163991667,163,60.000000,60
req-00007741,164008333,164,60.000000,60
req-00007742,164025000,164,60.000000,60
req-00007743,164041667,164,60.000000,60
req-00007744,164058333,164,60.000000,60
req-00007745,164075000,164,60.000000,60
req-00007746,164091667,164,60.000000,60
req-00007747,164108333,164,60.000000,60
req-00007748,164125000,164,60.000000,60
req-00007749,164141667,164,60.000000,60
req-00007750,164158333,164,60.000000,60
req-00007751,164175000,164,60.000000,60
req-00007752,164191667,164,60.000000,60
req-00007753,164208333,164,60.000000,60
req-00007754,164225000,164,60.000000,60
req-00007755,164241667,164,60.000000,60
req-00007756,164258333,164,60.000000,60
req-00007757,164275000,164,60.000000,60
req-00007758,164291667,164,60.000000,60
req-00007759,164308333,164,60.000000,60
req-00007760,164325000,164,60.000000,60
req-00007761,164341667,164,60.000000,60
req-00007762,164358333,164,60.000000,60
req-00007763,164375000,164,60.000000,60
req-00007764,164391667,164,60.000000,60
req-00007765,164408333,164,60.000000,60
req-00007766,164425000,164,60.000000,60
req-00007767,164441667,164,60.000000,60
req-00007768,164458333,164,60.000000,60
req-00007769,164475000,164,60.000000,60
req-00007770,164491667,164,60.000000,60
req-00007771,164508333,164,60.000000,60
req-00007772,164525000,164,60.000000,60
req-00007773,164541667,164,60.000000,60
req-00007774,164558333,164,60.000000,60
req-00007775,164575000,164,60.000000,60
req-00007776,164591667,164,60.000000,60
req-00007777,164608333,164,60.000000,60
req-00007778,164625000,164,60.000000,60
req-00007779,164641667,164,60.000000,60
req-00007780,164658333,164,60.000000,60
req-00007781,164675000,164,60.000000,60
req-00007782,164691667,164,60.000000,60
req-00007783,164708333,164,60.000000,60
req-00007784,164725000,164,60.000000,60
req-00007785,164741667,164,60.000000,60
req-00007786,164758333,164,60.000000,60
req-00007787,164775000,164,60.000000,60
req-00007788,164791667,164,60.000000,60
req-00007789,164808333,164,60.000000,60
req-00007790,164825000,164,60.000000,60
req-00007791,164841667,164,60.000000,60
req-00007792,164858333,164,60.000000,60
req-00007793,164875000,164,60.000000,60
req-00007794,164891667,164,60.000000,60
req-00007795,164908333,164,60.000000,60
req-00007796,164925000,164,60.000000,60
req-00007797,164941667,164,60.000000,60
req-00007798,164958333,164,60.000000,60
req-00007799,164975000,164,60.000000,60
req-00007800,164991667,164,60.000000,60
req-00007801,165008333,165,60.000000,60
req-00007802,165025000,165,60.000000,60
req-00007803,165041667,165,60.000000,60
req-00007804,165058333,165,60.000000,60
req-00007805,165075000,165,60.000000,60
req-00007806,165091667,165,60.000000,60
req-00007807,165108333,165,60.000000,60
req-00007808,165125000,165,60.000000,60
req-00007809,165141667,165,60.000000,60
req-00007810,165158333,165,60.000000,60
req-00007811,165175000,165,60.000000,60
req-00007812,165191667,165,60.000000,60
req-00007813,165208333,165,60.000000,60
req-00007814,165225000,165,60.000000,60
req-00007815,165241667,165,60.000000,60
req-00007816,165258333,165,60.000000,60
req-00007817,165275000,165,60.000000,60
req-00007818,165291667,165,60.000000,60
req-00007819,165308333,165,60.000000,60
req-00007820,165325000,165,60.000000,60
req-00007821,165341667,165,60.000000,60
req-00007822,165358333,165,60.000000,60
req-00007823,165375000,165,60.000000,60
req-00007824,165391667,165,60.000000,60
req-00007825,165408333,165,60.000000,60
req-00007826,165425000,165,60.000000,60
req-00007827,165441667,165,60.000000,60
req-00007828,165458333,165,60.000000,60
req-00007829,165475000,165,60.000000,60
req-00007830,165491667,165,60.000000,60
req-00007831,165508333,165,60.000000,60
req-00007832,165525000,165,60.000000,60
req-00007833,165541667,165,60.000000,60
req-00007834,165558333,165,60.000000,60
req-00007835,165575000,165,60.000000,60
req-00007836,165591667,165,60.000000,60
req-00007837,165608333,165,60.000000,60
req-00007838,165625000,165,60.000000,60
req-00007839,165641667,165,60.000000,60
req-00007840,165658333,165,60.000000,60
req-00007841,165675000,165,60.000000,60
req-00007842,165691667,165,60.000000,60
req-00007843,165708333,165,60.000000,60
req-00007844,165725000,165,60.000000,60
req-00007845,165741667,165,60.000000,60
req-00007846,165758333,165,60.000000,60
req-00007847,165775000,165,60.000000,60
req-00007848,165791667,165,60.000000,60
req-00007849,165808333,165,60.000000,60
req-00007850,165825000,165,60.000000,60
req-00007851,165841667,165,60.000000,60
req-00007852,165858333,165,60.000000,60
req-00007853,165875000,165,60.000000,60
req-00007854,165891667,165,60.000000,60
req-00007855,165908333,165,60.000000,60
req-00007856,165925000,165,60.000000,60
req-00007857,165941667,165,60.000000,60
req-00007858,165958333,165,60.000000,60
req-00007859,165975000,165,60.000000,60
req-00007860,165991667,165,60.000000,60
req-00007861,166008333,166,60.000000,60
req-00007862,166025000,166,60.000000,60
req-00007863,166041667,166,60.000000,60
req-00007864,166058333,166,60.000000,60
req-00007865,166075000,166,60.000000,60
req-00007866,166091667,166,60.000000,60
req-00007867,166108333,166,60.000000,60
req-00007868,166125000,166,60.000000,60
req-00007869,166141667,166,60.000000,60
req-00007870,166158333,166,60.000000,60
req-00007871,166175000,166,60.000000,60
req-00007872,166191667,166,60.000000,60
req-00007873,166208333,166,60.000000,60
req-00007874,166225000,166,60.000000,60
req-00007875,166241667,166,60.000000,60
req-00007876,166258333,166,60.000000,60
req-00007877,166275000,166,60.000000,60
req-00007878,166291667,166,60.000000,60
req-00007879,166308333,166,60.000000,60
req-00007880,166325000,166,60.000000,60
req-00007881,166341667,166,60.000000,60
req-00007882,166358333,166,60.000000,60
req-00007883,166375000,166,60.000000,60
req-00007884,166391667,166,60.000000,60
req-00007885,166408333,166,60.000000,60
req-00007886,166425000,166,60.000000,60
req-00007887,166441667,166,60.000000,60
req-00007888,166458333,166,60.000000,60
req-00007889,166475000,166,60.000000,60
req-00007890,166491667,166,60.000000,60
req-00007891,166508333,166,60.000000,60
req-00007892,166525000,166,60.000000,60
req-00007893,166541667,166,60.000000,60
req-00007894,166558333,166,60.000000,60
req-00007895,166575000,166,60.000000,60
req-00007896,166591667,166,60.000000,60
req-00007897,166608333,166,60.000000,60
req-00007898,166625000,166,60.000000,60
req-00007899,166641667,166,60.000000,60
req-00007900,166658333,166,60.000000,60
req-00007901,166675000,166,60.000000,60
req-00007902,166691667,166,60.000000,60
req-00007903,166708333,166,60.000000,60
req-00007904,166725000,166,60.000000,60
req-00007905,166741667,166,60.000000,60
req-00007906,166758333,166,60.000000,60
req-00007907,166775000,166,60.000000,60
req-00007908,166791667,166,60.000000,60
req-00007909,166808333,166,60.000000,60
req-00007910,166825000,166,60.000000,60
req-00007911,166841667,166,60.000000,60
req-00007912,166858333,166,60.000000,60
req-00007913,166875000,166,60.000000,60
req-00007914,166891667,166,60.000000,60
req-00007915,166908333,166,60.000000,60
req-00007916,166925000,166,60.000000,60
req-00007917,166941667,166,60.000000,60
req-00007918,166958333,166,60.000000,60
req-00007919,166975000,166,60.000000,60
req-00007920,166991667,166,60.000000,60
req-00007921,167008333,167,60.000000,60
req-00007922,167025000,167,60.000000,60
req-00007923,167041667,167,60.000000,60
req-00007924,167058333,167,60.000000,60
req-00007925,167075000,167,60.000000,60
req-00007926,167091667,167,60.000000,60
req-00007927,167108333,167,60.000000,60
req-00007928,167125000,167,60.000000,60
req-00007929,167141667,167,60.000000,60
req-00007930,167158333,167,60.000000,60
req-00007931,167175000,167,60.000000,60
req-00007932,167191667,167,60.000000,60
req-00007933,167208333,167,60.000000,60
req-00007934,167225000,167,60.000000,60
req-00007935,167241667,167,60.000000,60
req-00007936,167258333,167,60.000000,60
req-00007937,167275000,167,60.000000,60
req-00007938,167291667,167,60.000000,60
req-00007939,167308333,167,60.000000,60
req-00007940,167325000,167,60.000000,60
req-00007941,167341667,167,60.000000,60
req-00007942,167358333,167,60.000000,60
req-00007943,167375000,167,60.000000,60
req-00007944,167391667,167,60.000000,60
req-00007945,167408333,167,60.000000,60
req-00007946,167425000,167,60.000000,60
req-00007947,167441667,167,60.000000,60
req-00007948,167458333,167,60.000000,60
req-00007949,167475000,167,60.000000,60
req-00007950,167491667,167,60.000000,60
req-00007951,167508333,167,60.000000,60
req-00007952,167525000,167,60.000000,60
req-00007953,167541667,167,60.000000,60
req-00007954,167558333,167,60.000000,60
req-00007955,167575000,167,60.000000,60
req-00007956,167591667,167,60.000000,60
req-00007957,167608333,167,60.000000,60
req-00007958,167625000,167,60.000000,60
req-00007959,167641667,167,60.000000,60
req-00007960,167658333,167,60.000000,60
req-00007961,167675000,167,60.000000,60
req-00007962,167691667,167,60.000000,60
req-00007963,167708333,167,60.000000,60
req-00007964,167725000,167,60.000000,60
req-00007965,167741667,167,60.000000,60
req-00007966,167758333,167,60.000000,60
req-00007967,167775000,167,60.000000,60
req-00007968,167791667,167,60.000000,60
req-00007969,167808333,167,60.000000,60
req-00007970,167825000,167,60.000000,60
req-00007971,167841667,167,60.000000,60
req-00007972,167858333,167,60.000000,60
req-00007973,167875000,167,60.000000,60
req-00007974,167891667,167,60.000000,60
req-00007975,167908333,167,60.000000,60
req-00007976,167925000,167,60.000000,60
req-00007977,167941667,167,60.000000,60
req-00007978,167958333,167,60.000000,60
req-00007979,167975000,167,60.000000,60
req-00007980,167991667,167,60.000000,60
req-00007981,168008333,168,60.000000,60
req-00007982,168025000,168,60.000000,60
req-00007983,168041667,168,60.000000,60
req-00007984,168058333,168,60.000000,60
req-00007985,168075000,168,60.000000,60
req-00007986,168091667,168,60.000000,60
req-00007987,168108333,168,60.000000,60
req-00007988,168125000,168,60.000000,60
req-00007989,168141667,168,60.000000,60
req-00007990,168158333,168,60.000000,60
req-00007991,168175000,168,60.000000,60
req-00007992,168191667,168,60.000000,60
req-00007993,168208333,168,60.000000,60
req-00007994,168225000,168,60.000000,60
req-00007995,168241667,168,60.000000,60
req-00007996,168258333,168,60.000000,60
req-00007997,168275000,168,60.000000,60
req-00007998,168291667,168,60.000000,60
req-00007999,168308333,168,60.000000,60
req-00008000,168325000,168,60.000000,60
req-00008001,168341667,168,60.000000,60
req-00008002,168358333,168,60.000000,60
req-00008003,168375000,168,60.000000,60
req-00008004,168391667,168,60.000000,60
req-00008005,168408333,168,60.000000,60
req-00008006,168425000,168,60.000000,60
req-00008007,168441667,168,60.000000,60
req-00008008,168458333,168,60.000000,60
req-00008009,168475000,168,60.000000,60
req-00008010,168491667,168,60.000000,60
req-00008011,168508333,168,60.000000,60
req-00008012,168525000,168,60.000000,60
req-00008013,168541667,168,60.000000,60
req-00008014,168558333,168,60.000000,60
req-00008015,168575000,168,60.000000,60
req-00008016,168591667,168,60.000000,60
req-00008017,168608333,168,60.000000,60
req-00008018,168625000,168,60.000000,60
req-00008019,168641667,168,60.000000,60
req-00008020,168658333,168,60.000000,60
req-00008021,168675000,168,60.000000,60
req-00008022,168691667,168,60.000000,60
req-00008023,168708333,168,60.000000,60
req-00008024,168725000,168,60.000000,60
req-00008025,168741667,168,60.000000,60
req-00008026,168758333,168,60.000000,60
req-00008027,168775000,168,60.000000,60
req-00008028,168791667,168,60.000000,60
req-00008029,168808333,168,60.000000,60
req-00008030,168825000,168,60.000000,60
req-00008031,168841667,168,60.000000,60
req-00008032,168858333,168,60.000000,60
req-00008033,168875000,168,60.000000,60
req-00008034,168891667,168,60.000000,60
req-00008035,168908333,168,60.000000,60
req-00008036,168925000,168,60.000000,60
req-00008037,168941667,168,60.000000,60
req-00008038,168958333,168,60.000000,60
req-00008039,168975000,168,60.000000,60
req-00008040,168991667,168,60.000000,60
req-00008041,169008333,169,60.000000,60
req-00008042,169025000,169,60.000000,60
req-00008043,169041667,169,60.000000,60
req-00008044,169058333,169,60.000000,60
req-00008045,169075000,169,60.000000,60
req-00008046,169091667,169,60.000000,60
req-00008047,169108333,169,60.000000,60
req-00008048,169125000,169,60.000000,60
req-00008049,169141667,169,60.000000,60
req-00008050,169158333,169,60.000000,60
req-00008051,169175000,169,60.000000,60
req-00008052,169191667,169,60.000000,60
req-00008053,169208333,169,60.000000,60
req-00008054,169225000,169,60.000000,60
req-00008055,169241667,169,60.000000,60
req-00008056,169258333,169,60.000000,60
req-00008057,169275000,169,60.000000,60
req-00008058,169291667,169,60.000000,60
req-00008059,169308333,169,60.000000,60
req-00008060,169325000,169,60.000000,60
req-00008061,169341667,169,60.000000,60
req-00008062,169358333,169,60.000000,60
req-00008063,169375000,169,60.000000,60
req-00008064,169391667,169,60.000000,60
req-00008065,169408333,169,60.000000,60
req-00008066,169425000,169,60.000000,60
req-00008067,169441667,169,60.000000,60
req-00008068,169458333,169,60.000000,60
req-00008069,169475000,169,60.000000,60
req-00008070,169491667,169,60.000000,60
req-00008071,169508333,169,60.000000,60
req-00008072,169525000,169,60.000000,60
req-00008073,169541667,169,60.000000,60
req-00008074,169558333,169,60.000000,60
req-00008075,169575000,169,60.000000,60
req-00008076,169591667,169,60.000000,60
req-00008077,169608333,169,60.000000,60
req-00008078,169625000,169,60.000000,60
req-00008079,169641667,169,60.000000,60
req-00008080,169658333,169,60.000000,60
req-00008081,169675000,169,60.000000,60
req-00008082,169691667,169,60.000000,60
req-00008083,169708333,169,60.000000,60
req-00008084,169725000,169,60.000000,60
req-00008085,169741667,169,60.000000,60
req-00008086,169758333,169,60.000000,60
req-00008087,169775000,169,60.000000,60
req-00008088,169791667,169,60.000000,60
req-00008089,169808333,169,60.000000,60
req-00008090,169825000,169,60.000000,60
req-00008091,169841667,169,60.000000,60
req-00008092,169858333,169,60.000000,60
req-00008093,169875000,169,60.000000,60
req-00008094,169891667,169,60.000000,60
req-00008095,169908333,169,60.000000,60
req-00008096,169925000,169,60.000000,60
req-00008097,169941667,169,60.000000,60
req-00008098,169958333,169,60.000000,60
req-00008099,169975000,169,60.000000,60
req-00008100,169991667,169,60.000000,60
req-00008101,170008333,170,60.000000,60
req-00008102,170025000,170,60.000000,60
req-00008103,170041667,170,60.000000,60
req-00008104,170058333,170,60.000000,60
req-00008105,170075000,170,60.000000,60
req-00008106,170091667,170,60.000000,60
req-00008107,170108333,170,60.000000,60
req-00008108,170125000,170,60.000000,60
req-00008109,170141667,170,60.000000,60
req-00008110,170158333,170,60.000000,60
req-00008111,170175000,170,60.000000,60
req-00008112,170191667,170,60.000000,60
req-00008113,170208333,170,60.000000,60
req-00008114,170225000,170,60.000000,60
req-00008115,170241667,170,60.000000,60
req-00008116,170258333,170,60.000000,60
req-00008117,170275000,170,60.000000,60
req-00008118,170291667,170,60.000000,60
req-00008119,170308333,170,60.000000,60
req-00008120,170325000,170,60.000000,60
req-00008121,170341667,170,60.000000,60
req-00008122,170358333,170,60.000000,60
req-00008123,170375000,170,60.000000,60
req-00008124,170391667,170,60.000000,60
req-00008125,170408333,170,60.000000,60
req-00008126,170425000,170,60.000000,60
req-00008127,170441667,170,60.000000,60
req-00008128,170458333,170,60.000000,60
req-00008129,170475000,170,60.000000,60
req-00008130,170491667,170,60.000000,60
req-00008131,170508333,170,60.000000,60
req-00008132,170525000,170,60.000000,60
req-00008133,170541667,170,60.000000,60
req-00008134,170558333,170,60.000000,60
req-00008135,170575000,170,60.000000,60
req-00008136,170591667,170,60.000000,60
req-00008137,170608333,170,60.000000,60
req-00008138,170625000,170,60.000000,60
req-00008139,170641667,170,60.000000,60
req-00008140,170658333,170,60.000000,60
req-00008141,170675000,170,60.000000,60
req-00008142,170691667,170,60.000000,60
req-00008143,170708333,170,60.000000,60
req-00008144,170725000,170,60.000000,60
req-00008145,170741667,170,60.000000,60
req-00008146,170758333,170,60.000000,60
req-00008147,170775000,170,60.000000,60
req-00008148,170791667,170,60.000000,60
req-00008149,170808333,170,60.000000,60
req-00008150,170825000,170,60.000000,60
req-00008151,170841667,170,60.000000,60
req-00008152,170858333,170,60.000000,60
req-00008153,170875000,170,60.000000,60
req-00008154,170891667,170,60.000000,60
req-00008155,170908333,170,60.000000,60
req-00008156,170925000,170,60.000000,60
req-00008157,170941667,170,60.000000,60
req-00008158,170958333,170,60.000000,60
req-00008159,170975000,170,60.000000,60
req-00008160,170991667,170,60.000000,60
req-00008161,171008333,171,60.000000,60
req-00008162,171025000,171,60.000000,60
req-00008163,171041667,171,60.000000,60
req-00008164,171058333,171,60.000000,60
req-00008165,171075000,171,60.000000,60
req-00008166,171091667,171,60.000000,60
req-00008167,171108333,171,60.000000,60
req-00008168,171125000,171,60.000000,60
req-00008169,171141667,171,60.000000,60
req-00008170,171158333,171,60.000000,60
req-00008171,171175000,171,60.000000,60
req-00008172,171191667,171,60.000000,60
req-00008173,171208333,171,60.000000,60
req-00008174,171225000,171,60.000000,60
req-00008175,171241667,171,60.000000,60
req-00008176,171258333,171,60.000000,60
req-00008177,171275000,171,60.000000,60
req-00008178,171291667,171,60.000000,60
req-00008179,171308333,171,60.000000,60
req-00008180,171325000,171,60.000000,60
req-00008181,171341667,171,60.000000,60
req-00008182,171358333,171,60.000000,60
req-00008183,171375000,171,60.000000,60
req-00008184,171391667,171,60.000000,60
req-00008185,171408333,171,60.000000,60
req-00008186,171425000,171,60.000000,60
req-00008187,171441667,171,60.000000,60
req-00008188,171458333,171,60.000000,60
req-00008189,171475000,171,60.000000,60
req-00008190,171491667,171,60.000000,60
req-00008191,171508333,171,60.000000,60
req-00008192,171525000,171,60.000000,60
req-00008193,171541667,171,60.000000,60
req-00008194,171558333,171,60.000000,60
req-00008195,171575000,171,60.000000,60
req-00008196,171591667,171,60.000000,60
req-00008197,171608333,171,60.000000,60
req-00008198,171625000,171,60.000000,60
req-00008199,171641667,171,60.000000,60
req-00008200,171658333,171,60.000000,60
req-00008201,171675000,171,60.000000,60
req-00008202,171691667,171,60.000000,60
req-00008203,171708333,171,60.000000,60
req-00008204,171725000,171,60.000000,60
req-00008205,171741667,171,60.000000,60
req-00008206,171758333,171,60.000000,60
req-00008207,171775000,171,60.000000,60
req-00008208,171791667,171,60.000000,60
req-00008209,171808333,171,60.000000,60
req-00008210,171825000,171,60.000000,60
req-00008211,171841667,171,60.000000,60
req-00008212,171858333,171,60.000000,60
req-00008213,171875000,171,60.000000,60
req-00008214,171891667,171,60.000000,60
req-00008215,171908333,171,60.000000,60
req-00008216,171925000,171,60.000000,60
req-00008217,171941667,171,60.000000,60
req-00008218,171958333,171,60.000000,60
req-00008219,171975000,171,60.000000,60
req-00008220,171991667,171,60.000000,60
req-00008221,172008333,172,60.000000,60
req-00008222,172025000,172,60.000000,60
req-00008223,172041667,172,60.000000,60
req-00008224,172058333,172,60.000000,60
req-00008225,172075000,172,60.000000,60
req-00008226,172091667,172,60.000000,60
req-00008227,172108333,172,60.000000,60
req-00008228,172125000,172,60.000000,60
req-00008229,172141667,172,60.000000,60
req-00008230,172158333,172,60.000000,60
req-00008231,172175000,172,60.000000,60
req-00008232,172191667,172,60.000000,60
req-00008233,172208333,172,60.000000,60
req-00008234,172225000,172,60.000000,60
req-00008235,172241667,172,60.000000,60
req-00008236,172258333,172,60.000000,60
req-00008237,172275000,172,60.000000,60
req-00008238,172291667,172,60.000000,60
req-00008239,172308333,172,60.000000,60
req-00008240,172325000,172,60.000000,60
req-00008241,172341667,172,60.000000,60
req-00008242,172358333,172,60.000000,60
req-00008243,172375000,172,60.000000,60
req-00008244,172391667,172,60.000000,60
req-00008245,172408333,172,60.000000,60
req-00008246,172425000,172,60.000000,60
req-00008247,172441667,172,60.000000,60
req-00008248,172458333,172,60.000000,60
req-00008249,172475000,172,60.000000,60
req-00008250,172491667,172,60.000000,60
req-00008251,172508333,172,60.000000,60
req-00008252,172525000,172,60.000000,60
req-00008253,172541667,172,60.000000,60
req-00008254,172558333,172,60.000000,60
req-00008255,172575000,172,60.000000,60
req-00008256,172591667,172,60.000000,60
req-00008257,172608333,172,60.000000,60
req-00008258,172625000,172,60.000000,60
req-00008259,172641667,172,60.000000,60
req-00008260,172658333,172,60.000000,60
req-00008261,172675000,172,60.000000,60
req-00008262,172691667,172,60.000000,60
req-00008263,172708333,172,60.000000,60
req-00008264,172725000,172,60.000000,60
req-00008265,172741667,172,60.000000,60
req-00008266,172758333,172,60.000000,60
req-00008267,172775000,172,60.000000,60
req-00008268,172791667,172,60.000000,60
req-00008269,172808333,172,60.000000,60
req-00008270,172825000,172,60.000000,60
req-00008271,172841667,172,60.000000,60
req-00008272,172858333,172,60.000000,60
req-00008273,172875000,172,60.000000,60
req-00008274,172891667,172,60.000000,60
req-00008275,172908333,172,60.000000,60
req-00008276,172925000,172,60.000000,60
req-00008277,172941667,172,60.000000,60
req-00008278,172958333,172,60.000000,60
req-00008279,172975000,172,60.000000,60
req-00008280,172991667,172,60.000000,60
req-00008281,173008333,173,60.000000,60
req-00008282,173025000,173,60.000000,60
req-00008283,173041667,173,60.000000,60
req-00008284,173058333,173,60.000000,60
req-00008285,173075000,173,60.000000,60
req-00008286,173091667,173,60.000000,60
req-00008287,173108333,173,60.000000,60
req-00008288,173125000,173,60.000000,60
req-00008289,173141667,173,60.000000,60
req-00008290,173158333,173,60.000000,60
req-00008291,173175000,173,60.000000,60
req-00008292,173191667,173,60.000000,60
req-00008293,173208333,173,60.000000,60
req-00008294,173225000,173,60.000000,60
req-00008295,173241667,173,60.000000,60
req-00008296,173258333,173,60.000000,60
req-00008297,173275000,173,60.000000,60
req-00008298,173291667,173,60.000000,60
req-00008299,173308333,173,60.000000,60
req-00008300,173325000,173,60.000000,60
req-00008301,173341667,173,60.000000,60
req-00008302,173358333,173,60.000000,60
req-00008303,173375000,173,60.000000,60
req-00008304,173391667,173,60.000000,60
req-00008305,173408333,173,60.000000,60
req-00008306,173425000,173,60.000000,60
req-00008307,173441667,173,60.000000,60
req-00008308,173458333,173,60.000000,60
req-00008309,173475000,173,60.000000,60
req-00008310,173491667,173,60.000000,60
req-00008311,173508333,173,60.000000,60
req-00008312,173525000,173,60.000000,60
req-00008313,173541667,173,60.000000,60
req-00008314,173558333,173,60.000000,60
req-00008315,173575000,173,60.000000,60
req-00008316,173591667,173,60.000000,60
req-00008317,173608333,173,60.000000,60
req-00008318,173625000,173,60.000000,60
req-00008319,173641667,173,60.000000,60
req-00008320,173658333,173,60.000000,60
req-00008321,173675000,173,60.000000,60
req-00008322,173691667,173,60.000000,60
req-00008323,173708333,173,60.000000,60
req-00008324,173725000,173,60.000000,60
req-00008325,173741667,173,60.000000,60
req-00008326,173758333,173,60.000000,60
req-00008327,173775000,173,60.000000,60
req-00008328,173791667,173,60.000000,60
req-00008329,173808333,173,60.000000,60
req-00008330,173825000,173,60.000000,60
req-00008331,173841667,173,60.000000,60
req-00008332,173858333,173,60.000000,60
req-00008333,173875000,173,60.000000,60
req-00008334,173891667,173,60.000000,60
req-00008335,173908333,173,60.000000,60
req-00008336,173925000,173,60.000000,60
req-00008337,173941667,173,60.000000,60
req-00008338,173958333,173,60.000000,60
req-00008339,173975000,173,60.000000,60
req-00008340,173991667,173,60.000000,60
req-00008341,174008333,174,60.000000,60
req-00008342,174025000,174,60.000000,60
req-00008343,174041667,174,60.000000,60
req-00008344,174058333,174,60.000000,60
req-00008345,174075000,174,60.000000,60
req-00008346,174091667,174,60.000000,60
req-00008347,174108333,174,60.000000,60
req-00008348,174125000,174,60.000000,60
req-00008349,174141667,174,60.000000,60
req-00008350,174158333,174,60.000000,60
req-00008351,174175000,174,60.000000,60
req-00008352,174191667,174,60.000000,60
req-00008353,174208333,174,60.000000,60
req-00008354,174225000,174,60.000000,60
req-00008355,174241667,174,60.000000,60
req-00008356,174258333,174,60.000000,60
req-00008357,174275000,174,60.000000,60
req-00008358,174291667,174,60.000000,60
req-00008359,174308333,174,60.000000,60
req-00008360,174325000,174,60.000000,60
req-00008361,174341667,174,60.000000,60
req-00008362,174358333,174,60.000000,60
req-00008363,174375000,174,60.000000,60
req-00008364,174391667,174,60.000000,60
req-00008365,174408333,174,60.000000,60
req-00008366,174425000,174,60.000000,60
req-00008367,174441667,174,60.000000,60
req-00008368,174458333,174,60.000000,60
req-00008369,174475000,174,60.000000,60
req-00008370,174491667,174,60.000000,60
req-00008371,174508333,174,60.000000,60
req-00008372,174525000,174,60.000000,60
req-00008373,174541667,174,60.000000,60
req-00008374,174558333,174,60.000000,60
req-00008375,174575000,174,60.000000,60
req-00008376,174591667,174,60.000000,60
req-00008377,174608333,174,60.000000,60
req-00008378,174625000,174,60.000000,60
req-00008379,174641667,174,60.000000,60
req-00008380,174658333,174,60.000000,60
req-00008381,174675000,174,60.000000,60
req-00008382,174691667,174,60.000000,60
req-00008383,174708333,174,60.000000,60
req-00008384,174725000,174,60.000000,60
req-00008385,174741667,174,60.000000,60
req-00008386,174758333,174,60.000000,60
req-00008387,174775000,174,60.000000,60
req-00008388,174791667,174,60.000000,60
req-00008389,174808333,174,60.000000,60
req-00008390,174825000,174,60.000000,60
req-00008391,174841667,174,60.000000,60
req-00008392,174858333,174,60.000000,60
req-00008393,174875000,174,60.000000,60
req-00008394,174891667,174,60.000000,60
req-00008395,174908333,174,60.000000,60
req-00008396,174925000,174,60.000000,60
req-00008397,174941667,174,60.000000,60
req-00008398,174958333,174,60.000000,60
req-00008399,174975000,174,60.000000,60
req-00008400,174991667,174,60.000000,60
req-00008401,175008333,175,60.000000,60
req-00008402,175025000,175,60.000000,60
req-00008403,175041667,175,60.000000,60
req-00008404,175058333,175,60.000000,60
req-00008405,175075000,175,60.000000,60
req-00008406,175091667,175,60.000000,60
req-00008407,175108333,175,60.000000,60
req-00008408,175125000,175,60.000000,60
req-00008409,175141667,175,60.000000,60
req-00008410,175158333,175,60.000000,60
req-00008411,175175000,175,60.000000,60
req-00008412,175191667,175,60.000000,60
req-00008413,175208333,175,60.000000,60
req-00008414,175225000,175,60.000000,60
req-00008415,175241667,175,60.000000,60
req-00008416,175258333,175,60.000000,60
req-00008417,175275000,175,60.000000,60
req-00008418,175291667,175,60.000000,60
req-00008419,175308333,175,60.000000,60
req-00008420,175325000,175,60.000000,60
req-00008421,175341667,175,60.000000,60
req-00008422,175358333,175,60.000000,60
req-00008423,175375000,175,60.000000,60
req-00008424,175391667,175,60.000000,60
req-00008425,175408333,175,60.000000,60
req-00008426,175425000,175,60.000000,60
req-00008427,175441667,175,60.000000,60
req-00008428,175458333,175,60.000000,60
req-00008429,175475000,175,60.000000,60
req-00008430,175491667,175,60.000000,60
req-00008431,175508333,175,60.000000,60
req-00008432,175525000,175,60.000000,60
req-00008433,175541667,175,60.000000,60
req-00008434,175558333,175,60.000000,60
req-00008435,175575000,175,60.000000,60
req-00008436,175591667,175,60.000000,60
req-00008437,175608333,175,60.000000,60
req-00008438,175625000,175,60.000000,60
req-00008439,175641667,175,60.000000,60
req-00008440,175658333,175,60.000000,60
req-00008441,175675000,175,60.000000,60
req-00008442,175691667,175,60.000000,60
req-00008443,175708333,175,60.000000,60
req-00008444,175725000,175,60.000000,60
req-00008445,175741667,175,60.000000,60
req-00008446,175758333,175,60.000000,60
req-00008447,175775000,175,60.000000,60
req-00008448,175791667,175,60.000000,60
req-00008449,175808333,175,60.000000,60
req-00008450,175825000,175,60.000000,60
req-00008451,175841667,175,60.000000,60
req-00008452,175858333,175,60.000000,60
req-00008453,175875000,175,60.000000,60
req-00008454,175891667,175,60.000000,60
req-00008455,175908333,175,60.000000,60
req-00008456,175925000,175,60.000000,60
req-00008457,175941667,175,60.000000,60
req-00008458,175958333,175,60.000000,60
req-00008459,175975000,175,60.000000,60
req-00008460,175991667,175,60.000000,60
req-00008461,176008333,176,60.000000,60
req-00008462,176025000,176,60.000000,60
req-00008463,176041667,176,60.000000,60
req-00008464,176058333,176,60.000000,60
req-00008465,176075000,176,60.000000,60
req-00008466,176091667,176,60.000000,60
req-00008467,176108333,176,60.000000,60
req-00008468,176125000,176,60.000000,60
req-00008469,176141667,176,60.000000,60
req-00008470,176158333,176,60.000000,60
req-00008471,176175000,176,60.000000,60
req-00008472,176191667,176,60.000000,60
req-00008473,176208333,176,60.000000,60
req-00008474,176225000,176,60.000000,60
req-00008475,176241667,176,60.000000,60
req-00008476,176258333,176,60.000000,60
req-00008477,176275000,176,60.000000,60
req-00008478,176291667,176,60.000000,60
req-00008479,176308333,176,60.000000,60
req-00008480,176325000,176,60.000000,60
req-00008481,176341667,176,60.000000,60
req-00008482,176358333,176,60.000000,60
req-00008483,176375000,176,60.000000,60
req-00008484,176391667,176,60.000000,60
req-00008485,176408333,176,60.000000,60
req-00008486,176425000,176,60.000000,60
req-00008487,176441667,176,60.000000,60
req-00008488,176458333,176,60.000000,60
req-00008489,176475000,176,60.000000,60
req-00008490,176491667,176,60.000000,60
req-00008491,176508333,176,60.000000,60
req-00008492,176525000,176,60.000000,60
req-00008493,176541667,176,60.000000,60
req-00008494,176558333,176,60.000000,60
req-00008495,176575000,176,60.000000,60
req-00008496,176591667,176,60.000000,60
req-00008497,176608333,176,60.000000,60
req-00008498,176625000,176,60.000000,60
req-00008499,176641667,176,60.000000,60
req-00008500,176658333,176,60.000000,60
req-00008501,176675000,176,60.000000,60
req-00008502,176691667,176,60.000000,60
req-00008503,176708333,176,60.000000,60
req-00008504,176725000,176,60.000000,60
req-00008505,176741667,176,60.000000,60
req-00008506,176758333,176,60.000000,60
req-00008507,176775000,176,60.000000,60
req-00008508,176791667,176,60.000000,60
req-00008509,176808333,176,60.000000,60
req-00008510,176825000,176,60.000000,60
req-00008511,176841667,176,60.000000,60
req-00008512,176858333,176,60.000000,60
req-00008513,176875000,176,60.000000,60
req-00008514,176891667,176,60.000000,60
req-00008515,176908333,176,60.000000,60
req-00008516,176925000,176,60.000000,60
req-00008517,176941667,176,60.000000,60
req-00008518,176958333,176,60.000000,60
req-00008519,176975000,176,60.000000,60
req-00008520,176991667,176,60.000000,60
req-00008521,177008333,177,60.000000,60
req-00008522,177025000,177,60.000000,60
req-00008523,177041667,177,60.000000,60
req-00008524,177058333,177,60.000000,60
req-00008525,177075000,177,60.000000,60
req-00008526,177091667,177,60.000000,60
req-00008527,177108333,177,60.000000,60
req-00008528,177125000,177,60.000000,60
req-00008529,177141667,177,60.000000,60
req-00008530,177158333,177,60.000000,60
req-00008531,177175000,177,60.000000,60
req-00008532,177191667,177,60.000000,60
req-00008533,177208333,177,60.000000,60
req-00008534,177225000,177,60.000000,60
req-00008535,177241667,177,60.000000,60
req-00008536,177258333,177,60.000000,60
req-00008537,177275000,177,60.000000,60
req-00008538,177291667,177,60.000000,60
req-00008539,177308333,177,60.000000,60
req-00008540,177325000,177,60.000000,60
req-00008541,177341667,177,60.000000,60
req-00008542,177358333,177,60.000000,60
req-00008543,177375000,177,60.000000,60
req-00008544,177391667,177,60.000000,60
req-00008545,177408333,177,60.000000,60
req-00008546,177425000,177,60.000000,60
req-00008547,177441667,177,60.000000,60
req-00008548,177458333,177,60.000000,60
req-00008549,177475000,177,60.000000,60
req-00008550,177491667,177,60.000000,60
req-00008551,177508333,177,60.000000,60
req-00008552,177525000,177,60.000000,60
req-00008553,177541667,177,60.000000,60
req-00008554,177558333,177,60.000000,60
req-00008555,177575000,177,60.000000,60
req-00008556,177591667,177,60.000000,60
req-00008557,177608333,177,60.000000,60
req-00008558,177625000,177,60.000000,60
req-00008559,177641667,177,60.000000,60
req-00008560,177658333,177,60.000000,60
req-00008561,177675000,177,60.000000,60
req-00008562,177691667,177,60.000000,60
req-00008563,177708333,177,60.000000,60
req-00008564,177725000,177,60.000000,60
req-00008565,177741667,177,60.000000,60
req-00008566,177758333,177,60.000000,60
req-00008567,177775000,177,60.000000,60
req-00008568,177791667,177,60.000000,60
req-00008569,177808333,177,60.000000,60
req-00008570,177825000,177,60.000000,60
req-00008571,177841667,177,60.000000,60
req-00008572,177858333,177,60.000000,60
req-00008573,177875000,177,60.000000,60
req-00008574,177891667,177,60.000000,60
req-00008575,177908333,177,60.000000,60
req-00008576,177925000,177,60.000000,60
req-00008577,177941667,177,60.000000,60
req-00008578,177958333,177,60.000000,60
req-00008579,177975000,177,60.000000,60
req-00008580,177991667,177,60.000000,60
req-00008581,178008333,178,60.000000,60
req-00008582,178025000,178,60.000000,60
req-00008583,178041667,178,60.000000,60
req-00008584,178058333,178,60.000000,60
req-00008585,178075000,178,60.000000,60
req-00008586,178091667,178,60.000000,60
req-00008587,178108333,178,60.000000,60
req-00008588,178125000,178,60.000000,60
req-00008589,178141667,178,60.000000,60
req-00008590,178158333,178,60.000000,60
req-00008591,178175000,178,60.000000,60
req-00008592,178191667,178,60.000000,60
req-00008593,178208333,178,60.000000,60
req-00008594,178225000,178,60.000000,60
req-00008595,178241667,178,60.000000,60
req-00008596,178258333,178,60.000000,60
req-00008597,178275000,178,60.000000,60
req-00008598,178291667,178,60.000000,60
req-00008599,178308333,178,60.000000,60
req-00008600,178325000,178,60.000000,60
req-00008601,178341667,178,60.000000,60
req-00008602,178358333,178,60.000000,60
req-00008603,178375000,178,60.000000,60
req-00008604,178391667,178,60.000000,60
req-00008605,178408333,178,60.000000,60
req-00008606,178425000,178,60.000000,60
req-00008607,178441667,178,60.000000,60
req-00008608,178458333,178,60.000000,60
req-00008609,178475000,178,60.000000,60
req-00008610,178491667,178,60.000000,60
req-00008611,178508333,178,60.000000,60
req-00008612,178525000,178,60.000000,60
req-00008613,178541667,178,60.000000,60
req-00008614,178558333,178,60.000000,60
req-00008615,178575000,178,60.000000,60
req-00008616,178591667,178,60.000000,60
req-00008617,178608333,178,60.000000,60
req-00008618,178625000,178,60.000000,60
req-00008619,178641667,178,60.000000,60
req-00008620,178658333,178,60.000000,60
req-00008621,178675000,178,60.000000,60
req-00008622,178691667,178,60.000000,60
req-00008623,178708333,178,60.000000,60
req-00008624,178725000,178,60.000000,60
req-00008625,178741667,178,60.000000,60
req-00008626,178758333,178,60.000000,60
req-00008627,178775000,178,60.000000,60
req-00008628,178791667,178,60.000000,60
req-00008629,178808333,178,60.000000,60
req-00008630,178825000,178,60.000000,60
req-00008631,178841667,178,60.000000,60
req-00008632,178858333,178,60.000000,60
req-00008633,178875000,178,60.000000,60
req-00008634,178891667,178,60.000000,60
req-00008635,178908333,178,60.000000,60
req-00008636,178925000,178,60.000000,60
req-00008637,178941667,178,60.000000,60
req-00008638,178958333,178,60.000000,60
req-00008639,178975000,178,60.000000,60
req-00008640,178991667,178,60.000000,60
req-00008641,179008333,179,60.000000,60
req-00008642,179025000,179,60.000000,60
req-00008643,179041667,179,60.000000,60
req-00008644,179058333,179,60.000000,60
req-00008645,179075000,179,60.000000,60
req-00008646,179091667,179,60.000000,60
req-00008647,179108333,179,60.000000,60
req-00008648,179125000,179,60.000000,60
req-00008649,179141667,179,60.000000,60
req-00008650,179158333,179,60.000000,60
req-00008651,179175000,179,60.000000,60
req-00008652,179191667,179,60.000000,60
req-00008653,179208333,179,60.000000,60
req-00008654,179225000,179,60.000000,60
req-00008655,179241667,179,60.000000,60
req-00008656,179258333,179,60.000000,60
req-00008657,179275000,179,60.000000,60
req-00008658,179291667,179,60.000000,60
req-00008659,179308333,179,60.000000,60
req-00008660,179325000,179,60.000000,60
req-00008661,179341667,179,60.000000,60
req-00008662,179358333,179,60.000000,60
req-00008663,179375000,179,60.000000,60
req-00008664,179391667,179,60.000000,60
req-00008665,179408333,179,60.000000,60
req-00008666,179425000,179,60.000000,60
req-00008667,179441667,179,60.000000,60
req-00008668,179458333,179,60.000000,60
req-00008669,179475000,179,60.000000,60
req-00008670,179491667,179,60.000000,60
req-00008671,179508333,179,60.000000,60
req-00008672,179525000,179,60.000000,60
req-00008673,179541667,179,60.000000,60
req-00008674,179558333,179,60.000000,60
req-00008675,179575000,179,60.000000,60
req-00008676,179591667,179,60.000000,60
req-00008677,179608333,179,60.000000,60
req-00008678,179625000,179,60.000000,60
req-00008679,179641667,179,60.000000,60
req-00008680,179658333,179,60.000000,60
req-00008681,179675000,179,60.000000,60
req-00008682,179691667,179,60.000000,60
req-00008683,179708333,179,60.000000,60
req-00008684,179725000,179,60.000000,60
req-00008685,179741667,179,60.000000,60
req-00008686,179758333,179,60.000000,60
req-00008687,179775000,179,60.000000,60
req-00008688,179791667,179,60.000000,60
req-00008689,179808333,179,60.000000,60
req-00008690,179825000,179,60.000000,60
req-00008691,179841667,179,60.000000,60
req-00008692,179858333,179,60.000000,60
req-00008693,179875000,179,60.000000,60
req-00008694,179891667,179,60.000000,60
req-00008695,179908333,179,60.000000,60
req-00008696,179925000,179,60.000000,60
req-00008697,179941667,179,60.000000,60
req-00008698,179958333,179,60.000000,60
req-00008699,179975000,179,60.000000,60
req-00008700,179991667,179,60.000000,60
req-00008701,180008333,180,60.000000,60
req-00008702,180025000,180,60.000000,60
req-00008703,180041667,180,60.000000,60
req-00008704,180058333,180,60.000000,60
req-00008705,180075000,180,60.000000,60
req-00008706,180091667,180,60.000000,60
req-00008707,180108333,180,60.000000,60
req-00008708,180125000,180,60.000000,60
req-00008709,180141667,180,60.000000,60
req-00008710,180158333,180,60.000000,60
req-00008711,180175000,180,60.000000,60
req-00008712,180191667,180,60.000000,60
req-00008713,180208333,180,60.000000,60
req-00008714,180225000,180,60.000000,60
req-00008715,180241667,180,60.000000,60
req-00008716,180258333,180,60.000000,60
req-00008717,180275000,180,60.000000,60
req-00008718,180291667,180,60.000000,60
req-00008719,180308333,180,60.000000,60
req-00008720,180325000,180,60.000000,60
req-00008721,180341667,180,60.000000,60
req-00008722,180358333,180,60.000000,60
req-00008723,180375000,180,60.000000,60
req-00008724,180391667,180,60.000000,60
req-00008725,180408333,180,60.000000,60
req-00008726,180425000,180,60.000000,60
req-00008727,180441667,180,60.000000,60
req-00008728,180458333,180,60.000000,60
req-00008729,180475000,180,60.000000,60
req-00008730,180491667,180,60.000000,60
req-00008731,180508333,180,60.000000,60
req-00008732,180525000,180,60.000000,60
req-00008733,180541667,180,60.000000,60
req-00008734,180558333,180,60.000000,60
req-00008735,180575000,180,60.000000,60
req-00008736,180591667,180,60.000000,60
req-00008737,180608333,180,60.000000,60
req-00008738,180625000,180,60.000000,60
req-00008739,180641667,180,60.000000,60
req-00008740,180658333,180,60.000000,60
req-00008741,180675000,180,60.000000,60
req-00008742,180691667,180,60.000000,60
req-00008743,180708333,180,60.000000,60
req-00008744,180725000,180,60.000000,60
req-00008745,180741667,180,60.000000,60
req-00008746,180758333,180,60.000000,60
req-00008747,180775000,180,60.000000,60
req-00008748,180791667,180,60.000000,60
req-00008749,180808333,180,60.000000,60
req-00008750,180825000,180,60.000000,60
req-00008751,180841667,180,60.000000,60
req-00008752,180858333,180,60.000000,60
req-00008753,180875000,180,60.000000,60
req-00008754,180891667,180,60.000000,60
req-00008755,180908333,180,60.000000,60
req-00008756,180925000,180,60.000000,60
req-00008757,180941667,180,60.000000,60
req-00008758,180958333,180,60.000000,60
req-00008759,180975000,180,60.000000,60
req-00008760,180991667,180,60.000000,60
req-00008761,181008333,181,60.000000,60
req-00008762,181025000,181,60.000000,60
req-00008763,181041667,181,60.000000,60
req-00008764,181058333,181,60.000000,60
req-00008765,181075000,181,60.000000,60
req-00008766,181091667,181,60.000000,60
req-00008767,181108333,181,60.000000,60
req-00008768,181125000,181,60.000000,60
req-00008769,181141667,181,60.000000,60
req-00008770,181158333,181,60.000000,60
req-00008771,181175000,181,60.000000,60
req-00008772,181191667,181,60.000000,60
req-00008773,181208333,181,60.000000,60
req-00008774,181225000,181,60.000000,60
req-00008775,181241667,181,60.000000,60
req-00008776,181258333,181,60.000000,60
req-00008777,181275000,181,60.000000,60
req-00008778,181291667,181,60.000000,60
req-00008779,181308333,181,60.000000,60
req-00008780,181325000,181,60.000000,60
req-00008781,181341667,181,60.000000,60
req-00008782,181358333,181,60.000000,60
req-00008783,181375000,181,60.000000,60
req-00008784,181391667,181,60.000000,60
req-00008785,181408333,181,60.000000,60
req-00008786,181425000,181,60.000000,60
req-00008787,181441667,181,60.000000,60
req-00008788,181458333,181,60.000000,60
req-00008789,181475000,181,60.000000,60
req-00008790,181491667,181,60.000000,60
req-00008791,181508333,181,60.000000,60
req-00008792,181525000,181,60.000000,60
req-00008793,181541667,181,60.000000,60
req-00008794,181558333,181,60.000000,60
req-00008795,181575000,181,60.000000,60
req-00008796,181591667,181,60.000000,60
req-00008797,181608333,181,60.000000,60
req-00008798,181625000,181,60.000000,60
req-00008799,181641667,181,60.000000,60
req-00008800,181658333,181,60.000000,60
req-00008801,181675000,181,60.000000,60
req-00008802,181691667,181,60.000000,60
req-00008803,181708333,181,60.000000,60
req-00008804,181725000,181,60.000000,60
req-00008805,181741667,181,60.000000,60
req-00008806,181758333,181,60.000000,60
req-00008807,181775000,181,60.000000,60
req-00008808,181791667,181,60.000000,60
req-00008809,181808333,181,60.000000,60
req-00008810,181825000,181,60.000000,60
req-00008811,181841667,181,60.000000,60
req-00008812,181858333,181,60.000000,60
req-00008813,181875000,181,60.000000,60
req-00008814,181891667,181,60.000000,60
req-00008815,181908333,181,60.000000,60
req-00008816,181925000,181,60.000000,60
req-00008817,181941667,181,60.000000,60
req-00008818,181958333,181,60.000000,60
req-00008819,181975000,181,60.000000,60
req-00008820,181991667,181,60.000000,60
req-00008821,182008333,182,60.000000,60
req-00008822,182025000,182,60.000000,60
req-00008823,182041667,182,60.000000,60
req-00008824,182058333,182,60.000000,60
req-00008825,182075000,182,60.000000,60
req-00008826,182091667,182,60.000000,60
req-00008827,182108333,182,60.000000,60
req-00008828,182125000,182,60.000000,60
req-00008829,182141667,182,60.000000,60
req-00008830,182158333,182,60.000000,60
req-00008831,182175000,182,60.000000,60
req-00008832,182191667,182,60.000000,60
req-00008833,182208333,182,60.000000,60
req-00008834,182225000,182,60.000000,60
req-00008835,182241667,182,60.000000,60
req-00008836,182258333,182,60.000000,60
req-00008837,182275000,182,60.000000,60
req-00008838,182291667,182,60.000000,60
req-00008839,182308333,182,60.000000,60
req-00008840,182325000,182,60.000000,60
req-00008841,182341667,182,60.000000,60
req-00008842,182358333,182,60.000000,60
req-00008843,182375000,182,60.000000,60
req-00008844,182391667,182,60.000000,60
req-00008845,182408333,182,60.000000,60
req-00008846,182425000,182,60.000000,60
req-00008847,182441667,182,60.000000,60
req-00008848,182458333,182,60.000000,60
req-00008849,182475000,182,60.000000,60
req-00008850,182491667,182,60.000000,60
req-00008851,182508333,182,60.000000,60
req-00008852,182525000,182,60.000000,60
req-00008853,182541667,182,60.000000,60
req-00008854,182558333,182,60.000000,60
req-00008855,182575000,182,60.000000,60
req-00008856,182591667,182,60.000000,60
req-00008857,182608333,182,60.000000,60
req-00008858,182625000,182,60.000000,60
req-00008859,182641667,182,60.000000,60
req-00008860,182658333,182,60.000000,60
req-00008861,182675000,182,60.000000,60
req-00008862,182691667,182,60.000000,60
req-00008863,182708333,182,60.000000,60
req-00008864,182725000,182,60.000000,60
req-00008865,182741667,182,60.000000,60
req-00008866,182758333,182,60.000000,60
req-00008867,182775000,182,60.000000,60
req-00008868,182791667,182,60.000000,60
req-00008869,182808333,182,60.000000,60
req-00008870,182825000,182,60.000000,60
req-00008871,182841667,182,60.000000,60
req-00008872,182858333,182,60.000000,60
req-00008873,182875000,182,60.000000,60
req-00008874,182891667,182,60.000000,60
req-00008875,182908333,182,60.000000,60
req-00008876,182925000,182,60.000000,60
req-00008877,182941667,182,60.000000,60
req-00008878,182958333,182,60.000000,60
req-00008879,182975000,182,60.000000,60
req-00008880,182991667,182,60.000000,60
req-00008881,183008333,183,60.000000,60
req-00008882,183025000,183,60.000000,60
req-00008883,183041667,183,60.000000,60
req-00008884,183058333,183,60.000000,60
req-00008885,183075000,183,60.000000,60
req-00008886,183091667,183,60.000000,60
req-00008887,183108333,183,60.000000,60
req-00008888,183125000,183,60.000000,60
req-00008889,183141667,183,60.000000,60
req-00008890,183158333,183,60.000000,60
req-00008891,183175000,183,60.000000,60
req-00008892,183191667,183,60.000000,60
req-00008893,183208333,183,60.000000,60
req-00008894,183225000,183,60.000000,60
req-00008895,183241667,183,60.000000,60
req-00008896,183258333,183,60.000000,60
req-00008897,183275000,183,60.000000,60
req-00008898,183291667,183,60.000000,60
req-00008899,183308333,183,60.000000,60
req-00008900,183325000,183,60.000000,60
req-00008901,183341667,183,60.000000,60
req-00008902,183358333,183,60.000000,60
req-00008903,183375000,183,60.000000,60
req-00008904,183391667,183,60.000000,60
req-00008905,183408333,183,60.000000,60
req-00008906,183425000,183,60.000000,60
req-00008907,183441667,183,60.000000,60
req-00008908,183458333,183,60.000000,60
req-00008909,183475000,183,60.000000,60
req-00008910,183491667,183,60.000000,60
req-00008911,183508333,183,60.000000,60
req-00008912,183525000,183,60.000000,60
req-00008913,183541667,183,60.000000,60
req-00008914,183558333,183,60.000000,60
req-00008915,183575000,183,60.000000,60
req-00008916,183591667,183,60.000000,60
req-00008917,183608333,183,60.000000,60
req-00008918,183625000,183,60.000000,60
req-00008919,183641667,183,60.000000,60
req-00008920,183658333,183,60.000000,60
req-00008921,183675000,183,60.000000,60
req-00008922,183691667,183,60.000000,60
req-00008923,183708333,183,60.000000,60
req-00008924,183725000,183,60.000000,60
req-00008925,183741667,183,60.000000,60
req-00008926,183758333,183,60.000000,60
req-00008927,183775000,183,60.000000,60
req-00008928,183791667,183,60.000000,60
req-00008929,183808333,183,60.000000,60
req-00008930,183825000,183,60.000000,60
req-00008931,183841667,183,60.000000,60
req-00008932,183858333,183,60.000000,60
req-00008933,183875000,183,60.000000,60
req-00008934,183891667,183,60.000000,60
req-00008935,183908333,183,60.000000,60
req-00008936,183925000,183,60.000000,60
req-00008937,183941667,183,60.000000,60
req-00008938,183958333,183,60.000000,60
req-00008939,183975000,183,60.000000,60
req-00008940,183991667,183,60.000000,60
req-00008941,184008333,184,60.000000,60
req-00008942,184025000,184,60.000000,60
req-00008943,184041667,184,60.000000,60
req-00008944,184058333,184,60.000000,60
req-00008945,184075000,184,60.000000,60
req-00008946,184091667,184,60.000000,60
req-00008947,184108333,184,60.000000,60
req-00008948,184125000,184,60.000000,60
req-00008949,184141667,184,60.000000,60
req-00008950,184158333,184,60.000000,60
req-00008951,184175000,184,60.000000,60
req-00008952,184191667,184,60.000000,60
req-00008953,184208333,184,60.000000,60
req-00008954,184225000,184,60.000000,60
req-00008955,184241667,184,60.000000,60
req-00008956,184258333,184,60.000000,60
req-00008957,184275000,184,60.000000,60
req-00008958,184291667,184,60.000000,60
req-00008959,184308333,184,60.000000,60
req-00008960,184325000,184,60.000000,60
req-00008961,184341667,184,60.000000,60
req-00008962,184358333,184,60.000000,60
req-00008963,184375000,184,60.000000,60
req-00008964,184391667,184,60.000000,60
req-00008965,184408333,184,60.000000,60
req-00008966,184425000,184,60.000000,60
req-00008967,184441667,184,60.000000,60
req-00008968,184458333,184,60.000000,60
req-00008969,184475000,184,60.000000,60
req-00008970,184491667,184,60.000000,60
req-00008971,184508333,184,60.000000,60
req-00008972,184525000,184,60.000000,60
req-00008973,184541667,184,60.000000,60
req-00008974,184558333,184,60.000000,60
req-00008975,184575000,184,60.000000,60
req-00008976,184591667,184,60.000000,60
req-00008977,184608333,184,60.000000,60
req-00008978,184625000,184,60.000000,60
req-00008979,184641667,184,60.000000,60
req-00008980,184658333,184,60.000000,60
req-00008981,184675000,184,60.000000,60
req-00008982,184691667,184,60.000000,60
req-00008983,184708333,184,60.000000,60
req-00008984,184725000,184,60.000000,60
req-00008985,184741667,184,60.000000,60
req-00008986,184758333,184,60.000000,60
req-00008987,184775000,184,60.000000,60
req-00008988,184791667,184,60.000000,60
req-00008989,184808333,184,60.000000,60
req-00008990,184825000,184,60.000000,60
req-00008991,184841667,184,60.000000,60
req-00008992,184858333,184,60.000000,60
req-00008993,184875000,184,60.000000,60
req-00008994,184891667,184,60.000000,60
req-00008995,184908333,184,60.000000,60
req-00008996,184925000,184,60.000000,60
req-00008997,184941667,184,60.000000,60
req-00008998,184958333,184,60.000000,60
req-00008999,184975000,184,60.000000,60
req-00009000,184991667,184,60.000000,60
req-00009001,185008333,185,60.000000,60
req-00009002,185025000,185,60.000000,60
req-00009003,185041667,185,60.000000,60
req-00009004,185058333,185,60.000000,60
req-00009005,185075000,185,60.000000,60
req-00009006,185091667,185,60.000000,60
req-00009007,185108333,185,60.000000,60
req-00009008,185125000,185,60.000000,60
req-00009009,185141667,185,60.000000,60
req-00009010,185158333,185,60.000000,60
req-00009011,185175000,185,60.000000,60
req-00009012,185191667,185,60.000000,60
req-00009013,185208333,185,60.000000,60
req-00009014,185225000,185,60.000000,60
req-00009015,185241667,185,60.000000,60
req-00009016,185258333,185,60.000000,60
req-00009017,185275000,185,60.000000,60
req-00009018,185291667,185,60.000000,60
req-00009019,185308333,185,60.000000,60
req-00009020,185325000,185,60.000000,60
req-00009021,185341667,185,60.000000,60
req-00009022,185358333,185,60.000000,60
req-00009023,185375000,185,60.000000,60
req-00009024,185391667,185,60.000000,60
req-00009025,185408333,185,60.000000,60
req-00009026,185425000,185,60.000000,60
req-00009027,185441667,185,60.000000,60
req-00009028,185458333,185,60.000000,60
req-00009029,185475000,185,60.000000,60
req-00009030,185491667,185,60.000000,60
req-00009031,185508333,185,60.000000,60
req-00009032,185525000,185,60.000000,60
req-00009033,185541667,185,60.000000,60
req-00009034,185558333,185,60.000000,60
req-00009035,185575000,185,60.000000,60
req-00009036,185591667,185,60.000000,60
req-00009037,185608333,185,60.000000,60
req-00009038,185625000,185,60.000000,60
req-00009039,185641667,185,60.000000,60
req-00009040,185658333,185,60.000000,60
req-00009041,185675000,185,60.000000,60
req-00009042,185691667,185,60.000000,60
req-00009043,185708333,185,60.000000,60
req-00009044,185725000,185,60.000000,60
req-00009045,185741667,185,60.000000,60
req-00009046,185758333,185,60.000000,60
req-00009047,185775000,185,60.000000,60
req-00009048,185791667,185,60.000000,60
req-00009049,185808333,185,60.000000,60
req-00009050,185825000,185,60.000000,60
req-00009051,185841667,185,60.000000,60
req-00009052,185858333,185,60.000000,60
req-00009053,185875000,185,60.000000,60
req-00009054,185891667,185,60.000000,60
req-00009055,185908333,185,60.000000,60
req-00009056,185925000,185,60.000000,60
req-00009057,185941667,185,60.000000,60
req-00009058,185958333,185,60.000000,60
req-00009059,185975000,185,60.000000,60
req-00009060,185991667,185,60.000000,60
req-00009061,186008333,186,60.000000,60
req-00009062,186025000,186,60.000000,60
req-00009063,186041667,186,60.000000,60
req-00009064,186058333,186,60.000000,60
req-00009065,186075000,186,60.000000,60
req-00009066,186091667,186,60.000000,60
req-00009067,186108333,186,60.000000,60
req-00009068,186125000,186,60.000000,60
req-00009069,186141667,186,60.000000,60
req-00009070,186158333,186,60.000000,60
req-00009071,186175000,186,60.000000,60
req-00009072,186191667,186,60.000000,60
req-00009073,186208333,186,60.000000,60
req-00009074,186225000,186,60.000000,60
req-00009075,186241667,186,60.000000,60
req-00009076,186258333,186,60.000000,60
req-00009077,186275000,186,60.000000,60
req-00009078,186291667,186,60.000000,60
req-00009079,186308333,186,60.000000,60
req-00009080,186325000,186,60.000000,60
req-00009081,186341667,186,60.000000,60
req-00009082,186358333,186,60.000000,60
req-00009083,186375000,186,60.000000,60
req-00009084,186391667,186,60.000000,60
req-00009085,186408333,186,60.000000,60
req-00009086,186425000,186,60.000000,60
req-00009087,186441667,186,60.000000,60
req-00009088,186458333,186,60.000000,60
req-00009089,186475000,186,60.000000,60
req-00009090,186491667,186,60.000000,60
req-00009091,186508333,186,60.000000,60
req-00009092,186525000,186,60.000000,60
req-00009093,186541667,186,60.000000,60
req-00009094,186558333,186,60.000000,60
req-00009095,186575000,186,60.000000,60
req-00009096,186591667,186,60.000000,60
req-00009097,186608333,186,60.000000,60
req-00009098,186625000,186,60.000000,60
req-00009099,186641667,186,60.000000,60
req-00009100,186658333,186,60.000000,60
req-00009101,186675000,186,60.000000,60
req-00009102,186691667,186,60.000000,60
req-00009103,186708333,186,60.000000,60
req-00009104,186725000,186,60.000000,60
req-00009105,186741667,186,60.000000,60
req-00009106,186758333,186,60.000000,60
req-00009107,186775000,186,60.000000,60
req-00009108,186791667,186,60.000000,60
req-00009109,186808333,186,60.000000,60
req-00009110,186825000,186,60.000000,60
req-00009111,186841667,186,60.000000,60
req-00009112,186858333,186,60.000000,60
req-00009113,186875000,186,60.000000,60
req-00009114,186891667,186,60.000000,60
req-00009115,186908333,186,60.000000,60
req-00009116,186925000,186,60.000000,60
req-00009117,186941667,186,60.000000,60
req-00009118,186958333,186,60.000000,60
req-00009119,186975000,186,60.000000,60
req-00009120,186991667,186,60.000000,60
req-00009121,187008333,187,60.000000,60
req-00009122,187025000,187,60.000000,60
req-00009123,187041667,187,60.000000,60
req-00009124,187058333,187,60.000000,60
req-00009125,187075000,187,60.000000,60
req-00009126,187091667,187,60.000000,60
req-00009127,187108333,187,60.000000,60
req-00009128,187125000,187,60.000000,60
req-00009129,187141667,187,60.000000,60
req-00009130,187158333,187,60.000000,60
req-00009131,187175000,187,60.000000,60
req-00009132,187191667,187,60.000000,60
req-00009133,187208333,187,60.000000,60
req-00009134,187225000,187,60.000000,60
req-00009135,187241667,187,60.000000,60
req-00009136,187258333,187,60.000000,60
req-00009137,187275000,187,60.000000,60
req-00009138,187291667,187,60.000000,60
req-00009139,187308333,187,60.000000,60
req-00009140,187325000,187,60.000000,60
req-00009141,187341667,187,60.000000,60
req-00009142,187358333,187,60.000000,60
req-00009143,187375000,187,60.000000,60
req-00009144,187391667,187,60.000000,60
req-00009145,187408333,187,60.000000,60
req-00009146,187425000,187,60.000000,60
req-00009147,187441667,187,60.000000,60
req-00009148,187458333,187,60.000000,60
req-00009149,187475000,187,60.000000,60
req-00009150,187491667,187,60.000000,60
req-00009151,187508333,187,60.000000,60
req-00009152,187525000,187,60.000000,60
req-00009153,187541667,187,60.000000,60
req-00009154,187558333,187,60.000000,60
req-00009155,187575000,187,60.000000,60
req-00009156,187591667,187,60.000000,60
req-00009157,187608333,187,60.000000,60
req-00009158,187625000,187,60.000000,60
req-00009159,187641667,187,60.000000,60
req-00009160,187658333,187,60.000000,60
req-00009161,187675000,187,60.000000,60
req-00009162,187691667,187,60.000000,60
req-00009163,187708333,187,60.000000,60
req-00009164,187725000,187,60.000000,60
req-00009165,187741667,187,60.000000,60
req-00009166,187758333,187,60.000000,60
req-00009167,187775000,187,60.000000,60
req-00009168,187791667,187,60.000000,60
req-00009169,187808333,187,60.000000,60
req-00009170,187825000,187,60.000000,60
req-00009171,187841667,187,60.000000,60
req-00009172,187858333,187,60.000000,60
req-00009173,187875000,187,60.000000,60
req-00009174,187891667,187,60.000000,60
req-00009175,187908333,187,60.000000,60
req-00009176,187925000,187,60.000000,60
req-00009177,187941667,187,60.000000,60
req-00009178,187958333,187,60.000000,60
req-00009179,187975000,187,60.000000,60
req-00009180,187991667,187,60.000000,60
req-00009181,188008333,188,60.000000,60
req-00009182,188025000,188,60.000000,60
req-00009183,188041667,188,60.000000,60
req-00009184,188058333,188,60.000000,60
req-00009185,188075000,188,60.000000,60
req-00009186,188091667,188,60.000000,60
req-00009187,188108333,188,60.000000,60
req-00009188,188125000,188,60.000000,60
req-00009189,188141667,188,60.000000,60
req-00009190,188158333,188,60.000000,60
req-00009191,188175000,188,60.000000,60
req-00009192,188191667,188,60.000000,60
req-00009193,188208333,188,60.000000,60
req-00009194,188225000,188,60.000000,60
req-00009195,188241667,188,60.000000,60
req-00009196,188258333,188,60.000000,60
req-00009197,188275000,188,60.000000,60
req-00009198,188291667,188,60.000000,60
req-00009199,188308333,188,60.000000,60
req-00009200,188325000,188,60.000000,60
req-00009201,188341667,188,60.000000,60
req-00009202,188358333,188,60.000000,60
req-00009203,188375000,188,60.000000,60
req-00009204,188391667,188,60.000000,60
req-00009205,188408333,188,60.000000,60
req-00009206,188425000,188,60.000000,60
req-00009207,188441667,188,60.000000,60
req-00009208,188458333,188,60.000000,60
req-00009209,188475000,188,60.000000,60
req-00009210,188491667,188,60.000000,60
req-00009211,188508333,188,60.000000,60
req-00009212,188525000,188,60.000000,60
req-00009213,188541667,188,60.000000,60
req-00009214,188558333,188,60.000000,60
req-00009215,188575000,188,60.000000,60
req-00009216,188591667,188,60.000000,60
req-00009217,188608333,188,60.000000,60
req-00009218,188625000,188,60.000000,60
req-00009219,188641667,188,60.000000,60
req-00009220,188658333,188,60.000000,60
req-00009221,188675000,188,60.000000,60
req-00009222,188691667,188,60.000000,60
req-00009223,188708333,188,60.000000,60
req-00009224,188725000,188,60.000000,60
req-00009225,188741667,188,60.000000,60
req-00009226,188758333,188,60.000000,60
req-00009227,188775000,188,60.000000,60
req-00009228,188791667,188,60.000000,60
req-00009229,188808333,188,60.000000,60
req-00009230,188825000,188,60.000000,60
req-00009231,188841667,188,60.000000,60
req-00009232,188858333,188,60.000000,60
req-00009233,188875000,188,60.000000,60
req-00009234,188891667,188,60.000000,60
req-00009235,188908333,188,60.000000,60
req-00009236,188925000,188,60.000000,60
req-00009237,188941667,188,60.000000,60
req-00009238,188958333,188,60.000000,60
req-00009239,188975000,188,60.000000,60
req-00009240,188991667,188,60.000000,60
req-00009241,189008333,189,60.000000,60
req-00009242,189025000,189,60.000000,60
req-00009243,189041667,189,60.000000,60
req-00009244,189058333,189,60.000000,60
req-00009245,189075000,189,60.000000,60
req-00009246,189091667,189,60.000000,60
req-00009247,189108333,189,60.000000,60
req-00009248,189125000,189,60.000000,60
req-00009249,189141667,189,60.000000,60
req-00009250,189158333,189,60.000000,60
req-00009251,189175000,189,60.000000,60
req-00009252,189191667,189,60.000000,60
req-00009253,189208333,189,60.000000,60
req-00009254,189225000,189,60.000000,60
req-00009255,189241667,189,60.000000,60
req-00009256,189258333,189,60.000000,60
req-00009257,189275000,189,60.000000,60
req-00009258,189291667,189,60.000000,60
req-00009259,189308333,189,60.000000,60
req-00009260,189325000,189,60.000000,60
req-00009261,189341667,189,60.000000,60
req-00009262,189358333,189,60.000000,60
req-00009263,189375000,189,60.000000,60
req-00009264,189391667,189,60.000000,60
req-00009265,189408333,189,60.000000,60
req-00009266,189425000,189,60.000000,60
req-00009267,189441667,189,60.000000,60
req-00009268,189458333,189,60.000000,60
req-00009269,189475000,189,60.000000,60
req-00009270,189491667,189,60.000000,60
req-00009271,189508333,189,60.000000,60
req-00009272,189525000,189,60.000000,60
req-00009273,189541667,189,60.000000,60
req-00009274,189558333,189,60.000000,60
req-00009275,189575000,189,60.000000,60
req-00009276,189591667,189,60.000000,60
req-00009277,189608333,189,60.000000,60
req-00009278,189625000,189,60.000000,60
req-00009279,189641667,189,60.000000,60
req-00009280,189658333,189,60.000000,60
req-00009281,189675000,189,60.000000,60
req-00009282,189691667,189,60.000000,60
req-00009283,189708333,189,60.000000,60
req-00009284,189725000,189,60.000000,60
req-00009285,189741667,189,60.000000,60
req-00009286,189758333,189,60.000000,60
req-00009287,189775000,189,60.000000,60
req-00009288,189791667,189,60.000000,60
req-00009289,189808333,189,60.000000,60
req-00009290,189825000,189,60.000000,60
req-00009291,189841667,189,60.000000,60
req-00009292,189858333,189,60.000000,60
req-00009293,189875000,189,60.000000,60
req-00009294,189891667,189,60.000000,60
req-00009295,189908333,189,60.000000,60
req-00009296,189925000,189,60.000000,60
req-00009297,189941667,189,60.000000,60
req-00009298,189958333,189,60.000000,60
req-00009299,189975000,189,60.000000,60
req-00009300,189991667,189,60.000000,60
req-00009301,190008333,190,60.000000,60
req-00009302,190025000,190,60.000000,60
req-00009303,190041667,190,60.000000,60
req-00009304,190058333,190,60.000000,60
req-00009305,190075000,190,60.000000,60
req-00009306,190091667,190,60.000000,60
req-00009307,190108333,190,60.000000,60
req-00009308,190125000,190,60.000000,60
req-00009309,190141667,190,60.000000,60
req-00009310,190158333,190,60.000000,60
req-00009311,190175000,190,60.000000,60
req-00009312,190191667,190,60.000000,60
req-00009313,190208333,190,60.000000,60
req-00009314,190225000,190,60.000000,60
req-00009315,190241667,190,60.000000,60
req-00009316,190258333,190,60.000000,60
req-00009317,190275000,190,60.000000,60
req-00009318,190291667,190,60.000000,60
req-00009319,190308333,190,60.000000,60
req-00009320,190325000,190,60.000000,60
req-00009321,190341667,190,60.000000,60
req-00009322,190358333,190,60.000000,60
req-00009323,190375000,190,60.000000,60
req-00009324,190391667,190,60.000000,60
req-00009325,190408333,190,60.000000,60
req-00009326,190425000,190,60.000000,60
req-00009327,190441667,190,60.000000,60
req-00009328,190458333,190,60.000000,60
req-00009329,190475000,190,60.000000,60
req-00009330,190491667,190,60.000000,60
req-00009331,190508333,190,60.000000,60
req-00009332,190525000,190,60.000000,60
req-00009333,190541667,190,60.000000,60
req-00009334,190558333,190,60.000000,60
req-00009335,190575000,190,60.000000,60
req-00009336,190591667,190,60.000000,60
req-00009337,190608333,190,60.000000,60
req-00009338,190625000,190,60.000000,60
req-00009339,190641667,190,60.000000,60
req-00009340,190658333,190,60.000000,60
req-00009341,190675000,190,60.000000,60
req-00009342,190691667,190,60.000000,60
req-00009343,190708333,190,60.000000,60
req-00009344,190725000,190,60.000000,60
req-00009345,190741667,190,60.000000,60
req-00009346,190758333,190,60.000000,60
req-00009347,190775000,190,60.000000,60
req-00009348,190791667,190,60.000000,60
req-00009349,190808333,190,60.000000,60
req-00009350,190825000,190,60.000000,60
req-00009351,190841667,190,60.000000,60
req-00009352,190858333,190,60.000000,60
req-00009353,190875000,190,60.000000,60
req-00009354,190891667,190,60.000000,60
req-00009355,190908333,190,60.000000,60
req-00009356,190925000,190,60.000000,60
req-00009357,190941667,190,60.000000,60
req-00009358,190958333,190,60.000000,60
req-00009359,190975000,190,60.000000,60
req-00009360,190991667,190,60.000000,60
req-00009361,191008333,191,60.000000,60
req-00009362,191025000,191,60.000000,60
req-00009363,191041667,191,60.000000,60
req-00009364,191058333,191,60.000000,60
req-00009365,191075000,191,60.000000,60
req-00009366,191091667,191,60.000000,60
req-00009367,191108333,191,60.000000,60
req-00009368,191125000,191,60.000000,60
req-00009369,191141667,191,60.000000,60
req-00009370,191158333,191,60.000000,60
req-00009371,191175000,191,60.000000,60
req-00009372,191191667,191,60.000000,60
req-00009373,191208333,191,60.000000,60
req-00009374,191225000,191,60.000000,60
req-00009375,191241667,191,60.000000,60
req-00009376,191258333,191,60.000000,60
req-00009377,191275000,191,60.000000,60
req-00009378,191291667,191,60.000000,60
req-00009379,191308333,191,60.000000,60
req-00009380,191325000,191,60.000000,60
req-00009381,191341667,191,60.000000,60
req-00009382,191358333,191,60.000000,60
req-00009383,191375000,191,60.000000,60
req-00009384,191391667,191,60.000000,60
req-00009385,191408333,191,60.000000,60
req-00009386,191425000,191,60.000000,60
req-00009387,191441667,191,60.000000,60
req-00009388,191458333,191,60.000000,60
req-00009389,191475000,191,60.000000,60
req-00009390,191491667,191,60.000000,60
req-00009391,191508333,191,60.000000,60
req-00009392,191525000,191,60.000000,60
req-00009393,191541667,191,60.000000,60
req-00009394,191558333,191,60.000000,60
req-00009395,191575000,191,60.000000,60
req-00009396,191591667,191,60.000000,60
req-00009397,191608333,191,60.000000,60
req-00009398,191625000,191,60.000000,60
req-00009399,191641667,191,60.000000,60
req-00009400,191658333,191,60.000000,60
req-00009401,191675000,191,60.000000,60
req-00009402,191691667,191,60.000000,60
req-00009403,191708333,191,60.000000,60
req-00009404,191725000,191,60.000000,60
req-00009405,191741667,191,60.000000,60
req-00009406,191758333,191,60.000000,60
req-00009407,191775000,191,60.000000,60
req-00009408,191791667,191,60.000000,60
req-00009409,191808333,191,60.000000,60
req-00009410,191825000,191,60.000000,60
req-00009411,191841667,191,60.000000,60
req-00009412,191858333,191,60.000000,60
req-00009413,191875000,191,60.000000,60
req-00009414,191891667,191,60.000000,60
req-00009415,191908333,191,60.000000,60
req-00009416,191925000,191,60.000000,60
req-00009417,191941667,191,60.000000,60
req-00009418,191958333,191,60.000000,60
req-00009419,191975000,191,60.000000,60
req-00009420,191991667,191,60.000000,60
req-00009421,192008333,192,60.000000,60
req-00009422,192025000,192,60.000000,60
req-00009423,192041667,192,60.000000,60
req-00009424,192058333,192,60.000000,60
req-00009425,192075000,192,60.000000,60
req-00009426,192091667,192,60.000000,60
req-00009427,192108333,192,60.000000,60
req-00009428,192125000,192,60.000000,60
req-00009429,192141667,192,60.000000,60
req-00009430,192158333,192,60.000000,60
req-00009431,192175000,192,60.000000,60
req-00009432,192191667,192,60.000000,60
req-00009433,192208333,192,60.000000,60
req-00009434,192225000,192,60.000000,60
req-00009435,192241667,192,60.000000,60
req-00009436,192258333,192,60.000000,60
req-00009437,192275000,192,60.000000,60
req-00009438,192291667,192,60.000000,60
req-00009439,192308333,192,60.000000,60
req-00009440,192325000,192,60.000000,60
req-00009441,192341667,192,60.000000,60
req-00009442,192358333,192,60.000000,60
req-00009443,192375000,192,60.000000,60
req-00009444,192391667,192,60.000000,60
req-00009445,192408333,192,60.000000,60
req-00009446,192425000,192,60.000000,60
req-00009447,192441667,192,60.000000,60
req-00009448,192458333,192,60.000000,60
req-00009449,192475000,192,60.000000,60
req-00009450,192491667,192,60.000000,60
req-00009451,192508333,192,60.000000,60
req-00009452,192525000,192,60.000000,60
req-00009453,192541667,192,60.000000,60
req-00009454,192558333,192,60.000000,60
req-00009455,192575000,192,60.000000,60
req-00009456,192591667,192,60.000000,60
req-00009457,192608333,192,60.000000,60
req-00009458,192625000,192,60.000000,60
req-00009459,192641667,192,60.000000,60
req-00009460,192658333,192,60.000000,60
req-00009461,192675000,192,60.000000,60
req-00009462,192691667,192,60.000000,60
req-00009463,192708333,192,60.000000,60
req-00009464,192725000,192,60.000000,60
req-00009465,192741667,192,60.000000,60
req-00009466,192758333,192,60.000000,60
req-00009467,192775000,192,60.000000,60
req-00009468,192791667,192,60.000000,60
req-00009469,192808333,192,60.000000,60
req-00009470,192825000,192,60.000000,60
req-00009471,192841667,192,60.000000,60
req-00009472,192858333,192,60.000000,60
req-00009473,192875000,192,60.000000,60
req-00009474,192891667,192,60.000000,60
req-00009475,192908333,192,60.000000,60
req-00009476,192925000,192,60.000000,60
req-00009477,192941667,192,60.000000,60
req-00009478,192958333,192,60.000000,60
req-00009479,192975000,192,60.000000,60
req-00009480,192991667,192,60.000000,60
req-00009481,193008333,193,60.000000,60
req-00009482,193025000,193,60.000000,60
req-00009483,193041667,193,60.000000,60
req-00009484,193058333,193,60.000000,60
req-00009485,193075000,193,60.000000,60
req-00009486,193091667,193,60.000000,60
req-00009487,193108333,193,60.000000,60
req-00009488,193125000,193,60.000000,60
req-00009489,193141667,193,60.000000,60
req-00009490,193158333,193,60.000000,60
req-00009491,193175000,193,60.000000,60
req-00009492,193191667,193,60.000000,60
req-00009493,193208333,193,60.000000,60
req-00009494,193225000,193,60.000000,60
req-00009495,193241667,193,60.000000,60
req-00009496,193258333,193,60.000000,60
req-00009497,193275000,193,60.000000,60
req-00009498,193291667,193,60.000000,60
req-00009499,193308333,193,60.000000,60
req-00009500,193325000,193,60.000000,60
req-00009501,193341667,193,60.000000,60
req-00009502,193358333,193,60.000000,60
req-00009503,193375000,193,60.000000,60
req-00009504,193391667,193,60.000000,60
req-00009505,193408333,193,60.000000,60
req-00009506,193425000,193,60.000000,60
req-00009507,193441667,193,60.000000,60
req-00009508,193458333,193,60.000000,60
req-00009509,193475000,193,60.000000,60
req-00009510,193491667,193,60.000000,60
req-00009511,193508333,193,60.000000,60
req-00009512,193525000,193,60.000000,60
req-00009513,193541667,193,60.000000,60
req-00009514,193558333,193,60.000000,60
req-00009515,193575000,193,60.000000,60
req-00009516,193591667,193,60.000000,60
req-00009517,193608333,193,60.000000,60
req-00009518,193625000,193,60.000000,60
req-00009519,193641667,193,60.000000,60
req-00009520,193658333,193,60.000000,60
req-00009521,193675000,193,60.000000,60
req-00009522,193691667,193,60.000000,60
req-00009523,193708333,193,60.000000,60
req-00009524,193725000,193,60.000000,60
req-00009525,193741667,193,60.000000,60
req-00009526,193758333,193,60.000000,60
req-00009527,193775000,193,60.000000,60
req-00009528,193791667,193,60.000000,60
req-00009529,193808333,193,60.000000,60
req-00009530,193825000,193,60.000000,60
req-00009531,193841667,193,60.000000,60
req-00009532,193858333,193,60.000000,60
req-00009533,193875000,193,60.000000,60
req-00009534,193891667,193,60.000000,60
req-00009535,193908333,193,60.000000,60
req-00009536,193925000,193,60.000000,60
req-00009537,193941667,193,60.000000,60
req-00009538,193958333,193,60.000000,60
req-00009539,193975000,193,60.000000,60
req-00009540,193991667,193,60.000000,60
req-00009541,194008333,194,60.000000,60
req-00009542,194025000,194,60.000000,60
req-00009543,194041667,194,60.000000,60
req-00009544,194058333,194,60.000000,60
req-00009545,194075000,194,60.000000,60
req-00009546,194091667,194,60.000000,60
req-00009547,194108333,194,60.000000,60
req-00009548,194125000,194,60.000000,60
req-00009549,194141667,194,60.000000,60
req-00009550,194158333,194,60.000000,60
req-00009551,194175000,194,60.000000,60
req-00009552,194191667,194,60.000000,60
req-00009553,194208333,194,60.000000,60
req-00009554,194225000,194,60.000000,60
req-00009555,194241667,194,60.000000,60
req-00009556,194258333,194,60.000000,60
req-00009557,194275000,194,60.000000,60
req-00009558,194291667,194,60.000000,60
req-00009559,194308333,194,60.000000,60
req-00009560,194325000,194,60.000000,60
req-00009561,194341667,194,60.000000,60
req-00009562,194358333,194,60.000000,60
req-00009563,194375000,194,60.000000,60
req-00009564,194391667,194,60.000000,60
req-00009565,194408333,194,60.000000,60
req-00009566,194425000,194,60.000000,60
req-00009567,194441667,194,60.000000,60
req-00009568,194458333,194,60.000000,60
req-00009569,194475000,194,60.000000,60
req-00009570,194491667,194,60.000000,60
req-00009571,194508333,194,60.000000,60
req-00009572,194525000,194,60.000000,60
req-00009573,194541667,194,60.000000,60
req-00009574,194558333,194,60.000000,60
req-00009575,194575000,194,60.000000,60
req-00009576,194591667,194,60.000000,60
req-00009577,194608333,194,60.000000,60
req-00009578,194625000,194,60.000000,60
req-00009579,194641667,194,60.000000,60
req-00009580,194658333,194,60.000000,60
req-00009581,194675000,194,60.000000,60
req-00009582,194691667,194,60.000000,60
req-00009583,194708333,194,60.000000,60
req-00009584,194725000,194,60.000000,60
req-00009585,194741667,194,60.000000,60
req-00009586,194758333,194,60.000000,60
req-00009587,194775000,194,60.000000,60
req-00009588,194791667,194,60.000000,60
req-00009589,194808333,194,60.000000,60
req-00009590,194825000,194,60.000000,60
req-00009591,194841667,194,60.000000,60
req-00009592,194858333,194,60.000000,60
req-00009593,194875000,194,60.000000,60
req-00009594,194891667,194,60.000000,60
req-00009595,194908333,194,60.000000,60
req-00009596,194925000,194,60.000000,60
req-00009597,194941667,194,60.000000,60
req-00009598,194958333,194,60.000000,60
req-00009599,194975000,194,60.000000,60
req-00009600,194991667,194,60.000000,60
req-00009601,195008333,195,60.000000,60
req-00009602,195025000,195,60.000000,60
req-00009603,195041667,195,60.000000,60
req-00009604,195058333,195,60.000000,60
req-00009605,195075000,195,60.000000,60
req-00009606,195091667,195,60.000000,60
req-00009607,195108333,195,60.000000,60
req-00009608,195125000,195,60.000000,60
req-00009609,195141667,195,60.000000,60
req-00009610,195158333,195,60.000000,60
req-00009611,195175000,195,60.000000,60
req-00009612,195191667,195,60.000000,60
req-00009613,195208333,195,60.000000,60
req-00009614,195225000,195,60.000000,60
req-00009615,195241667,195,60.000000,60
req-00009616,195258333,195,60.000000,60
req-00009617,195275000,195,60.000000,60
req-00009618,195291667,195,60.000000,60
req-00009619,195308333,195,60.000000,60
req-00009620,195325000,195,60.000000,60
req-00009621,195341667,195,60.000000,60
req-00009622,195358333,195,60.000000,60
req-00009623,195375000,195,60.000000,60
req-00009624,195391667,195,60.000000,60
req-00009625,195408333,195,60.000000,60
req-00009626,195425000,195,60.000000,60
req-00009627,195441667,195,60.000000,60
req-00009628,195458333,195,60.000000,60
req-00009629,195475000,195,60.000000,60
req-00009630,195491667,195,60.000000,60
req-00009631,195508333,195,60.000000,60
req-00009632,195525000,195,60.000000,60
req-00009633,195541667,195,60.000000,60
req-00009634,195558333,195,60.000000,60
req-00009635,195575000,195,60.000000,60
req-00009636,195591667,195,60.000000,60
req-00009637,195608333,195,60.000000,60
req-00009638,195625000,195,60.000000,60
req-00009639,195641667,195,60.000000,60
req-00009640,195658333,195,60.000000,60
req-00009641,195675000,195,60.000000,60
req-00009642,195691667,195,60.000000,60
req-00009643,195708333,195,60.000000,60
req-00009644,195725000,195,60.000000,60
req-00009645,195741667,195,60.000000,60
req-00009646,195758333,195,60.000000,60
req-00009647,195775000,195,60.000000,60
req-00009648,195791667,195,60.000000,60
req-00009649,195808333,195,60.000000,60
req-00009650,195825000,195,60.000000,60
req-00009651,195841667,195,60.000000,60
req-00009652,195858333,195,60.000000,60
req-00009653,195875000,195,60.000000,60
req-00009654,195891667,195,60.000000,60
req-00009655,195908333,195,60.000000,60
req-00009656,195925000,195,60.000000,60
req-00009657,195941667,195,60.000000,60
req-00009658,195958333,195,60.000000,60
req-00009659,195975000,195,60.000000,60
req-00009660,195991667,195,60.000000,60
req-00009661,196008333,196,60.000000,60
req-00009662,196025000,196,60.000000,60
req-00009663,196041667,196,60.000000,60
req-00009664,196058333,196,60.000000,60
req-00009665,196075000,196,60.000000,60
req-00009666,196091667,196,60.000000,60
req-00009667,196108333,196,60.000000,60
req-00009668,196125000,196,60.000000,60
req-00009669,196141667,196,60.000000,60
req-00009670,196158333,196,60.000000,60
req-00009671,196175000,196,60.000000,60
req-00009672,196191667,196,60.000000,60
req-00009673,196208333,196,60.000000,60
req-00009674,196225000,196,60.000000,60
req-00009675,196241667,196,60.000000,60
req-00009676,196258333,196,60.000000,60
req-00009677,196275000,196,60.000000,60
req-00009678,196291667,196,60.000000,60
req-00009679,196308333,196,60.000000,60
req-00009680,196325000,196,60.000000,60
req-00009681,196341667,196,60.000000,60
req-00009682,196358333,196,60.000000,60
req-00009683,196375000,196,60.000000,60
req-00009684,196391667,196,60.000000,60
req-00009685,196408333,196,60.000000,60
req-00009686,196425000,196,60.000000,60
req-00009687,196441667,196,60.000000,60
req-00009688,196458333,196,60.000000,60
req-00009689,196475000,196,60.000000,60
req-00009690,196491667,196,60.000000,60
req-00009691,196508333,196,60.000000,60
req-00009692,196525000,196,60.000000,60
req-00009693,196541667,196,60.000000,60
req-00009694,196558333,196,60.000000,60
req-00009695,196575000,196,60.000000,60
req-00009696,196591667,196,60.000000,60
req-00009697,196608333,196,60.000000,60
req-00009698,196625000,196,60.000000,60
req-00009699,196641667,196,60.000000,60
req-00009700,196658333,196,60.000000,60
req-00009701,196675000,196,60.000000,60
req-00009702,196691667,196,60.000000,60
req-00009703,196708333,196,60.000000,60
req-00009704,196725000,196,60.000000,60
req-00009705,196741667,196,60.000000,60
req-00009706,196758333,196,60.000000,60
req-00009707,196775000,196,60.000000,60
req-00009708,196791667,196,60.000000,60
req-00009709,196808333,196,60.000000,60
req-00009710,196825000,196,60.000000,60
req-00009711,196841667,196,60.000000,60
req-00009712,196858333,196,60.000000,60
req-00009713,196875000,196,60.000000,60
req-00009714,196891667,196,60.000000,60
req-00009715,196908333,196,60.000000,60
req-00009716,196925000,196,60.000000,60
req-00009717,196941667,196,60.000000,60
req-00009718,196958333,196,60.000000,60
req-00009719,196975000,196,60.000000,60
req-00009720,196991667,196,60.000000,60
req-00009721,197008333,197,60.000000,60
req-00009722,197025000,197,60.000000,60
req-00009723,197041667,197,60.000000,60
req-00009724,197058333,197,60.000000,60
req-00009725,197075000,197,60.000000,60
req-00009726,197091667,197,60.000000,60
req-00009727,197108333,197,60.000000,60
req-00009728,197125000,197,60.000000,60
req-00009729,197141667,197,60.000000,60
req-00009730,197158333,197,60.000000,60
req-00009731,197175000,197,60.000000,60
req-00009732,197191667,197,60.000000,60
req-00009733,197208333,197,60.000000,60
req-00009734,197225000,197,60.000000,60
req-00009735,197241667,197,60.000000,60
req-00009736,197258333,197,60.000000,60
req-00009737,197275000,197,60.000000,60
req-00009738,197291667,197,60.000000,60
req-00009739,197308333,197,60.000000,60
req-00009740,197325000,197,60.000000,60
req-00009741,197341667,197,60.000000,60
req-00009742,197358333,197,60.000000,60
req-00009743,197375000,197,60.000000,60
req-00009744,197391667,197,60.000000,60
req-00009745,197408333,197,60.000000,60
req-00009746,197425000,197,60.000000,60
req-00009747,197441667,197,60.000000,60
req-00009748,197458333,197,60.000000,60
req-00009749,197475000,197,60.000000,60
req-00009750,197491667,197,60.000000,60
req-00009751,197508333,197,60.000000,60
req-00009752,197525000,197,60.000000,60
req-00009753,197541667,197,60.000000,60
req-00009754,197558333,197,60.000000,60
req-00009755,197575000,197,60.000000,60
req-00009756,197591667,197,60.000000,60
req-00009757,197608333,197,60.000000,60
req-00009758,197625000,197,60.000000,60
req-00009759,197641667,197,60.000000,60
req-00009760,197658333,197,60.000000,60
req-00009761,197675000,197,60.000000,60
req-00009762,197691667,197,60.000000,60
req-00009763,197708333,197,60.000000,60
req-00009764,197725000,197,60.000000,60
req-00009765,197741667,197,60.000000,60
req-00009766,197758333,197,60.000000,60
req-00009767,197775000,197,60.000000,60
req-00009768,197791667,197,60.000000,60
req-00009769,197808333,197,60.000000,60
req-00009770,197825000,197,60.000000,60
req-00009771,197841667,197,60.000000,60
req-00009772,197858333,197,60.000000,60
req-00009773,197875000,197,60.000000,60
req-00009774,197891667,197,60.000000,60
req-00009775,197908333,197,60.000000,60
req-00009776,197925000,197,60.000000,60
req-00009777,197941667,197,60.000000,60
req-00009778,197958333,197,60.000000,60
req-00009779,197975000,197,60.000000,60
req-00009780,197991667,197,60.000000,60
req-00009781,198008333,198,60.000000,60
req-00009782,198025000,198,60.000000,60
req-00009783,198041667,198,60.000000,60
req-00009784,198058333,198,60.000000,60
req-00009785,198075000,198,60.000000,60
req-00009786,198091667,198,60.000000,60
req-00009787,198108333,198,60.000000,60
req-00009788,198125000,198,60.000000,60
req-00009789,198141667,198,60.000000,60
req-00009790,198158333,198,60.000000,60
req-00009791,198175000,198,60.000000,60
req-00009792,198191667,198,60.000000,60
req-00009793,198208333,198,60.000000,60
req-00009794,198225000,198,60.000000,60
req-00009795,198241667,198,60.000000,60
req-00009796,198258333,198,60.000000,60
req-00009797,198275000,198,60.000000,60
req-00009798,198291667,198,60.000000,60
req-00009799,198308333,198,60.000000,60
req-00009800,198325000,198,60.000000,60
req-00009801,198341667,198,60.000000,60
req-00009802,198358333,198,60.000000,60
req-00009803,198375000,198,60.000000,60
req-00009804,198391667,198,60.000000,60
req-00009805,198408333,198,60.000000,60
req-00009806,198425000,198,60.000000,60
req-00009807,198441667,198,60.000000,60
req-00009808,198458333,198,60.000000,60
req-00009809,198475000,198,60.000000,60
req-00009810,198491667,198,60.000000,60
req-00009811,198508333,198,60.000000,60
req-00009812,198525000,198,60.000000,60
req-00009813,198541667,198,60.000000,60
req-00009814,198558333,198,60.000000,60
req-00009815,198575000,198,60.000000,60
req-00009816,198591667,198,60.000000,60
req-00009817,198608333,198,60.000000,60
req-00009818,198625000,198,60.000000,60
req-00009819,198641667,198,60.000000,60
req-00009820,198658333,198,60.000000,60
req-00009821,198675000,198,60.000000,60
req-00009822,198691667,198,60.000000,60
req-00009823,198708333,198,60.000000,60
req-00009824,198725000,198,60.000000,60
req-00009825,198741667,198,60.000000,60
req-00009826,198758333,198,60.000000,60
req-00009827,198775000,198,60.000000,60
req-00009828,198791667,198,60.000000,60
req-00009829,198808333,198,60.000000,60
req-00009830,198825000,198,60.000000,60
req-00009831,198841667,198,60.000000,60
req-00009832,198858333,198,60.000000,60
req-00009833,198875000,198,60.000000,60
req-00009834,198891667,198,60.000000,60
req-00009835,198908333,198,60.000000,60
req-00009836,198925000,198,60.000000,60
req-00009837,198941667,198,60.000000,60
req-00009838,198958333,198,60.000000,60
req-00009839,198975000,198,60.000000,60
req-00009840,198991667,198,60.000000,60
req-00009841,199008333,199,60.000000,60
req-00009842,199025000,199,60.000000,60
req-00009843,199041667,199,60.000000,60
req-00009844,199058333,199,60.000000,60
req-00009845,199075000,199,60.000000,60
req-00009846,199091667,199,60.000000,60
req-00009847,199108333,199,60.000000,60
req-00009848,199125000,199,60.000000,60
req-00009849,199141667,199,60.000000,60
req-00009850,199158333,199,60.000000,60
req-00009851,199175000,199,60.000000,60
req-00009852,199191667,199,60.000000,60
req-00009853,199208333,199,60.000000,60
req-00009854,199225000,199,60.000000,60
req-00009855,199241667,199,60.000000,60
req-00009856,199258333,199,60.000000,60
req-00009857,199275000,199,60.000000,60
req-00009858,199291667,199,60.000000,60
req-00009859,199308333,199,60.000000,60
req-00009860,199325000,199,60.000000,60
req-00009861,199341667,199,60.000000,60
req-00009862,199358333,199,60.000000,60
req-00009863,199375000,199,60.000000,60
req-00009864,199391667,199,60.000000,60
req-00009865,199408333,199,60.000000,60
req-00009866,199425000,199,60.000000,60
req-00009867,199441667,199,60.000000,60
req-00009868,199458333,199,60.000000,60
req-00009869,199475000,199,60.000000,60
req-00009870,199491667,199,60.000000,60
req-00009871,199508333,199,60.000000,60
req-00009872,199525000,199,60.000000,60
req-00009873,199541667,199,60.000000,60
req-00009874,199558333,199,60.000000,60
req-00009875,199575000,199,60.000000,60
req-00009876,199591667,199,60.000000,60
req-00009877,199608333,199,60.000000,60
req-00009878,199625000,199,60.000000,60
req-00009879,199641667,199,60.000000,60
req-00009880,199658333,199,60.000000,60
req-00009881,199675000,199,60.000000,60
req-00009882,199691667,199,60.000000,60
req-00009883,199708333,199,60.000000,60
req-00009884,199725000,199,60.000000,60
req-00009885,199741667,199,60.000000,60
req-00009886,199758333,199,60.000000,60
req-00009887,199775000,199,60.000000,60
req-00009888,199791667,199,60.000000,60
req-00009889,199808333,199,60.000000,60
req-00009890,199825000,199,60.000000,60
req-00009891,199841667,199,60.000000,60
req-00009892,199858333,199,60.000000,60
req-00009893,199875000,199,60.000000,60
req-00009894,199891667,199,60.000000,60
req-00009895,199908333,199,60.000000,60
req-00009896,199925000,199,60.000000,60
req-00009897,199941667,199,60.000000,60
req-00009898,199958333,199,60.000000,60
req-00009899,199975000,199,60.000000,60
req-00009900,199991667,199,60.000000,60
req-00009901,200008333,200,60.000000,60
req-00009902,200025000,200,60.000000,60
req-00009903,200041667,200,60.000000,60
req-00009904,200058333,200,60.000000,60
req-00009905,200075000,200,60.000000,60
req-00009906,200091667,200,60.000000,60
req-00009907,200108333,200,60.000000,60
req-00009908,200125000,200,60.000000,60
req-00009909,200141667,200,60.000000,60
req-00009910,200158333,200,60.000000,60
req-00009911,200175000,200,60.000000,60
req-00009912,200191667,200,60.000000,60
req-00009913,200208333,200,60.000000,60
req-00009914,200225000,200,60.000000,60
req-00009915,200241667,200,60.000000,60
req-00009916,200258333,200,60.000000,60
req-00009917,200275000,200,60.000000,60
req-00009918,200291667,200,60.000000,60
req-00009919,200308333,200,60.000000,60
req-00009920,200325000,200,60.000000,60
req-00009921,200341667,200,60.000000,60
req-00009922,200358333,200,60.000000,60
req-00009923,200375000,200,60.000000,60
req-00009924,200391667,200,60.000000,60
req-00009925,200408333,200,60.000000,60
req-00009926,200425000,200,60.000000,60
req-00009927,200441667,200,60.000000,60
req-00009928,200458333,200,60.000000,60
req-00009929,200475000,200,60.000000,60
req-00009930,200491667,200,60.000000,60
req-00009931,200508333,200,60.000000,60
req-00009932,200525000,200,60.000000,60
req-00009933,200541667,200,60.000000,60
req-00009934,200558333,200,60.000000,60
req-00009935,200575000,200,60.000000,60
req-00009936,200591667,200,60.000000,60
req-00009937,200608333,200,60.000000,60
req-00009938,200625000,200,60.000000,60
req-00009939,200641667,200,60.000000,60
req-00009940,200658333,200,60.000000,60
req-00009941,200675000,200,60.000000,60
req-00009942,200691667,200,60.000000,60
req-00009943,200708333,200,60.000000,60
req-00009944,200725000,200,60.000000,60
req-00009945,200741667,200,60.000000,60
req-00009946,200758333,200,60.000000,60
req-00009947,200775000,200,60.000000,60
req-00009948,200791667,200,60.000000,60
req-00009949,200808333,200,60.000000,60
req-00009950,200825000,200,60.000000,60
req-00009951,200841667,200,60.000000,60
req-00009952,200858333,200,60.000000,60
req-00009953,200875000,200,60.000000,60
req-00009954,200891667,200,60.000000,60
req-00009955,200908333,200,60.000000,60
req-00009956,200925000,200,60.000000,60
req-00009957,200941667,200,60.000000,60
req-00009958,200958333,200,60.000000,60
req-00009959,200975000,200,60.000000,60
req-00009960,200991667,200,60.000000,60
req-00009961,201008333,201,60.000000,60
req-00009962,201025000,201,60.000000,60
req-00009963,201041667,201,60.000000,60
req-00009964,201058333,201,60.000000,60
req-00009965,201075000,201,60.000000,60
req-00009966,201091667,201,60.000000,60
req-00009967,201108333,201,60.000000,60
req-00009968,201125000,201,60.000000,60
req-00009969,201141667,201,60.000000,60
req-00009970,201158333,201,60.000000,60
req-00009971,201175000,201,60.000000,60
req-00009972,201191667,201,60.000000,60
req-00009973,201208333,201,60.000000,60
req-00009974,201225000,201,60.000000,60
req-00009975,201241667,201,60.000000,60
req-00009976,201258333,201,60.000000,60
req-00009977,201275000,201,60.000000,60
req-00009978,201291667,201,60.000000,60
req-00009979,201308333,201,60.000000,60
req-00009980,201325000,201,60.000000,60
req-00009981,201341667,201,60.000000,60
req-00009982,201358333,201,60.000000,60
req-00009983,201375000,201,60.000000,60
req-00009984,201391667,201,60.000000,60
req-00009985,201408333,201,60.000000,60
req-00009986,201425000,201,60.000000,60
req-00009987,201441667,201,60.000000,60
req-00009988,201458333,201,60.000000,60
req-00009989,201475000,201,60.000000,60
req-00009990,201491667,201,60.000000,60
req-00009991,201508333,201,60.000000,60
req-00009992,201525000,201,60.000000,60
req-00009993,201541667,201,60.000000,60
req-00009994,201558333,201,60.000000,60
req-00009995,201575000,201,60.000000,60
req-00009996,201591667,201,60.000000,60
req-00009997,201608333,201,60.000000,60
req-00009998,201625000,201,60.000000,60
req-00009999,201641667,201,60.000000,60
req-00010000,201658333,201,60.000000,60
req-00010001,201675000,201,60.000000,60
req-00010002,201691667,201,60.000000,60
req-00010003,201708333,201,60.000000,60
req-00010004,201725000,201,60.000000,60
req-00010005,201741667,201,60.000000,60
req-00010006,201758333,201,60.000000,60
req-00010007,201775000,201,60.000000,60
req-00010008,201791667,201,60.000000,60
req-00010009,201808333,201,60.000000,60
req-00010010,201825000,201,60.000000,60
req-00010011,201841667,201,60.000000,60
req-00010012,201858333,201,60.000000,60
req-00010013,201875000,201,60.000000,60
req-00010014,201891667,201,60.000000,60
req-00010015,201908333,201,60.000000,60
req-00010016,201925000,201,60.000000,60
req-00010017,201941667,201,60.000000,60
req-00010018,201958333,201,60.000000,60
req-00010019,201975000,201,60.000000,60
req-00010020,201991667,201,60.000000,60
req-00010021,202008333,202,60.000000,60
req-00010022,202025000,202,60.000000,60
req-00010023,202041667,202,60.000000,60
req-00010024,202058333,202,60.000000,60
req-00010025,202075000,202,60.000000,60
req-00010026,202091667,202,60.000000,60
req-00010027,202108333,202,60.000000,60
req-00010028,202125000,202,60.000000,60
req-00010029,202141667,202,60.000000,60
req-00010030,202158333,202,60.000000,60
req-00010031,202175000,202,60.000000,60
req-00010032,202191667,202,60.000000,60
req-00010033,202208333,202,60.000000,60
req-00010034,202225000,202,60.000000,60
req-00010035,202241667,202,60.000000,60
req-00010036,202258333,202,60.000000,60
req-00010037,202275000,202,60.000000,60
req-00010038,202291667,202,60.000000,60
req-00010039,202308333,202,60.000000,60
req-00010040,202325000,202,60.000000,60
req-00010041,202341667,202,60.000000,60
req-00010042,202358333,202,60.000000,60
req-00010043,202375000,202,60.000000,60
req-00010044,202391667,202,60.000000,60
req-00010045,202408333,202,60.000000,60
req-00010046,202425000,202,60.000000,60
req-00010047,202441667,202,60.000000,60
req-00010048,202458333,202,60.000000,60
req-00010049,202475000,202,60.000000,60
req-00010050,202491667,202,60.000000,60
req-00010051,202508333,202,60.000000,60
req-00010052,202525000,202,60.000000,60
req-00010053,202541667,202,60.000000,60
req-00010054,202558333,202,60.000000,60
req-00010055,202575000,202,60.000000,60
req-00010056,202591667,202,60.000000,60
req-00010057,202608333,202,60.000000,60
req-00010058,202625000,202,60.000000,60
req-00010059,202641667,202,60.000000,60
req-00010060,202658333,202,60.000000,60
req-00010061,202675000,202,60.000000,60
req-00010062,202691667,202,60.000000,60
req-00010063,202708333,202,60.000000,60
req-00010064,202725000,202,60.000000,60
req-00010065,202741667,202,60.000000,60
req-00010066,202758333,202,60.000000,60
req-00010067,202775000,202,60.000000,60
req-00010068,202791667,202,60.000000,60
req-00010069,202808333,202,60.000000,60
req-00010070,202825000,202,60.000000,60
req-00010071,202841667,202,60.000000,60
req-00010072,202858333,202,60.000000,60
req-00010073,202875000,202,60.000000,60
req-00010074,202891667,202,60.000000,60
req-00010075,202908333,202,60.000000,60
req-00010076,202925000,202,60.000000,60
req-00010077,202941667,202,60.000000,60
req-00010078,202958333,202,60.000000,60
req-00010079,202975000,202,60.000000,60
req-00010080,202991667,202,60.000000,60
req-00010081,203008333,203,60.000000,60
req-00010082,203025000,203,60.000000,60
req-00010083,203041667,203,60.000000,60
req-00010084,203058333,203,60.000000,60
req-00010085,203075000,203,60.000000,60
req-00010086,203091667,203,60.000000,60
req-00010087,203108333,203,60.000000,60
req-00010088,203125000,203,60.000000,60
req-00010089,203141667,203,60.000000,60
req-00010090,203158333,203,60.000000,60
req-00010091,203175000,203,60.000000,60
req-00010092,203191667,203,60.000000,60
req-00010093,203208333,203,60.000000,60
req-00010094,203225000,203,60.000000,60
req-00010095,203241667,203,60.000000,60
req-00010096,203258333,203,60.000000,60
req-00010097,203275000,203,60.000000,60
req-00010098,203291667,203,60.000000,60
req-00010099,203308333,203,60.000000,60
req-00010100,203325000,203,60.000000,60
req-00010101,203341667,203,60.000000,60
req-00010102,203358333,203,60.000000,60
req-00010103,203375000,203,60.000000,60
req-00010104,203391667,203,60.000000,60
req-00010105,203408333,203,60.000000,60
req-00010106,203425000,203,60.000000,60
req-00010107,203441667,203,60.000000,60
req-00010108,203458333,203,60.000000,60
req-00010109,203475000,203,60.000000,60
req-00010110,203491667,203,60.000000,60
req-00010111,203508333,203,60.000000,60
req-00010112,203525000,203,60.000000,60
req-00010113,203541667,203,60.000000,60
req-00010114,203558333,203,60.000000,60
req-00010115,203575000,203,60.000000,60
req-00010116,203591667,203,60.000000,60
req-00010117,203608333,203,60.000000,60
req-00010118,203625000,203,60.000000,60
req-00010119,203641667,203,60.000000,60
req-00010120,203658333,203,60.000000,60
req-00010121,203675000,203,60.000000,60
req-00010122,203691667,203,60.000000,60
req-00010123,203708333,203,60.000000,60
req-00010124,203725000,203,60.000000,60
req-00010125,203741667,203,60.000000,60
req-00010126,203758333,203,60.000000,60
req-00010127,203775000,203,60.000000,60
req-00010128,203791667,203,60.000000,60
req-00010129,203808333,203,60.000000,60
req-00010130,203825000,203,60.000000,60
req-00010131,203841667,203,60.000000,60
req-00010132,203858333,203,60.000000,60
req-00010133,203875000,203,60.000000,60
req-00010134,203891667,203,60.000000,60
req-00010135,203908333,203,60.000000,60
req-00010136,203925000,203,60.000000,60
req-00010137,203941667,203,60.000000,60
req-00010138,203958333,203,60.000000,60
req-00010139,203975000,203,60.000000,60
req-00010140,203991667,203,60.000000,60
req-00010141,204008333,204,60.000000,60
req-00010142,204025000,204,60.000000,60
req-00010143,204041667,204,60.000000,60
req-00010144,204058333,204,60.000000,60
req-00010145,204075000,204,60.000000,60
req-00010146,204091667,204,60.000000,60
req-00010147,204108333,204,60.000000,60
req-00010148,204125000,204,60.000000,60
req-00010149,204141667,204,60.000000,60
req-00010150,204158333,204,60.000000,60
req-00010151,204175000,204,60.000000,60
req-00010152,204191667,204,60.000000,60
req-00010153,204208333,204,60.000000,60
req-00010154,204225000,204,60.000000,60
req-00010155,204241667,204,60.000000,60
req-00010156,204258333,204,60.000000,60
req-00010157,204275000,204,60.000000,60
req-00010158,204291667,204,60.000000,60
req-00010159,204308333,204,60.000000,60
req-00010160,204325000,204,60.000000,60
req-00010161,204341667,204,60.000000,60
req-00010162,204358333,204,60.000000,60
req-00010163,204375000,204,60.000000,60
req-00010164,204391667,204,60.000000,60
req-00010165,204408333,204,60.000000,60
req-00010166,204425000,204,60.000000,60
req-00010167,204441667,204,60.000000,60
req-00010168,204458333,204,60.000000,60
req-00010169,204475000,204,60.000000,60
req-00010170,204491667,204,60.000000,60
req-00010171,204508333,204,60.000000,60
req-00010172,204525000,204,60.000000,60
req-00010173,204541667,204,60.000000,60
req-00010174,204558333,204,60.000000,60
req-00010175,204575000,204,60.000000,60
req-00010176,204591667,204,60.000000,60
req-00010177,204608333,204,60.000000,60
req-00010178,204625000,204,60.000000,60
req-00010179,204641667,204,60.000000,60
req-00010180,204658333,204,60.000000,60
req-00010181,204675000,204,60.000000,60
req-00010182,204691667,204,60.000000,60
req-00010183,204708333,204,60.000000,60
req-00010184,204725000,204,60.000000,60
req-00010185,204741667,204,60.000000,60
req-00010186,204758333,204,60.000000,60
req-00010187,204775000,204,60.000000,60
req-00010188,204791667,204,60.000000,60
req-00010189,204808333,204,60.000000,60
req-00010190,204825000,204,60.000000,60
req-00010191,204841667,204,60.000000,60
req-00010192,204858333,204,60.000000,60
req-00010193,204875000,204,60.000000,60
req-00010194,204891667,204,60.000000,60
req-00010195,204908333,204,60.000000,60
req-00010196,204925000,204,60.000000,60
req-00010197,204941667,204,60.000000,60
req-00010198,204958333,204,60.000000,60
req-00010199,204975000,204,60.000000,60
req-00010200,204991667,204,60.000000,60
req-00010201,205008333,205,60.000000,60
req-00010202,205025000,205,60.000000,60
req-00010203,205041667,205,60.000000,60
req-00010204,205058333,205,60.000000,60
req-00010205,205075000,205,60.000000,60
req-00010206,205091667,205,60.000000,60
req-00010207,205108333,205,60.000000,60
req-00010208,205125000,205,60.000000,60
req-00010209,205141667,205,60.000000,60
req-00010210,205158333,205,60.000000,60
req-00010211,205175000,205,60.000000,60
req-00010212,205191667,205,60.000000,60
req-00010213,205208333,205,60.000000,60
req-00010214,205225000,205,60.000000,60
req-00010215,205241667,205,60.000000,60
req-00010216,205258333,205,60.000000,60
req-00010217,205275000,205,60.000000,60
req-00010218,205291667,205,60.000000,60
req-00010219,205308333,205,60.000000,60
req-00010220,205325000,205,60.000000,60
req-00010221,205341667,205,60.000000,60
req-00010222,205358333,205,60.000000,60
req-00010223,205375000,205,60.000000,60
req-00010224,205391667,205,60.000000,60
req-00010225,205408333,205,60.000000,60
req-00010226,205425000,205,60.000000,60
req-00010227,205441667,205,60.000000,60
req-00010228,205458333,205,60.000000,60
req-00010229,205475000,205,60.000000,60
req-00010230,205491667,205,60.000000,60
req-00010231,205508333,205,60.000000,60
req-00010232,205525000,205,60.000000,60
req-00010233,205541667,205,60.000000,60
req-00010234,205558333,205,60.000000,60
req-00010235,205575000,205,60.000000,60
req-00010236,205591667,205,60.000000,60
req-00010237,205608333,205,60.000000,60
req-00010238,205625000,205,60.000000,60
req-00010239,205641667,205,60.000000,60
req-00010240,205658333,205,60.000000,60
req-00010241,205675000,205,60.000000,60
req-00010242,205691667,205,60.000000,60
req-00010243,205708333,205,60.000000,60
req-00010244,205725000,205,60.000000,60
req-00010245,205741667,205,60.000000,60
req-00010246,205758333,205,60.000000,60
req-00010247,205775000,205,60.000000,60
req-00010248,205791667,205,60.000000,60
req-00010249,205808333,205,60.000000,60
req-00010250,205825000,205,60.000000,60
req-00010251,205841667,205,60.000000,60
req-00010252,205858333,205,60.000000,60
req-00010253,205875000,205,60.000000,60
req-00010254,205891667,205,60.000000,60
req-00010255,205908333,205,60.000000,60
req-00010256,205925000,205,60.000000,60
req-00010257,205941667,205,60.000000,60
req-00010258,205958333,205,60.000000,60
req-00010259,205975000,205,60.000000,60
req-00010260,205991667,205,60.000000,60
req-00010261,206008333,206,60.000000,60
req-00010262,206025000,206,60.000000,60
req-00010263,206041667,206,60.000000,60
req-00010264,206058333,206,60.000000,60
req-00010265,206075000,206,60.000000,60
req-00010266,206091667,206,60.000000,60
req-00010267,206108333,206,60.000000,60
req-00010268,206125000,206,60.000000,60
req-00010269,206141667,206,60.000000,60
req-00010270,206158333,206,60.000000,60
req-00010271,206175000,206,60.000000,60
req-00010272,206191667,206,60.000000,60
req-00010273,206208333,206,60.000000,60
req-00010274,206225000,206,60.000000,60
req-00010275,206241667,206,60.000000,60
req-00010276,206258333,206,60.000000,60
req-00010277,206275000,206,60.000000,60
req-00010278,206291667,206,60.000000,60
req-00010279,206308333,206,60.000000,60
req-00010280,206325000,206,60.000000,60
req-00010281,206341667,206,60.000000,60
req-00010282,206358333,206,60.000000,60
req-00010283,206375000,206,60.000000,60
req-00010284,206391667,206,60.000000,60
req-00010285,206408333,206,60.000000,60
req-00010286,206425000,206,60.000000,60
req-00010287,206441667,206,60.000000,60
req-00010288,206458333,206,60.000000,60
req-00010289,206475000,206,60.000000,60
req-00010290,206491667,206,60.000000,60
req-00010291,206508333,206,60.000000,60
req-00010292,206525000,206,60.000000,60
req-00010293,206541667,206,60.000000,60
req-00010294,206558333,206,60.000000,60
req-00010295,206575000,206,60.000000,60
req-00010296,206591667,206,60.000000,60
req-00010297,206608333,206,60.000000,60
req-00010298,206625000,206,60.000000,60
req-00010299,206641667,206,60.000000,60
req-00010300,206658333,206,60.000000,60
req-00010301,206675000,206,60.000000,60
req-00010302,206691667,206,60.000000,60
req-00010303,206708333,206,60.000000,60
req-00010304,206725000,206,60.000000,60
req-00010305,206741667,206,60.000000,60
req-00010306,206758333,206,60.000000,60
req-00010307,206775000,206,60.000000,60
req-00010308,206791667,206,60.000000,60
req-00010309,206808333,206,60.000000,60
req-00010310,206825000,206,60.000000,60
req-00010311,206841667,206,60.000000,60
req-00010312,206858333,206,60.000000,60
req-00010313,206875000,206,60.000000,60
req-00010314,206891667,206,60.000000,60
req-00010315,206908333,206,60.000000,60
req-00010316,206925000,206,60.000000,60
req-00010317,206941667,206,60.000000,60
req-00010318,206958333,206,60.000000,60
req-00010319,206975000,206,60.000000,60
req-00010320,206991667,206,60.000000,60
req-00010321,207008333,207,60.000000,60
req-00010322,207025000,207,60.000000,60
req-00010323,207041667,207,60.000000,60
req-00010324,207058333,207,60.000000,60
req-00010325,207075000,207,60.000000,60
req-00010326,207091667,207,60.000000,60
req-00010327,207108333,207,60.000000,60
req-00010328,207125000,207,60.000000,60
req-00010329,207141667,207,60.000000,60
req-00010330,207158333,207,60.000000,60
req-00010331,207175000,207,60.000000,60
req-00010332,207191667,207,60.000000,60
req-00010333,207208333,207,60.000000,60
req-00010334,207225000,207,60.000000,60
req-00010335,207241667,207,60.000000,60
req-00010336,207258333,207,60.000000,60
req-00010337,207275000,207,60.000000,60
req-00010338,207291667,207,60.000000,60
req-00010339,207308333,207,60.000000,60
req-00010340,207325000,207,60.000000,60
req-00010341,207341667,207,60.000000,60
req-00010342,207358333,207,60.000000,60
req-00010343,207375000,207,60.000000,60
req-00010344,207391667,207,60.000000,60
req-00010345,207408333,207,60.000000,60
req-00010346,207425000,207,60.000000,60
req-00010347,207441667,207,60.000000,60
req-00010348,207458333,207,60.000000,60
req-00010349,207475000,207,60.000000,60
req-00010350,207491667,207,60.000000,60
req-00010351,207508333,207,60.000000,60
req-00010352,207525000,207,60.000000,60
req-00010353,207541667,207,60.000000,60
req-00010354,207558333,207,60.000000,60
req-00010355,207575000,207,60.000000,60
req-00010356,207591667,207,60.000000,60
req-00010357,207608333,207,60.000000,60
req-00010358,207625000,207,60.000000,60
req-00010359,207641667,207,60.000000,60
req-00010360,207658333,207,60.000000,60
req-00010361,207675000,207,60.000000,60
req-00010362,207691667,207,60.000000,60
req-00010363,207708333,207,60.000000,60
req-00010364,207725000,207,60.000000,60
req-00010365,207741667,207,60.000000,60
req-00010366,207758333,207,60.000000,60
req-00010367,207775000,207,60.000000,60
req-00010368,207791667,207,60.000000,60
req-00010369,207808333,207,60.000000,60
req-00010370,207825000,207,60.000000,60
req-00010371,207841667,207,60.000000,60
req-00010372,207858333,207,60.000000,60
req-00010373,207875000,207,60.000000,60
req-00010374,207891667,207,60.000000,60
req-00010375,207908333,207,60.000000,60
req-00010376,207925000,207,60.000000,60
req-00010377,207941667,207,60.000000,60
req-00010378,207958333,207,60.000000,60
req-00010379,207975000,207,60.000000,60
req-00010380,207991667,207,60.000000,60
req-00010381,208008333,208,60.000000,60
req-00010382,208025000,208,60.000000,60
req-00010383,208041667,208,60.000000,60
req-00010384,208058333,208,60.000000,60
req-00010385,208075000,208,60.000000,60
req-00010386,208091667,208,60.000000,60
req-00010387,208108333,208,60.000000,60
req-00010388,208125000,208,60.000000,60
req-00010389,208141667,208,60.000000,60
req-00010390,208158333,208,60.000000,60
req-00010391,208175000,208,60.000000,60
req-00010392,208191667,208,60.000000,60
req-00010393,208208333,208,60.000000,60
req-00010394,208225000,208,60.000000,60
req-00010395,208241667,208,60.000000,60
req-00010396,208258333,208,60.000000,60
req-00010397,208275000,208,60.000000,60
req-00010398,208291667,208,60.000000,60
req-00010399,208308333,208,60.000000,60
req-00010400,208325000,208,60.000000,60
req-00010401,208341667,208,60.000000,60
req-00010402,208358333,208,60.000000,60
req-00010403,208375000,208,60.000000,60
req-00010404,208391667,208,60.000000,60
req-00010405,208408333,208,60.000000,60
req-00010406,208425000,208,60.000000,60
req-00010407,208441667,208,60.000000,60
req-00010408,208458333,208,60.000000,60
req-00010409,208475000,208,60.000000,60
req-00010410,208491667,208,60.000000,60
req-00010411,208508333,208,60.000000,60
req-00010412,208525000,208,60.000000,60
req-00010413,208541667,208,60.000000,60
req-00010414,208558333,208,60.000000,60
req-00010415,208575000,208,60.000000,60
req-00010416,208591667,208,60.000000,60
req-00010417,208608333,208,60.000000,60
req-00010418,208625000,208,60.000000,60
req-00010419,208641667,208,60.000000,60
req-00010420,208658333,208,60.000000,60
req-00010421,208675000,208,60.000000,60
req-00010422,208691667,208,60.000000,60
req-00010423,208708333,208,60.000000,60
req-00010424,208725000,208,60.000000,60
req-00010425,208741667,208,60.000000,60
req-00010426,208758333,208,60.000000,60
req-00010427,208775000,208,60.000000,60
req-00010428,208791667,208,60.000000,60
req-00010429,208808333,208,60.000000,60
req-00010430,208825000,208,60.000000,60
req-00010431,208841667,208,60.000000,60
req-00010432,208858333,208,60.000000,60
req-00010433,208875000,208,60.000000,60
req-00010434,208891667,208,60.000000,60
req-00010435,208908333,208,60.000000,60
req-00010436,208925000,208,60.000000,60
req-00010437,208941667,208,60.000000,60
req-00010438,208958333,208,60.000000,60
req-00010439,208975000,208,60.000000,60
req-00010440,208991667,208,60.000000,60
req-00010441,209008333,209,60.000000,60
req-00010442,209025000,209,60.000000,60
req-00010443,209041667,209,60.000000,60
req-00010444,209058333,209,60.000000,60
req-00010445,209075000,209,60.000000,60
req-00010446,209091667,209,60.000000,60
req-00010447,209108333,209,60.000000,60
req-00010448,209125000,209,60.000000,60
req-00010449,209141667,209,60.000000,60
req-00010450,209158333,209,60.000000,60
req-00010451,209175000,209,60.000000,60
req-00010452,209191667,209,60.000000,60
req-00010453,209208333,209,60.000000,60
req-00010454,209225000,209,60.000000,60
req-00010455,209241667,209,60.000000,60
req-00010456,209258333,209,60.000000,60
req-00010457,209275000,209,60.000000,60
req-00010458,209291667,209,60.000000,60
req-00010459,209308333,209,60.000000,60
req-00010460,209325000,209,60.000000,60
req-00010461,209341667,209,60.000000,60
req-00010462,209358333,209,60.000000,60
req-00010463,209375000,209,60.000000,60
req-00010464,209391667,209,60.000000,60
req-00010465,209408333,209,60.000000,60
req-00010466,209425000,209,60.000000,60
req-00010467,209441667,209,60.000000,60
req-00010468,209458333,209,60.000000,60
req-00010469,209475000,209,60.000000,60
req-00010470,209491667,209,60.000000,60
req-00010471,209508333,209,60.000000,60
req-00010472,209525000,209,60.000000,60
req-00010473,209541667,209,60.000000,60
req-00010474,209558333,209,60.000000,60
req-00010475,209575000,209,60.000000,60
req-00010476,209591667,209,60.000000,60
req-00010477,209608333,209,60.000000,60
req-00010478,209625000,209,60.000000,60
req-00010479,209641667,209,60.000000,60
req-00010480,209658333,209,60.000000,60
req-00010481,209675000,209,60.000000,60
req-00010482,209691667,209,60.000000,60
req-00010483,209708333,209,60.000000,60
req-00010484,209725000,209,60.000000,60
req-00010485,209741667,209,60.000000,60
req-00010486,209758333,209,60.000000,60
req-00010487,209775000,209,60.000000,60
req-00010488,209791667,209,60.000000,60
req-00010489,209808333,209,60.000000,60
req-00010490,209825000,209,60.000000,60
req-00010491,209841667,209,60.000000,60
req-00010492,209858333,209,60.000000,60
req-00010493,209875000,209,60.000000,60
req-00010494,209891667,209,60.000000,60
req-00010495,209908333,209,60.000000,60
req-00010496,209925000,209,60.000000,60
req-00010497,209941667,209,60.000000,60
req-00010498,209958333,209,60.000000,60
req-00010499,209975000,209,60.000000,60
req-00010500,209991667,209,60.000000,60
req-00010501,210008333,210,60.000000,60
req-00010502,210025000,210,60.000000,60
req-00010503,210041667,210,60.000000,60
req-00010504,210058333,210,60.000000,60
req-00010505,210075000,210,60.000000,60
req-00010506,210091667,210,60.000000,60
req-00010507,210108333,210,60.000000,60
req-00010508,210125000,210,60.000000,60
req-00010509,210141667,210,60.000000,60
req-00010510,210158333,210,60.000000,60
req-00010511,210175000,210,60.000000,60
req-00010512,210191667,210,60.000000,60
req-00010513,210208333,210,60.000000,60
req-00010514,210225000,210,60.000000,60
req-00010515,210241667,210,60.000000,60
req-00010516,210258333,210,60.000000,60
req-00010517,210275000,210,60.000000,60
req-00010518,210291667,210,60.000000,60
req-00010519,210308333,210,60.000000,60
req-00010520,210325000,210,60.000000,60
req-00010521,210341667,210,60.000000,60
req-00010522,210358333,210,60.000000,60
req-00010523,210375000,210,60.000000,60
req-00010524,210391667,210,60.000000,60
req-00010525,210408333,210,60.000000,60
req-00010526,210425000,210,60.000000,60
req-00010527,210441667,210,60.000000,60
req-00010528,210458333,210,60.000000,60
req-00010529,210475000,210,60.000000,60
req-00010530,210491667,210,60.000000,60
req-00010531,210508333,210,60.000000,60
req-00010532,210525000,210,60.000000,60
req-00010533,210541667,210,60.000000,60
req-00010534,210558333,210,60.000000,60
req-00010535,210575000,210,60.000000,60
req-00010536,210591667,210,60.000000,60
req-00010537,210608333,210,60.000000,60
req-00010538,210625000,210,60.000000,60
req-00010539,210641667,210,60.000000,60
req-00010540,210658333,210,60.000000,60
req-00010541,210675000,210,60.000000,60
req-00010542,210691667,210,60.000000,60
req-00010543,210708333,210,60.000000,60
req-00010544,210725000,210,60.000000,60
req-00010545,210741667,210,60.000000,60
req-00010546,210758333,210,60.000000,60
req-00010547,210775000,210,60.000000,60
req-00010548,210791667,210,60.000000,60
req-00010549,210808333,210,60.000000,60
req-00010550,210825000,210,60.000000,60
req-00010551,210841667,210,60.000000,60
req-00010552,210858333,210,60.000000,60
req-00010553,210875000,210,60.000000,60
req-00010554,210891667,210,60.000000,60
req-00010555,210908333,210,60.000000,60
req-00010556,210925000,210,60.000000,60
req-00010557,210941667,210,60.000000,60
req-00010558,210958333,210,60.000000,60
req-00010559,210975000,210,60.000000,60
req-00010560,210991667,210,60.000000,60
req-00010561,211008333,211,60.000000,60
req-00010562,211025000,211,60.000000,60
req-00010563,211041667,211,60.000000,60
req-00010564,211058333,211,60.000000,60
req-00010565,211075000,211,60.000000,60
req-00010566,211091667,211,60.000000,60
req-00010567,211108333,211,60.000000,60
req-00010568,211125000,211,60.000000,60
req-00010569,211141667,211,60.000000,60
req-00010570,211158333,211,60.000000,60
req-00010571,211175000,211,60.000000,60
req-00010572,211191667,211,60.000000,60
req-00010573,211208333,211,60.000000,60
req-00010574,211225000,211,60.000000,60
req-00010575,211241667,211,60.000000,60
req-00010576,211258333,211,60.000000,60
req-00010577,211275000,211,60.000000,60
req-00010578,211291667,211,60.000000,60
req-00010579,211308333,211,60.000000,60
req-00010580,211325000,211,60.000000,60
req-00010581,211341667,211,60.000000,60
req-00010582,211358333,211,60.000000,60
req-00010583,211375000,211,60.000000,60
req-00010584,211391667,211,60.000000,60
req-00010585,211408333,211,60.000000,60
req-00010586,211425000,211,60.000000,60
req-00010587,211441667,211,60.000000,60
req-00010588,211458333,211,60.000000,60
req-00010589,211475000,211,60.000000,60
req-00010590,211491667,211,60.000000,60
req-00010591,211508333,211,60.000000,60
req-00010592,211525000,211,60.000000,60
req-00010593,211541667,211,60.000000,60
req-00010594,211558333,211,60.000000,60
req-00010595,211575000,211,60.000000,60
req-00010596,211591667,211,60.000000,60
req-00010597,211608333,211,60.000000,60
req-00010598,211625000,211,60.000000,60
req-00010599,211641667,211,60.000000,60
req-00010600,211658333,211,60.000000,60
req-00010601,211675000,211,60.000000,60
req-00010602,211691667,211,60.000000,60
req-00010603,211708333,211,60.000000,60
req-00010604,211725000,211,60.000000,60
req-00010605,211741667,211,60.000000,60
req-00010606,211758333,211,60.000000,60
req-00010607,211775000,211,60.000000,60
req-00010608,211791667,211,60.000000,60
req-00010609,211808333,211,60.000000,60
req-00010610,211825000,211,60.000000,60
req-00010611,211841667,211,60.000000,60
req-00010612,211858333,211,60.000000,60
req-00010613,211875000,211,60.000000,60
req-00010614,211891667,211,60.000000,60
req-00010615,211908333,211,60.000000,60
req-00010616,211925000,211,60.000000,60
req-00010617,211941667,211,60.000000,60
req-00010618,211958333,211,60.000000,60
req-00010619,211975000,211,60.000000,60
req-00010620,211991667,211,60.000000,60
req-00010621,212008333,212,60.000000,60
req-00010622,212025000,212,60.000000,60
req-00010623,212041667,212,60.000000,60
req-00010624,212058333,212,60.000000,60
req-00010625,212075000,212,60.000000,60
req-00010626,212091667,212,60.000000,60
req-00010627,212108333,212,60.000000,60
req-00010628,212125000,212,60.000000,60
req-00010629,212141667,212,60.000000,60
req-00010630,212158333,212,60.000000,60
req-00010631,212175000,212,60.000000,60
req-00010632,212191667,212,60.000000,60
req-00010633,212208333,212,60.000000,60
req-00010634,212225000,212,60.000000,60
req-00010635,212241667,212,60.000000,60
req-00010636,212258333,212,60.000000,60
req-00010637,212275000,212,60.000000,60
req-00010638,212291667,212,60.000000,60
req-00010639,212308333,212,60.000000,60
req-00010640,212325000,212,60.000000,60
req-00010641,212341667,212,60.000000,60
req-00010642,212358333,212,60.000000,60
req-00010643,212375000,212,60.000000,60
req-00010644,212391667,212,60.000000,60
req-00010645,212408333,212,60.000000,60
req-00010646,212425000,212,60.000000,60
req-00010647,212441667,212,60.000000,60
req-00010648,212458333,212,60.000000,60
req-00010649,212475000,212,60.000000,60
req-00010650,212491667,212,60.000000,60
req-00010651,212508333,212,60.000000,60
req-00010652,212525000,212,60.000000,60
req-00010653,212541667,212,60.000000,60
req-00010654,212558333,212,60.000000,60
req-00010655,212575000,212,60.000000,60
req-00010656,212591667,212,60.000000,60
req-00010657,212608333,212,60.000000,60
req-00010658,212625000,212,60.000000,60
req-00010659,212641667,212,60.000000,60
req-00010660,212658333,212,60.000000,60
req-00010661,212675000,212,60.000000,60
req-00010662,212691667,212,60.000000,60
req-00010663,212708333,212,60.000000,60
req-00010664,212725000,212,60.000000,60
req-00010665,212741667,212,60.000000,60
req-00010666,212758333,212,60.000000,60
req-00010667,212775000,212,60.000000,60
req-00010668,212791667,212,60.000000,60
req-00010669,212808333,212,60.000000,60
req-00010670,212825000,212,60.000000,60
req-00010671,212841667,212,60.000000,60
req-00010672,212858333,212,60.000000,60
req-00010673,212875000,212,60.000000,60
req-00010674,212891667,212,60.000000,60
req-00010675,212908333,212,60.000000,60
req-00010676,212925000,212,60.000000,60
req-00010677,212941667,212,60.000000,60
req-00010678,212958333,212,60.000000,60
req-00010679,212975000,212,60.000000,60
req-00010680,212991667,212,60.000000,60
req-00010681,213008333,213,60.000000,60
req-00010682,213025000,213,60.000000,60
req-00010683,213041667,213,60.000000,60
req-00010684,213058333,213,60.000000,60
req-00010685,213075000,213,60.000000,60
req-00010686,213091667,213,60.000000,60
req-00010687,213108333,213,60.000000,60
req-00010688,213125000,213,60.000000,60
req-00010689,213141667,213,60.000000,60
req-00010690,213158333,213,60.000000,60
req-00010691,213175000,213,60.000000,60
req-00010692,213191667,213,60.000000,60
req-00010693,213208333,213,60.000000,60
req-00010694,213225000,213,60.000000,60
req-00010695,213241667,213,60.000000,60
req-00010696,213258333,213,60.000000,60
req-00010697,213275000,213,60.000000,60
req-00010698,213291667,213,60.000000,60
req-00010699,213308333,213,60.000000,60
req-00010700,213325000,213,60.000000,60
req-00010701,213341667,213,60.000000,60
req-00010702,213358333,213,60.000000,60
req-00010703,213375000,213,60.000000,60
req-00010704,213391667,213,60.000000,60
req-00010705,213408333,213,60.000000,60
req-00010706,213425000,213,60.000000,60
req-00010707,213441667,213,60.000000,60
req-00010708,213458333,213,60.000000,60
req-00010709,213475000,213,60.000000,60
req-00010710,213491667,213,60.000000,60
req-00010711,213508333,213,60.000000,60
req-00010712,213525000,213,60.000000,60
req-00010713,213541667,213,60.000000,60
req-00010714,213558333,213,60.000000,60
req-00010715,213575000,213,60.000000,60
req-00010716,213591667,213,60.000000,60
req-00010717,213608333,213,60.000000,60
req-00010718,213625000,213,60.000000,60
req-00010719,213641667,213,60.000000,60
req-00010720,213658333,213,60.000000,60
req-00010721,213675000,213,60.000000,60
req-00010722,213691667,213,60.000000,60
req-00010723,213708333,213,60.000000,60
req-00010724,213725000,213,60.000000,60
req-00010725,213741667,213,60.000000,60
req-00010726,213758333,213,60.000000,60
req-00010727,213775000,213,60.000000,60
req-00010728,213791667,213,60.000000,60
req-00010729,213808333,213,60.000000,60
req-00010730,213825000,213,60.000000,60
req-00010731,213841667,213,60.000000,60
req-00010732,213858333,213,60.000000,60
req-00010733,213875000,213,60.000000,60
req-00010734,213891667,213,60.000000,60
req-00010735,213908333,213,60.000000,60
req-00010736,213925000,213,60.000000,60
req-00010737,213941667,213,60.000000,60
req-00010738,213958333,213,60.000000,60
req-00010739,213975000,213,60.000000,60
req-00010740,213991667,213,60.000000,60
req-00010741,214008333,214,60.000000,60
req-00010742,214025000,214,60.000000,60
req-00010743,214041667,214,60.000000,60
req-00010744,214058333,214,60.000000,60
req-00010745,214075000,214,60.000000,60
req-00010746,214091667,214,60.000000,60
req-00010747,214108333,214,60.000000,60
req-00010748,214125000,214,60.000000,60
req-00010749,214141667,214,60.000000,60
req-00010750,214158333,214,60.000000,60
req-00010751,214175000,214,60.000000,60
req-00010752,214191667,214,60.000000,60
req-00010753,214208333,214,60.000000,60
req-00010754,214225000,214,60.000000,60
req-00010755,214241667,214,60.000000,60
req-00010756,214258333,214,60.000000,60
req-00010757,214275000,214,60.000000,60
req-00010758,214291667,214,60.000000,60
req-00010759,214308333,214,60.000000,60
req-00010760,214325000,214,60.000000,60
req-00010761,214341667,214,60.000000,60
req-00010762,214358333,214,60.000000,60
req-00010763,214375000,214,60.000000,60
req-00010764,214391667,214,60.000000,60
req-00010765,214408333,214,60.000000,60
req-00010766,214425000,214,60.000000,60
req-00010767,214441667,214,60.000000,60
req-00010768,214458333,214,60.000000,60
req-00010769,214475000,214,60.000000,60
req-00010770,214491667,214,60.000000,60
req-00010771,214508333,214,60.000000,60
req-00010772,214525000,214,60.000000,60
req-00010773,214541667,214,60.000000,60
req-00010774,214558333,214,60.000000,60
req-00010775,214575000,214,60.000000,60
req-00010776,214591667,214,60.000000,60
req-00010777,214608333,214,60.000000,60
req-00010778,214625000,214,60.000000,60
req-00010779,214641667,214,60.000000,60
req-00010780,214658333,214,60.000000,60
req-00010781,214675000,214,60.000000,60
req-00010782,214691667,214,60.000000,60
req-00010783,214708333,214,60.000000,60
req-00010784,214725000,214,60.000000,60
req-00010785,214741667,214,60.000000,60
req-00010786,214758333,214,60.000000,60
req-00010787,214775000,214,60.000000,60
req-00010788,214791667,214,60.000000,60
req-00010789,214808333,214,60.000000,60
req-00010790,214825000,214,60.000000,60
req-00010791,214841667,214,60.000000,60
req-00010792,214858333,214,60.000000,60
req-00010793,214875000,214,60.000000,60
req-00010794,214891667,214,60.000000,60
req-00010795,214908333,214,60.000000,60
req-00010796,214925000,214,60.000000,60
req-00010797,214941667,214,60.000000,60
req-00010798,214958333,214,60.000000,60
req-00010799,214975000,214,60.000000,60
req-00010800,214991667,214,60.000000,60
req-00010801,215008333,215,60.000000,60
req-00010802,215025000,215,60.000000,60
req-00010803,215041667,215,60.000000,60
req-00010804,215058333,215,60.000000,60
req-00010805,215075000,215,60.000000,60
req-00010806,215091667,215,60.000000,60
req-00010807,215108333,215,60.000000,60
req-00010808,215125000,215,60.000000,60
req-00010809,215141667,215,60.000000,60
req-00010810,215158333,215,60.000000,60
req-00010811,215175000,215,60.000000,60
req-00010812,215191667,215,60.000000,60
req-00010813,215208333,215,60.000000,60
req-00010814,215225000,215,60.000000,60
req-00010815,215241667,215,60.000000,60
req-00010816,215258333,215,60.000000,60
req-00010817,215275000,215,60.000000,60
req-00010818,215291667,215,60.000000,60
req-00010819,215308333,215,60.000000,60
req-00010820,215325000,215,60.000000,60
req-00010821,215341667,215,60.000000,60
req-00010822,215358333,215,60.000000,60
req-00010823,215375000,215,60.000000,60
req-00010824,215391667,215,60.000000,60
req-00010825,215408333,215,60.000000,60
req-00010826,215425000,215,60.000000,60
req-00010827,215441667,215,60.000000,60
req-00010828,215458333,215,60.000000,60
req-00010829,215475000,215,60.000000,60
req-00010830,215491667,215,60.000000,60
req-00010831,215508333,215,60.000000,60
req-00010832,215525000,215,60.000000,60
req-00010833,215541667,215,60.000000,60
req-00010834,215558333,215,60.000000,60
req-00010835,215575000,215,60.000000,60
req-00010836,215591667,215,60.000000,60
req-00010837,215608333,215,60.000000,60
req-00010838,215625000,215,60.000000,60
req-00010839,215641667,215,60.000000,60
req-00010840,215658333,215,60.000000,60
req-00010841,215675000,215,60.000000,60
req-00010842,215691667,215,60.000000,60
req-00010843,215708333,215,60.000000,60
req-00010844,215725000,215,60.000000,60
req-00010845,215741667,215,60.000000,60
req-00010846,215758333,215,60.000000,60
req-00010847,215775000,215,60.000000,60
req-00010848,215791667,215,60.000000,60
req-00010849,215808333,215,60.000000,60
req-00010850,215825000,215,60.000000,60
req-00010851,215841667,215,60.000000,60
req-00010852,215858333,215,60.000000,60
req-00010853,215875000,215,60.000000,60
req-00010854,215891667,215,60.000000,60
req-00010855,215908333,215,60.000000,60
req-00010856,215925000,215,60.000000,60
req-00010857,215941667,215,60.000000,60
req-00010858,215958333,215,60.000000,60
req-00010859,215975000,215,60.000000,60
req-00010860,215991667,215,60.000000,60
req-00010861,216008333,216,60.000000,60
req-00010862,216025000,216,60.000000,60
req-00010863,216041667,216,60.000000,60
req-00010864,216058333,216,60.000000,60
req-00010865,216075000,216,60.000000,60
req-00010866,216091667,216,60.000000,60
req-00010867,216108333,216,60.000000,60
req-00010868,216125000,216,60.000000,60
req-00010869,216141667,216,60.000000,60
req-00010870,216158333,216,60.000000,60
req-00010871,216175000,216,60.000000,60
req-00010872,216191667,216,60.000000,60
req-00010873,216208333,216,60.000000,60
req-00010874,216225000,216,60.000000,60
req-00010875,216241667,216,60.000000,60
req-00010876,216258333,216,60.000000,60
req-00010877,216275000,216,60.000000,60
req-00010878,216291667,216,60.000000,60
req-00010879,216308333,216,60.000000,60
req-00010880,216325000,216,60.000000,60
req-00010881,216341667,216,60.000000,60
req-00010882,216358333,216,60.000000,60
req-00010883,216375000,216,60.000000,60
req-00010884,216391667,216,60.000000,60
req-00010885,216408333,216,60.000000,60
req-00010886,216425000,216,60.000000,60
req-00010887,216441667,216,60.000000,60
req-00010888,216458333,216,60.000000,60
req-00010889,216475000,216,60.000000,60
req-00010890,216491667,216,60.000000,60
req-00010891,216508333,216,60.000000,60
req-00010892,216525000,216,60.000000,60
req-00010893,216541667,216,60.000000,60
req-00010894,216558333,216,60.000000,60
req-00010895,216575000,216,60.000000,60
req-00010896,216591667,216,60.000000,60
req-00010897,216608333,216,60.000000,60
req-00010898,216625000,216,60.000000,60
req-00010899,216641667,216,60.000000,60
req-00010900,216658333,216,60.000000,60
req-00010901,216675000,216,60.000000,60
req-00010902,216691667,216,60.000000,60
req-00010903,216708333,216,60.000000,60
req-00010904,216725000,216,60.000000,60
req-00010905,216741667,216,60.000000,60
req-00010906,216758333,216,60.000000,60
req-00010907,216775000,216,60.000000,60
req-00010908,216791667,216,60.000000,60
req-00010909,216808333,216,60.000000,60
req-00010910,216825000,216,60.000000,60
req-00010911,216841667,216,60.000000,60
req-00010912,216858333,216,60.000000,60
req-00010913,216875000,216,60.000000,60
req-00010914,216891667,216,60.000000,60
req-00010915,216908333,216,60.000000,60
req-00010916,216925000,216,60.000000,60
req-00010917,216941667,216,60.000000,60
req-00010918,216958333,216,60.000000,60
req-00010919,216975000,216,60.000000,60
req-00010920,216991667,216,60.000000,60
req-00010921,217008333,217,60.000000,60
req-00010922,217025000,217,60.000000,60
req-00010923,217041667,217,60.000000,60
req-00010924,217058333,217,60.000000,60
req-00010925,217075000,217,60.000000,60
req-00010926,217091667,217,60.000000,60
req-00010927,217108333,217,60.000000,60
req-00010928,217125000,217,60.000000,60
req-00010929,217141667,217,60.000000,60
req-00010930,217158333,217,60.000000,60
req-00010931,217175000,217,60.000000,60
req-00010932,217191667,217,60.000000,60
req-00010933,217208333,217,60.000000,60
req-00010934,217225000,217,60.000000,60
req-00010935,217241667,217,60.000000,60
req-00010936,217258333,217,60.000000,60
req-00010937,217275000,217,60.000000,60
req-00010938,217291667,217,60.000000,60
req-00010939,217308333,217,60.000000,60
req-00010940,217325000,217,60.000000,60
req-00010941,217341667,217,60.000000,60
req-00010942,217358333,217,60.000000,60
req-00010943,217375000,217,60.000000,60
req-00010944,217391667,217,60.000000,60
req-00010945,217408333,217,60.000000,60
req-00010946,217425000,217,60.000000,60
req-00010947,217441667,217,60.000000,60
req-00010948,217458333,217,60.000000,60
req-00010949,217475000,217,60.000000,60
req-00010950,217491667,217,60.000000,60
req-00010951,217508333,217,60.000000,60
req-00010952,217525000,217,60.000000,60
req-00010953,217541667,217,60.000000,60
req-00010954,217558333,217,60.000000,60
req-00010955,217575000,217,60.000000,60
req-00010956,217591667,217,60.000000,60
req-00010957,217608333,217,60.000000,60
req-00010958,217625000,217,60.000000,60
req-00010959,217641667,217,60.000000,60
req-00010960,217658333,217,60.000000,60
req-00010961,217675000,217,60.000000,60
req-00010962,217691667,217,60.000000,60
req-00010963,217708333,217,60.000000,60
req-00010964,217725000,217,60.000000,60
req-00010965,217741667,217,60.000000,60
req-00010966,217758333,217,60.000000,60
req-00010967,217775000,217,60.000000,60
req-00010968,217791667,217,60.000000,60
req-00010969,217808333,217,60.000000,60
req-00010970,217825000,217,60.000000,60
req-00010971,217841667,217,60.000000,60
req-00010972,217858333,217,60.000000,60
req-00010973,217875000,217,60.000000,60
req-00010974,217891667,217,60.000000,60
req-00010975,217908333,217,60.000000,60
req-00010976,217925000,217,60.000000,60
req-00010977,217941667,217,60.000000,60
req-00010978,217958333,217,60.000000,60
req-00010979,217975000,217,60.000000,60
req-00010980,217991667,217,60.000000,60
req-00010981,218008333,218,60.000000,60
req-00010982,218025000,218,60.000000,60
req-00010983,218041667,218,60.000000,60
req-00010984,218058333,218,60.000000,60
req-00010985,218075000,218,60.000000,60
req-00010986,218091667,218,60.000000,60
req-00010987,218108333,218,60.000000,60
req-00010988,218125000,218,60.000000,60
req-00010989,218141667,218,60.000000,60
req-00010990,218158333,218,60.000000,60
req-00010991,218175000,218,60.000000,60
req-00010992,218191667,218,60.000000,60
req-00010993,218208333,218,60.000000,60
req-00010994,218225000,218,60.000000,60
req-00010995,218241667,218,60.000000,60
req-00010996,218258333,218,60.000000,60
req-00010997,218275000,218,60.000000,60
req-00010998,218291667,218,60.000000,60
req-00010999,218308333,218,60.000000,60
req-00011000,218325000,218,60.000000,60
req-00011001,218341667,218,60.000000,60
req-00011002,218358333,218,60.000000,60
req-00011003,218375000,218,60.000000,60
req-00011004,218391667,218,60.000000,60
req-00011005,218408333,218,60.000000,60
req-00011006,218425000,218,60.000000,60
req-00011007,218441667,218,60.000000,60
req-00011008,218458333,218,60.000000,60
req-00011009,218475000,218,60.000000,60
req-00011010,218491667,218,60.000000,60
req-00011011,218508333,218,60.000000,60
req-00011012,218525000,218,60.000000,60
req-00011013,218541667,218,60.000000,60
req-00011014,218558333,218,60.000000,60
req-00011015,218575000,218,60.000000,60
req-00011016,218591667,218,60.000000,60
req-00011017,218608333,218,60.000000,60
req-00011018,218625000,218,60.000000,60
req-00011019,218641667,218,60.000000,60
req-00011020,218658333,218,60.000000,60
req-00011021,218675000,218,60.000000,60
req-00011022,218691667,218,60.000000,60
req-00011023,218708333,218,60.000000,60
req-00011024,218725000,218,60.000000,60
req-00011025,218741667,218,60.000000,60
req-00011026,218758333,218,60.000000,60
req-00011027,218775000,218,60.000000,60
req-00011028,218791667,218,60.000000,60
req-00011029,218808333,218,60.000000,60
req-00011030,218825000,218,60.000000,60
req-00011031,218841667,218,60.000000,60
req-00011032,218858333,218,60.000000,60
req-00011033,218875000,218,60.000000,60
req-00011034,218891667,218,60.000000,60
req-00011035,218908333,218,60.000000,60
req-00011036,218925000,218,60.000000,60
req-00011037,218941667,218,60.000000,60
req-00011038,218958333,218,60.000000,60
req-00011039,218975000,218,60.000000,60
req-00011040,218991667,218,60.000000,60
req-00011041,219008333,219,60.000000,60
req-00011042,219025000,219,60.000000,60
req-00011043,219041667,219,60.000000,60
req-00011044,219058333,219,60.000000,60
req-00011045,219075000,219,60.000000,60
req-00011046,219091667,219,60.000000,60
req-00011047,219108333,219,60.000000,60
req-00011048,219125000,219,60.000000,60
req-00011049,219141667,219,60.000000,60
req-00011050,219158333,219,60.000000,60
req-00011051,219175000,219,60.000000,60
req-00011052,219191667,219,60.000000,60
req-00011053,219208333,219,60.000000,60
req-00011054,219225000,219,60.000000,60
req-00011055,219241667,219,60.000000,60
req-00011056,219258333,219,60.000000,60
req-00011057,219275000,219,60.000000,60
req-00011058,219291667,219,60.000000,60
req-00011059,219308333,219,60.000000,60
req-00011060,219325000,219,60.000000,60
req-00011061,219341667,219,60.000000,60
req-00011062,219358333,219,60.000000,60
req-00011063,219375000,219,60.000000,60
req-00011064,219391667,219,60.000000,60
req-00011065,219408333,219,60.000000,60
req-00011066,219425000,219,60.000000,60
req-00011067,219441667,219,60.000000,60
req-00011068,219458333,219,60.000000,60
req-00011069,219475000,219,60.000000,60
req-00011070,219491667,219,60.000000,60
req-00011071,219508333,219,60.000000,60
req-00011072,219525000,219,60.000000,60
req-00011073,219541667,219,60.000000,60
req-00011074,219558333,219,60.000000,60
req-00011075,219575000,219,60.000000,60
req-00011076,219591667,219,60.000000,60
req-00011077,219608333,219,60.000000,60
req-00011078,219625000,219,60.000000,60
req-00011079,219641667,219,60.000000,60
req-00011080,219658333,219,60.000000,60
req-00011081,219675000,219,60.000000,60
req-00011082,219691667,219,60.000000,60
req-00011083,219708333,219,60.000000,60
req-00011084,219725000,219,60.000000,60
req-00011085,219741667,219,60.000000,60
req-00011086,219758333,219,60.000000,60
req-00011087,219775000,219,60.000000,60
req-00011088,219791667,219,60.000000,60
req-00011089,219808333,219,60.000000,60
req-00011090,219825000,219,60.000000,60
req-00011091,219841667,219,60.000000,60
req-00011092,219858333,219,60.000000,60
req-00011093,219875000,219,60.000000,60
req-00011094,219891667,219,60.000000,60
req-00011095,219908333,219,60.000000,60
req-00011096,219925000,219,60.000000,60
req-00011097,219941667,219,60.000000,60
req-00011098,219958333,219,60.000000,60
req-00011099,219975000,219,60.000000,60
req-00011100,219991667,219,60.000000,60
req-00011101,220008333,220,60.000000,60
req-00011102,220025000,220,60.000000,60
req-00011103,220041667,220,60.000000,60
req-00011104,220058333,220,60.000000,60
req-00011105,220075000,220,60.000000,60
req-00011106,220091667,220,60.000000,60
req-00011107,220108333,220,60.000000,60
req-00011108,220125000,220,60.000000,60
req-00011109,220141667,220,60.000000,60
req-00011110,220158333,220,60.000000,60
req-00011111,220175000,220,60.000000,60
req-00011112,220191667,220,60.000000,60
req-00011113,220208333,220,60.000000,60
req-00011114,220225000,220,60.000000,60
req-00011115,220241667,220,60.000000,60
req-00011116,220258333,220,60.000000,60
req-00011117,220275000,220,60.000000,60
req-00011118,220291667,220,60.000000,60
req-00011119,220308333,220,60.000000,60
req-00011120,220325000,220,60.000000,60
req-00011121,220341667,220,60.000000,60
req-00011122,220358333,220,60.000000,60
req-00011123,220375000,220,60.000000,60
req-00011124,220391667,220,60.000000,60
req-00011125,220408333,220,60.000000,60
req-00011126,220425000,220,60.000000,60
req-00011127,220441667,220,60.000000,60
req-00011128,220458333,220,60.000000,60
req-00011129,220475000,220,60.000000,60
req-00011130,220491667,220,60.000000,60
req-00011131,220508333,220,60.000000,60
req-00011132,220525000,220,60.000000,60
req-00011133,220541667,220,60.000000,60
req-00011134,220558333,220,60.000000,60
req-00011135,220575000,220,60.000000,60
req-00011136,220591667,220,60.000000,60
req-00011137,220608333,220,60.000000,60
req-00011138,220625000,220,60.000000,60
req-00011139,220641667,220,60.000000,60
req-00011140,220658333,220,60.000000,60
req-00011141,220675000,220,60.000000,60
req-00011142,220691667,220,60.000000,60
req-00011143,220708333,220,60.000000,60
req-00011144,220725000,220,60.000000,60
req-00011145,220741667,220,60.000000,60
req-00011146,220758333,220,60.000000,60
req-00011147,220775000,220,60.000000,60
req-00011148,220791667,220,60.000000,60
req-00011149,220808333,220,60.000000,60
req-00011150,220825000,220,60.000000,60
req-00011151,220841667,220,60.000000,60
req-00011152,220858333,220,60.000000,60
req-00011153,220875000,220,60.000000,60
req-00011154,220891667,220,60.000000,60
req-00011155,220908333,220,60.000000,60
req-00011156,220925000,220,60.000000,60
req-00011157,220941667,220,60.000000,60
req-00011158,220958333,220,60.000000,60
req-00011159,220975000,220,60.000000,60
req-00011160,220991667,220,60.000000,60
req-00011161,221008333,221,60.000000,60
req-00011162,221025000,221,60.000000,60
req-00011163,221041667,221,60.000000,60
req-00011164,221058333,221,60.000000,60
req-00011165,221075000,221,60.000000,60
req-00011166,221091667,221,60.000000,60
req-00011167,221108333,221,60.000000,60
req-00011168,221125000,221,60.000000,60
req-00011169,221141667,221,60.000000,60
req-00011170,221158333,221,60.000000,60
req-00011171,221175000,221,60.000000,60
req-00011172,221191667,221,60.000000,60
req-00011173,221208333,221,60.000000,60
req-00011174,221225000,221,60.000000,60
req-00011175,221241667,221,60.000000,60
req-00011176,221258333,221,60.000000,60
req-00011177,221275000,221,60.000000,60
req-00011178,221291667,221,60.000000,60
req-00011179,221308333,221,60.000000,60
req-00011180,221325000,221,60.000000,60
req-00011181,221341667,221,60.000000,60
req-00011182,221358333,221,60.000000,60
req-00011183,221375000,221,60.000000,60
req-00011184,221391667,221,60.000000,60
req-00011185,221408333,221,60.000000,60
req-00011186,221425000,221,60.000000,60
req-00011187,221441667,221,60.000000,60
req-00011188,221458333,221,60.000000,60
req-00011189,221475000,221,60.000000,60
req-00011190,221491667,221,60.000000,60
req-00011191,221508333,221,60.000000,60
req-00011192,221525000,221,60.000000,60
req-00011193,221541667,221,60.000000,60
req-00011194,221558333,221,60.000000,60
req-00011195,221575000,221,60.000000,60
req-00011196,221591667,221,60.000000,60
req-00011197,221608333,221,60.000000,60
req-00011198,221625000,221,60.000000,60
req-00011199,221641667,221,60.000000,60
req-00011200,221658333,221,60.000000,60
req-00011201,221675000,221,60.000000,60
req-00011202,221691667,221,60.000000,60
req-00011203,221708333,221,60.000000,60
req-00011204,221725000,221,60.000000,60
req-00011205,221741667,221,60.000000,60
req-00011206,221758333,221,60.000000,60
req-00011207,221775000,221,60.000000,60
req-00011208,221791667,221,60.000000,60
req-00011209,221808333,221,60.000000,60
req-00011210,221825000,221,60.000000,60
req-00011211,221841667,221,60.000000,60
req-00011212,221858333,221,60.000000,60
req-00011213,221875000,221,60.000000,60
req-00011214,221891667,221,60.000000,60
req-00011215,221908333,221,60.000000,60
req-00011216,221925000,221,60.000000,60
req-00011217,221941667,221,60.000000,60
req-00011218,221958333,221,60.000000,60
req-00011219,221975000,221,60.000000,60
req-00011220,221991667,221,60.000000,60
req-00011221,222008333,222,60.000000,60
req-00011222,222025000,222,60.000000,60
req-00011223,222041667,222,60.000000,60
req-00011224,222058333,222,60.000000,60
req-00011225,222075000,222,60.000000,60
req-00011226,222091667,222,60.000000,60
req-00011227,222108333,222,60.000000,60
req-00011228,222125000,222,60.000000,60
req-00011229,222141667,222,60.000000,60
req-00011230,222158333,222,60.000000,60
req-00011231,222175000,222,60.000000,60
req-00011232,222191667,222,60.000000,60
req-00011233,222208333,222,60.000000,60
req-00011234,222225000,222,60.000000,60
req-00011235,222241667,222,60.000000,60
req-00011236,222258333,222,60.000000,60
req-00011237,222275000,222,60.000000,60
req-00011238,222291667,222,60.000000,60
req-00011239,222308333,222,60.000000,60
req-00011240,222325000,222,60.000000,60
req-00011241,222341667,222,60.000000,60
req-00011242,222358333,222,60.000000,60
req-00011243,222375000,222,60.000000,60
req-00011244,222391667,222,60.000000,60
req-00011245,222408333,222,60.000000,60
req-00011246,222425000,222,60.000000,60
req-00011247,222441667,222,60.000000,60
req-00011248,222458333,222,60.000000,60
req-00011249,222475000,222,60.000000,60
req-00011250,222491667,222,60.000000,60
req-00011251,222508333,222,60.000000,60
req-00011252,222525000,222,60.000000,60
req-00011253,222541667,222,60.000000,60
req-00011254,222558333,222,60.000000,60
req-00011255,222575000,222,60.000000,60
req-00011256,222591667,222,60.000000,60
req-00011257,222608333,222,60.000000,60
req-00011258,222625000,222,60.000000,60
req-00011259,222641667,222,60.000000,60
req-00011260,222658333,222,60.000000,60
req-00011261,222675000,222,60.000000,60
req-00011262,222691667,222,60.000000,60
req-00011263,222708333,222,60.000000,60
req-00011264,222725000,222,60.000000,60
req-00011265,222741667,222,60.000000,60
req-00011266,222758333,222,60.000000,60
req-00011267,222775000,222,60.000000,60
req-00011268,222791667,222,60.000000,60
req-00011269,222808333,222,60.000000,60
req-00011270,222825000,222,60.000000,60
req-00011271,222841667,222,60.000000,60
req-00011272,222858333,222,60.000000,60
req-00011273,222875000,222,60.000000,60
req-00011274,222891667,222,60.000000,60
req-00011275,222908333,222,60.000000,60
req-00011276,222925000,222,60.000000,60
req-00011277,222941667,222,60.000000,60
req-00011278,222958333,222,60.000000,60
req-00011279,222975000,222,60.000000,60
req-00011280,222991667,222,60.000000,60
req-00011281,223008333,223,60.000000,60
req-00011282,223025000,223,60.000000,60
req-00011283,223041667,223,60.000000,60
req-00011284,223058333,223,60.000000,60
req-00011285,223075000,223,60.000000,60
req-00011286,223091667,223,60.000000,60
req-00011287,223108333,223,60.000000,60
req-00011288,223125000,223,60.000000,60
req-00011289,223141667,223,60.000000,60
req-00011290,223158333,223,60.000000,60
req-00011291,223175000,223,60.000000,60
req-00011292,223191667,223,60.000000,60
req-00011293,223208333,223,60.000000,60
req-00011294,223225000,223,60.000000,60
req-00011295,223241667,223,60.000000,60
req-00011296,223258333,223,60.000000,60
req-00011297,223275000,223,60.000000,60
req-00011298,223291667,223,60.000000,60
req-00011299,223308333,223,60.000000,60
req-00011300,223325000,223,60.000000,60
req-00011301,223341667,223,60.000000,60
req-00011302,223358333,223,60.000000,60
req-00011303,223375000,223,60.000000,60
req-00011304,223391667,223,60.000000,60
req-00011305,223408333,223,60.000000,60
req-00011306,223425000,223,60.000000,60
req-00011307,223441667,223,60.000000,60
req-00011308,223458333,223,60.000000,60
req-00011309,223475000,223,60.000000,60
req-00011310,223491667,223,60.000000,60
req-00011311,223508333,223,60.000000,60
req-00011312,223525000,223,60.000000,60
req-00011313,223541667,223,60.000000,60
req-00011314,223558333,223,60.000000,60
req-00011315,223575000,223,60.000000,60
req-00011316,223591667,223,60.000000,60
req-00011317,223608333,223,60.000000,60
req-00011318,223625000,223,60.000000,60
req-00011319,223641667,223,60.000000,60
req-00011320,223658333,223,60.000000,60
req-00011321,223675000,223,60.000000,60
req-00011322,223691667,223,60.000000,60
req-00011323,223708333,223,60.000000,60
req-00011324,223725000,223,60.000000,60
req-00011325,223741667,223,60.000000,60
req-00011326,223758333,223,60.000000,60
req-00011327,223775000,223,60.000000,60
req-00011328,223791667,223,60.000000,60
req-00011329,223808333,223,60.000000,60
req-00011330,223825000,223,60.000000,60
req-00011331,223841667,223,60.000000,60
req-00011332,223858333,223,60.000000,60
req-00011333,223875000,223,60.000000,60
req-00011334,223891667,223,60.000000,60
req-00011335,223908333,223,60.000000,60
req-00011336,223925000,223,60.000000,60
req-00011337,223941667,223,60.000000,60
req-00011338,223958333,223,60.000000,60
req-00011339,223975000,223,60.000000,60
req-00011340,223991667,223,60.000000,60
req-00011341,224008333,224,60.000000,60
req-00011342,224025000,224,60.000000,60
req-00011343,224041667,224,60.000000,60
req-00011344,224058333,224,60.000000,60
req-00011345,224075000,224,60.000000,60
req-00011346,224091667,224,60.000000,60
req-00011347,224108333,224,60.000000,60
req-00011348,224125000,224,60.000000,60
req-00011349,224141667,224,60.000000,60
req-00011350,224158333,224,60.000000,60
req-00011351,224175000,224,60.000000,60
req-00011352,224191667,224,60.000000,60
req-00011353,224208333,224,60.000000,60
req-00011354,224225000,224,60.000000,60
req-00011355,224241667,224,60.000000,60
req-00011356,224258333,224,60.000000,60
req-00011357,224275000,224,60.000000,60
req-00011358,224291667,224,60.000000,60
req-00011359,224308333,224,60.000000,60
req-00011360,224325000,224,60.000000,60
req-00011361,224341667,224,60.000000,60
req-00011362,224358333,224,60.000000,60
req-00011363,224375000,224,60.000000,60
req-00011364,224391667,224,60.000000,60
req-00011365,224408333,224,60.000000,60
req-00011366,224425000,224,60.000000,60
req-00011367,224441667,224,60.000000,60
req-00011368,224458333,224,60.000000,60
req-00011369,224475000,224,60.000000,60
req-00011370,224491667,224,60.000000,60
req-00011371,224508333,224,60.000000,60
req-00011372,224525000,224,60.000000,60
req-00011373,224541667,224,60.000000,60
req-00011374,224558333,224,60.000000,60
req-00011375,224575000,224,60.000000,60
req-00011376,224591667,224,60.000000,60
req-00011377,224608333,224,60.000000,60
req-00011378,224625000,224,60.000000,60
req-00011379,224641667,224,60.000000,60
req-00011380,224658333,224,60.000000,60
req-00011381,224675000,224,60.000000,60
req-00011382,224691667,224,60.000000,60
req-00011383,224708333,224,60.000000,60
req-00011384,224725000,224,60.000000,60
req-00011385,224741667,224,60.000000,60
req-00011386,224758333,224,60.000000,60
req-00011387,224775000,224,60.000000,60
req-00011388,224791667,224,60.000000,60
req-00011389,224808333,224,60.000000,60
req-00011390,224825000,224,60.000000,60
req-00011391,224841667,224,60.000000,60
req-00011392,224858333,224,60.000000,60
req-00011393,224875000,224,60.000000,60
req-00011394,224891667,224,60.000000,60
req-00011395,224908333,224,60.000000,60
req-00011396,224925000,224,60.000000,60
req-00011397,224941667,224,60.000000,60
req-00011398,224958333,224,60.000000,60
req-00011399,224975000,224,60.000000,60
req-00011400,224991667,224,60.000000,60
req-00011401,225008333,225,60.000000,60
req-00011402,225025000,225,60.000000,60
req-00011403,225041667,225,60.000000,60
req-00011404,225058333,225,60.000000,60
req-00011405,225075000,225,60.000000,60
req-00011406,225091667,225,60.000000,60
req-00011407,225108333,225,60.000000,60
req-00011408,225125000,225,60.000000,60
req-00011409,225141667,225,60.000000,60
req-00011410,225158333,225,60.000000,60
req-00011411,225175000,225,60.000000,60
req-00011412,225191667,225,60.000000,60
req-00011413,225208333,225,60.000000,60
req-00011414,225225000,225,60.000000,60
req-00011415,225241667,225,60.000000,60
req-00011416,225258333,225,60.000000,60
req-00011417,225275000,225,60.000000,60
req-00011418,225291667,225,60.000000,60
req-00011419,225308333,225,60.000000,60
req-00011420,225325000,225,60.000000,60
req-00011421,225341667,225,60.000000,60
req-00011422,225358333,225,60.000000,60
req-00011423,225375000,225,60.000000,60
req-00011424,225391667,225,60.000000,60
req-00011425,225408333,225,60.000000,60
req-00011426,225425000,225,60.000000,60
req-00011427,225441667,225,60.000000,60
req-00011428,225458333,225,60.000000,60
req-00011429,225475000,225,60.000000,60
req-00011430,225491667,225,60.000000,60
req-00011431,225508333,225,60.000000,60
req-00011432,225525000,225,60.000000,60
req-00011433,225541667,225,60.000000,60
req-00011434,225558333,225,60.000000,60
req-00011435,225575000,225,60.000000,60
req-00011436,225591667,225,60.000000,60
req-00011437,225608333,225,60.000000,60
req-00011438,225625000,225,60.000000,60
req-00011439,225641667,225,60.000000,60
req-00011440,225658333,225,60.000000,60
req-00011441,225675000,225,60.000000,60
req-00011442,225691667,225,60.000000,60
req-00011443,225708333,225,60.000000,60
req-00011444,225725000,225,60.000000,60
req-00011445,225741667,225,60.000000,60
req-00011446,225758333,225,60.000000,60
req-00011447,225775000,225,60.000000,60
req-00011448,225791667,225,60.000000,60
req-00011449,225808333,225,60.000000,60
req-00011450,225825000,225,60.000000,60
req-00011451,225841667,225,60.000000,60
req-00011452,225858333,225,60.000000,60
req-00011453,225875000,225,60.000000,60
req-00011454,225891667,225,60.000000,60
req-00011455,225908333,225,60.000000,60
req-00011456,225925000,225,60.000000,60
req-00011457,225941667,225,60.000000,60
req-00011458,225958333,225,60.000000,60
req-00011459,225975000,225,60.000000,60
req-00011460,225991667,225,60.000000,60
req-00011461,226008333,226,60.000000,60
req-00011462,226025000,226,60.000000,60
req-00011463,226041667,226,60.000000,60
req-00011464,226058333,226,60.000000,60
req-00011465,226075000,226,60.000000,60
req-00011466,226091667,226,60.000000,60
req-00011467,226108333,226,60.000000,60
req-00011468,226125000,226,60.000000,60
req-00011469,226141667,226,60.000000,60
req-00011470,226158333,226,60.000000,60
req-00011471,226175000,226,60.000000,60
req-00011472,226191667,226,60.000000,60
req-00011473,226208333,226,60.000000,60
req-00011474,226225000,226,60.000000,60
req-00011475,226241667,226,60.000000,60
req-00011476,226258333,226,60.000000,60
req-00011477,226275000,226,60.000000,60
req-00011478,226291667,226,60.000000,60
req-00011479,226308333,226,60.000000,60
req-00011480,226325000,226,60.000000,60
req-00011481,226341667,226,60.000000,60
req-00011482,226358333,226,60.000000,60
req-00011483,226375000,226,60.000000,60
req-00011484,226391667,226,60.000000,60
req-00011485,226408333,226,60.000000,60
req-00011486,226425000,226,60.000000,60
req-00011487,226441667,226,60.000000,60
req-00011488,226458333,226,60.000000,60
req-00011489,226475000,226,60.000000,60
req-00011490,226491667,226,60.000000,60
req-00011491,226508333,226,60.000000,60
req-00011492,226525000,226,60.000000,60
req-00011493,226541667,226,60.000000,60
req-00011494,226558333,226,60.000000,60
req-00011495,226575000,226,60.000000,60
req-00011496,226591667,226,60.000000,60
req-00011497,226608333,226,60.000000,60
req-00011498,226625000,226,60.000000,60
req-00011499,226641667,226,60.000000,60
req-00011500,226658333,226,60.000000,60
req-00011501,226675000,226,60.000000,60
req-00011502,226691667,226,60.000000,60
req-00011503,226708333,226,60.000000,60
req-00011504,226725000,226,60.000000,60
req-00011505,226741667,226,60.000000,60
req-00011506,226758333,226,60.000000,60
req-00011507,226775000,226,60.000000,60
req-00011508,226791667,226,60.000000,60
req-00011509,226808333,226,60.000000,60
req-00011510,226825000,226,60.000000,60
req-00011511,226841667,226,60.000000,60
req-00011512,226858333,226,60.000000,60
req-00011513,226875000,226,60.000000,60
req-00011514,226891667,226,60.000000,60
req-00011515,226908333,226,60.000000,60
req-00011516,226925000,226,60.000000,60
req-00011517,226941667,226,60.000000,60
req-00011518,226958333,226,60.000000,60
req-00011519,226975000,226,60.000000,60
req-00011520,226991667,226,60.000000,60
req-00011521,227008333,227,60.000000,60
req-00011522,227025000,227,60.000000,60
req-00011523,227041667,227,60.000000,60
req-00011524,227058333,227,60.000000,60
req-00011525,227075000,227,60.000000,60
req-00011526,227091667,227,60.000000,60
req-00011527,227108333,227,60.000000,60
req-00011528,227125000,227,60.000000,60
req-00011529,227141667,227,60.000000,60
req-00011530,227158333,227,60.000000,60
req-00011531,227175000,227,60.000000,60
req-00011532,227191667,227,60.000000,60
req-00011533,227208333,227,60.000000,60
req-00011534,227225000,227,60.000000,60
req-00011535,227241667,227,60.000000,60
req-00011536,227258333,227,60.000000,60
req-00011537,227275000,227,60.000000,60
req-00011538,227291667,227,60.000000,60
req-00011539,227308333,227,60.000000,60
req-00011540,227325000,227,60.000000,60
req-00011541,227341667,227,60.000000,60
req-00011542,227358333,227,60.000000,60
req-00011543,227375000,227,60.000000,60
req-00011544,227391667,227,60.000000,60
req-00011545,227408333,227,60.000000,60
req-00011546,227425000,227,60.000000,60
req-00011547,227441667,227,60.000000,60
req-00011548,227458333,227,60.000000,60
req-00011549,227475000,227,60.000000,60
req-00011550,227491667,227,60.000000,60
req-00011551,227508333,227,60.000000,60
req-00011552,227525000,227,60.000000,60
req-00011553,227541667,227,60.000000,60
req-00011554,227558333,227,60.000000,60
req-00011555,227575000,227,60.000000,60
req-00011556,227591667,227,60.000000,60
req-00011557,227608333,227,60.000000,60
req-00011558,227625000,227,60.000000,60
req-00011559,227641667,227,60.000000,60
req-00011560,227658333,227,60.000000,60
req-00011561,227675000,227,60.000000,60
req-00011562,227691667,227,60.000000,60
req-00011563,227708333,227,60.000000,60
req-00011564,227725000,227,60.000000,60
req-00011565,227741667,227,60.000000,60
req-00011566,227758333,227,60.000000,60
req-00011567,227775000,227,60.000000,60
req-00011568,227791667,227,60.000000,60
req-00011569,227808333,227,60.000000,60
req-00011570,227825000,227,60.000000,60
req-00011571,227841667,227,60.000000,60
req-00011572,227858333,227,60.000000,60
req-00011573,227875000,227,60.000000,60
req-00011574,227891667,227,60.000000,60
req-00011575,227908333,227,60.000000,60
req-00011576,227925000,227,60.000000,60
req-00011577,227941667,227,60.000000,60
req-00011578,227958333,227,60.000000,60
req-00011579,227975000,227,60.000000,60
req-00011580,227991667,227,60.000000,60
req-00011581,228008333,228,60.000000,60
req-00011582,228025000,228,60.000000,60
req-00011583,228041667,228,60.000000,60
req-00011584,228058333,228,60.000000,60
req-00011585,228075000,228,60.000000,60
req-00011586,228091667,228,60.000000,60
req-00011587,228108333,228,60.000000,60
req-00011588,228125000,228,60.000000,60
req-00011589,228141667,228,60.000000,60
req-00011590,228158333,228,60.000000,60
req-00011591,228175000,228,60.000000,60
req-00011592,228191667,228,60.000000,60
req-00011593,228208333,228,60.000000,60
req-00011594,228225000,228,60.000000,60
req-00011595,228241667,228,60.000000,60
req-00011596,228258333,228,60.000000,60
req-00011597,228275000,228,60.000000,60
req-00011598,228291667,228,60.000000,60
req-00011599,228308333,228,60.000000,60
req-00011600,228325000,228,60.000000,60
req-00011601,228341667,228,60.000000,60
req-00011602,228358333,228,60.000000,60
req-00011603,228375000,228,60.000000,60
req-00011604,228391667,228,60.000000,60
req-00011605,228408333,228,60.000000,60
req-00011606,228425000,228,60.000000,60
req-00011607,228441667,228,60.000000,60
req-00011608,228458333,228,60.000000,60
req-00011609,228475000,228,60.000000,60
req-00011610,228491667,228,60.000000,60
req-00011611,228508333,228,60.000000,60
req-00011612,228525000,228,60.000000,60
req-00011613,228541667,228,60.000000,60
req-00011614,228558333,228,60.000000,60
req-00011615,228575000,228,60.000000,60
req-00011616,228591667,228,60.000000,60
req-00011617,228608333,228,60.000000,60
req-00011618,228625000,228,60.000000,60
req-00011619,228641667,228,60.000000,60
req-00011620,228658333,228,60.000000,60
req-00011621,228675000,228,60.000000,60
req-00011622,228691667,228,60.000000,60
req-00011623,228708333,228,60.000000,60
req-00011624,228725000,228,60.000000,60
req-00011625,228741667,228,60.000000,60
req-00011626,228758333,228,60.000000,60
req-00011627,228775000,228,60.000000,60
req-00011628,228791667,228,60.000000,60
req-00011629,228808333,228,60.000000,60
req-00011630,228825000,228,60.000000,60
req-00011631,228841667,228,60.000000,60
req-00011632,228858333,228,60.000000,60
req-00011633,228875000,228,60.000000,60
req-00011634,228891667,228,60.000000,60
req-00011635,228908333,228,60.000000,60
req-00011636,228925000,228,60.000000,60
req-00011637,228941667,228,60.000000,60
req-00011638,228958333,228,60.000000,60
req-00011639,228975000,228,60.000000,60
req-00011640,228991667,228,60.000000,60
req-00011641,229008333,229,60.000000,60
req-00011642,229025000,229,60.000000,60
req-00011643,229041667,229,60.000000,60
req-00011644,229058333,229,60.000000,60
req-00011645,229075000,229,60.000000,60
req-00011646,229091667,229,60.000000,60
req-00011647,229108333,229,60.000000,60
req-00011648,229125000,229,60.000000,60
req-00011649,229141667,229,60.000000,60
req-00011650,229158333,229,60.000000,60
req-00011651,229175000,229,60.000000,60
req-00011652,229191667,229,60.000000,60
req-00011653,229208333,229,60.000000,60
req-00011654,229225000,229,60.000000,60
req-00011655,229241667,229,60.000000,60
req-00011656,229258333,229,60.000000,60
req-00011657,229275000,229,60.000000,60
req-00011658,229291667,229,60.000000,60
req-00011659,229308333,229,60.000000,60
req-00011660,229325000,229,60.000000,60
req-00011661,229341667,229,60.000000,60
req-00011662,229358333,229,60.000000,60
req-00011663,229375000,229,60.000000,60
req-00011664,229391667,229,60.000000,60
req-00011665,229408333,229,60.000000,60
req-00011666,229425000,229,60.000000,60
req-00011667,229441667,229,60.000000,60
req-00011668,229458333,229,60.000000,60
req-00011669,229475000,229,60.000000,60
req-00011670,229491667,229,60.000000,60
req-00011671,229508333,229,60.000000,60
req-00011672,229525000,229,60.000000,60
req-00011673,229541667,229,60.000000,60
req-00011674,229558333,229,60.000000,60
req-00011675,229575000,229,60.000000,60
req-00011676,229591667,229,60.000000,60
req-00011677,229608333,229,60.000000,60
req-00011678,229625000,229,60.000000,60
req-00011679,229641667,229,60.000000,60
req-00011680,229658333,229,60.000000,60
req-00011681,229675000,229,60.000000,60
req-00011682,229691667,229,60.000000,60
req-00011683,229708333,229,60.000000,60
req-00011684,229725000,229,60.000000,60
req-00011685,229741667,229,60.000000,60
req-00011686,229758333,229,60.000000,60
req-00011687,229775000,229,60.000000,60
req-00011688,229791667,229,60.000000,60
req-00011689,229808333,229,60.000000,60
req-00011690,229825000,229,60.000000,60
req-00011691,229841667,229,60.000000,60
req-00011692,229858333,229,60.000000,60
req-00011693,229875000,229,60.000000,60
req-00011694,229891667,229,60.000000,60
req-00011695,229908333,229,60.000000,60
req-00011696,229925000,229,60.000000,60
req-00011697,229941667,229,60.000000,60
req-00011698,229958333,229,60.000000,60
req-00011699,229975000,229,60.000000,60
req-00011700,229991667,229,60.000000,60
req-00011701,230008333,230,60.000000,60
req-00011702,230025000,230,60.000000,60
req-00011703,230041667,230,60.000000,60
req-00011704,230058333,230,60.000000,60
req-00011705,230075000,230,60.000000,60
req-00011706,230091667,230,60.000000,60
req-00011707,230108333,230,60.000000,60
req-00011708,230125000,230,60.000000,60
req-00011709,230141667,230,60.000000,60
req-00011710,230158333,230,60.000000,60
req-00011711,230175000,230,60.000000,60
req-00011712,230191667,230,60.000000,60
req-00011713,230208333,230,60.000000,60
req-00011714,230225000,230,60.000000,60
req-00011715,230241667,230,60.000000,60
req-00011716,230258333,230,60.000000,60
req-00011717,230275000,230,60.000000,60
req-00011718,230291667,230,60.000000,60
req-00011719,230308333,230,60.000000,60
req-00011720,230325000,230,60.000000,60
req-00011721,230341667,230,60.000000,60
req-00011722,230358333,230,60.000000,60
req-00011723,230375000,230,60.000000,60
req-00011724,230391667,230,60.000000,60
req-00011725,230408333,230,60.000000,60
req-00011726,230425000,230,60.000000,60
req-00011727,230441667,230,60.000000,60
req-00011728,230458333,230,60.000000,60
req-00011729,230475000,230,60.000000,60
req-00011730,230491667,230,60.000000,60
req-00011731,230508333,230,60.000000,60
req-00011732,230525000,230,60.000000,60
req-00011733,230541667,230,60.000000,60
req-00011734,230558333,230,60.000000,60
req-00011735,230575000,230,60.000000,60
req-00011736,230591667,230,60.000000,60
req-00011737,230608333,230,60.000000,60
req-00011738,230625000,230,60.000000,60
req-00011739,230641667,230,60.000000,60
req-00011740,230658333,230,60.000000,60
req-00011741,230675000,230,60.000000,60
req-00011742,230691667,230,60.000000,60
req-00011743,230708333,230,60.000000,60
req-00011744,230725000,230,60.000000,60
req-00011745,230741667,230,60.000000,60
req-00011746,230758333,230,60.000000,60
req-00011747,230775000,230,60.000000,60
req-00011748,230791667,230,60.000000,60
req-00011749,230808333,230,60.000000,60
req-00011750,230825000,230,60.000000,60
req-00011751,230841667,230,60.000000,60
req-00011752,230858333,230,60.000000,60
req-00011753,230875000,230,60.000000,60
req-00011754,230891667,230,60.000000,60
req-00011755,230908333,230,60.000000,60
req-00011756,230925000,230,60.000000,60
req-00011757,230941667,230,60.000000,60
req-00011758,230958333,230,60.000000,60
req-00011759,230975000,230,60.000000,60
req-00011760,230991667,230,60.000000,60
req-00011761,231008333,231,60.000000,60
req-00011762,231025000,231,60.000000,60
req-00011763,231041667,231,60.000000,60
req-00011764,231058333,231,60.000000,60
req-00011765,231075000,231,60.000000,60
req-00011766,231091667,231,60.000000,60
req-00011767,231108333,231,60.000000,60
req-00011768,231125000,231,60.000000,60
req-00011769,231141667,231,60.000000,60
req-00011770,231158333,231,60.000000,60
req-00011771,231175000,231,60.000000,60
req-00011772,231191667,231,60.000000,60
req-00011773,231208333,231,60.000000,60
req-00011774,231225000,231,60.000000,60
req-00011775,231241667,231,60.000000,60
req-00011776,231258333,231,60.000000,60
req-00011777,231275000,231,60.000000,60
req-00011778,231291667,231,60.000000,60
req-00011779,231308333,231,60.000000,60
req-00011780,231325000,231,60.000000,60
req-00011781,231341667,231,60.000000,60
req-00011782,231358333,231,60.000000,60
req-00011783,231375000,231,60.000000,60
req-00011784,231391667,231,60.000000,60
req-00011785,231408333,231,60.000000,60
req-00011786,231425000,231,60.000000,60
req-00011787,231441667,231,60.000000,60
req-00011788,231458333,231,60.000000,60
req-00011789,231475000,231,60.000000,60
req-00011790,231491667,231,60.000000,60
req-00011791,231508333,231,60.000000,60
req-00011792,231525000,231,60.000000,60
req-00011793,231541667,231,60.000000,60
req-00011794,231558333,231,60.000000,60
req-00011795,231575000,231,60.000000,60
req-00011796,231591667,231,60.000000,60
req-00011797,231608333,231,60.000000,60
req-00011798,231625000,231,60.000000,60
req-00011799,231641667,231,60.000000,60
req-00011800,231658333,231,60.000000,60
req-00011801,231675000,231,60.000000,60
req-00011802,231691667,231,60.000000,60
req-00011803,231708333,231,60.000000,60
req-00011804,231725000,231,60.000000,60
req-00011805,231741667,231,60.000000,60
req-00011806,231758333,231,60.000000,60
req-00011807,231775000,231,60.000000,60
req-00011808,231791667,231,60.000000,60
req-00011809,231808333,231,60.000000,60
req-00011810,231825000,231,60.000000,60
req-00011811,231841667,231,60.000000,60
req-00011812,231858333,231,60.000000,60
req-00011813,231875000,231,60.000000,60
req-00011814,231891667,231,60.000000,60
req-00011815,231908333,231,60.000000,60
req-00011816,231925000,231,60.000000,60
req-00011817,231941667,231,60.000000,60
req-00011818,231958333,231,60.000000,60
req-00011819,231975000,231,60.000000,60
req-00011820,231991667,231,60.000000,60
req-00011821,232008333,232,60.000000,60
req-00011822,232025000,232,60.000000,60
req-00011823,232041667,232,60.000000,60
req-00011824,232058333,232,60.000000,60
req-00011825,232075000,232,60.000000,60
req-00011826,232091667,232,60.000000,60
req-00011827,232108333,232,60.000000,60
req-00011828,232125000,232,60.000000,60
req-00011829,232141667,232,60.000000,60
req-00011830,232158333,232,60.000000,60
req-00011831,232175000,232,60.000000,60
req-00011832,232191667,232,60.000000,60
req-00011833,232208333,232,60.000000,60
req-00011834,232225000,232,60.000000,60
req-00011835,232241667,232,60.000000,60
req-00011836,232258333,232,60.000000,60
req-00011837,232275000,232,60.000000,60
req-00011838,232291667,232,60.000000,60
req-00011839,232308333,232,60.000000,60
req-00011840,232325000,232,60.000000,60
req-00011841,232341667,232,60.000000,60
req-00011842,232358333,232,60.000000,60
req-00011843,232375000,232,60.000000,60
req-00011844,232391667,232,60.000000,60
req-00011845,232408333,232,60.000000,60
req-00011846,232425000,232,60.000000,60
req-00011847,232441667,232,60.000000,60
req-00011848,232458333,232,60.000000,60
req-00011849,232475000,232,60.000000,60
req-00011850,232491667,232,60.000000,60
req-00011851,232508333,232,60.000000,60
req-00011852,232525000,232,60.000000,60
req-00011853,232541667,232,60.000000,60
req-00011854,232558333,232,60.000000,60
req-00011855,232575000,232,60.000000,60
req-00011856,232591667,232,60.000000,60
req-00011857,232608333,232,60.000000,60
req-00011858,232625000,232,60.000000,60
req-00011859,232641667,232,60.000000,60
req-00011860,232658333,232,60.000000,60
req-00011861,232675000,232,60.000000,60
req-00011862,232691667,232,60.000000,60
req-00011863,232708333,232,60.000000,60
req-00011864,232725000,232,60.000000,60
req-00011865,232741667,232,60.000000,60
req-00011866,232758333,232,60.000000,60
req-00011867,232775000,232,60.000000,60
req-00011868,232791667,232,60.000000,60
req-00011869,232808333,232,60.000000,60
req-00011870,232825000,232,60.000000,60
req-00011871,232841667,232,60.000000,60
req-00011872,232858333,232,60.000000,60
req-00011873,232875000,232,60.000000,60
req-00011874,232891667,232,60.000000,60
req-00011875,232908333,232,60.000000,60
req-00011876,232925000,232,60.000000,60
req-00011877,232941667,232,60.000000,60
req-00011878,232958333,232,60.000000,60
req-00011879,232975000,232,60.000000,60
req-00011880,232991667,232,60.000000,60
req-00011881,233008333,233,60.000000,60
req-00011882,233025000,233,60.000000,60
req-00011883,233041667,233,60.000000,60
req-00011884,233058333,233,60.000000,60
req-00011885,233075000,233,60.000000,60
req-00011886,233091667,233,60.000000,60
req-00011887,233108333,233,60.000000,60
req-00011888,233125000,233,60.000000,60
req-00011889,233141667,233,60.000000,60
req-00011890,233158333,233,60.000000,60
req-00011891,233175000,233,60.000000,60
req-00011892,233191667,233,60.000000,60
req-00011893,233208333,233,60.000000,60
req-00011894,233225000,233,60.000000,60
req-00011895,233241667,233,60.000000,60
req-00011896,233258333,233,60.000000,60
req-00011897,233275000,233,60.000000,60
req-00011898,233291667,233,60.000000,60
req-00011899,233308333,233,60.000000,60
req-00011900,233325000,233,60.000000,60
req-00011901,233341667,233,60.000000,60
req-00011902,233358333,233,60.000000,60
req-00011903,233375000,233,60.000000,60
req-00011904,233391667,233,60.000000,60
req-00011905,233408333,233,60.000000,60
req-00011906,233425000,233,60.000000,60
req-00011907,233441667,233,60.000000,60
req-00011908,233458333,233,60.000000,60
req-00011909,233475000,233,60.000000,60
req-00011910,233491667,233,60.000000,60
req-00011911,233508333,233,60.000000,60
req-00011912,233525000,233,60.000000,60
req-00011913,233541667,233,60.000000,60
req-00011914,233558333,233,60.000000,60
req-00011915,233575000,233,60.000000,60
req-00011916,233591667,233,60.000000,60
req-00011917,233608333,233,60.000000,60
req-00011918,233625000,233,60.000000,60
req-00011919,233641667,233,60.000000,60
req-00011920,233658333,233,60.000000,60
req-00011921,233675000,233,60.000000,60
req-00011922,233691667,233,60.000000,60
req-00011923,233708333,233,60.000000,60
req-00011924,233725000,233,60.000000,60
req-00011925,233741667,233,60.000000,60
req-00011926,233758333,233,60.000000,60
req-00011927,233775000,233,60.000000,60
req-00011928,233791667,233,60.000000,60
req-00011929,233808333,233,60.000000,60
req-00011930,233825000,233,60.000000,60
req-00011931,233841667,233,60.000000,60
req-00011932,233858333,233,60.000000,60
req-00011933,233875000,233,60.000000,60
req-00011934,233891667,233,60.000000,60
req-00011935,233908333,233,60.000000,60
req-00011936,233925000,233,60.000000,60
req-00011937,233941667,233,60.000000,60
req-00011938,233958333,233,60.000000,60
req-00011939,233975000,233,60.000000,60
req-00011940,233991667,233,60.000000,60
req-00011941,234008333,234,60.000000,60
req-00011942,234025000,234,60.000000,60
req-00011943,234041667,234,60.000000,60
req-00011944,234058333,234,60.000000,60
req-00011945,234075000,234,60.000000,60
req-00011946,234091667,234,60.000000,60
req-00011947,234108333,234,60.000000,60
req-00011948,234125000,234,60.000000,60
req-00011949,234141667,234,60.000000,60
req-00011950,234158333,234,60.000000,60
req-00011951,234175000,234,60.000000,60
req-00011952,234191667,234,60.000000,60
req-00011953,234208333,234,60.000000,60
req-00011954,234225000,234,60.000000,60
req-00011955,234241667,234,60.000000,60
req-00011956,234258333,234,60.000000,60
req-00011957,234275000,234,60.000000,60
req-00011958,234291667,234,60.000000,60
req-00011959,234308333,234,60.000000,60
req-00011960,234325000,234,60.000000,60
req-00011961,234341667,234,60.000000,60
req-00011962,234358333,234,60.000000,60
req-00011963,234375000,234,60.000000,60
req-00011964,234391667,234,60.000000,60
req-00011965,234408333,234,60.000000,60
req-00011966,234425000,234,60.000000,60
req-00011967,234441667,234,60.000000,60
req-00011968,234458333,234,60.000000,60
req-00011969,234475000,234,60.000000,60
req-00011970,234491667,234,60.000000,60
req-00011971,234508333,234,60.000000,60
req-00011972,234525000,234,60.000000,60
req-00011973,234541667,234,60.000000,60
req-00011974,234558333,234,60.000000,60
req-00011975,234575000,234,60.000000,60
req-00011976,234591667,234,60.000000,60
req-00011977,234608333,234,60.000000,60
req-00011978,234625000,234,60.000000,60
req-00011979,234641667,234,60.000000,60
req-00011980,234658333,234,60.000000,60
req-00011981,234675000,234,60.000000,60
req-00011982,234691667,234,60.000000,60
req-00011983,234708333,234,60.000000,60
req-00011984,234725000,234,60.000000,60
req-00011985,234741667,234,60.000000,60
req-00011986,234758333,234,60.000000,60
req-00011987,234775000,234,60.000000,60
req-00011988,234791667,234,60.000000,60
req-00011989,234808333,234,60.000000,60
req-00011990,234825000,234,60.000000,60
req-00011991,234841667,234,60.000000,60
req-00011992,234858333,234,60.000000,60
req-00011993,234875000,234,60.000000,60
req-00011994,234891667,234,60.000000,60
req-00011995,234908333,234,60.000000,60
req-00011996,234925000,234,60.000000,60
req-00011997,234941667,234,60.000000,60
req-00011998,234958333,234,60.000000,60
req-00011999,234975000,234,60.000000,60
req-00012000,234991667,234,60.000000,60
req-00012001,235008333,235,60.000000,60
req-00012002,235025000,235,60.000000,60
req-00012003,235041667,235,60.000000,60
req-00012004,235058333,235,60.000000,60
req-00012005,235075000,235,60.000000,60
req-00012006,235091667,235,60.000000,60
req-00012007,235108333,235,60.000000,60
req-00012008,235125000,235,60.000000,60
req-00012009,235141667,235,60.000000,60
req-00012010,235158333,235,60.000000,60
req-00012011,235175000,235,60.000000,60
req-00012012,235191667,235,60.000000,60
req-00012013,235208333,235,60.000000,60
req-00012014,235225000,235,60.000000,60
req-00012015,235241667,235,60.000000,60
req-00012016,235258333,235,60.000000,60
req-00012017,235275000,235,60.000000,60
req-00012018,235291667,235,60.000000,60
req-00012019,235308333,235,60.000000,60
req-00012020,235325000,235,60.000000,60
req-00012021,235341667,235,60.000000,60
req-00012022,235358333,235,60.000000,60
req-00012023,235375000,235,60.000000,60
req-00012024,235391667,235,60.000000,60
req-00012025,235408333,235,60.000000,60
req-00012026,235425000,235,60.000000,60
req-00012027,235441667,235,60.000000,60
req-00012028,235458333,235,60.000000,60
req-00012029,235475000,235,60.000000,60
req-00012030,235491667,235,60.000000,60
req-00012031,235508333,235,60.000000,60
req-00012032,235525000,235,60.000000,60
req-00012033,235541667,235,60.000000,60
req-00012034,235558333,235,60.000000,60
req-00012035,235575000,235,60.000000,60
req-00012036,235591667,235,60.000000,60
req-00012037,235608333,235,60.000000,60
req-00012038,235625000,235,60.000000,60
req-00012039,235641667,235,60.000000,60
req-00012040,235658333,235,60.000000,60
req-00012041,235675000,235,60.000000,60
req-00012042,235691667,235,60.000000,60
req-00012043,235708333,235,60.000000,60
req-00012044,235725000,235,60.000000,60
req-00012045,235741667,235,60.000000,60
req-00012046,235758333,235,60.000000,60
req-00012047,235775000,235,60.000000,60
req-00012048,235791667,235,60.000000,60
req-00012049,235808333,235,60.000000,60
req-00012050,235825000,235,60.000000,60
req-00012051,235841667,235,60.000000,60
req-00012052,235858333,235,60.000000,60
req-00012053,235875000,235,60.000000,60
req-00012054,235891667,235,60.000000,60
req-00012055,235908333,235,60.000000,60
req-00012056,235925000,235,60.000000,60
req-00012057,235941667,235,60.000000,60
req-00012058,235958333,235,60.000000,60
req-00012059,235975000,235,60.000000,60
req-00012060,235991667,235,60.000000,60
req-00012061,236008333,236,60.000000,60
req-00012062,236025000,236,60.000000,60
req-00012063,236041667,236,60.000000,60
req-00012064,236058333,236,60.000000,60
req-00012065,236075000,236,60.000000,60
req-00012066,236091667,236,60.000000,60
req-00012067,236108333,236,60.000000,60
req-00012068,236125000,236,60.000000,60
req-00012069,236141667,236,60.000000,60
req-00012070,236158333,236,60.000000,60
req-00012071,236175000,236,60.000000,60
req-00012072,236191667,236,60.000000,60
req-00012073,236208333,236,60.000000,60
req-00012074,236225000,236,60.000000,60
req-00012075,236241667,236,60.000000,60
req-00012076,236258333,236,60.000000,60
req-00012077,236275000,236,60.000000,60
req-00012078,236291667,236,60.000000,60
req-00012079,236308333,236,60.000000,60
req-00012080,236325000,236,60.000000,60
req-00012081,236341667,236,60.000000,60
req-00012082,236358333,236,60.000000,60
req-00012083,236375000,236,60.000000,60
req-00012084,236391667,236,60.000000,60
req-00012085,236408333,236,60.000000,60
req-00012086,236425000,236,60.000000,60
req-00012087,236441667,236,60.000000,60
req-00012088,236458333,236,60.000000,60
req-00012089,236475000,236,60.000000,60
req-00012090,236491667,236,60.000000,60
req-00012091,236508333,236,60.000000,60
req-00012092,236525000,236,60.000000,60
req-00012093,236541667,236,60.000000,60
req-00012094,236558333,236,60.000000,60
req-00012095,236575000,236,60.000000,60
req-00012096,236591667,236,60.000000,60
req-00012097,236608333,236,60.000000,60
req-00012098,236625000,236,60.000000,60
req-00012099,236641667,236,60.000000,60
req-00012100,236658333,236,60.000000,60
req-00012101,236675000,236,60.000000,60
req-00012102,236691667,236,60.000000,60
req-00012103,236708333,236,60.000000,60
req-00012104,236725000,236,60.000000,60
req-00012105,236741667,236,60.000000,60
req-00012106,236758333,236,60.000000,60
req-00012107,236775000,236,60.000000,60
req-00012108,236791667,236,60.000000,60
req-00012109,236808333,236,60.000000,60
req-00012110,236825000,236,60.000000,60
req-00012111,236841667,236,60.000000,60
req-00012112,236858333,236,60.000000,60
req-00012113,236875000,236,60.000000,60
req-00012114,236891667,236,60.000000,60
req-00012115,236908333,236,60.000000,60
req-00012116,236925000,236,60.000000,60
req-00012117,236941667,236,60.000000,60
req-00012118,236958333,236,60.000000,60
req-00012119,236975000,236,60.000000,60
req-00012120,236991667,236,60.000000,60
req-00012121,237008333,237,60.000000,60
req-00012122,237025000,237,60.000000,60
req-00012123,237041667,237,60.000000,60
req-00012124,237058333,237,60.000000,60
req-00012125,237075000,237,60.000000,60
req-00012126,237091667,237,60.000000,60
req-00012127,237108333,237,60.000000,60
req-00012128,237125000,237,60.000000,60
req-00012129,237141667,237,60.000000,60
req-00012130,237158333,237,60.000000,60
req-00012131,237175000,237,60.000000,60
req-00012132,237191667,237,60.000000,60
req-00012133,237208333,237,60.000000,60
req-00012134,237225000,237,60.000000,60
req-00012135,237241667,237,60.000000,60
req-00012136,237258333,237,60.000000,60
req-00012137,237275000,237,60.000000,60
req-00012138,237291667,237,60.000000,60
req-00012139,237308333,237,60.000000,60
req-00012140,237325000,237,60.000000,60
req-00012141,237341667,237,60.000000,60
req-00012142,237358333,237,60.000000,60
req-00012143,237375000,237,60.000000,60
req-00012144,237391667,237,60.000000,60
req-00012145,237408333,237,60.000000,60
req-00012146,237425000,237,60.000000,60
req-00012147,237441667,237,60.000000,60
req-00012148,237458333,237,60.000000,60
req-00012149,237475000,237,60.000000,60
req-00012150,237491667,237,60.000000,60
req-00012151,237508333,237,60.000000,60
req-00012152,237525000,237,60.000000,60
req-00012153,237541667,237,60.000000,60
req-00012154,237558333,237,60.000000,60
req-00012155,237575000,237,60.000000,60
req-00012156,237591667,237,60.000000,60
req-00012157,237608333,237,60.000000,60
req-00012158,237625000,237,60.000000,60
req-00012159,237641667,237,60.000000,60
req-00012160,237658333,237,60.000000,60
req-00012161,237675000,237,60.000000,60
req-00012162,237691667,237,60.000000,60
req-00012163,237708333,237,60.000000,60
req-00012164,237725000,237,60.000000,60
req-00012165,237741667,237,60.000000,60
req-00012166,237758333,237,60.000000,60
req-00012167,237775000,237,60.000000,60
req-00012168,237791667,237,60.000000,60
req-00012169,237808333,237,60.000000,60
req-00012170,237825000,237,60.000000,60
req-00012171,237841667,237,60.000000,60
req-00012172,237858333,237,60.000000,60
req-00012173,237875000,237,60.000000,60
req-00012174,237891667,237,60.000000,60
req-00012175,237908333,237,60.000000,60
req-00012176,237925000,237,60.000000,60
req-00012177,237941667,237,60.000000,60
req-00012178,237958333,237,60.000000,60
req-00012179,237975000,237,60.000000,60
req-00012180,237991667,237,60.000000,60
req-00012181,238008333,238,60.000000,60
req-00012182,238025000,238,60.000000,60
req-00012183,238041667,238,60.000000,60
req-00012184,238058333,238,60.000000,60
req-00012185,238075000,238,60.000000,60
req-00012186,238091667,238,60.000000,60
req-00012187,238108333,238,60.000000,60
req-00012188,238125000,238,60.000000,60
req-00012189,238141667,238,60.000000,60
req-00012190,238158333,238,60.000000,60
req-00012191,238175000,238,60.000000,60
req-00012192,238191667,238,60.000000,60
req-00012193,238208333,238,60.000000,60
req-00012194,238225000,238,60.000000,60
req-00012195,238241667,238,60.000000,60
req-00012196,238258333,238,60.000000,60
req-00012197,238275000,238,60.000000,60
req-00012198,238291667,238,60.000000,60
req-00012199,238308333,238,60.000000,60
req-00012200,238325000,238,60.000000,60
req-00012201,238341667,238,60.000000,60
req-00012202,238358333,238,60.000000,60
req-00012203,238375000,238,60.000000,60
req-00012204,238391667,238,60.000000,60
req-00012205,238408333,238,60.000000,60
req-00012206,238425000,238,60.000000,60
req-00012207,238441667,238,60.000000,60
req-00012208,238458333,238,60.000000,60
req-00012209,238475000,238,60.000000,60
req-00012210,238491667,238,60.000000,60
req-00012211,238508333,238,60.000000,60
req-00012212,238525000,238,60.000000,60
req-00012213,238541667,238,60.000000,60
req-00012214,238558333,238,60.000000,60
req-00012215,238575000,238,60.000000,60
req-00012216,238591667,238,60.000000,60
req-00012217,238608333,238,60.000000,60
req-00012218,238625000,238,60.000000,60
req-00012219,238641667,238,60.000000,60
req-00012220,238658333,238,60.000000,60
req-00012221,238675000,238,60.000000,60
req-00012222,238691667,238,60.000000,60
req-00012223,238708333,238,60.000000,60
req-00012224,238725000,238,60.000000,60
req-00012225,238741667,238,60.000000,60
req-00012226,238758333,238,60.000000,60
req-00012227,238775000,238,60.000000,60
req-00012228,238791667,238,60.000000,60
req-00012229,238808333,238,60.000000,60
req-00012230,238825000,238,60.000000,60
req-00012231,238841667,238,60.000000,60
req-00012232,238858333,238,60.000000,60
req-00012233,238875000,238,60.000000,60
req-00012234,238891667,238,60.000000,60
req-00012235,238908333,238,60.000000,60
req-00012236,238925000,238,60.000000,60
req-00012237,238941667,238,60.000000,60
req-00012238,238958333,238,60.000000,60
req-00012239,238975000,238,60.000000,60
req-00012240,238991667,238,60.000000,60
req-00012241,239008333,239,60.000000,60
req-00012242,239025000,239,60.000000,60
req-00012243,239041667,239,60.000000,60
req-00012244,239058333,239,60.000000,60
req-00012245,239075000,239,60.000000,60
req-00012246,239091667,239,60.000000,60
req-00012247,239108333,239,60.000000,60
req-00012248,239125000,239,60.000000,60
req-00012249,239141667,239,60.000000,60
req-00012250,239158333,239,60.000000,60
req-00012251,239175000,239,60.000000,60
req-00012252,239191667,239,60.000000,60
req-00012253,239208333,239,60.000000,60
req-00012254,239225000,239,60.000000,60
req-00012255,239241667,239,60.000000,60
req-00012256,239258333,239,60.000000,60
req-00012257,239275000,239,60.000000,60
req-00012258,239291667,239,60.000000,60
req-00012259,239308333,239,60.000000,60
req-00012260,239325000,239,60.000000,60
req-00012261,239341667,239,60.000000,60
req-00012262,239358333,239,60.000000,60
req-00012263,239375000,239,60.000000,60
req-00012264,239391667,239,60.000000,60
req-00012265,239408333,239,60.000000,60
req-00012266,239425000,239,60.000000,60
req-00012267,239441667,239,60.000000,60
req-00012268,239458333,239,60.000000,60
req-00012269,239475000,239,60.000000,60
req-00012270,239491667,239,60.000000,60
req-00012271,239508333,239,60.000000,60
req-00012272,239525000,239,60.000000,60
req-00012273,239541667,239,60.000000,60
req-00012274,239558333,239,60.000000,60
req-00012275,239575000,239,60.000000,60
req-00012276,239591667,239,60.000000,60
req-00012277,239608333,239,60.000000,60
req-00012278,239625000,239,60.000000,60
req-00012279,239641667,239,60.000000,60
req-00012280,239658333,239,60.000000,60
req-00012281,239675000,239,60.000000,60
req-00012282,239691667,239,60.000000,60
req-00012283,239708333,239,60.000000,60
req-00012284,239725000,239,60.000000,60
req-00012285,239741667,239,60.000000,60
req-00012286,239758333,239,60.000000,60
req-00012287,239775000,239,60.000000,60
req-00012288,239791667,239,60.000000,60
req-00012289,239808333,239,60.000000,60
req-00012290,239825000,239,60.000000,60
req-00012291,239841667,239,60.000000,60
req-00012292,239858333,239,60.000000,60
req-00012293,239875000,239,60.000000,60
req-00012294,239891667,239,60.000000,60
req-00012295,239908333,239,60.000000,60
req-00012296,239925000,239,60.000000,60
req-00012297,239941667,239,60.000000,60
req-00012298,239958333,239,60.000000,60
req-00012299,239975000,239,60.000000,60
req-00012300,239991667,239,60.000000,60
req-00012301,240020000,240,25.000000,25
req-00012302,240060000,240,25.000000,25
req-00012303,240100000,240,25.000000,25
req-00012304,240140000,240,25.000000,25
req-00012305,240180000,240,25.000000,25
req-00012306,240220000,240,25.000000,25
req-00012307,240260000,240,25.000000,25
req-00012308,240300000,240,25.000000,25
req-00012309,240340000,240,25.000000,25
req-00012310,240380000,240,25.000000,25
req-00012311,240420000,240,25.000000,25
req-00012312,240460000,240,25.000000,25
req-00012313,240500000,240,25.000000,25
req-00012314,240540000,240,25.000000,25
req-00012315,240580000,240,25.000000,25
req-00012316,240620000,240,25.000000,25
req-00012317,240660000,240,25.000000,25
req-00012318,240700000,240,25.000000,25
req-00012319,240740000,240,25.000000,25
req-00012320,240780000,240,25.000000,25
req-00012321,240820000,240,25.000000,25
req-00012322,240860000,240,25.000000,25
req-00012323,240900000,240,25.000000,25
req-00012324,240940000,240,25.000000,25
req-00012325,240980000,240,25.000000,25
req-00012326,241020000,241,25.000000,25
req-00012327,241060000,241,25.000000,25
req-00012328,241100000,241,25.000000,25
req-00012329,241140000,241,25.000000,25
req-00012330,241180000,241,25.000000,25
req-00012331,241220000,241,25.000000,25
req-00012332,241260000,241,25.000000,25
req-00012333,241300000,241,25.000000,25
req-00012334,241340000,241,25.000000,25
req-00012335,241380000,241,25.000000,25
req-00012336,241420000,241,25.000000,25
req-00012337,241460000,241,25.000000,25
req-00012338,241500000,241,25.000000,25
req-00012339,241540000,241,25.000000,25
req-00012340,241580000,241,25.000000,25
req-00012341,241620000,241,25.000000,25
req-00012342,241660000,241,25.000000,25
req-00012343,241700000,241,25.000000,25
req-00012344,241740000,241,25.000000,25
req-00012345,241780000,241,25.000000,25
req-00012346,241820000,241,25.000000,25
req-00012347,241860000,241,25.000000,25
req-00012348,241900000,241,25.000000,25
req-00012349,241940000,241,25.000000,25
req-00012350,241980000,241,25.000000,25
req-00012351,242020000,242,25.000000,25
req-00012352,242060000,242,25.000000,25
req-00012353,242100000,242,25.000000,25
req-00012354,242140000,242,25.000000,25
req-00012355,242180000,242,25.000000,25
req-00012356,242220000,242,25.000000,25
req-00012357,242260000,242,25.000000,25
req-00012358,242300000,242,25.000000,25
req-00012359,242340000,242,25.000000,25
req-00012360,242380000,242,25.000000,25
req-00012361,242420000,242,25.000000,25
req-00012362,242460000,242,25.000000,25
req-00012363,242500000,242,25.000000,25
req-00012364,242540000,242,25.000000,25
req-00012365,242580000,242,25.000000,25
req-00012366,242620000,242,25.000000,25
req-00012367,242660000,242,25.000000,25
req-00012368,242700000,242,25.000000,25
req-00012369,242740000,242,25.000000,25
req-00012370,242780000,242,25.000000,25
req-00012371,242820000,242,25.000000,25
req-00012372,242860000,242,25.000000,25
req-00012373,242900000,242,25.000000,25
req-00012374,242940000,242,25.000000,25
req-00012375,242980000,242,25.000000,25
req-00012376,243020000,243,25.000000,25
req-00012377,243060000,243,25.000000,25
req-00012378,243100000,243,25.000000,25
req-00012379,243140000,243,25.000000,25
req-00012380,243180000,243,25.000000,25
req-00012381,243220000,243,25.000000,25
req-00012382,243260000,243,25.000000,25
req-00012383,243300000,243,25.000000,25
req-00012384,243340000,243,25.000000,25
req-00012385,243380000,243,25.000000,25
req-00012386,243420000,243,25.000000,25
req-00012387,243460000,243,25.000000,25
req-00012388,243500000,243,25.000000,25
req-00012389,243540000,243,25.000000,25
req-00012390,243580000,243,25.000000,25
req-00012391,243620000,243,25.000000,25
req-00012392,243660000,243,25.000000,25
req-00012393,243700000,243,25.000000,25
req-00012394,243740000,243,25.000000,25
req-00012395,243780000,243,25.000000,25
req-00012396,243820000,243,25.000000,25
req-00012397,243860000,243,25.000000,25
req-00012398,243900000,243,25.000000,25
req-00012399,243940000,243,25.000000,25
req-00012400,243980000,243,25.000000,25
req-00012401,244020000,244,25.000000,25
req-00012402,244060000,244,25.000000,25
req-00012403,244100000,244,25.000000,25
req-00012404,244140000,244,25.000000,25
req-00012405,244180000,244,25.000000,25
req-00012406,244220000,244,25.000000,25
req-00012407,244260000,244,25.000000,25
req-00012408,244300000,244,25.000000,25
req-00012409,244340000,244,25.000000,25
req-00012410,244380000,244,25.000000,25
req-00012411,244420000,244,25.000000,25
req-00012412,244460000,244,25.000000,25
req-00012413,244500000,244,25.000000,25
req-00012414,244540000,244,25.000000,25
req-00012415,244580000,244,25.000000,25
req-00012416,244620000,244,25.000000,25
req-00012417,244660000,244,25.000000,25
req-00012418,244700000,244,25.000000,25
req-00012419,244740000,244,25.000000,25
req-00012420,244780000,244,25.000000,25
req-00012421,244820000,244,25.000000,25
req-00012422,244860000,244,25.000000,25
req-00012423,244900000,244,25.000000,25
req-00012424,244940000,244,25.000000,25
req-00012425,244980000,244,25.000000,25
req-00012426,245020000,245,25.000000,25
req-00012427,245060000,245,25.000000,25
req-00012428,245100000,245,25.000000,25
req-00012429,245140000,245,25.000000,25
req-00012430,245180000,245,25.000000,25
req-00012431,245220000,245,25.000000,25
req-00012432,245260000,245,25.000000,25
req-00012433,245300000,245,25.000000,25
req-00012434,245340000,245,25.000000,25
req-00012435,245380000,245,25.000000,25
req-00012436,245420000,245,25.000000,25
req-00012437,245460000,245,25.000000,25
req-00012438,245500000,245,25.000000,25
req-00012439,245540000,245,25.000000,25
req-00012440,245580000,245,25.000000,25
req-00012441,245620000,245,25.000000,25
req-00012442,245660000,245,25.000000,25
req-00012443,245700000,245,25.000000,25
req-00012444,245740000,245,25.000000,25
req-00012445,245780000,245,25.000000,25
req-00012446,245820000,245,25.000000,25
req-00012447,245860000,245,25.000000,25
req-00012448,245900000,245,25.000000,25
req-00012449,245940000,245,25.000000,25
req-00012450,245980000,245,25.000000,25
req-00012451,246020000,246,25.000000,25
req-00012452,246060000,246,25.000000,25
req-00012453,246100000,246,25.000000,25
req-00012454,246140000,246,25.000000,25
req-00012455,246180000,246,25.000000,25
req-00012456,246220000,246,25.000000,25
req-00012457,246260000,246,25.000000,25
req-00012458,246300000,246,25.000000,25
req-00012459,246340000,246,25.000000,25
req-00012460,246380000,246,25.000000,25
req-00012461,246420000,246,25.000000,25
req-00012462,246460000,246,25.000000,25
req-00012463,246500000,246,25.000000,25
req-00012464,246540000,246,25.000000,25
req-00012465,246580000,246,25.000000,25
req-00012466,246620000,246,25.000000,25
req-00012467,246660000,246,25.000000,25
req-00012468,246700000,246,25.000000,25
req-00012469,246740000,246,25.000000,25
req-00012470,246780000,246,25.000000,25
req-00012471,246820000,246,25.000000,25
req-00012472,246860000,246,25.000000,25
req-00012473,246900000,246,25.000000,25
req-00012474,246940000,246,25.000000,25
req-00012475,246980000,246,25.000000,25
req-00012476,247020000,247,25.000000,25
req-00012477,247060000,247,25.000000,25
req-00012478,247100000,247,25.000000,25
req-00012479,247140000,247,25.000000,25
req-00012480,247180000,247,25.000000,25
req-00012481,247220000,247,25.000000,25
req-00012482,247260000,247,25.000000,25
req-00012483,247300000,247,25.000000,25
req-00012484,247340000,247,25.000000,25
req-00012485,247380000,247,25.000000,25
req-00012486,247420000,247,25.000000,25
req-00012487,247460000,247,25.000000,25
req-00012488,247500000,247,25.000000,25
req-00012489,247540000,247,25.000000,25
req-00012490,247580000,247,25.000000,25
req-00012491,247620000,247,25.000000,25
req-00012492,247660000,247,25.000000,25
req-00012493,247700000,247,25.000000,25
req-00012494,247740000,247,25.000000,25
req-00012495,247780000,247,25.000000,25
req-00012496,247820000,247,25.000000,25
req-00012497,247860000,247,25.000000,25
req-00012498,247900000,247,25.000000,25
req-00012499,247940000,247,25.000000,25
req-00012500,247980000,247,25.000000,25
req-00012501,248020000,248,25.000000,25
req-00012502,248060000,248,25.000000,25
req-00012503,248100000,248,25.000000,25
req-00012504,248140000,248,25.000000,25
req-00012505,248180000,248,25.000000,25
req-00012506,248220000,248,25.000000,25
req-00012507,248260000,248,25.000000,25
req-00012508,248300000,248,25.000000,25
req-00012509,248340000,248,25.000000,25
req-00012510,248380000,248,25.000000,25
req-00012511,248420000,248,25.000000,25
req-00012512,248460000,248,25.000000,25
req-00012513,248500000,248,25.000000,25
req-00012514,248540000,248,25.000000,25
req-00012515,248580000,248,25.000000,25
req-00012516,248620000,248,25.000000,25
req-00012517,248660000,248,25.000000,25
req-00012518,248700000,248,25.000000,25
req-00012519,248740000,248,25.000000,25
req-00012520,248780000,248,25.000000,25
req-00012521,248820000,248,25.000000,25
req-00012522,248860000,248,25.000000,25
req-00012523,248900000,248,25.000000,25
req-00012524,248940000,248,25.000000,25
req-00012525,248980000,248,25.000000,25
req-00012526,249020000,249,25.000000,25
req-00012527,249060000,249,25.000000,25
req-00012528,249100000,249,25.000000,25
req-00012529,249140000,249,25.000000,25
req-00012530,249180000,249,25.000000,25
req-00012531,249220000,249,25.000000,25
req-00012532,249260000,249,25.000000,25
req-00012533,249300000,249,25.000000,25
req-00012534,249340000,249,25.000000,25
req-00012535,249380000,249,25.000000,25
req-00012536,249420000,249,25.000000,25
req-00012537,249460000,249,25.000000,25
req-00012538,249500000,249,25.000000,25
req-00012539,249540000,249,25.000000,25
req-00012540,249580000,249,25.000000,25
req-00012541,249620000,249,25.000000,25
req-00012542,249660000,249,25.000000,25
req-00012543,249700000,249,25.000000,25
req-00012544,249740000,249,25.000000,25
req-00012545,249780000,249,25.000000,25
req-00012546,249820000,249,25.000000,25
req-00012547,249860000,249,25.000000,25
req-00012548,249900000,249,25.000000,25
req-00012549,249940000,249,25.000000,25
req-00012550,249980000,249,25.000000,25
req-00012551,250020000,250,25.000000,25
req-00012552,250060000,250,25.000000,25
req-00012553,250100000,250,25.000000,25
req-00012554,250140000,250,25.000000,25
req-00012555,250180000,250,25.000000,25
req-00012556,250220000,250,25.000000,25
req-00012557,250260000,250,25.000000,25
req-00012558,250300000,250,25.000000,25
req-00012559,250340000,250,25.000000,25
req-00012560,250380000,250,25.000000,25
req-00012561,250420000,250,25.000000,25
req-00012562,250460000,250,25.000000,25
req-00012563,250500000,250,25.000000,25
req-00012564,250540000,250,25.000000,25
req-00012565,250580000,250,25.000000,25
req-00012566,250620000,250,25.000000,25
req-00012567,250660000,250,25.000000,25
req-00012568,250700000,250,25.000000,25
req-00012569,250740000,250,25.000000,25
req-00012570,250780000,250,25.000000,25
req-00012571,250820000,250,25.000000,25
req-00012572,250860000,250,25.000000,25
req-00012573,250900000,250,25.000000,25
req-00012574,250940000,250,25.000000,25
req-00012575,250980000,250,25.000000,25
req-00012576,251020000,251,25.000000,25
req-00012577,251060000,251,25.000000,25
req-00012578,251100000,251,25.000000,25
req-00012579,251140000,251,25.000000,25
req-00012580,251180000,251,25.000000,25
req-00012581,251220000,251,25.000000,25
req-00012582,251260000,251,25.000000,25
req-00012583,251300000,251,25.000000,25
req-00012584,251340000,251,25.000000,25
req-00012585,251380000,251,25.000000,25
req-00012586,251420000,251,25.000000,25
req-00012587,251460000,251,25.000000,25
req-00012588,251500000,251,25.000000,25
req-00012589,251540000,251,25.000000,25
req-00012590,251580000,251,25.000000,25
req-00012591,251620000,251,25.000000,25
req-00012592,251660000,251,25.000000,25
req-00012593,251700000,251,25.000000,25
req-00012594,251740000,251,25.000000,25
req-00012595,251780000,251,25.000000,25
req-00012596,251820000,251,25.000000,25
req-00012597,251860000,251,25.000000,25
req-00012598,251900000,251,25.000000,25
req-00012599,251940000,251,25.000000,25
req-00012600,251980000,251,25.000000,25
req-00012601,252020000,252,25.000000,25
req-00012602,252060000,252,25.000000,25
req-00012603,252100000,252,25.000000,25
req-00012604,252140000,252,25.000000,25
req-00012605,252180000,252,25.000000,25
req-00012606,252220000,252,25.000000,25
req-00012607,252260000,252,25.000000,25
req-00012608,252300000,252,25.000000,25
req-00012609,252340000,252,25.000000,25
req-00012610,252380000,252,25.000000,25
req-00012611,252420000,252,25.000000,25
req-00012612,252460000,252,25.000000,25
req-00012613,252500000,252,25.000000,25
req-00012614,252540000,252,25.000000,25
req-00012615,252580000,252,25.000000,25
req-00012616,252620000,252,25.000000,25
req-00012617,252660000,252,25.000000,25
req-00012618,252700000,252,25.000000,25
req-00012619,252740000,252,25.000000,25
req-00012620,252780000,252,25.000000,25
req-00012621,252820000,252,25.000000,25
req-00012622,252860000,252,25.000000,25
req-00012623,252900000,252,25.000000,25
req-00012624,252940000,252,25.000000,25
req-00012625,252980000,252,25.000000,25
req-00012626,253020000,253,25.000000,25
req-00012627,253060000,253,25.000000,25
req-00012628,253100000,253,25.000000,25
req-00012629,253140000,253,25.000000,25
req-00012630,253180000,253,25.000000,25
req-00012631,253220000,253,25.000000,25
req-00012632,253260000,253,25.000000,25
req-00012633,253300000,253,25.000000,25
req-00012634,253340000,253,25.000000,25
req-00012635,253380000,253,25.000000,25
req-00012636,253420000,253,25.000000,25
req-00012637,253460000,253,25.000000,25
req-00012638,253500000,253,25.000000,25
req-00012639,253540000,253,25.000000,25
req-00012640,253580000,253,25.000000,25
req-00012641,253620000,253,25.000000,25
req-00012642,253660000,253,25.000000,25
req-00012643,253700000,253,25.000000,25
req-00012644,253740000,253,25.000000,25
req-00012645,253780000,253,25.000000,25
req-00012646,253820000,253,25.000000,25
req-00012647,253860000,253,25.000000,25
req-00012648,253900000,253,25.000000,25
req-00012649,253940000,253,25.000000,25
req-00012650,253980000,253,25.000000,25
req-00012651,254020000,254,25.000000,25
req-00012652,254060000,254,25.000000,25
req-00012653,254100000,254,25.000000,25
req-00012654,254140000,254,25.000000,25
req-00012655,254180000,254,25.000000,25
req-00012656,254220000,254,25.000000,25
req-00012657,254260000,254,25.000000,25
req-00012658,254300000,254,25.000000,25
req-00012659,254340000,254,25.000000,25
req-00012660,254380000,254,25.000000,25
req-00012661,254420000,254,25.000000,25
req-00012662,254460000,254,25.000000,25
req-00012663,254500000,254,25.000000,25
req-00012664,254540000,254,25.000000,25
req-00012665,254580000,254,25.000000,25
req-00012666,254620000,254,25.000000,25
req-00012667,254660000,254,25.000000,25
req-00012668,254700000,254,25.000000,25
req-00012669,254740000,254,25.000000,25
req-00012670,254780000,254,25.000000,25
req-00012671,254820000,254,25.000000,25
req-00012672,254860000,254,25.000000,25
req-00012673,254900000,254,25.000000,25
req-00012674,254940000,254,25.000000,25
req-00012675,254980000,254,25.000000,25
req-00012676,255020000,255,25.000000,25
req-00012677,255060000,255,25.000000,25
req-00012678,255100000,255,25.000000,25
req-00012679,255140000,255,25.000000,25
req-00012680,255180000,255,25.000000,25
req-00012681,255220000,255,25.000000,25
req-00012682,255260000,255,25.000000,25
req-00012683,255300000,255,25.000000,25
req-00012684,255340000,255,25.000000,25
req-00012685,255380000,255,25.000000,25
req-00012686,255420000,255,25.000000,25
req-00012687,255460000,255,25.000000,25
req-00012688,255500000,255,25.000000,25
req-00012689,255540000,255,25.000000,25
req-00012690,255580000,255,25.000000,25
req-00012691,255620000,255,25.000000,25
req-00012692,255660000,255,25.000000,25
req-00012693,255700000,255,25.000000,25
req-00012694,255740000,255,25.000000,25
req-00012695,255780000,255,25.000000,25
req-00012696,255820000,255,25.000000,25
req-00012697,255860000,255,25.000000,25
req-00012698,255900000,255,25.000000,25
req-00012699,255940000,255,25.000000,25
req-00012700,255980000,255,25.000000,25
req-00012701,256020000,256,25.000000,25
req-00012702,256060000,256,25.000000,25
req-00012703,256100000,256,25.000000,25
req-00012704,256140000,256,25.000000,25
req-00012705,256180000,256,25.000000,25
req-00012706,256220000,256,25.000000,25
req-00012707,256260000,256,25.000000,25
req-00012708,256300000,256,25.000000,25
req-00012709,256340000,256,25.000000,25
req-00012710,256380000,256,25.000000,25
req-00012711,256420000,256,25.000000,25
req-00012712,256460000,256,25.000000,25
req-00012713,256500000,256,25.000000,25
req-00012714,256540000,256,25.000000,25
req-00012715,256580000,256,25.000000,25
req-00012716,256620000,256,25.000000,25
req-00012717,256660000,256,25.000000,25
req-00012718,256700000,256,25.000000,25
req-00012719,256740000,256,25.000000,25
req-00012720,256780000,256,25.000000,25
req-00012721,256820000,256,25.000000,25
req-00012722,256860000,256,25.000000,25
req-00012723,256900000,256,25.000000,25
req-00012724,256940000,256,25.000000,25
req-00012725,256980000,256,25.000000,25
req-00012726,257020000,257,25.000000,25
req-00012727,257060000,257,25.000000,25
req-00012728,257100000,257,25.000000,25
req-00012729,257140000,257,25.000000,25
req-00012730,257180000,257,25.000000,25
req-00012731,257220000,257,25.000000,25
req-00012732,257260000,257,25.000000,25
req-00012733,257300000,257,25.000000,25
req-00012734,257340000,257,25.000000,25
req-00012735,257380000,257,25.000000,25
req-00012736,257420000,257,25.000000,25
req-00012737,257460000,257,25.000000,25
req-00012738,257500000,257,25.000000,25
req-00012739,257540000,257,25.000000,25
req-00012740,257580000,257,25.000000,25
req-00012741,257620000,257,25.000000,25
req-00012742,257660000,257,25.000000,25
req-00012743,257700000,257,25.000000,25
req-00012744,257740000,257,25.000000,25
req-00012745,257780000,257,25.000000,25
req-00012746,257820000,257,25.000000,25
req-00012747,257860000,257,25.000000,25
req-00012748,257900000,257,25.000000,25
req-00012749,257940000,257,25.000000,25
req-00012750,257980000,257,25.000000,25
req-00012751,258020000,258,25.000000,25
req-00012752,258060000,258,25.000000,25
req-00012753,258100000,258,25.000000,25
req-00012754,258140000,258,25.000000,25
req-00012755,258180000,258,25.000000,25
req-00012756,258220000,258,25.000000,25
req-00012757,258260000,258,25.000000,25
req-00012758,258300000,258,25.000000,25
req-00012759,258340000,258,25.000000,25
req-00012760,258380000,258,25.000000,25
req-00012761,258420000,258,25.000000,25
req-00012762,258460000,258,25.000000,25
req-00012763,258500000,258,25.000000,25
req-00012764,258540000,258,25.000000,25
req-00012765,258580000,258,25.000000,25
req-00012766,258620000,258,25.000000,25
req-00012767,258660000,258,25.000000,25
req-00012768,258700000,258,25.000000,25
req-00012769,258740000,258,25.000000,25
req-00012770,258780000,258,25.000000,25
req-00012771,258820000,258,25.000000,25
req-00012772,258860000,258,25.000000,25
req-00012773,258900000,258,25.000000,25
req-00012774,258940000,258,25.000000,25
req-00012775,258980000,258,25.000000,25
req-00012776,259020000,259,25.000000,25
req-00012777,259060000,259,25.000000,25
req-00012778,259100000,259,25.000000,25
req-00012779,259140000,259,25.000000,25
req-00012780,259180000,259,25.000000,25
req-00012781,259220000,259,25.000000,25
req-00012782,259260000,259,25.000000,25
req-00012783,259300000,259,25.000000,25
req-00012784,259340000,259,25.000000,25
req-00012785,259380000,259,25.000000,25
req-00012786,259420000,259,25.000000,25
req-00012787,259460000,259,25.000000,25
req-00012788,259500000,259,25.000000,25
req-00012789,259540000,259,25.000000,25
req-00012790,259580000,259,25.000000,25
req-00012791,259620000,259,25.000000,25
req-00012792,259660000,259,25.000000,25
req-00012793,259700000,259,25.000000,25
req-00012794,259740000,259,25.000000,25
req-00012795,259780000,259,25.000000,25
req-00012796,259820000,259,25.000000,25
req-00012797,259860000,259,25.000000,25
req-00012798,259900000,259,25.000000,25
req-00012799,259940000,259,25.000000,25
req-00012800,259980000,259,25.000000,25
req-00012801,260020000,260,25.000000,25
req-00012802,260060000,260,25.000000,25
req-00012803,260100000,260,25.000000,25
req-00012804,260140000,260,25.000000,25
req-00012805,260180000,260,25.000000,25
req-00012806,260220000,260,25.000000,25
req-00012807,260260000,260,25.000000,25
req-00012808,260300000,260,25.000000,25
req-00012809,260340000,260,25.000000,25
req-00012810,260380000,260,25.000000,25
req-00012811,260420000,260,25.000000,25
req-00012812,260460000,260,25.000000,25
req-00012813,260500000,260,25.000000,25
req-00012814,260540000,260,25.000000,25
req-00012815,260580000,260,25.000000,25
req-00012816,260620000,260,25.000000,25
req-00012817,260660000,260,25.000000,25
req-00012818,260700000,260,25.000000,25
req-00012819,260740000,260,25.000000,25
req-00012820,260780000,260,25.000000,25
req-00012821,260820000,260,25.000000,25
req-00012822,260860000,260,25.000000,25
req-00012823,260900000,260,25.000000,25
req-00012824,260940000,260,25.000000,25
req-00012825,260980000,260,25.000000,25
req-00012826,261020000,261,25.000000,25
req-00012827,261060000,261,25.000000,25
req-00012828,261100000,261,25.000000,25
req-00012829,261140000,261,25.000000,25
req-00012830,261180000,261,25.000000,25
req-00012831,261220000,261,25.000000,25
req-00012832,261260000,261,25.000000,25
req-00012833,261300000,261,25.000000,25
req-00012834,261340000,261,25.000000,25
req-00012835,261380000,261,25.000000,25
req-00012836,261420000,261,25.000000,25
req-00012837,261460000,261,25.000000,25
req-00012838,261500000,261,25.000000,25
req-00012839,261540000,261,25.000000,25
req-00012840,261580000,261,25.000000,25
req-00012841,261620000,261,25.000000,25
req-00012842,261660000,261,25.000000,25
req-00012843,261700000,261,25.000000,25
req-00012844,261740000,261,25.000000,25
req-00012845,261780000,261,25.000000,25
req-00012846,261820000,261,25.000000,25
req-00012847,261860000,261,25.000000,25
req-00012848,261900000,261,25.000000,25
req-00012849,261940000,261,25.000000,25
req-00012850,261980000,261,25.000000,25
req-00012851,262020000,262,25.000000,25
req-00012852,262060000,262,25.000000,25
req-00012853,262100000,262,25.000000,25
req-00012854,262140000,262,25.000000,25
req-00012855,262180000,262,25.000000,25
req-00012856,262220000,262,25.000000,25
req-00012857,262260000,262,25.000000,25
req-00012858,262300000,262,25.000000,25
req-00012859,262340000,262,25.000000,25
req-00012860,262380000,262,25.000000,25
req-00012861,262420000,262,25.000000,25
req-00012862,262460000,262,25.000000,25
req-00012863,262500000,262,25.000000,25
req-00012864,262540000,262,25.000000,25
req-00012865,262580000,262,25.000000,25
req-00012866,262620000,262,25.000000,25
req-00012867,262660000,262,25.000000,25
req-00012868,262700000,262,25.000000,25
req-00012869,262740000,262,25.000000,25
req-00012870,262780000,262,25.000000,25
req-00012871,262820000,262,25.000000,25
req-00012872,262860000,262,25.000000,25
req-00012873,262900000,262,25.000000,25
req-00012874,262940000,262,25.000000,25
req-00012875,262980000,262,25.000000,25
req-00012876,263020000,263,25.000000,25
req-00012877,263060000,263,25.000000,25
req-00012878,263100000,263,25.000000,25
req-00012879,263140000,263,25.000000,25
req-00012880,263180000,263,25.000000,25
req-00012881,263220000,263,25.000000,25
req-00012882,263260000,263,25.000000,25
req-00012883,263300000,263,25.000000,25
req-00012884,263340000,263,25.000000,25
req-00012885,263380000,263,25.000000,25
req-00012886,263420000,263,25.000000,25
req-00012887,263460000,263,25.000000,25
req-00012888,263500000,263,25.000000,25
req-00012889,263540000,263,25.000000,25
req-00012890,263580000,263,25.000000,25
req-00012891,263620000,263,25.000000,25
req-00012892,263660000,263,25.000000,25
req-00012893,263700000,263,25.000000,25
req-00012894,263740000,263,25.000000,25
req-00012895,263780000,263,25.000000,25
req-00012896,263820000,263,25.000000,25
req-00012897,263860000,263,25.000000,25
req-00012898,263900000,263,25.000000,25
req-00012899,263940000,263,25.000000,25
req-00012900,263980000,263,25.000000,25
req-00012901,264020000,264,25.000000,25
req-00012902,264060000,264,25.000000,25
req-00012903,264100000,264,25.000000,25
req-00012904,264140000,264,25.000000,25
req-00012905,264180000,264,25.000000,25
req-00012906,264220000,264,25.000000,25
req-00012907,264260000,264,25.000000,25
req-00012908,264300000,264,25.000000,25
req-00012909,264340000,264,25.000000,25
req-00012910,264380000,264,25.000000,25
req-00012911,264420000,264,25.000000,25
req-00012912,264460000,264,25.000000,25
req-00012913,264500000,264,25.000000,25
req-00012914,264540000,264,25.000000,25
req-00012915,264580000,264,25.000000,25
req-00012916,264620000,264,25.000000,25
req-00012917,264660000,264,25.000000,25
req-00012918,264700000,264,25.000000,25
req-00012919,264740000,264,25.000000,25
req-00012920,264780000,264,25.000000,25
req-00012921,264820000,264,25.000000,25
req-00012922,264860000,264,25.000000,25
req-00012923,264900000,264,25.000000,25
req-00012924,264940000,264,25.000000,25
req-00012925,264980000,264,25.000000,25
req-00012926,265020000,265,25.000000,25
req-00012927,265060000,265,25.000000,25
req-00012928,265100000,265,25.000000,25
req-00012929,265140000,265,25.000000,25
req-00012930,265180000,265,25.000000,25
req-00012931,265220000,265,25.000000,25
req-00012932,265260000,265,25.000000,25
req-00012933,265300000,265,25.000000,25
req-00012934,265340000,265,25.000000,25
req-00012935,265380000,265,25.000000,25
req-00012936,265420000,265,25.000000,25
req-00012937,265460000,265,25.000000,25
req-00012938,265500000,265,25.000000,25
req-00012939,265540000,265,25.000000,25
req-00012940,265580000,265,25.000000,25
req-00012941,265620000,265,25.000000,25
req-00012942,265660000,265,25.000000,25
req-00012943,265700000,265,25.000000,25
req-00012944,265740000,265,25.000000,25
req-00012945,265780000,265,25.000000,25
req-00012946,265820000,265,25.000000,25
req-00012947,265860000,265,25.000000,25
req-00012948,265900000,265,25.000000,25
req-00012949,265940000,265,25.000000,25
req-00012950,265980000,265,25.000000,25
req-00012951,266020000,266,25.000000,25
req-00012952,266060000,266,25.000000,25
req-00012953,266100000,266,25.000000,25
req-00012954,266140000,266,25.000000,25
req-00012955,266180000,266,25.000000,25
req-00012956,266220000,266,25.000000,25
req-00012957,266260000,266,25.000000,25
req-00012958,266300000,266,25.000000,25
req-00012959,266340000,266,25.000000,25
req-00012960,266380000,266,25.000000,25
req-00012961,266420000,266,25.000000,25
req-00012962,266460000,266,25.000000,25
req-00012963,266500000,266,25.000000,25
req-00012964,266540000,266,25.000000,25
req-00012965,266580000,266,25.000000,25
req-00012966,266620000,266,25.000000,25
req-00012967,266660000,266,25.000000,25
req-00012968,266700000,266,25.000000,25
req-00012969,266740000,266,25.000000,25
req-00012970,266780000,266,25.000000,25
req-00012971,266820000,266,25.000000,25
req-00012972,266860000,266,25.000000,25
req-00012973,266900000,266,25.000000,25
req-00012974,266940000,266,25.000000,25
req-00012975,266980000,266,25.000000,25
req-00012976,267020000,267,25.000000,25
req-00012977,267060000,267,25.000000,25
req-00012978,267100000,267,25.000000,25
req-00012979,267140000,267,25.000000,25
req-00012980,267180000,267,25.000000,25
req-00012981,267220000,267,25.000000,25
req-00012982,267260000,267,25.000000,25
req-00012983,267300000,267,25.000000,25
req-00012984,267340000,267,25.000000,25
req-00012985,267380000,267,25.000000,25
req-00012986,267420000,267,25.000000,25
req-00012987,267460000,267,25.000000,25
req-00012988,267500000,267,25.000000,25
req-00012989,267540000,267,25.000000,25
req-00012990,267580000,267,25.000000,25
req-00012991,267620000,267,25.000000,25
req-00012992,267660000,267,25.000000,25
req-00012993,267700000,267,25.000000,25
req-00012994,267740000,267,25.000000,25
req-00012995,267780000,267,25.000000,25
req-00012996,267820000,267,25.000000,25
req-00012997,267860000,267,25.000000,25
req-00012998,267900000,267,25.000000,25
req-00012999,267940000,267,25.000000,25
req-00013000,267980000,267,25.000000,25
req-00013001,268020000,268,25.000000,25
req-00013002,268060000,268,25.000000,25
req-00013003,268100000,268,25.000000,25
req-00013004,268140000,268,25.000000,25
req-00013005,268180000,268,25.000000,25
req-00013006,268220000,268,25.000000,25
req-00013007,268260000,268,25.000000,25
req-00013008,268300000,268,25.000000,25
req-00013009,268340000,268,25.000000,25
req-00013010,268380000,268,25.000000,25
req-00013011,268420000,268,25.000000,25
req-00013012,268460000,268,25.000000,25
req-00013013,268500000,268,25.000000,25
req-00013014,268540000,268,25.000000,25
req-00013015,268580000,268,25.000000,25
req-00013016,268620000,268,25.000000,25
req-00013017,268660000,268,25.000000,25
req-00013018,268700000,268,25.000000,25
req-00013019,268740000,268,25.000000,25
req-00013020,268780000,268,25.000000,25
req-00013021,268820000,268,25.000000,25
req-00013022,268860000,268,25.000000,25
req-00013023,268900000,268,25.000000,25
req-00013024,268940000,268,25.000000,25
req-00013025,268980000,268,25.000000,25
req-00013026,269020000,269,25.000000,25
req-00013027,269060000,269,25.000000,25
req-00013028,269100000,269,25.000000,25
req-00013029,269140000,269,25.000000,25
req-00013030,269180000,269,25.000000,25
req-00013031,269220000,269,25.000000,25
req-00013032,269260000,269,25.000000,25
req-00013033,269300000,269,25.000000,25
req-00013034,269340000,269,25.000000,25
req-00013035,269380000,269,25.000000,25
req-00013036,269420000,269,25.000000,25
req-00013037,269460000,269,25.000000,25
req-00013038,269500000,269,25.000000,25
req-00013039,269540000,269,25.000000,25
req-00013040,269580000,269,25.000000,25
req-00013041,269620000,269,25.000000,25
req-00013042,269660000,269,25.000000,25
req-00013043,269700000,269,25.000000,25
req-00013044,269740000,269,25.000000,25
req-00013045,269780000,269,25.000000,25
req-00013046,269820000,269,25.000000,25
req-00013047,269860000,269,25.000000,25
req-00013048,269900000,269,25.000000,25
req-00013049,269940000,269,25.000000,25
req-00013050,269980000,269,25.000000,25
req-00013051,270020000,270,25.000000,25
req-00013052,270060000,270,25.000000,25
req-00013053,270100000,270,25.000000,25
req-00013054,270140000,270,25.000000,25
req-00013055,270180000,270,25.000000,25
req-00013056,270220000,270,25.000000,25
req-00013057,270260000,270,25.000000,25
req-00013058,270300000,270,25.000000,25
req-00013059,270340000,270,25.000000,25
req-00013060,270380000,270,25.000000,25
req-00013061,270420000,270,25.000000,25
req-00013062,270460000,270,25.000000,25
req-00013063,270500000,270,25.000000,25
req-00013064,270540000,270,25.000000,25
req-00013065,270580000,270,25.000000,25
req-00013066,270620000,270,25.000000,25
req-00013067,270660000,270,25.000000,25
req-00013068,270700000,270,25.000000,25
req-00013069,270740000,270,25.000000,25
req-00013070,270780000,270,25.000000,25
req-00013071,270820000,270,25.000000,25
req-00013072,270860000,270,25.000000,25
req-00013073,270900000,270,25.000000,25
req-00013074,270940000,270,25.000000,25
req-00013075,270980000,270,25.000000,25
req-00013076,271020000,271,25.000000,25
req-00013077,271060000,271,25.000000,25
req-00013078,271100000,271,25.000000,25
req-00013079,271140000,271,25.000000,25
req-00013080,271180000,271,25.000000,25
req-00013081,271220000,271,25.000000,25
req-00013082,271260000,271,25.000000,25
req-00013083,271300000,271,25.000000,25
req-00013084,271340000,271,25.000000,25
req-00013085,271380000,271,25.000000,25
req-00013086,271420000,271,25.000000,25
req-00013087,271460000,271,25.000000,25
req-00013088,271500000,271,25.000000,25
req-00013089,271540000,271,25.000000,25
req-00013090,271580000,271,25.000000,25
req-00013091,271620000,271,25.000000,25
req-00013092,271660000,271,25.000000,25
req-00013093,271700000,271,25.000000,25
req-00013094,271740000,271,25.000000,25
req-00013095,271780000,271,25.000000,25
req-00013096,271820000,271,25.000000,25
req-00013097,271860000,271,25.000000,25
req-00013098,271900000,271,25.000000,25
req-00013099,271940000,271,25.000000,25
req-00013100,271980000,271,25.000000,25
req-00013101,272020000,272,25.000000,25
req-00013102,272060000,272,25.000000,25
req-00013103,272100000,272,25.000000,25
req-00013104,272140000,272,25.000000,25
req-00013105,272180000,272,25.000000,25
req-00013106,272220000,272,25.000000,25
req-00013107,272260000,272,25.000000,25
req-00013108,272300000,272,25.000000,25
req-00013109,272340000,272,25.000000,25
req-00013110,272380000,272,25.000000,25
req-00013111,272420000,272,25.000000,25
req-00013112,272460000,272,25.000000,25
req-00013113,272500000,272,25.000000,25
req-00013114,272540000,272,25.000000,25
req-00013115,272580000,272,25.000000,25
req-00013116,272620000,272,25.000000,25
req-00013117,272660000,272,25.000000,25
req-00013118,272700000,272,25.000000,25
req-00013119,272740000,272,25.000000,25
req-00013120,272780000,272,25.000000,25
req-00013121,272820000,272,25.000000,25
req-00013122,272860000,272,25.000000,25
req-00013123,272900000,272,25.000000,25
req-00013124,272940000,272,25.000000,25
req-00013125,272980000,272,25.000000,25
req-00013126,273020000,273,25.000000,25
req-00013127,273060000,273,25.000000,25
req-00013128,273100000,273,25.000000,25
req-00013129,273140000,273,25.000000,25
req-00013130,273180000,273,25.000000,25
req-00013131,273220000,273,25.000000,25
req-00013132,273260000,273,25.000000,25
req-00013133,273300000,273,25.000000,25
req-00013134,273340000,273,25.000000,25
req-00013135,273380000,273,25.000000,25
req-00013136,273420000,273,25.000000,25
req-00013137,273460000,273,25.000000,25
req-00013138,273500000,273,25.000000,25
req-00013139,273540000,273,25.000000,25
req-00013140,273580000,273,25.000000,25
req-00013141,273620000,273,25.000000,25
req-00013142,273660000,273,25.000000,25
req-00013143,273700000,273,25.000000,25
req-00013144,273740000,273,25.000000,25
req-00013145,273780000,273,25.000000,25
req-00013146,273820000,273,25.000000,25
req-00013147,273860000,273,25.000000,25
req-00013148,273900000,273,25.000000,25
req-00013149,273940000,273,25.000000,25
req-00013150,273980000,273,25.000000,25
req-00013151,274020000,274,25.000000,25
req-00013152,274060000,274,25.000000,25
req-00013153,274100000,274,25.000000,25
req-00013154,274140000,274,25.000000,25
req-00013155,274180000,274,25.000000,25
req-00013156,274220000,274,25.000000,25
req-00013157,274260000,274,25.000000,25
req-00013158,274300000,274,25.000000,25
req-00013159,274340000,274,25.000000,25
req-00013160,274380000,274,25.000000,25
req-00013161,274420000,274,25.000000,25
req-00013162,274460000,274,25.000000,25
req-00013163,274500000,274,25.000000,25
req-00013164,274540000,274,25.000000,25
req-00013165,274580000,274,25.000000,25
req-00013166,274620000,274,25.000000,25
req-00013167,274660000,274,25.000000,25
req-00013168,274700000,274,25.000000,25
req-00013169,274740000,274,25.000000,25
req-00013170,274780000,274,25.000000,25
req-00013171,274820000,274,25.000000,25
req-00013172,274860000,274,25.000000,25
req-00013173,274900000,274,25.000000,25
req-00013174,274940000,274,25.000000,25
req-00013175,274980000,274,25.000000,25
req-00013176,275020000,275,25.000000,25
req-00013177,275060000,275,25.000000,25
req-00013178,275100000,275,25.000000,25
req-00013179,275140000,275,25.000000,25
req-00013180,275180000,275,25.000000,25
req-00013181,275220000,275,25.000000,25
req-00013182,275260000,275,25.000000,25
req-00013183,275300000,275,25.000000,25
req-00013184,275340000,275,25.000000,25
req-00013185,275380000,275,25.000000,25
req-00013186,275420000,275,25.000000,25
req-00013187,275460000,275,25.000000,25
req-00013188,275500000,275,25.000000,25
req-00013189,275540000,275,25.000000,25
req-00013190,275580000,275,25.000000,25
req-00013191,275620000,275,25.000000,25
req-00013192,275660000,275,25.000000,25
req-00013193,275700000,275,25.000000,25
req-00013194,275740000,275,25.000000,25
req-00013195,275780000,275,25.000000,25
req-00013196,275820000,275,25.000000,25
req-00013197,275860000,275,25.000000,25
req-00013198,275900000,275,25.000000,25
req-00013199,275940000,275,25.000000,25
req-00013200,275980000,275,25.000000,25
req-00013201,276020000,276,25.000000,25
req-00013202,276060000,276,25.000000,25
req-00013203,276100000,276,25.000000,25
req-00013204,276140000,276,25.000000,25
req-00013205,276180000,276,25.000000,25
req-00013206,276220000,276,25.000000,25
req-00013207,276260000,276,25.000000,25
req-00013208,276300000,276,25.000000,25
req-00013209,276340000,276,25.000000,25
req-00013210,276380000,276,25.000000,25
req-00013211,276420000,276,25.000000,25
req-00013212,276460000,276,25.000000,25
req-00013213,276500000,276,25.000000,25
req-00013214,276540000,276,25.000000,25
req-00013215,276580000,276,25.000000,25
req-00013216,276620000,276,25.000000,25
req-00013217,276660000,276,25.000000,25
req-00013218,276700000,276,25.000000,25
req-00013219,276740000,276,25.000000,25
req-00013220,276780000,276,25.000000,25
req-00013221,276820000,276,25.000000,25
req-00013222,276860000,276,25.000000,25
req-00013223,276900000,276,25.000000,25
req-00013224,276940000,276,25.000000,25
req-00013225,276980000,276,25.000000,25
req-00013226,277020000,277,25.000000,25
req-00013227,277060000,277,25.000000,25
req-00013228,277100000,277,25.000000,25
req-00013229,277140000,277,25.000000,25
req-00013230,277180000,277,25.000000,25
req-00013231,277220000,277,25.000000,25
req-00013232,277260000,277,25.000000,25
req-00013233,277300000,277,25.000000,25
req-00013234,277340000,277,25.000000,25
req-00013235,277380000,277,25.000000,25
req-00013236,277420000,277,25.000000,25
req-00013237,277460000,277,25.000000,25
req-00013238,277500000,277,25.000000,25
req-00013239,277540000,277,25.000000,25
req-00013240,277580000,277,25.000000,25
req-00013241,277620000,277,25.000000,25
req-00013242,277660000,277,25.000000,25
req-00013243,277700000,277,25.000000,25
req-00013244,277740000,277,25.000000,25
req-00013245,277780000,277,25.000000,25
req-00013246,277820000,277,25.000000,25
req-00013247,277860000,277,25.000000,25
req-00013248,277900000,277,25.000000,25
req-00013249,277940000,277,25.000000,25
req-00013250,277980000,277,25.000000,25
req-00013251,278020000,278,25.000000,25
req-00013252,278060000,278,25.000000,25
req-00013253,278100000,278,25.000000,25
req-00013254,278140000,278,25.000000,25
req-00013255,278180000,278,25.000000,25
req-00013256,278220000,278,25.000000,25
req-00013257,278260000,278,25.000000,25
req-00013258,278300000,278,25.000000,25
req-00013259,278340000,278,25.000000,25
req-00013260,278380000,278,25.000000,25
req-00013261,278420000,278,25.000000,25
req-00013262,278460000,278,25.000000,25
req-00013263,278500000,278,25.000000,25
req-00013264,278540000,278,25.000000,25
req-00013265,278580000,278,25.000000,25
req-00013266,278620000,278,25.000000,25
req-00013267,278660000,278,25.000000,25
req-00013268,278700000,278,25.000000,25
req-00013269,278740000,278,25.000000,25
req-00013270,278780000,278,25.000000,25
req-00013271,278820000,278,25.000000,25
req-00013272,278860000,278,25.000000,25
req-00013273,278900000,278,25.000000,25
req-00013274,278940000,278,25.000000,25
req-00013275,278980000,278,25.000000,25
req-00013276,279020000,279,25.000000,25
req-00013277,279060000,279,25.000000,25
req-00013278,279100000,279,25.000000,25
req-00013279,279140000,279,25.000000,25
req-00013280,279180000,279,25.000000,25
req-00013281,279220000,279,25.000000,25
req-00013282,279260000,279,25.000000,25
req-00013283,279300000,279,25.000000,25
req-00013284,279340000,279,25.000000,25
req-00013285,279380000,279,25.000000,25
req-00013286,279420000,279,25.000000,25
req-00013287,279460000,279,25.000000,25
req-00013288,279500000,279,25.000000,25
req-00013289,279540000,279,25.000000,25
req-00013290,279580000,279,25.000000,25
req-00013291,279620000,279,25.000000,25
req-00013292,279660000,279,25.000000,25
req-00013293,279700000,279,25.000000,25
req-00013294,279740000,279,25.000000,25
req-00013295,279780000,279,25.000000,25
req-00013296,279820000,279,25.000000,25
req-00013297,279860000,279,25.000000,25
req-00013298,279900000,279,25.000000,25
req-00013299,279940000,279,25.000000,25
req-00013300,279980000,279,25.000000,25
req-00013301,280020000,280,25.000000,25
req-00013302,280060000,280,25.000000,25
req-00013303,280100000,280,25.000000,25
req-00013304,280140000,280,25.000000,25
req-00013305,280180000,280,25.000000,25
req-00013306,280220000,280,25.000000,25
req-00013307,280260000,280,25.000000,25
req-00013308,280300000,280,25.000000,25
req-00013309,280340000,280,25.000000,25
req-00013310,280380000,280,25.000000,25
req-00013311,280420000,280,25.000000,25
req-00013312,280460000,280,25.000000,25
req-00013313,280500000,280,25.000000,25
req-00013314,280540000,280,25.000000,25
req-00013315,280580000,280,25.000000,25
req-00013316,280620000,280,25.000000,25
req-00013317,280660000,280,25.000000,25
req-00013318,280700000,280,25.000000,25
req-00013319,280740000,280,25.000000,25
req-00013320,280780000,280,25.000000,25
req-00013321,280820000,280,25.000000,25
req-00013322,280860000,280,25.000000,25
req-00013323,280900000,280,25.000000,25
req-00013324,280940000,280,25.000000,25
req-00013325,280980000,280,25.000000,25
req-00013326,281020000,281,25.000000,25
req-00013327,281060000,281,25.000000,25
req-00013328,281100000,281,25.000000,25
req-00013329,281140000,281,25.000000,25
req-00013330,281180000,281,25.000000,25
req-00013331,281220000,281,25.000000,25
req-00013332,281260000,281,25.000000,25
req-00013333,281300000,281,25.000000,25
req-00013334,281340000,281,25.000000,25
req-00013335,281380000,281,25.000000,25
req-00013336,281420000,281,25.000000,25
req-00013337,281460000,281,25.000000,25
req-00013338,281500000,281,25.000000,25
req-00013339,281540000,281,25.000000,25
req-00013340,281580000,281,25.000000,25
req-00013341,281620000,281,25.000000,25
req-00013342,281660000,281,25.000000,25
req-00013343,281700000,281,25.000000,25
req-00013344,281740000,281,25.000000,25
req-00013345,281780000,281,25.000000,25
req-00013346,281820000,281,25.000000,25
req-00013347,281860000,281,25.000000,25
req-00013348,281900000,281,25.000000,25
req-00013349,281940000,281,25.000000,25
req-00013350,281980000,281,25.000000,25
req-00013351,282020000,282,25.000000,25
req-00013352,282060000,282,25.000000,25
req-00013353,282100000,282,25.000000,25
req-00013354,282140000,282,25.000000,25
req-00013355,282180000,282,25.000000,25
req-00013356,282220000,282,25.000000,25
req-00013357,282260000,282,25.000000,25
req-00013358,282300000,282,25.000000,25
req-00013359,282340000,282,25.000000,25
req-00013360,282380000,282,25.000000,25
req-00013361,282420000,282,25.000000,25
req-00013362,282460000,282,25.000000,25
req-00013363,282500000,282,25.000000,25
req-00013364,282540000,282,25.000000,25
req-00013365,282580000,282,25.000000,25
req-00013366,282620000,282,25.000000,25
req-00013367,282660000,282,25.000000,25
req-00013368,282700000,282,25.000000,25
req-00013369,282740000,282,25.000000,25
req-00013370,282780000,282,25.000000,25
req-00013371,282820000,282,25.000000,25
req-00013372,282860000,282,25.000000,25
req-00013373,282900000,282,25.000000,25
req-00013374,282940000,282,25.000000,25
req-00013375,282980000,282,25.000000,25
req-00013376,283020000,283,25.000000,25
req-00013377,283060000,283,25.000000,25
req-00013378,283100000,283,25.000000,25
req-00013379,283140000,283,25.000000,25
req-00013380,283180000,283,25.000000,25
req-00013381,283220000,283,25.000000,25
req-00013382,283260000,283,25.000000,25
req-00013383,283300000,283,25.000000,25
req-00013384,283340000,283,25.000000,25
req-00013385,283380000,283,25.000000,25
req-00013386,283420000,283,25.000000,25
req-00013387,283460000,283,25.000000,25
req-00013388,283500000,283,25.000000,25
req-00013389,283540000,283,25.000000,25
req-00013390,283580000,283,25.000000,25
req-00013391,283620000,283,25.000000,25
req-00013392,283660000,283,25.000000,25
req-00013393,283700000,283,25.000000,25
req-00013394,283740000,283,25.000000,25
req-00013395,283780000,283,25.000000,25
req-00013396,283820000,283,25.000000,25
req-00013397,283860000,283,25.000000,25
req-00013398,283900000,283,25.000000,25
req-00013399,283940000,283,25.000000,25
req-00013400,283980000,283,25.000000,25
req-00013401,284020000,284,25.000000,25
req-00013402,284060000,284,25.000000,25
req-00013403,284100000,284,25.000000,25
req-00013404,284140000,284,25.000000,25
req-00013405,284180000,284,25.000000,25
req-00013406,284220000,284,25.000000,25
req-00013407,284260000,284,25.000000,25
req-00013408,284300000,284,25.000000,25
req-00013409,284340000,284,25.000000,25
req-00013410,284380000,284,25.000000,25
req-00013411,284420000,284,25.000000,25
req-00013412,284460000,284,25.000000,25
req-00013413,284500000,284,25.000000,25
req-00013414,284540000,284,25.000000,25
req-00013415,284580000,284,25.000000,25
req-00013416,284620000,284,25.000000,25
req-00013417,284660000,284,25.000000,25
req-00013418,284700000,284,25.000000,25
req-00013419,284740000,284,25.000000,25
req-00013420,284780000,284,25.000000,25
req-00013421,284820000,284,25.000000,25
req-00013422,284860000,284,25.000000,25
req-00013423,284900000,284,25.000000,25
req-00013424,284940000,284,25.000000,25
req-00013425,284980000,284,25.000000,25
req-00013426,285020000,285,25.000000,25
req-00013427,285060000,285,25.000000,25
req-00013428,285100000,285,25.000000,25
req-00013429,285140000,285,25.000000,25
req-00013430,285180000,285,25.000000,25
req-00013431,285220000,285,25.000000,25
req-00013432,285260000,285,25.000000,25
req-00013433,285300000,285,25.000000,25
req-00013434,285340000,285,25.000000,25
req-00013435,285380000,285,25.000000,25
req-00013436,285420000,285,25.000000,25
req-00013437,285460000,285,25.000000,25
req-00013438,285500000,285,25.000000,25
req-00013439,285540000,285,25.000000,25
req-00013440,285580000,285,25.000000,25
req-00013441,285620000,285,25.000000,25
req-00013442,285660000,285,25.000000,25
req-00013443,285700000,285,25.000000,25
req-00013444,285740000,285,25.000000,25
req-00013445,285780000,285,25.000000,25
req-00013446,285820000,285,25.000000,25
req-00013447,285860000,285,25.000000,25
req-00013448,285900000,285,25.000000,25
req-00013449,285940000,285,25.000000,25
req-00013450,285980000,285,25.000000,25
req-00013451,286020000,286,25.000000,25
req-00013452,286060000,286,25.000000,25
req-00013453,286100000,286,25.000000,25
req-00013454,286140000,286,25.000000,25
req-00013455,286180000,286,25.000000,25
req-00013456,286220000,286,25.000000,25
req-00013457,286260000,286,25.000000,25
req-00013458,286300000,286,25.000000,25
req-00013459,286340000,286,25.000000,25
req-00013460,286380000,286,25.000000,25
req-00013461,286420000,286,25.000000,25
req-00013462,286460000,286,25.000000,25
req-00013463,286500000,286,25.000000,25
req-00013464,286540000,286,25.000000,25
req-00013465,286580000,286,25.000000,25
req-00013466,286620000,286,25.000000,25
req-00013467,286660000,286,25.000000,25
req-00013468,286700000,286,25.000000,25
req-00013469,286740000,286,25.000000,25
req-00013470,286780000,286,25.000000,25
req-00013471,286820000,286,25.000000,25
req-00013472,286860000,286,25.000000,25
req-00013473,286900000,286,25.000000,25
req-00013474,286940000,286,25.000000,25
req-00013475,286980000,286,25.000000,25
req-00013476,287020000,287,25.000000,25
req-00013477,287060000,287,25.000000,25
req-00013478,287100000,287,25.000000,25
req-00013479,287140000,287,25.000000,25
req-00013480,287180000,287,25.000000,25
req-00013481,287220000,287,25.000000,25
req-00013482,287260000,287,25.000000,25
req-00013483,287300000,287,25.000000,25
req-00013484,287340000,287,25.000000,25
req-00013485,287380000,287,25.000000,25
req-00013486,287420000,287,25.000000,25
req-00013487,287460000,287,25.000000,25
req-00013488,287500000,287,25.000000,25
req-00013489,287540000,287,25.000000,25
req-00013490,287580000,287,25.000000,25
req-00013491,287620000,287,25.000000,25
req-00013492,287660000,287,25.000000,25
req-00013493,287700000,287,25.000000,25
req-00013494,287740000,287,25.000000,25
req-00013495,287780000,287,25.000000,25
req-00013496,287820000,287,25.000000,25
req-00013497,287860000,287,25.000000,25
req-00013498,287900000,287,25.000000,25
req-00013499,287940000,287,25.000000,25
req-00013500,287980000,287,25.000000,25
req-00013501,288020000,288,25.000000,25
req-00013502,288060000,288,25.000000,25
req-00013503,288100000,288,25.000000,25
req-00013504,288140000,288,25.000000,25
req-00013505,288180000,288,25.000000,25
req-00013506,288220000,288,25.000000,25
req-00013507,288260000,288,25.000000,25
req-00013508,288300000,288,25.000000,25
req-00013509,288340000,288,25.000000,25
req-00013510,288380000,288,25.000000,25
req-00013511,288420000,288,25.000000,25
req-00013512,288460000,288,25.000000,25
req-00013513,288500000,288,25.000000,25
req-00013514,288540000,288,25.000000,25
req-00013515,288580000,288,25.000000,25
req-00013516,288620000,288,25.000000,25
req-00013517,288660000,288,25.000000,25
req-00013518,288700000,288,25.000000,25
req-00013519,288740000,288,25.000000,25
req-00013520,288780000,288,25.000000,25
req-00013521,288820000,288,25.000000,25
req-00013522,288860000,288,25.000000,25
req-00013523,288900000,288,25.000000,25
req-00013524,288940000,288,25.000000,25
req-00013525,288980000,288,25.000000,25
req-00013526,289020000,289,25.000000,25
req-00013527,289060000,289,25.000000,25
req-00013528,289100000,289,25.000000,25
req-00013529,289140000,289,25.000000,25
req-00013530,289180000,289,25.000000,25
req-00013531,289220000,289,25.000000,25
req-00013532,289260000,289,25.000000,25
req-00013533,289300000,289,25.000000,25
req-00013534,289340000,289,25.000000,25
req-00013535,289380000,289,25.000000,25
req-00013536,289420000,289,25.000000,25
req-00013537,289460000,289,25.000000,25
req-00013538,289500000,289,25.000000,25
req-00013539,289540000,289,25.000000,25
req-00013540,289580000,289,25.000000,25
req-00013541,289620000,289,25.000000,25
req-00013542,289660000,289,25.000000,25
req-00013543,289700000,289,25.000000,25
req-00013544,289740000,289,25.000000,25
req-00013545,289780000,289,25.000000,25
req-00013546,289820000,289,25.000000,25
req-00013547,289860000,289,25.000000,25
req-00013548,289900000,289,25.000000,25
req-00013549,289940000,289,25.000000,25
req-00013550,289980000,289,25.000000,25
req-00013551,290020000,290,25.000000,25
req-00013552,290060000,290,25.000000,25
req-00013553,290100000,290,25.000000,25
req-00013554,290140000,290,25.000000,25
req-00013555,290180000,290,25.000000,25
req-00013556,290220000,290,25.000000,25
req-00013557,290260000,290,25.000000,25
req-00013558,290300000,290,25.000000,25
req-00013559,290340000,290,25.000000,25
req-00013560,290380000,290,25.000000,25
req-00013561,290420000,290,25.000000,25
req-00013562,290460000,290,25.000000,25
req-00013563,290500000,290,25.000000,25
req-00013564,290540000,290,25.000000,25
req-00013565,290580000,290,25.000000,25
req-00013566,290620000,290,25.000000,25
req-00013567,290660000,290,25.000000,25
req-00013568,290700000,290,25.000000,25
req-00013569,290740000,290,25.000000,25
req-00013570,290780000,290,25.000000,25
req-00013571,290820000,290,25.000000,25
req-00013572,290860000,290,25.000000,25
req-00013573,290900000,290,25.000000,25
req-00013574,290940000,290,25.000000,25
req-00013575,290980000,290,25.000000,25
req-00013576,291020000,291,25.000000,25
req-00013577,291060000,291,25.000000,25
req-00013578,291100000,291,25.000000,25
req-00013579,291140000,291,25.000000,25
req-00013580,291180000,291,25.000000,25
req-00013581,291220000,291,25.000000,25
req-00013582,291260000,291,25.000000,25
req-00013583,291300000,291,25.000000,25
req-00013584,291340000,291,25.000000,25
req-00013585,291380000,291,25.000000,25
req-00013586,291420000,291,25.000000,25
req-00013587,291460000,291,25.000000,25
req-00013588,291500000,291,25.000000,25
req-00013589,291540000,291,25.000000,25
req-00013590,291580000,291,25.000000,25
req-00013591,291620000,291,25.000000,25
req-00013592,291660000,291,25.000000,25
req-00013593,291700000,291,25.000000,25
req-00013594,291740000,291,25.000000,25
req-00013595,291780000,291,25.000000,25
req-00013596,291820000,291,25.000000,25
req-00013597,291860000,291,25.000000,25
req-00013598,291900000,291,25.000000,25
req-00013599,291940000,291,25.000000,25
req-00013600,291980000,291,25.000000,25
req-00013601,292020000,292,25.000000,25
req-00013602,292060000,292,25.000000,25
req-00013603,292100000,292,25.000000,25
req-00013604,292140000,292,25.000000,25
req-00013605,292180000,292,25.000000,25
req-00013606,292220000,292,25.000000,25
req-00013607,292260000,292,25.000000,25
req-00013608,292300000,292,25.000000,25
req-00013609,292340000,292,25.000000,25
req-00013610,292380000,292,25.000000,25
req-00013611,292420000,292,25.000000,25
req-00013612,292460000,292,25.000000,25
req-00013613,292500000,292,25.000000,25
req-00013614,292540000,292,25.000000,25
req-00013615,292580000,292,25.000000,25
req-00013616,292620000,292,25.000000,25
req-00013617,292660000,292,25.000000,25
req-00013618,292700000,292,25.000000,25
req-00013619,292740000,292,25.000000,25
req-00013620,292780000,292,25.000000,25
req-00013621,292820000,292,25.000000,25
req-00013622,292860000,292,25.000000,25
req-00013623,292900000,292,25.000000,25
req-00013624,292940000,292,25.000000,25
req-00013625,292980000,292,25.000000,25
req-00013626,293020000,293,25.000000,25
req-00013627,293060000,293,25.000000,25
req-00013628,293100000,293,25.000000,25
req-00013629,293140000,293,25.000000,25
req-00013630,293180000,293,25.000000,25
req-00013631,293220000,293,25.000000,25
req-00013632,293260000,293,25.000000,25
req-00013633,293300000,293,25.000000,25
req-00013634,293340000,293,25.000000,25
req-00013635,293380000,293,25.000000,25
req-00013636,293420000,293,25.000000,25
req-00013637,293460000,293,25.000000,25
req-00013638,293500000,293,25.000000,25
req-00013639,293540000,293,25.000000,25
req-00013640,293580000,293,25.000000,25
req-00013641,293620000,293,25.000000,25
req-00013642,293660000,293,25.000000,25
req-00013643,293700000,293,25.000000,25
req-00013644,293740000,293,25.000000,25
req-00013645,293780000,293,25.000000,25
req-00013646,293820000,293,25.000000,25
req-00013647,293860000,293,25.000000,25
req-00013648,293900000,293,25.000000,25
req-00013649,293940000,293,25.000000,25
req-00013650,293980000,293,25.000000,25
req-00013651,294020000,294,25.000000,25
req-00013652,294060000,294,25.000000,25
req-00013653,294100000,294,25.000000,25
req-00013654,294140000,294,25.000000,25
req-00013655,294180000,294,25.000000,25
req-00013656,294220000,294,25.000000,25
req-00013657,294260000,294,25.000000,25
req-00013658,294300000,294,25.000000,25
req-00013659,294340000,294,25.000000,25
req-00013660,294380000,294,25.000000,25
req-00013661,294420000,294,25.000000,25
req-00013662,294460000,294,25.000000,25
req-00013663,294500000,294,25.000000,25
req-00013664,294540000,294,25.000000,25
req-00013665,294580000,294,25.000000,25
req-00013666,294620000,294,25.000000,25
req-00013667,294660000,294,25.000000,25
req-00013668,294700000,294,25.000000,25
req-00013669,294740000,294,25.000000,25
req-00013670,294780000,294,25.000000,25
req-00013671,294820000,294,25.000000,25
req-00013672,294860000,294,25.000000,25
req-00013673,294900000,294,25.000000,25
req-00013674,294940000,294,25.000000,25
req-00013675,294980000,294,25.000000,25
req-00013676,295020000,295,25.000000,25
req-00013677,295060000,295,25.000000,25
req-00013678,295100000,295,25.000000,25
req-00013679,295140000,295,25.000000,25
req-00013680,295180000,295,25.000000,25
req-00013681,295220000,295,25.000000,25
req-00013682,295260000,295,25.000000,25
req-00013683,295300000,295,25.000000,25
req-00013684,295340000,295,25.000000,25
req-00013685,295380000,295,25.000000,25
req-00013686,295420000,295,25.000000,25
req-00013687,295460000,295,25.000000,25
req-00013688,295500000,295,25.000000,25
req-00013689,295540000,295,25.000000,25
req-00013690,295580000,295,25.000000,25
req-00013691,295620000,295,25.000000,25
req-00013692,295660000,295,25.000000,25
req-00013693,295700000,295,25.000000,25
req-00013694,295740000,295,25.000000,25
req-00013695,295780000,295,25.000000,25
req-00013696,295820000,295,25.000000,25
req-00013697,295860000,295,25.000000,25
req-00013698,295900000,295,25.000000,25
req-00013699,295940000,295,25.000000,25
req-00013700,295980000,295,25.000000,25
req-00013701,296020000,296,25.000000,25
req-00013702,296060000,296,25.000000,25
req-00013703,296100000,296,25.000000,25
req-00013704,296140000,296,25.000000,25
req-00013705,296180000,296,25.000000,25
req-00013706,296220000,296,25.000000,25
req-00013707,296260000,296,25.000000,25
req-00013708,296300000,296,25.000000,25
req-00013709,296340000,296,25.000000,25
req-00013710,296380000,296,25.000000,25
req-00013711,296420000,296,25.000000,25
req-00013712,296460000,296,25.000000,25
req-00013713,296500000,296,25.000000,25
req-00013714,296540000,296,25.000000,25
req-00013715,296580000,296,25.000000,25
req-00013716,296620000,296,25.000000,25
req-00013717,296660000,296,25.000000,25
req-00013718,296700000,296,25.000000,25
req-00013719,296740000,296,25.000000,25
req-00013720,296780000,296,25.000000,25
req-00013721,296820000,296,25.000000,25
req-00013722,296860000,296,25.000000,25
req-00013723,296900000,296,25.000000,25
req-00013724,296940000,296,25.000000,25
req-00013725,296980000,296,25.000000,25
req-00013726,297020000,297,25.000000,25
req-00013727,297060000,297,25.000000,25
req-00013728,297100000,297,25.000000,25
req-00013729,297140000,297,25.000000,25
req-00013730,297180000,297,25.000000,25
req-00013731,297220000,297,25.000000,25
req-00013732,297260000,297,25.000000,25
req-00013733,297300000,297,25.000000,25
req-00013734,297340000,297,25.000000,25
req-00013735,297380000,297,25.000000,25
req-00013736,297420000,297,25.000000,25
req-00013737,297460000,297,25.000000,25
req-00013738,297500000,297,25.000000,25
req-00013739,297540000,297,25.000000,25
req-00013740,297580000,297,25.000000,25
req-00013741,297620000,297,25.000000,25
req-00013742,297660000,297,25.000000,25
req-00013743,297700000,297,25.000000,25
req-00013744,297740000,297,25.000000,25
req-00013745,297780000,297,25.000000,25
req-00013746,297820000,297,25.000000,25
req-00013747,297860000,297,25.000000,25
req-00013748,297900000,297,25.000000,25
req-00013749,297940000,297,25.000000,25
req-00013750,297980000,297,25.000000,25
req-00013751,298020000,298,25.000000,25
req-00013752,298060000,298,25.000000,25
req-00013753,298100000,298,25.000000,25
req-00013754,298140000,298,25.000000,25
req-00013755,298180000,298,25.000000,25
req-00013756,298220000,298,25.000000,25
req-00013757,298260000,298,25.000000,25
req-00013758,298300000,298,25.000000,25
req-00013759,298340000,298,25.000000,25
req-00013760,298380000,298,25.000000,25
req-00013761,298420000,298,25.000000,25
req-00013762,298460000,298,25.000000,25
req-00013763,298500000,298,25.000000,25
req-00013764,298540000,298,25.000000,25
req-00013765,298580000,298,25.000000,25
req-00013766,298620000,298,25.000000,25
req-00013767,298660000,298,25.000000,25
req-00013768,298700000,298,25.000000,25
req-00013769,298740000,298,25.000000,25
req-00013770,298780000,298,25.000000,25
req-00013771,298820000,298,25.000000,25
req-00013772,298860000,298,25.000000,25
req-00013773,298900000,298,25.000000,25
req-00013774,298940000,298,25.000000,25
req-00013775,298980000,298,25.000000,25
req-00013776,299020000,299,25.000000,25
req-00013777,299060000,299,25.000000,25
req-00013778,299100000,299,25.000000,25
req-00013779,299140000,299,25.000000,25
req-00013780,299180000,299,25.000000,25
req-00013781,299220000,299,25.000000,25
req-00013782,299260000,299,25.000000,25
req-00013783,299300000,299,25.000000,25
req-00013784,299340000,299,25.000000,25
req-00013785,299380000,299,25.000000,25
req-00013786,299420000,299,25.000000,25
req-00013787,299460000,299,25.000000,25
req-00013788,299500000,299,25.000000,25
req-00013789,299540000,299,25.000000,25
req-00013790,299580000,299,25.000000,25
req-00013791,299620000,299,25.000000,25
req-00013792,299660000,299,25.000000,25
req-00013793,299700000,299,25.000000,25
req-00013794,299740000,299,25.000000,25
req-00013795,299780000,299,25.000000,25
req-00013796,299820000,299,25.000000,25
req-00013797,299860000,299,25.000000,25
req-00013798,299900000,299,25.000000,25
req-00013799,299940000,299,25.000000,25
req-00013800,299980000,299,25.000000,25
req-00013801,300020000,300,25.000000,25
req-00013802,300060000,300,25.000000,25
req-00013803,300100000,300,25.000000,25
req-00013804,300140000,300,25.000000,25
req-00013805,300180000,300,25.000000,25
req-00013806,300220000,300,25.000000,25
req-00013807,300260000,300,25.000000,25
req-00013808,300300000,300,25.000000,25
req-00013809,300340000,300,25.000000,25
req-00013810,300380000,300,25.000000,25
req-00013811,300420000,300,25.000000,25
req-00013812,300460000,300,25.000000,25
req-00013813,300500000,300,25.000000,25
req-00013814,300540000,300,25.000000,25
req-00013815,300580000,300,25.000000,25
req-00013816,300620000,300,25.000000,25
req-00013817,300660000,300,25.000000,25
req-00013818,300700000,300,25.000000,25
req-00013819,300740000,300,25.000000,25
req-00013820,300780000,300,25.000000,25
req-00013821,300820000,300,25.000000,25
req-00013822,300860000,300,25.000000,25
req-00013823,300900000,300,25.000000,25
req-00013824,300940000,300,25.000000,25
req-00013825,300980000,300,25.000000,25
req-00013826,301020000,301,25.000000,25
req-00013827,301060000,301,25.000000,25
req-00013828,301100000,301,25.000000,25
req-00013829,301140000,301,25.000000,25
req-00013830,301180000,301,25.000000,25
req-00013831,301220000,301,25.000000,25
req-00013832,301260000,301,25.000000,25
req-00013833,301300000,301,25.000000,25
req-00013834,301340000,301,25.000000,25
req-00013835,301380000,301,25.000000,25
req-00013836,301420000,301,25.000000,25
req-00013837,301460000,301,25.000000,25
req-00013838,301500000,301,25.000000,25
req-00013839,301540000,301,25.000000,25
req-00013840,301580000,301,25.000000,25
req-00013841,301620000,301,25.000000,25
req-00013842,301660000,301,25.000000,25
req-00013843,301700000,301,25.000000,25
req-00013844,301740000,301,25.000000,25
req-00013845,301780000,301,25.000000,25
req-00013846,301820000,301,25.000000,25
req-00013847,301860000,301,25.000000,25
req-00013848,301900000,301,25.000000,25
req-00013849,301940000,301,25.000000,25
req-00013850,301980000,301,25.000000,25
req-00013851,302020000,302,25.000000,25
req-00013852,302060000,302,25.000000,25
req-00013853,302100000,302,25.000000,25
req-00013854,302140000,302,25.000000,25
req-00013855,302180000,302,25.000000,25
req-00013856,302220000,302,25.000000,25
req-00013857,302260000,302,25.000000,25
req-00013858,302300000,302,25.000000,25
req-00013859,302340000,302,25.000000,25
req-00013860,302380000,302,25.000000,25
req-00013861,302420000,302,25.000000,25
req-00013862,302460000,302,25.000000,25
req-00013863,302500000,302,25.000000,25
req-00013864,302540000,302,25.000000,25
req-00013865,302580000,302,25.000000,25
req-00013866,302620000,302,25.000000,25
req-00013867,302660000,302,25.000000,25
req-00013868,302700000,302,25.000000,25
req-00013869,302740000,302,25.000000,25
req-00013870,302780000,302,25.000000,25
req-00013871,302820000,302,25.000000,25
req-00013872,302860000,302,25.000000,25
req-00013873,302900000,302,25.000000,25
req-00013874,302940000,302,25.000000,25
req-00013875,302980000,302,25.000000,25
req-00013876,303020000,303,25.000000,25
req-00013877,303060000,303,25.000000,25
req-00013878,303100000,303,25.000000,25
req-00013879,303140000,303,25.000000,25
req-00013880,303180000,303,25.000000,25
req-00013881,303220000,303,25.000000,25
req-00013882,303260000,303,25.000000,25
req-00013883,303300000,303,25.000000,25
req-00013884,303340000,303,25.000000,25
req-00013885,303380000,303,25.000000,25
req-00013886,303420000,303,25.000000,25
req-00013887,303460000,303,25.000000,25
req-00013888,303500000,303,25.000000,25
req-00013889,303540000,303,25.000000,25
req-00013890,303580000,303,25.000000,25
req-00013891,303620000,303,25.000000,25
req-00013892,303660000,303,25.000000,25
req-00013893,303700000,303,25.000000,25
req-00013894,303740000,303,25.000000,25
req-00013895,303780000,303,25.000000,25
req-00013896,303820000,303,25.000000,25
req-00013897,303860000,303,25.000000,25
req-00013898,303900000,303,25.000000,25
req-00013899,303940000,303,25.000000,25
req-00013900,303980000,303,25.000000,25
req-00013901,304020000,304,25.000000,25
req-00013902,304060000,304,25.000000,25
req-00013903,304100000,304,25.000000,25
req-00013904,304140000,304,25.000000,25
req-00013905,304180000,304,25.000000,25
req-00013906,304220000,304,25.000000,25
req-00013907,304260000,304,25.000000,25
req-00013908,304300000,304,25.000000,25
req-00013909,304340000,304,25.000000,25
req-00013910,304380000,304,25.000000,25
req-00013911,304420000,304,25.000000,25
req-00013912,304460000,304,25.000000,25
req-00013913,304500000,304,25.000000,25
req-00013914,304540000,304,25.000000,25
req-00013915,304580000,304,25.000000,25
req-00013916,304620000,304,25.000000,25
req-00013917,304660000,304,25.000000,25
req-00013918,304700000,304,25.000000,25
req-00013919,304740000,304,25.000000,25
req-00013920,304780000,304,25.000000,25
req-00013921,304820000,304,25.000000,25
req-00013922,304860000,304,25.000000,25
req-00013923,304900000,304,25.000000,25
req-00013924,304940000,304,25.000000,25
req-00013925,304980000,304,25.000000,25
req-00013926,305020000,305,25.000000,25
req-00013927,305060000,305,25.000000,25
req-00013928,305100000,305,25.000000,25
req-00013929,305140000,305,25.000000,25
req-00013930,305180000,305,25.000000,25
req-00013931,305220000,305,25.000000,25
req-00013932,305260000,305,25.000000,25
req-00013933,305300000,305,25.000000,25
req-00013934,305340000,305,25.000000,25
req-00013935,305380000,305,25.000000,25
req-00013936,305420000,305,25.000000,25
req-00013937,305460000,305,25.000000,25
req-00013938,305500000,305,25.000000,25
req-00013939,305540000,305,25.000000,25
req-00013940,305580000,305,25.000000,25
req-00013941,305620000,305,25.000000,25
req-00013942,305660000,305,25.000000,25
req-00013943,305700000,305,25.000000,25
req-00013944,305740000,305,25.000000,25
req-00013945,305780000,305,25.000000,25
req-00013946,305820000,305,25.000000,25
req-00013947,305860000,305,25.000000,25
req-00013948,305900000,305,25.000000,25
req-00013949,305940000,305,25.000000,25
req-00013950,305980000,305,25.000000,25
req-00013951,306020000,306,25.000000,25
req-00013952,306060000,306,25.000000,25
req-00013953,306100000,306,25.000000,25
req-00013954,306140000,306,25.000000,25
req-00013955,306180000,306,25.000000,25
req-00013956,306220000,306,25.000000,25
req-00013957,306260000,306,25.000000,25
req-00013958,306300000,306,25.000000,25
req-00013959,306340000,306,25.000000,25
req-00013960,306380000,306,25.000000,25
req-00013961,306420000,306,25.000000,25
req-00013962,306460000,306,25.000000,25
req-00013963,306500000,306,25.000000,25
req-00013964,306540000,306,25.000000,25
req-00013965,306580000,306,25.000000,25
req-00013966,306620000,306,25.000000,25
req-00013967,306660000,306,25.000000,25
req-00013968,306700000,306,25.000000,25
req-00013969,306740000,306,25.000000,25
req-00013970,306780000,306,25.000000,25
req-00013971,306820000,306,25.000000,25
req-00013972,306860000,306,25.000000,25
req-00013973,306900000,306,25.000000,25
req-00013974,306940000,306,25.000000,25
req-00013975,306980000,306,25.000000,25
req-00013976,307020000,307,25.000000,25
req-00013977,307060000,307,25.000000,25
req-00013978,307100000,307,25.000000,25
req-00013979,307140000,307,25.000000,25
req-00013980,307180000,307,25.000000,25
req-00013981,307220000,307,25.000000,25
req-00013982,307260000,307,25.000000,25
req-00013983,307300000,307,25.000000,25
req-00013984,307340000,307,25.000000,25
req-00013985,307380000,307,25.000000,25
req-00013986,307420000,307,25.000000,25
req-00013987,307460000,307,25.000000,25
req-00013988,307500000,307,25.000000,25
req-00013989,307540000,307,25.000000,25
req-00013990,307580000,307,25.000000,25
req-00013991,307620000,307,25.000000,25
req-00013992,307660000,307,25.000000,25
req-00013993,307700000,307,25.000000,25
req-00013994,307740000,307,25.000000,25
req-00013995,307780000,307,25.000000,25
req-00013996,307820000,307,25.000000,25
req-00013997,307860000,307,25.000000,25
req-00013998,307900000,307,25.000000,25
req-00013999,307940000,307,25.000000,25
req-00014000,307980000,307,25.000000,25
req-00014001,308020000,308,25.000000,25
req-00014002,308060000,308,25.000000,25
req-00014003,308100000,308,25.000000,25
req-00014004,308140000,308,25.000000,25
req-00014005,308180000,308,25.000000,25
req-00014006,308220000,308,25.000000,25
req-00014007,308260000,308,25.000000,25
req-00014008,308300000,308,25.000000,25
req-00014009,308340000,308,25.000000,25
req-00014010,308380000,308,25.000000,25
req-00014011,308420000,308,25.000000,25
req-00014012,308460000,308,25.000000,25
req-00014013,308500000,308,25.000000,25
req-00014014,308540000,308,25.000000,25
req-00014015,308580000,308,25.000000,25
req-00014016,308620000,308,25.000000,25
req-00014017,308660000,308,25.000000,25
req-00014018,308700000,308,25.000000,25
req-00014019,308740000,308,25.000000,25
req-00014020,308780000,308,25.000000,25
req-00014021,308820000,308,25.000000,25
req-00014022,308860000,308,25.000000,25
req-00014023,308900000,308,25.000000,25
req-00014024,308940000,308,25.000000,25
req-00014025,308980000,308,25.000000,25
req-00014026,309020000,309,25.000000,25
req-00014027,309060000,309,25.000000,25
req-00014028,309100000,309,25.000000,25
req-00014029,309140000,309,25.000000,25
req-00014030,309180000,309,25.000000,25
req-00014031,309220000,309,25.000000,25
req-00014032,309260000,309,25.000000,25
req-00014033,309300000,309,25.000000,25
req-00014034,309340000,309,25.000000,25
req-00014035,309380000,309,25.000000,25
req-00014036,309420000,309,25.000000,25
req-00014037,309460000,309,25.000000,25
req-00014038,309500000,309,25.000000,25
req-00014039,309540000,309,25.000000,25
req-00014040,309580000,309,25.000000,25
req-00014041,309620000,309,25.000000,25
req-00014042,309660000,309,25.000000,25
req-00014043,309700000,309,25.000000,25
req-00014044,309740000,309,25.000000,25
req-00014045,309780000,309,25.000000,25
req-00014046,309820000,309,25.000000,25
req-00014047,309860000,309,25.000000,25
req-00014048,309900000,309,25.000000,25
req-00014049,309940000,309,25.000000,25
req-00014050,309980000,309,25.000000,25
req-00014051,310020000,310,25.000000,25
req-00014052,310060000,310,25.000000,25
req-00014053,310100000,310,25.000000,25
req-00014054,310140000,310,25.000000,25
req-00014055,310180000,310,25.000000,25
req-00014056,310220000,310,25.000000,25
req-00014057,310260000,310,25.000000,25
req-00014058,310300000,310,25.000000,25
req-00014059,310340000,310,25.000000,25
req-00014060,310380000,310,25.000000,25
req-00014061,310420000,310,25.000000,25
req-00014062,310460000,310,25.000000,25
req-00014063,310500000,310,25.000000,25
req-00014064,310540000,310,25.000000,25
req-00014065,310580000,310,25.000000,25
req-00014066,310620000,310,25.000000,25
req-00014067,310660000,310,25.000000,25
req-00014068,310700000,310,25.000000,25
req-00014069,310740000,310,25.000000,25
req-00014070,310780000,310,25.000000,25
req-00014071,310820000,310,25.000000,25
req-00014072,310860000,310,25.000000,25
req-00014073,310900000,310,25.000000,25
req-00014074,310940000,310,25.000000,25
req-00014075,310980000,310,25.000000,25
req-00014076,311020000,311,25.000000,25
req-00014077,311060000,311,25.000000,25
req-00014078,311100000,311,25.000000,25
req-00014079,311140000,311,25.000000,25
req-00014080,311180000,311,25.000000,25
req-00014081,311220000,311,25.000000,25
req-00014082,311260000,311,25.000000,25
req-00014083,311300000,311,25.000000,25
req-00014084,311340000,311,25.000000,25
req-00014085,311380000,311,25.000000,25
req-00014086,311420000,311,25.000000,25
req-00014087,311460000,311,25.000000,25
req-00014088,311500000,311,25.000000,25
req-00014089,311540000,311,25.000000,25
req-00014090,311580000,311,25.000000,25
req-00014091,311620000,311,25.000000,25
req-00014092,311660000,311,25.000000,25
req-00014093,311700000,311,25.000000,25
req-00014094,311740000,311,25.000000,25
req-00014095,311780000,311,25.000000,25
req-00014096,311820000,311,25.000000,25
req-00014097,311860000,311,25.000000,25
req-00014098,311900000,311,25.000000,25
req-00014099,311940000,311,25.000000,25
req-00014100,311980000,311,25.000000,25
req-00014101,312020000,312,25.000000,25
req-00014102,312060000,312,25.000000,25
req-00014103,312100000,312,25.000000,25
req-00014104,312140000,312,25.000000,25
req-00014105,312180000,312,25.000000,25
req-00014106,312220000,312,25.000000,25
req-00014107,312260000,312,25.000000,25
req-00014108,312300000,312,25.000000,25
req-00014109,312340000,312,25.000000,25
req-00014110,312380000,312,25.000000,25
req-00014111,312420000,312,25.000000,25
req-00014112,312460000,312,25.000000,25
req-00014113,312500000,312,25.000000,25
req-00014114,312540000,312,25.000000,25
req-00014115,312580000,312,25.000000,25
req-00014116,312620000,312,25.000000,25
req-00014117,312660000,312,25.000000,25
req-00014118,312700000,312,25.000000,25
req-00014119,312740000,312,25.000000,25
req-00014120,312780000,312,25.000000,25
req-00014121,312820000,312,25.000000,25
req-00014122,312860000,312,25.000000,25
req-00014123,312900000,312,25.000000,25
req-00014124,312940000,312,25.000000,25
req-00014125,312980000,312,25.000000,25
req-00014126,313020000,313,25.000000,25
req-00014127,313060000,313,25.000000,25
req-00014128,313100000,313,25.000000,25
req-00014129,313140000,313,25.000000,25
req-00014130,313180000,313,25.000000,25
req-00014131,313220000,313,25.000000,25
req-00014132,313260000,313,25.000000,25
req-00014133,313300000,313,25.000000,25
req-00014134,313340000,313,25.000000,25
req-00014135,313380000,313,25.000000,25
req-00014136,313420000,313,25.000000,25
req-00014137,313460000,313,25.000000,25
req-00014138,313500000,313,25.000000,25
req-00014139,313540000,313,25.000000,25
req-00014140,313580000,313,25.000000,25
req-00014141,313620000,313,25.000000,25
req-00014142,313660000,313,25.000000,25
req-00014143,313700000,313,25.000000,25
req-00014144,313740000,313,25.000000,25
req-00014145,313780000,313,25.000000,25
req-00014146,313820000,313,25.000000,25
req-00014147,313860000,313,25.000000,25
req-00014148,313900000,313,25.000000,25
req-00014149,313940000,313,25.000000,25
req-00014150,313980000,313,25.000000,25
req-00014151,314020000,314,25.000000,25
req-00014152,314060000,314,25.000000,25
req-00014153,314100000,314,25.000000,25
req-00014154,314140000,314,25.000000,25
req-00014155,314180000,314,25.000000,25
req-00014156,314220000,314,25.000000,25
req-00014157,314260000,314,25.000000,25
req-00014158,314300000,314,25.000000,25
req-00014159,314340000,314,25.000000,25
req-00014160,314380000,314,25.000000,25
req-00014161,314420000,314,25.000000,25
req-00014162,314460000,314,25.000000,25
req-00014163,314500000,314,25.000000,25
req-00014164,314540000,314,25.000000,25
req-00014165,314580000,314,25.000000,25
req-00014166,314620000,314,25.000000,25
req-00014167,314660000,314,25.000000,25
req-00014168,314700000,314,25.000000,25
req-00014169,314740000,314,25.000000,25
req-00014170,314780000,314,25.000000,25
req-00014171,314820000,314,25.000000,25
req-00014172,314860000,314,25.000000,25
req-00014173,314900000,314,25.000000,25
req-00014174,314940000,314,25.000000,25
req-00014175,314980000,314,25.000000,25
req-00014176,315020000,315,25.000000,25
req-00014177,315060000,315,25.000000,25
req-00014178,315100000,315,25.000000,25
req-00014179,315140000,315,25.000000,25
req-00014180,315180000,315,25.000000,25
req-00014181,315220000,315,25.000000,25
req-00014182,315260000,315,25.000000,25
req-00014183,315300000,315,25.000000,25
req-00014184,315340000,315,25.000000,25
req-00014185,315380000,315,25.000000,25
req-00014186,315420000,315,25.000000,25
req-00014187,315460000,315,25.000000,25
req-00014188,315500000,315,25.000000,25
req-00014189,315540000,315,25.000000,25
req-00014190,315580000,315,25.000000,25
req-00014191,315620000,315,25.000000,25
req-00014192,315660000,315,25.000000,25
req-00014193,315700000,315,25.000000,25
req-00014194,315740000,315,25.000000,25
req-00014195,315780000,315,25.000000,25
req-00014196,315820000,315,25.000000,25
req-00014197,315860000,315,25.000000,25
req-00014198,315900000,315,25.000000,25
req-00014199,315940000,315,25.000000,25
req-00014200,315980000,315,25.000000,25
req-00014201,316020000,316,25.000000,25
req-00014202,316060000,316,25.000000,25
req-00014203,316100000,316,25.000000,25
req-00014204,316140000,316,25.000000,25
req-00014205,316180000,316,25.000000,25
req-00014206,316220000,316,25.000000,25
req-00014207,316260000,316,25.000000,25
req-00014208,316300000,316,25.000000,25
req-00014209,316340000,316,25.000000,25
req-00014210,316380000,316,25.000000,25
req-00014211,316420000,316,25.000000,25
req-00014212,316460000,316,25.000000,25
req-00014213,316500000,316,25.000000,25
req-00014214,316540000,316,25.000000,25
req-00014215,316580000,316,25.000000,25
req-00014216,316620000,316,25.000000,25
req-00014217,316660000,316,25.000000,25
req-00014218,316700000,316,25.000000,25
req-00014219,316740000,316,25.000000,25
req-00014220,316780000,316,25.000000,25
req-00014221,316820000,316,25.000000,25
req-00014222,316860000,316,25.000000,25
req-00014223,316900000,316,25.000000,25
req-00014224,316940000,316,25.000000,25
req-00014225,316980000,316,25.000000,25
req-00014226,317020000,317,25.000000,25
req-00014227,317060000,317,25.000000,25
req-00014228,317100000,317,25.000000,25
req-00014229,317140000,317,25.000000,25
req-00014230,317180000,317,25.000000,25
req-00014231,317220000,317,25.000000,25
req-00014232,317260000,317,25.000000,25
req-00014233,317300000,317,25.000000,25
req-00014234,317340000,317,25.000000,25
req-00014235,317380000,317,25.000000,25
req-00014236,317420000,317,25.000000,25
req-00014237,317460000,317,25.000000,25
req-00014238,317500000,317,25.000000,25
req-00014239,317540000,317,25.000000,25
req-00014240,317580000,317,25.000000,25
req-00014241,317620000,317,25.000000,25
req-00014242,317660000,317,25.000000,25
req-00014243,317700000,317,25.000000,25
req-00014244,317740000,317,25.000000,25
req-00014245,317780000,317,25.000000,25
req-00014246,317820000,317,25.000000,25
req-00014247,317860000,317,25.000000,25
req-00014248,317900000,317,25.000000,25
req-00014249,317940000,317,25.000000,25
req-00014250,317980000,317,25.000000,25
req-00014251,318020000,318,25.000000,25
req-00014252,318060000,318,25.000000,25
req-00014253,318100000,318,25.000000,25
req-00014254,318140000,318,25.000000,25
req-00014255,318180000,318,25.000000,25
req-00014256,318220000,318,25.000000,25
req-00014257,318260000,318,25.000000,25
req-00014258,318300000,318,25.000000,25
req-00014259,318340000,318,25.000000,25
req-00014260,318380000,318,25.000000,25
req-00014261,318420000,318,25.000000,25
req-00014262,318460000,318,25.000000,25
req-00014263,318500000,318,25.000000,25
req-00014264,318540000,318,25.000000,25
req-00014265,318580000,318,25.000000,25
req-00014266,318620000,318,25.000000,25
req-00014267,318660000,318,25.000000,25
req-00014268,318700000,318,25.000000,25
req-00014269,318740000,318,25.000000,25
req-00014270,318780000,318,25.000000,25
req-00014271,318820000,318,25.000000,25
req-00014272,318860000,318,25.000000,25
req-00014273,318900000,318,25.000000,25
req-00014274,318940000,318,25.000000,25
req-00014275,318980000,318,25.000000,25
req-00014276,319020000,319,25.000000,25
req-00014277,319060000,319,25.000000,25
req-00014278,319100000,319,25.000000,25
req-00014279,319140000,319,25.000000,25
req-00014280,319180000,319,25.000000,25
req-00014281,319220000,319,25.000000,25
req-00014282,319260000,319,25.000000,25
req-00014283,319300000,319,25.000000,25
req-00014284,319340000,319,25.000000,25
req-00014285,319380000,319,25.000000,25
req-00014286,319420000,319,25.000000,25
req-00014287,319460000,319,25.000000,25
req-00014288,319500000,319,25.000000,25
req-00014289,319540000,319,25.000000,25
req-00014290,319580000,319,25.000000,25
req-00014291,319620000,319,25.000000,25
req-00014292,319660000,319,25.000000,25
req-00014293,319700000,319,25.000000,25
req-00014294,319740000,319,25.000000,25
req-00014295,319780000,319,25.000000,25
req-00014296,319820000,319,25.000000,25
req-00014297,319860000,319,25.000000,25
req-00014298,319900000,319,25.000000,25
req-00014299,319940000,319,25.000000,25
req-00014300,319980000,319,25.000000,25
req-00014301,320020000,320,25.000000,25
req-00014302,320060000,320,25.000000,25
req-00014303,320100000,320,25.000000,25
req-00014304,320140000,320,25.000000,25
req-00014305,320180000,320,25.000000,25
req-00014306,320220000,320,25.000000,25
req-00014307,320260000,320,25.000000,25
req-00014308,320300000,320,25.000000,25
req-00014309,320340000,320,25.000000,25
req-00014310,320380000,320,25.000000,25
req-00014311,320420000,320,25.000000,25
req-00014312,320460000,320,25.000000,25
req-00014313,320500000,320,25.000000,25
req-00014314,320540000,320,25.000000,25
req-00014315,320580000,320,25.000000,25
req-00014316,320620000,320,25.000000,25
req-00014317,320660000,320,25.000000,25
req-00014318,320700000,320,25.000000,25
req-00014319,320740000,320,25.000000,25
req-00014320,320780000,320,25.000000,25
req-00014321,320820000,320,25.000000,25
req-00014322,320860000,320,25.000000,25
req-00014323,320900000,320,25.000000,25
req-00014324,320940000,320,25.000000,25
req-00014325,320980000,320,25.000000,25
req-00014326,321020000,321,25.000000,25
req-00014327,321060000,321,25.000000,25
req-00014328,321100000,321,25.000000,25
req-00014329,321140000,321,25.000000,25
req-00014330,321180000,321,25.000000,25
req-00014331,321220000,321,25.000000,25
req-00014332,321260000,321,25.000000,25
req-00014333,321300000,321,25.000000,25
req-00014334,321340000,321,25.000000,25
req-00014335,321380000,321,25.000000,25
req-00014336,321420000,321,25.000000,25
req-00014337,321460000,321,25.000000,25
req-00014338,321500000,321,25.000000,25
req-00014339,321540000,321,25.000000,25
req-00014340,321580000,321,25.000000,25
req-00014341,321620000,321,25.000000,25
req-00014342,321660000,321,25.000000,25
req-00014343,321700000,321,25.000000,25
req-00014344,321740000,321,25.000000,25
req-00014345,321780000,321,25.000000,25
req-00014346,321820000,321,25.000000,25
req-00014347,321860000,321,25.000000,25
req-00014348,321900000,321,25.000000,25
req-00014349,321940000,321,25.000000,25
req-00014350,321980000,321,25.000000,25
req-00014351,322020000,322,25.000000,25
req-00014352,322060000,322,25.000000,25
req-00014353,322100000,322,25.000000,25
req-00014354,322140000,322,25.000000,25
req-00014355,322180000,322,25.000000,25
req-00014356,322220000,322,25.000000,25
req-00014357,322260000,322,25.000000,25
req-00014358,322300000,322,25.000000,25
req-00014359,322340000,322,25.000000,25
req-00014360,322380000,322,25.000000,25
req-00014361,322420000,322,25.000000,25
req-00014362,322460000,322,25.000000,25
req-00014363,322500000,322,25.000000,25
req-00014364,322540000,322,25.000000,25
req-00014365,322580000,322,25.000000,25
req-00014366,322620000,322,25.000000,25
req-00014367,322660000,322,25.000000,25
req-00014368,322700000,322,25.000000,25
req-00014369,322740000,322,25.000000,25
req-00014370,322780000,322,25.000000,25
req-00014371,322820000,322,25.000000,25
req-00014372,322860000,322,25.000000,25
req-00014373,322900000,322,25.000000,25
req-00014374,322940000,322,25.000000,25
req-00014375,322980000,322,25.000000,25
req-00014376,323020000,323,25.000000,25
req-00014377,323060000,323,25.000000,25
req-00014378,323100000,323,25.000000,25
req-00014379,323140000,323,25.000000,25
req-00014380,323180000,323,25.000000,25
req-00014381,323220000,323,25.000000,25
req-00014382,323260000,323,25.000000,25
req-00014383,323300000,323,25.000000,25
req-00014384,323340000,323,25.000000,25
req-00014385,323380000,323,25.000000,25
req-00014386,323420000,323,25.000000,25
req-00014387,323460000,323,25.000000,25
req-00014388,323500000,323,25.000000,25
req-00014389,323540000,323,25.000000,25
req-00014390,323580000,323,25.000000,25
req-00014391,323620000,323,25.000000,25
req-00014392,323660000,323,25.000000,25
req-00014393,323700000,323,25.000000,25
req-00014394,323740000,323,25.000000,25
req-00014395,323780000,323,25.000000,25
req-00014396,323820000,323,25.000000,25
req-00014397,323860000,323,25.000000,25
req-00014398,323900000,323,25.000000,25
req-00014399,323940000,323,25.000000,25
req-00014400,323980000,323,25.000000,25
req-00014401,324020000,324,25.000000,25
req-00014402,324060000,324,25.000000,25
req-00014403,324100000,324,25.000000,25
req-00014404,324140000,324,25.000000,25
req-00014405,324180000,324,25.000000,25
req-00014406,324220000,324,25.000000,25
req-00014407,324260000,324,25.000000,25
req-00014408,324300000,324,25.000000,25
req-00014409,324340000,324,25.000000,25
req-00014410,324380000,324,25.000000,25
req-00014411,324420000,324,25.000000,25
req-00014412,324460000,324,25.000000,25
req-00014413,324500000,324,25.000000,25
req-00014414,324540000,324,25.000000,25
req-00014415,324580000,324,25.000000,25
req-00014416,324620000,324,25.000000,25
req-00014417,324660000,324,25.000000,25
req-00014418,324700000,324,25.000000,25
req-00014419,324740000,324,25.000000,25
req-00014420,324780000,324,25.000000,25
req-00014421,324820000,324,25.000000,25
req-00014422,324860000,324,25.000000,25
req-00014423,324900000,324,25.000000,25
req-00014424,324940000,324,25.000000,25
req-00014425,324980000,324,25.000000,25
req-00014426,325020000,325,25.000000,25
req-00014427,325060000,325,25.000000,25
req-00014428,325100000,325,25.000000,25
req-00014429,325140000,325,25.000000,25
req-00014430,325180000,325,25.000000,25
req-00014431,325220000,325,25.000000,25
req-00014432,325260000,325,25.000000,25
req-00014433,325300000,325,25.000000,25
req-00014434,325340000,325,25.000000,25
req-00014435,325380000,325,25.000000,25
req-00014436,325420000,325,25.000000,25
req-00014437,325460000,325,25.000000,25
req-00014438,325500000,325,25.000000,25
req-00014439,325540000,325,25.000000,25
req-00014440,325580000,325,25.000000,25
req-00014441,325620000,325,25.000000,25
req-00014442,325660000,325,25.000000,25
req-00014443,325700000,325,25.000000,25
req-00014444,325740000,325,25.000000,25
req-00014445,325780000,325,25.000000,25
req-00014446,325820000,325,25.000000,25
req-00014447,325860000,325,25.000000,25
req-00014448,325900000,325,25.000000,25
req-00014449,325940000,325,25.000000,25
req-00014450,325980000,325,25.000000,25
req-00014451,326020000,326,25.000000,25
req-00014452,326060000,326,25.000000,25
req-00014453,326100000,326,25.000000,25
req-00014454,326140000,326,25.000000,25
req-00014455,326180000,326,25.000000,25
req-00014456,326220000,326,25.000000,25
req-00014457,326260000,326,25.000000,25
req-00014458,326300000,326,25.000000,25
req-00014459,326340000,326,25.000000,25
req-00014460,326380000,326,25.000000,25
req-00014461,326420000,326,25.000000,25
req-00014462,326460000,326,25.000000,25
req-00014463,326500000,326,25.000000,25
req-00014464,326540000,326,25.000000,25
req-00014465,326580000,326,25.000000,25
req-00014466,326620000,326,25.000000,25
req-00014467,326660000,326,25.000000,25
req-00014468,326700000,326,25.000000,25
req-00014469,326740000,326,25.000000,25
req-00014470,326780000,326,25.000000,25
req-00014471,326820000,326,25.000000,25
req-00014472,326860000,326,25.000000,25
req-00014473,326900000,326,25.000000,25
req-00014474,326940000,326,25.000000,25
req-00014475,326980000,326,25.000000,25
req-00014476,327020000,327,25.000000,25
req-00014477,327060000,327,25.000000,25
req-00014478,327100000,327,25.000000,25
req-00014479,327140000,327,25.000000,25
req-00014480,327180000,327,25.000000,25
req-00014481,327220000,327,25.000000,25
req-00014482,327260000,327,25.000000,25
req-00014483,327300000,327,25.000000,25
req-00014484,327340000,327,25.000000,25
req-00014485,327380000,327,25.000000,25
req-00014486,327420000,327,25.000000,25
req-00014487,327460000,327,25.000000,25
req-00014488,327500000,327,25.000000,25
req-00014489,327540000,327,25.000000,25
req-00014490,327580000,327,25.000000,25
req-00014491,327620000,327,25.000000,25
req-00014492,327660000,327,25.000000,25
req-00014493,327700000,327,25.000000,25
req-00014494,327740000,327,25.000000,25
req-00014495,327780000,327,25.000000,25
req-00014496,327820000,327,25.000000,25
req-00014497,327860000,327,25.000000,25
req-00014498,327900000,327,25.000000,25
req-00014499,327940000,327,25.000000,25
req-00014500,327980000,327,25.000000,25
req-00014501,328020000,328,25.000000,25
req-00014502,328060000,328,25.000000,25
req-00014503,328100000,328,25.000000,25
req-00014504,328140000,328,25.000000,25
req-00014505,328180000,328,25.000000,25
req-00014506,328220000,328,25.000000,25
req-00014507,328260000,328,25.000000,25
req-00014508,328300000,328,25.000000,25
req-00014509,328340000,328,25.000000,25
req-00014510,328380000,328,25.000000,25
req-00014511,328420000,328,25.000000,25
req-00014512,328460000,328,25.000000,25
req-00014513,328500000,328,25.000000,25
req-00014514,328540000,328,25.000000,25
req-00014515,328580000,328,25.000000,25
req-00014516,328620000,328,25.000000,25
req-00014517,328660000,328,25.000000,25
req-00014518,328700000,328,25.000000,25
req-00014519,328740000,328,25.000000,25
req-00014520,328780000,328,25.000000,25
req-00014521,328820000,328,25.000000,25
req-00014522,328860000,328,25.000000,25
req-00014523,328900000,328,25.000000,25
req-00014524,328940000,328,25.000000,25
req-00014525,328980000,328,25.000000,25
req-00014526,329020000,329,25.000000,25
req-00014527,329060000,329,25.000000,25
req-00014528,329100000,329,25.000000,25
req-00014529,329140000,329,25.000000,25
req-00014530,329180000,329,25.000000,25
req-00014531,329220000,329,25.000000,25
req-00014532,329260000,329,25.000000,25
req-00014533,329300000,329,25.000000,25
req-00014534,329340000,329,25.000000,25
req-00014535,329380000,329,25.000000,25
req-00014536,329420000,329,25.000000,25
req-00014537,329460000,329,25.000000,25
req-00014538,329500000,329,25.000000,25
req-00014539,329540000,329,25.000000,25
req-00014540,329580000,329,25.000000,25
req-00014541,329620000,329,25.000000,25
req-00014542,329660000,329,25.000000,25
req-00014543,329700000,329,25.000000,25
req-00014544,329740000,329,25.000000,25
req-00014545,329780000,329,25.000000,25
req-00014546,329820000,329,25.000000,25
req-00014547,329860000,329,25.000000,25
req-00014548,329900000,329,25.000000,25
req-00014549,329940000,329,25.000000,25
req-00014550,329980000,329,25.000000,25
req-00014551,330020000,330,25.000000,25
req-00014552,330060000,330,25.000000,25
req-00014553,330100000,330,25.000000,25
req-00014554,330140000,330,25.000000,25
req-00014555,330180000,330,25.000000,25
req-00014556,330220000,330,25.000000,25
req-00014557,330260000,330,25.000000,25
req-00014558,330300000,330,25.000000,25
req-00014559,330340000,330,25.000000,25
req-00014560,330380000,330,25.000000,25
req-00014561,330420000,330,25.000000,25
req-00014562,330460000,330,25.000000,25
req-00014563,330500000,330,25.000000,25
req-00014564,330540000,330,25.000000,25
req-00014565,330580000,330,25.000000,25
req-00014566,330620000,330,25.000000,25
req-00014567,330660000,330,25.000000,25
req-00014568,330700000,330,25.000000,25
req-00014569,330740000,330,25.000000,25
req-00014570,330780000,330,25.000000,25
req-00014571,330820000,330,25.000000,25
req-00014572,330860000,330,25.000000,25
req-00014573,330900000,330,25.000000,25
req-00014574,330940000,330,25.000000,25
req-00014575,330980000,330,25.000000,25
req-00014576,331020000,331,25.000000,25
req-00014577,331060000,331,25.000000,25
req-00014578,331100000,331,25.000000,25
req-00014579,331140000,331,25.000000,25
req-00014580,331180000,331,25.000000,25
req-00014581,331220000,331,25.000000,25
req-00014582,331260000,331,25.000000,25
req-00014583,331300000,331,25.000000,25
req-00014584,331340000,331,25.000000,25
req-00014585,331380000,331,25.000000,25
req-00014586,331420000,331,25.000000,25
req-00014587,331460000,331,25.000000,25
req-00014588,331500000,331,25.000000,25
req-00014589,331540000,331,25.000000,25
req-00014590,331580000,331,25.000000,25
req-00014591,331620000,331,25.000000,25
req-00014592,331660000,331,25.000000,25
req-00014593,331700000,331,25.000000,25
req-00014594,331740000,331,25.000000,25
req-00014595,331780000,331,25.000000,25
req-00014596,331820000,331,25.000000,25
req-00014597,331860000,331,25.000000,25
req-00014598,331900000,331,25.000000,25
req-00014599,331940000,331,25.000000,25
req-00014600,331980000,331,25.000000,25
req-00014601,332020000,332,25.000000,25
req-00014602,332060000,332,25.000000,25
req-00014603,332100000,332,25.000000,25
req-00014604,332140000,332,25.000000,25
req-00014605,332180000,332,25.000000,25
req-00014606,332220000,332,25.000000,25
req-00014607,332260000,332,25.000000,25
req-00014608,332300000,332,25.000000,25
req-00014609,332340000,332,25.000000,25
req-00014610,332380000,332,25.000000,25
req-00014611,332420000,332,25.000000,25
req-00014612,332460000,332,25.000000,25
req-00014613,332500000,332,25.000000,25
req-00014614,332540000,332,25.000000,25
req-00014615,332580000,332,25.000000,25
req-00014616,332620000,332,25.000000,25
req-00014617,332660000,332,25.000000,25
req-00014618,332700000,332,25.000000,25
req-00014619,332740000,332,25.000000,25
req-00014620,332780000,332,25.000000,25
req-00014621,332820000,332,25.000000,25
req-00014622,332860000,332,25.000000,25
req-00014623,332900000,332,25.000000,25
req-00014624,332940000,332,25.000000,25
req-00014625,332980000,332,25.000000,25
req-00014626,333020000,333,25.000000,25
req-00014627,333060000,333,25.000000,25
req-00014628,333100000,333,25.000000,25
req-00014629,333140000,333,25.000000,25
req-00014630,333180000,333,25.000000,25
req-00014631,333220000,333,25.000000,25
req-00014632,333260000,333,25.000000,25
req-00014633,333300000,333,25.000000,25
req-00014634,333340000,333,25.000000,25
req-00014635,333380000,333,25.000000,25
req-00014636,333420000,333,25.000000,25
req-00014637,333460000,333,25.000000,25
req-00014638,333500000,333,25.000000,25
req-00014639,333540000,333,25.000000,25
req-00014640,333580000,333,25.000000,25
req-00014641,333620000,333,25.000000,25
req-00014642,333660000,333,25.000000,25
req-00014643,333700000,333,25.000000,25
req-00014644,333740000,333,25.000000,25
req-00014645,333780000,333,25.000000,25
req-00014646,333820000,333,25.000000,25
req-00014647,333860000,333,25.000000,25
req-00014648,333900000,333,25.000000,25
req-00014649,333940000,333,25.000000,25
req-00014650,333980000,333,25.000000,25
req-00014651,334020000,334,25.000000,25
req-00014652,334060000,334,25.000000,25
req-00014653,334100000,334,25.000000,25
req-00014654,334140000,334,25.000000,25
req-00014655,334180000,334,25.000000,25
req-00014656,334220000,334,25.000000,25
req-00014657,334260000,334,25.000000,25
req-00014658,334300000,334,25.000000,25
req-00014659,334340000,334,25.000000,25
req-00014660,334380000,334,25.000000,25
req-00014661,334420000,334,25.000000,25
req-00014662,334460000,334,25.000000,25
req-00014663,334500000,334,25.000000,25
req-00014664,334540000,334,25.000000,25
req-00014665,334580000,334,25.000000,25
req-00014666,334620000,334,25.000000,25
req-00014667,334660000,334,25.000000,25
req-00014668,334700000,334,25.000000,25
req-00014669,334740000,334,25.000000,25
req-00014670,334780000,334,25.000000,25
req-00014671,334820000,334,25.000000,25
req-00014672,334860000,334,25.000000,25
req-00014673,334900000,334,25.000000,25
req-00014674,334940000,334,25.000000,25
req-00014675,334980000,334,25.000000,25
req-00014676,335020000,335,25.000000,25
req-00014677,335060000,335,25.000000,25
req-00014678,335100000,335,25.000000,25
req-00014679,335140000,335,25.000000,25
req-00014680,335180000,335,25.000000,25
req-00014681,335220000,335,25.000000,25
req-00014682,335260000,335,25.000000,25
req-00014683,335300000,335,25.000000,25
req-00014684,335340000,335,25.000000,25
req-00014685,335380000,335,25.000000,25
req-00014686,335420000,335,25.000000,25
req-00014687,335460000,335,25.000000,25
req-00014688,335500000,335,25.000000,25
req-00014689,335540000,335,25.000000,25
req-00014690,335580000,335,25.000000,25
req-00014691,335620000,335,25.000000,25
req-00014692,335660000,335,25.000000,25
req-00014693,335700000,335,25.000000,25
req-00014694,335740000,335,25.000000,25
req-00014695,335780000,335,25.000000,25
req-00014696,335820000,335,25.000000,25
req-00014697,335860000,335,25.000000,25
req-00014698,335900000,335,25.000000,25
req-00014699,335940000,335,25.000000,25
req-00014700,335980000,335,25.000000,25
req-00014701,336020000,336,25.000000,25
req-00014702,336060000,336,25.000000,25
req-00014703,336100000,336,25.000000,25
req-00014704,336140000,336,25.000000,25
req-00014705,336180000,336,25.000000,25
req-00014706,336220000,336,25.000000,25
req-00014707,336260000,336,25.000000,25
req-00014708,336300000,336,25.000000,25
req-00014709,336340000,336,25.000000,25
req-00014710,336380000,336,25.000000,25
req-00014711,336420000,336,25.000000,25
req-00014712,336460000,336,25.000000,25
req-00014713,336500000,336,25.000000,25
req-00014714,336540000,336,25.000000,25
req-00014715,336580000,336,25.000000,25
req-00014716,336620000,336,25.000000,25
req-00014717,336660000,336,25.000000,25
req-00014718,336700000,336,25.000000,25
req-00014719,336740000,336,25.000000,25
req-00014720,336780000,336,25.000000,25
req-00014721,336820000,336,25.000000,25
req-00014722,336860000,336,25.000000,25
req-00014723,336900000,336,25.000000,25
req-00014724,336940000,336,25.000000,25
req-00014725,336980000,336,25.000000,25
req-00014726,337020000,337,25.000000,25
req-00014727,337060000,337,25.000000,25
req-00014728,337100000,337,25.000000,25
req-00014729,337140000,337,25.000000,25
req-00014730,337180000,337,25.000000,25
req-00014731,337220000,337,25.000000,25
req-00014732,337260000,337,25.000000,25
req-00014733,337300000,337,25.000000,25
req-00014734,337340000,337,25.000000,25
req-00014735,337380000,337,25.000000,25
req-00014736,337420000,337,25.000000,25
req-00014737,337460000,337,25.000000,25
req-00014738,337500000,337,25.000000,25
req-00014739,337540000,337,25.000000,25
req-00014740,337580000,337,25.000000,25
req-00014741,337620000,337,25.000000,25
req-00014742,337660000,337,25.000000,25
req-00014743,337700000,337,25.000000,25
req-00014744,337740000,337,25.000000,25
req-00014745,337780000,337,25.000000,25
req-00014746,337820000,337,25.000000,25
req-00014747,337860000,337,25.000000,25
req-00014748,337900000,337,25.000000,25
req-00014749,337940000,337,25.000000,25
req-00014750,337980000,337,25.000000,25
req-00014751,338020000,338,25.000000,25
req-00014752,338060000,338,25.000000,25
req-00014753,338100000,338,25.000000,25
req-00014754,338140000,338,25.000000,25
req-00014755,338180000,338,25.000000,25
req-00014756,338220000,338,25.000000,25
req-00014757,338260000,338,25.000000,25
req-00014758,338300000,338,25.000000,25
req-00014759,338340000,338,25.000000,25
req-00014760,338380000,338,25.000000,25
req-00014761,338420000,338,25.000000,25
req-00014762,338460000,338,25.000000,25
req-00014763,338500000,338,25.000000,25
req-00014764,338540000,338,25.000000,25
req-00014765,338580000,338,25.000000,25
req-00014766,338620000,338,25.000000,25
req-00014767,338660000,338,25.000000,25
req-00014768,338700000,338,25.000000,25
req-00014769,338740000,338,25.000000,25
req-00014770,338780000,338,25.000000,25
req-00014771,338820000,338,25.000000,25
req-00014772,338860000,338,25.000000,25
req-00014773,338900000,338,25.000000,25
req-00014774,338940000,338,25.000000,25
req-00014775,338980000,338,25.000000,25
req-00014776,339020000,339,25.000000,25
req-00014777,339060000,339,25.000000,25
req-00014778,339100000,339,25.000000,25
req-00014779,339140000,339,25.000000,25
req-00014780,339180000,339,25.000000,25
req-00014781,339220000,339,25.000000,25
req-00014782,339260000,339,25.000000,25
req-00014783,339300000,339,25.000000,25
req-00014784,339340000,339,25.000000,25
req-00014785,339380000,339,25.000000,25
req-00014786,339420000,339,25.000000,25
req-00014787,339460000,339,25.000000,25
req-00014788,339500000,339,25.000000,25
req-00014789,339540000,339,25.000000,25
req-00014790,339580000,339,25.000000,25
req-00014791,339620000,339,25.000000,25
req-00014792,339660000,339,25.000000,25
req-00014793,339700000,339,25.000000,25
req-00014794,339740000,339,25.000000,25
req-00014795,339780000,339,25.000000,25
req-00014796,339820000,339,25.000000,25
req-00014797,339860000,339,25.000000,25
req-00014798,339900000,339,25.000000,25
req-00014799,339940000,339,25.000000,25
req-00014800,339980000,339,25.000000,25
req-00014801,340020000,340,25.000000,25
req-00014802,340060000,340,25.000000,25
req-00014803,340100000,340,25.000000,25
req-00014804,340140000,340,25.000000,25
req-00014805,340180000,340,25.000000,25
req-00014806,340220000,340,25.000000,25
req-00014807,340260000,340,25.000000,25
req-00014808,340300000,340,25.000000,25
req-00014809,340340000,340,25.000000,25
req-00014810,340380000,340,25.000000,25
req-00014811,340420000,340,25.000000,25
req-00014812,340460000,340,25.000000,25
req-00014813,340500000,340,25.000000,25
req-00014814,340540000,340,25.000000,25
req-00014815,340580000,340,25.000000,25
req-00014816,340620000,340,25.000000,25
req-00014817,340660000,340,25.000000,25
req-00014818,340700000,340,25.000000,25
req-00014819,340740000,340,25.000000,25
req-00014820,340780000,340,25.000000,25
req-00014821,340820000,340,25.000000,25
req-00014822,340860000,340,25.000000,25
req-00014823,340900000,340,25.000000,25
req-00014824,340940000,340,25.000000,25
req-00014825,340980000,340,25.000000,25
req-00014826,341020000,341,25.000000,25
req-00014827,341060000,341,25.000000,25
req-00014828,341100000,341,25.000000,25
req-00014829,341140000,341,25.000000,25
req-00014830,341180000,341,25.000000,25
req-00014831,341220000,341,25.000000,25
req-00014832,341260000,341,25.000000,25
req-00014833,341300000,341,25.000000,25
req-00014834,341340000,341,25.000000,25
req-00014835,341380000,341,25.000000,25
req-00014836,341420000,341,25.000000,25
req-00014837,341460000,341,25.000000,25
req-00014838,341500000,341,25.000000,25
req-00014839,341540000,341,25.000000,25
req-00014840,341580000,341,25.000000,25
req-00014841,341620000,341,25.000000,25
req-00014842,341660000,341,25.000000,25
req-00014843,341700000,341,25.000000,25
req-00014844,341740000,341,25.000000,25
req-00014845,341780000,341,25.000000,25
req-00014846,341820000,341,25.000000,25
req-00014847,341860000,341,25.000000,25
req-00014848,341900000,341,25.000000,25
req-00014849,341940000,341,25.000000,25
req-00014850,341980000,341,25.000000,25
req-00014851,342020000,342,25.000000,25
req-00014852,342060000,342,25.000000,25
req-00014853,342100000,342,25.000000,25
req-00014854,342140000,342,25.000000,25
req-00014855,342180000,342,25.000000,25
req-00014856,342220000,342,25.000000,25
req-00014857,342260000,342,25.000000,25
req-00014858,342300000,342,25.000000,25
req-00014859,342340000,342,25.000000,25
req-00014860,342380000,342,25.000000,25
req-00014861,342420000,342,25.000000,25
req-00014862,342460000,342,25.000000,25
req-00014863,342500000,342,25.000000,25
req-00014864,342540000,342,25.000000,25
req-00014865,342580000,342,25.000000,25
req-00014866,342620000,342,25.000000,25
req-00014867,342660000,342,25.000000,25
req-00014868,342700000,342,25.000000,25
req-00014869,342740000,342,25.000000,25
req-00014870,342780000,342,25.000000,25
req-00014871,342820000,342,25.000000,25
req-00014872,342860000,342,25.000000,25
req-00014873,342900000,342,25.000000,25
req-00014874,342940000,342,25.000000,25
req-00014875,342980000,342,25.000000,25
req-00014876,343020000,343,25.000000,25
req-00014877,343060000,343,25.000000,25
req-00014878,343100000,343,25.000000,25
req-00014879,343140000,343,25.000000,25
req-00014880,343180000,343,25.000000,25
req-00014881,343220000,343,25.000000,25
req-00014882,343260000,343,25.000000,25
req-00014883,343300000,343,25.000000,25
req-00014884,343340000,343,25.000000,25
req-00014885,343380000,343,25.000000,25
req-00014886,343420000,343,25.000000,25
req-00014887,343460000,343,25.000000,25
req-00014888,343500000,343,25.000000,25
req-00014889,343540000,343,25.000000,25
req-00014890,343580000,343,25.000000,25
req-00014891,343620000,343,25.000000,25
req-00014892,343660000,343,25.000000,25
req-00014893,343700000,343,25.000000,25
req-00014894,343740000,343,25.000000,25
req-00014895,343780000,343,25.000000,25
req-00014896,343820000,343,25.000000,25
req-00014897,343860000,343,25.000000,25
req-00014898,343900000,343,25.000000,25
req-00014899,343940000,343,25.000000,25
req-00014900,343980000,343,25.000000,25
req-00014901,344020000,344,25.000000,25
req-00014902,344060000,344,25.000000,25
req-00014903,344100000,344,25.000000,25
req-00014904,344140000,344,25.000000,25
req-00014905,344180000,344,25.000000,25
req-00014906,344220000,344,25.000000,25
req-00014907,344260000,344,25.000000,25
req-00014908,344300000,344,25.000000,25
req-00014909,344340000,344,25.000000,25
req-00014910,344380000,344,25.000000,25
req-00014911,344420000,344,25.000000,25
req-00014912,344460000,344,25.000000,25
req-00014913,344500000,344,25.000000,25
req-00014914,344540000,344,25.000000,25
req-00014915,344580000,344,25.000000,25
req-00014916,344620000,344,25.000000,25
req-00014917,344660000,344,25.000000,25
req-00014918,344700000,344,25.000000,25
req-00014919,344740000,344,25.000000,25
req-00014920,344780000,344,25.000000,25
req-00014921,344820000,344,25.000000,25
req-00014922,344860000,344,25.000000,25
req-00014923,344900000,344,25.000000,25
req-00014924,344940000,344,25.000000,25
req-00014925,344980000,344,25.000000,25
req-00014926,345020000,345,25.000000,25
req-00014927,345060000,345,25.000000,25
req-00014928,345100000,345,25.000000,25
req-00014929,345140000,345,25.000000,25
req-00014930,345180000,345,25.000000,25
req-00014931,345220000,345,25.000000,25
req-00014932,345260000,345,25.000000,25
req-00014933,345300000,345,25.000000,25
req-00014934,345340000,345,25.000000,25
req-00014935,345380000,345,25.000000,25
req-00014936,345420000,345,25.000000,25
req-00014937,345460000,345,25.000000,25
req-00014938,345500000,345,25.000000,25
req-00014939,345540000,345,25.000000,25
req-00014940,345580000,345,25.000000,25
req-00014941,345620000,345,25.000000,25
req-00014942,345660000,345,25.000000,25
req-00014943,345700000,345,25.000000,25
req-00014944,345740000,345,25.000000,25
req-00014945,345780000,345,25.000000,25
req-00014946,345820000,345,25.000000,25
req-00014947,345860000,345,25.000000,25
req-00014948,345900000,345,25.000000,25
req-00014949,345940000,345,25.000000,25
req-00014950,345980000,345,25.000000,25
req-00014951,346020000,346,25.000000,25
req-00014952,346060000,346,25.000000,25
req-00014953,346100000,346,25.000000,25
req-00014954,346140000,346,25.000000,25
req-00014955,346180000,346,25.000000,25
req-00014956,346220000,346,25.000000,25
req-00014957,346260000,346,25.000000,25
req-00014958,346300000,346,25.000000,25
req-00014959,346340000,346,25.000000,25
req-00014960,346380000,346,25.000000,25
req-00014961,346420000,346,25.000000,25
req-00014962,346460000,346,25.000000,25
req-00014963,346500000,346,25.000000,25
req-00014964,346540000,346,25.000000,25
req-00014965,346580000,346,25.000000,25
req-00014966,346620000,346,25.000000,25
req-00014967,346660000,346,25.000000,25
req-00014968,346700000,346,25.000000,25
req-00014969,346740000,346,25.000000,25
req-00014970,346780000,346,25.000000,25
req-00014971,346820000,346,25.000000,25
req-00014972,346860000,346,25.000000,25
req-00014973,346900000,346,25.000000,25
req-00014974,346940000,346,25.000000,25
req-00014975,346980000,346,25.000000,25
req-00014976,347020000,347,25.000000,25
req-00014977,347060000,347,25.000000,25
req-00014978,347100000,347,25.000000,25
req-00014979,347140000,347,25.000000,25
req-00014980,347180000,347,25.000000,25
req-00014981,347220000,347,25.000000,25
req-00014982,347260000,347,25.000000,25
req-00014983,347300000,347,25.000000,25
req-00014984,347340000,347,25.000000,25
req-00014985,347380000,347,25.000000,25
req-00014986,347420000,347,25.000000,25
req-00014987,347460000,347,25.000000,25
req-00014988,347500000,347,25.000000,25
req-00014989,347540000,347,25.000000,25
req-00014990,347580000,347,25.000000,25
req-00014991,347620000,347,25.000000,25
req-00014992,347660000,347,25.000000,25
req-00014993,347700000,347,25.000000,25
req-00014994,347740000,347,25.000000,25
req-00014995,347780000,347,25.000000,25
req-00014996,347820000,347,25.000000,25
req-00014997,347860000,347,25.000000,25
req-00014998,347900000,347,25.000000,25
req-00014999,347940000,347,25.000000,25
req-00015000,347980000,347,25.000000,25
req-00015001,348020000,348,25.000000,25
req-00015002,348060000,348,25.000000,25
req-00015003,348100000,348,25.000000,25
req-00015004,348140000,348,25.000000,25
req-00015005,348180000,348,25.000000,25
req-00015006,348220000,348,25.000000,25
req-00015007,348260000,348,25.000000,25
req-00015008,348300000,348,25.000000,25
req-00015009,348340000,348,25.000000,25
req-00015010,348380000,348,25.000000,25
req-00015011,348420000,348,25.000000,25
req-00015012,348460000,348,25.000000,25
req-00015013,348500000,348,25.000000,25
req-00015014,348540000,348,25.000000,25
req-00015015,348580000,348,25.000000,25
req-00015016,348620000,348,25.000000,25
req-00015017,348660000,348,25.000000,25
req-00015018,348700000,348,25.000000,25
req-00015019,348740000,348,25.000000,25
req-00015020,348780000,348,25.000000,25
req-00015021,348820000,348,25.000000,25
req-00015022,348860000,348,25.000000,25
req-00015023,348900000,348,25.000000,25
req-00015024,348940000,348,25.000000,25
req-00015025,348980000,348,25.000000,25
req-00015026,349020000,349,25.000000,25
req-00015027,349060000,349,25.000000,25
req-00015028,349100000,349,25.000000,25
req-00015029,349140000,349,25.000000,25
req-00015030,349180000,349,25.000000,25
req-00015031,349220000,349,25.000000,25
req-00015032,349260000,349,25.000000,25
req-00015033,349300000,349,25.000000,25
req-00015034,349340000,349,25.000000,25
req-00015035,349380000,349,25.000000,25
req-00015036,349420000,349,25.000000,25
req-00015037,349460000,349,25.000000,25
req-00015038,349500000,349,25.000000,25
req-00015039,349540000,349,25.000000,25
req-00015040,349580000,349,25.000000,25
req-00015041,349620000,349,25.000000,25
req-00015042,349660000,349,25.000000,25
req-00015043,349700000,349,25.000000,25
req-00015044,349740000,349,25.000000,25
req-00015045,349780000,349,25.000000,25
req-00015046,349820000,349,25.000000,25
req-00015047,349860000,349,25.000000,25
req-00015048,349900000,349,25.000000,25
req-00015049,349940000,349,25.000000,25
req-00015050,349980000,349,25.000000,25
req-00015051,350020000,350,25.000000,25
req-00015052,350060000,350,25.000000,25
req-00015053,350100000,350,25.000000,25
req-00015054,350140000,350,25.000000,25
req-00015055,350180000,350,25.000000,25
req-00015056,350220000,350,25.000000,25
req-00015057,350260000,350,25.000000,25
req-00015058,350300000,350,25.000000,25
req-00015059,350340000,350,25.000000,25
req-00015060,350380000,350,25.000000,25
req-00015061,350420000,350,25.000000,25
req-00015062,350460000,350,25.000000,25
req-00015063,350500000,350,25.000000,25
req-00015064,350540000,350,25.000000,25
req-00015065,350580000,350,25.000000,25
req-00015066,350620000,350,25.000000,25
req-00015067,350660000,350,25.000000,25
req-00015068,350700000,350,25.000000,25
req-00015069,350740000,350,25.000000,25
req-00015070,350780000,350,25.000000,25
req-00015071,350820000,350,25.000000,25
req-00015072,350860000,350,25.000000,25
req-00015073,350900000,350,25.000000,25
req-00015074,350940000,350,25.000000,25
req-00015075,350980000,350,25.000000,25
req-00015076,351020000,351,25.000000,25
req-00015077,351060000,351,25.000000,25
req-00015078,351100000,351,25.000000,25
req-00015079,351140000,351,25.000000,25
req-00015080,351180000,351,25.000000,25
req-00015081,351220000,351,25.000000,25
req-00015082,351260000,351,25.000000,25
req-00015083,351300000,351,25.000000,25
req-00015084,351340000,351,25.000000,25
req-00015085,351380000,351,25.000000,25
req-00015086,351420000,351,25.000000,25
req-00015087,351460000,351,25.000000,25
req-00015088,351500000,351,25.000000,25
req-00015089,351540000,351,25.000000,25
req-00015090,351580000,351,25.000000,25
req-00015091,351620000,351,25.000000,25
req-00015092,351660000,351,25.000000,25
req-00015093,351700000,351,25.000000,25
req-00015094,351740000,351,25.000000,25
req-00015095,351780000,351,25.000000,25
req-00015096,351820000,351,25.000000,25
req-00015097,351860000,351,25.000000,25
req-00015098,351900000,351,25.000000,25
req-00015099,351940000,351,25.000000,25
req-00015100,351980000,351,25.000000,25
req-00015101,352020000,352,25.000000,25
req-00015102,352060000,352,25.000000,25
req-00015103,352100000,352,25.000000,25
req-00015104,352140000,352,25.000000,25
req-00015105,352180000,352,25.000000,25
req-00015106,352220000,352,25.000000,25
req-00015107,352260000,352,25.000000,25
req-00015108,352300000,352,25.000000,25
req-00015109,352340000,352,25.000000,25
req-00015110,352380000,352,25.000000,25
req-00015111,352420000,352,25.000000,25
req-00015112,352460000,352,25.000000,25
req-00015113,352500000,352,25.000000,25
req-00015114,352540000,352,25.000000,25
req-00015115,352580000,352,25.000000,25
req-00015116,352620000,352,25.000000,25
req-00015117,352660000,352,25.000000,25
req-00015118,352700000,352,25.000000,25
req-00015119,352740000,352,25.000000,25
req-00015120,352780000,352,25.000000,25
req-00015121,352820000,352,25.000000,25
req-00015122,352860000,352,25.000000,25
req-00015123,352900000,352,25.000000,25
req-00015124,352940000,352,25.000000,25
req-00015125,352980000,352,25.000000,25
req-00015126,353020000,353,25.000000,25
req-00015127,353060000,353,25.000000,25
req-00015128,353100000,353,25.000000,25
req-00015129,353140000,353,25.000000,25
req-00015130,353180000,353,25.000000,25
req-00015131,353220000,353,25.000000,25
req-00015132,353260000,353,25.000000,25
req-00015133,353300000,353,25.000000,25
req-00015134,353340000,353,25.000000,25
req-00015135,353380000,353,25.000000,25
req-00015136,353420000,353,25.000000,25
req-00015137,353460000,353,25.000000,25
req-00015138,353500000,353,25.000000,25
req-00015139,353540000,353,25.000000,25
req-00015140,353580000,353,25.000000,25
req-00015141,353620000,353,25.000000,25
req-00015142,353660000,353,25.000000,25
req-00015143,353700000,353,25.000000,25
req-00015144,353740000,353,25.000000,25
req-00015145,353780000,353,25.000000,25
req-00015146,353820000,353,25.000000,25
req-00015147,353860000,353,25.000000,25
req-00015148,353900000,353,25.000000,25
req-00015149,353940000,353,25.000000,25
req-00015150,353980000,353,25.000000,25
req-00015151,354020000,354,25.000000,25
req-00015152,354060000,354,25.000000,25
req-00015153,354100000,354,25.000000,25
req-00015154,354140000,354,25.000000,25
req-00015155,354180000,354,25.000000,25
req-00015156,354220000,354,25.000000,25
req-00015157,354260000,354,25.000000,25
req-00015158,354300000,354,25.000000,25
req-00015159,354340000,354,25.000000,25
req-00015160,354380000,354,25.000000,25
req-00015161,354420000,354,25.000000,25
req-00015162,354460000,354,25.000000,25
req-00015163,354500000,354,25.000000,25
req-00015164,354540000,354,25.000000,25
req-00015165,354580000,354,25.000000,25
req-00015166,354620000,354,25.000000,25
req-00015167,354660000,354,25.000000,25
req-00015168,354700000,354,25.000000,25
req-00015169,354740000,354,25.000000,25
req-00015170,354780000,354,25.000000,25
req-00015171,354820000,354,25.000000,25
req-00015172,354860000,354,25.000000,25
req-00015173,354900000,354,25.000000,25
req-00015174,354940000,354,25.000000,25
req-00015175,354980000,354,25.000000,25
req-00015176,355020000,355,25.000000,25
req-00015177,355060000,355,25.000000,25
req-00015178,355100000,355,25.000000,25
req-00015179,355140000,355,25.000000,25
req-00015180,355180000,355,25.000000,25
req-00015181,355220000,355,25.000000,25
req-00015182,355260000,355,25.000000,25
req-00015183,355300000,355,25.000000,25
req-00015184,355340000,355,25.000000,25
req-00015185,355380000,355,25.000000,25
req-00015186,355420000,355,25.000000,25
req-00015187,355460000,355,25.000000,25
req-00015188,355500000,355,25.000000,25
req-00015189,355540000,355,25.000000,25
req-00015190,355580000,355,25.000000,25
req-00015191,355620000,355,25.000000,25
req-00015192,355660000,355,25.000000,25
req-00015193,355700000,355,25.000000,25
req-00015194,355740000,355,25.000000,25
req-00015195,355780000,355,25.000000,25
req-00015196,355820000,355,25.000000,25
req-00015197,355860000,355,25.000000,25
req-00015198,355900000,355,25.000000,25
req-00015199,355940000,355,25.000000,25
req-00015200,355980000,355,25.000000,25
req-00015201,356020000,356,25.000000,25
req-00015202,356060000,356,25.000000,25
req-00015203,356100000,356,25.000000,25
req-00015204,356140000,356,25.000000,25
req-00015205,356180000,356,25.000000,25
req-00015206,356220000,356,25.000000,25
req-00015207,356260000,356,25.000000,25
req-00015208,356300000,356,25.000000,25
req-00015209,356340000,356,25.000000,25
req-00015210,356380000,356,25.000000,25
req-00015211,356420000,356,25.000000,25
req-00015212,356460000,356,25.000000,25
req-00015213,356500000,356,25.000000,25
req-00015214,356540000,356,25.000000,25
req-00015215,356580000,356,25.000000,25
req-00015216,356620000,356,25.000000,25
req-00015217,356660000,356,25.000000,25
req-00015218,356700000,356,25.000000,25
req-00015219,356740000,356,25.000000,25
req-00015220,356780000,356,25.000000,25
req-00015221,356820000,356,25.000000,25
req-00015222,356860000,356,25.000000,25
req-00015223,356900000,356,25.000000,25
req-00015224,356940000,356,25.000000,25
req-00015225,356980000,356,25.000000,25
req-00015226,357020000,357,25.000000,25
req-00015227,357060000,357,25.000000,25
req-00015228,357100000,357,25.000000,25
req-00015229,357140000,357,25.000000,25
req-00015230,357180000,357,25.000000,25
req-00015231,357220000,357,25.000000,25
req-00015232,357260000,357,25.000000,25
req-00015233,357300000,357,25.000000,25
req-00015234,357340000,357,25.000000,25
req-00015235,357380000,357,25.000000,25
req-00015236,357420000,357,25.000000,25
req-00015237,357460000,357,25.000000,25
req-00015238,357500000,357,25.000000,25
req-00015239,357540000,357,25.000000,25
req-00015240,357580000,357,25.000000,25
req-00015241,357620000,357,25.000000,25
req-00015242,357660000,357,25.000000,25
req-00015243,357700000,357,25.000000,25
req-00015244,357740000,357,25.000000,25
req-00015245,357780000,357,25.000000,25
req-00015246,357820000,357,25.000000,25
req-00015247,357860000,357,25.000000,25
req-00015248,357900000,357,25.000000,25
req-00015249,357940000,357,25.000000,25
req-00015250,357980000,357,25.000000,25
req-00015251,358020000,358,25.000000,25
req-00015252,358060000,358,25.000000,25
req-00015253,358100000,358,25.000000,25
req-00015254,358140000,358,25.000000,25
req-00015255,358180000,358,25.000000,25
req-00015256,358220000,358,25.000000,25
req-00015257,358260000,358,25.000000,25
req-00015258,358300000,358,25.000000,25
req-00015259,358340000,358,25.000000,25
req-00015260,358380000,358,25.000000,25
req-00015261,358420000,358,25.000000,25
req-00015262,358460000,358,25.000000,25
req-00015263,358500000,358,25.000000,25
req-00015264,358540000,358,25.000000,25
req-00015265,358580000,358,25.000000,25
req-00015266,358620000,358,25.000000,25
req-00015267,358660000,358,25.000000,25
req-00015268,358700000,358,25.000000,25
req-00015269,358740000,358,25.000000,25
req-00015270,358780000,358,25.000000,25
req-00015271,358820000,358,25.000000,25
req-00015272,358860000,358,25.000000,25
req-00015273,358900000,358,25.000000,25
req-00015274,358940000,358,25.000000,25
req-00015275,358980000,358,25.000000,25
req-00015276,359020000,359,25.000000,25
req-00015277,359060000,359,25.000000,25
req-00015278,359100000,359,25.000000,25
req-00015279,359140000,359,25.000000,25
req-00015280,359180000,359,25.000000,25
req-00015281,359220000,359,25.000000,25
req-00015282,359260000,359,25.000000,25
req-00015283,359300000,359,25.000000,25
req-00015284,359340000,359,25.000000,25
req-00015285,359380000,359,25.000000,25
req-00015286,359420000,359,25.000000,25
req-00015287,359460000,359,25.000000,25
req-00015288,359500000,359,25.000000,25
req-00015289,359540000,359,25.000000,25
req-00015290,359580000,359,25.000000,25
req-00015291,359620000,359,25.000000,25
req-00015292,359660000,359,25.000000,25
req-00015293,359700000,359,25.000000,25
req-00015294,359740000,359,25.000000,25
req-00015295,359780000,359,25.000000,25
req-00015296,359820000,359,25.000000,25
req-00015297,359860000,359,25.000000,25
req-00015298,359900000,359,25.000000,25
req-00015299,359940000,359,25.000000,25
req-00015300,359980000,359,25.000000,25
