group,candidate_a,candidate_b,mae_relative_difference,rmse_relative_difference,loss,semantic_evidence,eligible,rejection_reasons,preference_distance
direction_bias,sustained-peak-v1__direction_bias__negative__bias_rps--2-magnitude_rps-2,sustained-peak-v1__direction_bias__positive__bias_rps-2-magnitude_rps-2,0.0,0.0,0.0,"{""bias_a_rps"":-2.0,""bias_b_rps"":2.0}",False,"[""direction_gate""]",6
direction_bias,sustained-peak-v1__direction_bias__negative__bias_rps--2-magnitude_rps-2,sustained-peak-v1__direction_bias__positive__bias_rps-3-magnitude_rps-3,0.4,0.4,33.333333333333336,"{""bias_a_rps"":-2.0,""bias_b_rps"":3.0}",False,"[""mae_tolerance"",""rmse_tolerance"",""direction_gate""]",5
direction_bias,sustained-peak-v1__direction_bias__negative__bias_rps--2-magnitude_rps-2,sustained-peak-v1__direction_bias__positive__bias_rps-4-magnitude_rps-4,0.6666666666666666,0.6666666666666666,55.55555555555555,"{""bias_a_rps"":-2.0,""bias_b_rps"":4.0}",False,"[""mae_tolerance"",""rmse_tolerance"",""direction_gate""]",4
direction_bias,sustained-peak-v1__direction_bias__negative__bias_rps--2-magnitude_rps-2,sustained-peak-v1__direction_bias__positive__bias_rps-5-magnitude_rps-5,0.8571428571428571,0.8571428571428571,71.42857142857142,"{""bias_a_rps"":-2.0,""bias_b_rps"":5.0}",False,"[""mae_tolerance"",""rmse_tolerance"",""direction_gate""]",3
direction_bias,sustained-peak-v1__direction_bias__negative__bias_rps--3-magnitude_rps-3,sustained-peak-v1__direction_bias__positive__bias_rps-2-magnitude_rps-2,0.4,0.4,33.333333333333336,"{""bias_a_rps"":-3.0,""bias_b_rps"":2.0}",False,"[""mae_tolerance"",""rmse_tolerance"",""direction_gate""]",5
direction_bias,sustained-peak-v1__direction_bias__negative__bias_rps--3-magnitude_rps-3,sustained-peak-v1__direction_bias__positive__bias_rps-3-magnitude_rps-3,0.0,0.0,0.0,"{""bias_a_rps"":-3.0,""bias_b_rps"":3.0}",True,[],4
direction_bias,sustained-peak-v1__direction_bias__negative__bias_rps--3-magnitude_rps-3,sustained-peak-v1__direction_bias__positive__bias_rps-4-magnitude_rps-4,0.2857142857142857,0.2857142857142857,23.80952380952381,"{""bias_a_rps"":-3.0,""bias_b_rps"":4.0}",False,"[""mae_tolerance"",""rmse_tolerance""]",3
direction_bias,sustained-peak-v1__direction_bias__negative__bias_rps--3-magnitude_rps-3,sustained-peak-v1__direction_bias__positive__bias_rps-5-magnitude_rps-5,0.5,0.5,41.66666666666667,"{""bias_a_rps"":-3.0,""bias_b_rps"":5.0}",False,"[""mae_tolerance"",""rmse_tolerance""]",2
direction_bias,sustained-peak-v1__direction_bias__negative__bias_rps--4-magnitude_rps-4,sustained-peak-v1__direction_bias__positive__bias_rps-2-magnitude_rps-2,0.6666666666666666,0.6666666666666666,55.55555555555555,"{""bias_a_rps"":-4.0,""bias_b_rps"":2.0}",False,"[""mae_tolerance"",""rmse_tolerance"",""direction_gate""]",4
direction_bias,sustained-peak-v1__direction_bias__negative__bias_rps--4-magnitude_rps-4,sustained-peak-v1__direction_bias__positive__bias_rps-3-magnitude_rps-3,0.2857142857142857,0.2857142857142857,23.80952380952381,"{""bias_a_rps"":-4.0,""bias_b_rps"":3.0}",False,"[""mae_tolerance"",""rmse_tolerance""]",3
direction_bias,sustained-peak-v1__direction_bias__negative__bias_rps--4-magnitude_rps-4,sustained-peak-v1__direction_bias__positive__bias_rps-4-magnitude_rps-4,0.0,0.0,0.0,"{""bias_a_rps"":-4.0,""bias_b_rps"":4.0}",True,[],2
direction_bias,sustained-peak-v1__direction_bias__negative__bias_rps--4-magnitude_rps-4,sustained-peak-v1__direction_bias__positive__bias_rps-5-magnitude_rps-5,0.2222222222222222,0.2222222222222222,18.51851851851852,"{""bias_a_rps"":-4.0,""bias_b_rps"":5.0}",False,"[""mae_tolerance"",""rmse_tolerance""]",1
direction_bias,sustained-peak-v1__direction_bias__negative__bias_rps--5-magnitude_rps-5,sustained-peak-v1__direction_bias__positive__bias_rps-2-magnitude_rps-2,0.8571428571428571,0.8571428571428571,71.42857142857142,"{""bias_a_rps"":-5.0,""bias_b_rps"":2.0}",False,"[""mae_tolerance"",""rmse_tolerance"",""direction_gate""]",3
direction_bias,sustained-peak-v1__direction_bias__negative__bias_rps--5-magnitude_rps-5,sustained-peak-v1__direction_bias__positive__bias_rps-3-magnitude_rps-3,0.5,0.5,41.66666666666667,"{""bias_a_rps"":-5.0,""bias_b_rps"":3.0}",False,"[""mae_tolerance"",""rmse_tolerance""]",2
direction_bias,sustained-peak-v1__direction_bias__negative__bias_rps--5-magnitude_rps-5,sustained-peak-v1__direction_bias__positive__bias_rps-4-magnitude_rps-4,0.2222222222222222,0.2222222222222222,18.51851851851852,"{""bias_a_rps"":-5.0,""bias_b_rps"":4.0}",False,"[""mae_tolerance"",""rmse_tolerance""]",1
direction_bias,sustained-peak-v1__direction_bias__negative__bias_rps--5-magnitude_rps-5,sustained-peak-v1__direction_bias__positive__bias_rps-5-magnitude_rps-5,0.0,0.0,0.0,"{""bias_a_rps"":-5.0,""bias_b_rps"":5.0}",True,[],0
duration,sustained-peak-v1__duration__extended__duration_s-10,sustained-peak-v1__duration__shortened__duration_s-10,0.0,0.0,0.0,"{""duration_a_s"":10,""duration_b_s"":-10}",False,"[""duration_gate""]",40
duration,sustained-peak-v1__duration__extended__duration_s-10,sustained-peak-v1__duration__shortened__duration_s-20,0.6666666666666667,0.3431457505076199,44.77152501692066,"{""duration_a_s"":10,""duration_b_s"":-20}",False,"[""mae_tolerance"",""rmse_tolerance"",""duration_gate""]",30
duration,sustained-peak-v1__duration__extended__duration_s-10,sustained-peak-v1__duration__shortened__duration_s-30,0.9999999999999999,0.5358983848622454,67.86327949540816,"{""duration_a_s"":10,""duration_b_s"":-30}",False,"[""mae_tolerance"",""rmse_tolerance"",""duration_gate""]",20
duration,sustained-peak-v1__duration__extended__duration_s-10,sustained-peak-v1__duration__shortened__duration_s-45,1.2727272727272727,0.7184910359318372,87.58606483409154,"{""duration_a_s"":10,""duration_b_s"":-45}",False,"[""mae_tolerance"",""rmse_tolerance"",""duration_gate""]",35
duration,sustained-peak-v1__duration__extended__duration_s-10,sustained-peak-v1__duration__shortened__duration_s-60,1.4285714285714286,0.8404082057734578,99.44217828768669,"{""duration_a_s"":10,""duration_b_s"":-60}",False,"[""mae_tolerance"",""rmse_tolerance"",""duration_gate""]",50
duration,sustained-peak-v1__duration__extended__duration_s-20,sustained-peak-v1__duration__shortened__duration_s-10,0.6666666666666667,0.3431457505076199,44.77152501692066,"{""duration_a_s"":20,""duration_b_s"":-10}",False,"[""mae_tolerance"",""rmse_tolerance"",""duration_gate""]",30
duration,sustained-peak-v1__duration__extended__duration_s-20,sustained-peak-v1__duration__shortened__duration_s-20,0.0,0.0,0.0,"{""duration_a_s"":20,""duration_b_s"":-20}",True,[],20
duration,sustained-peak-v1__duration__extended__duration_s-20,sustained-peak-v1__duration__shortened__duration_s-30,0.39999999999999997,0.20204102886728756,26.734700962242915,"{""duration_a_s"":20,""duration_b_s"":-30}",False,"[""mae_tolerance"",""rmse_tolerance""]",10
duration,sustained-peak-v1__duration__extended__duration_s-20,sustained-peak-v1__duration__shortened__duration_s-45,0.7692307692307692,0.4,51.794871794871796,"{""duration_a_s"":20,""duration_b_s"":-45}",False,"[""mae_tolerance"",""rmse_tolerance""]",25
duration,sustained-peak-v1__duration__extended__duration_s-20,sustained-peak-v1__duration__shortened__duration_s-60,0.9999999999999999,0.5358983848622454,67.86327949540816,"{""duration_a_s"":20,""duration_b_s"":-60}",False,"[""mae_tolerance"",""rmse_tolerance""]",40
duration,sustained-peak-v1__duration__extended__duration_s-30,sustained-peak-v1__duration__shortened__duration_s-10,0.9999999999999999,0.5358983848622454,67.86327949540816,"{""duration_a_s"":30,""duration_b_s"":-10}",False,"[""mae_tolerance"",""rmse_tolerance"",""duration_gate""]",20
duration,sustained-peak-v1__duration__extended__duration_s-30,sustained-peak-v1__duration__shortened__duration_s-20,0.39999999999999997,0.20204102886728756,26.734700962242915,"{""duration_a_s"":30,""duration_b_s"":-20}",False,"[""mae_tolerance"",""rmse_tolerance""]",10
duration,sustained-peak-v1__duration__extended__duration_s-30,sustained-peak-v1__duration__shortened__duration_s-30,0.0,0.0,0.0,"{""duration_a_s"":30,""duration_b_s"":-30}",True,[],0
duration,sustained-peak-v1__duration__extended__duration_s-30,sustained-peak-v1__duration__shortened__duration_s-45,0.4000000000000001,0.20204102886728761,26.734700962242925,"{""duration_a_s"":30,""duration_b_s"":-45}",False,"[""mae_tolerance"",""rmse_tolerance""]",15
duration,sustained-peak-v1__duration__extended__duration_s-30,sustained-peak-v1__duration__shortened__duration_s-60,0.6666666666666666,0.3431457505076198,44.771525016920656,"{""duration_a_s"":30,""duration_b_s"":-60}",False,"[""mae_tolerance"",""rmse_tolerance""]",30
duration,sustained-peak-v1__duration__extended__duration_s-45,sustained-peak-v1__duration__shortened__duration_s-10,1.2727272727272727,0.7184910359318372,87.58606483409154,"{""duration_a_s"":45,""duration_b_s"":-10}",False,"[""mae_tolerance"",""rmse_tolerance"",""duration_gate""]",35
duration,sustained-peak-v1__duration__extended__duration_s-45,sustained-peak-v1__duration__shortened__duration_s-20,0.7692307692307692,0.4,51.794871794871796,"{""duration_a_s"":45,""duration_b_s"":-20}",False,"[""mae_tolerance"",""rmse_tolerance""]",25
duration,sustained-peak-v1__duration__extended__duration_s-45,sustained-peak-v1__duration__shortened__duration_s-30,0.4000000000000001,0.20204102886728761,26.734700962242925,"{""duration_a_s"":45,""duration_b_s"":-30}",False,"[""mae_tolerance"",""rmse_tolerance""]",15
duration,sustained-peak-v1__duration__extended__duration_s-45,sustained-peak-v1__duration__shortened__duration_s-45,0.0,0.0,0.0,"{""duration_a_s"":45,""duration_b_s"":-45}",True,[],30
duration,sustained-peak-v1__duration__extended__duration_s-45,sustained-peak-v1__duration__shortened__duration_s-60,0.2857142857142857,0.14359353944898165,19.07216560068034,"{""duration_a_s"":45,""duration_b_s"":-60}",False,"[""mae_tolerance"",""rmse_tolerance""]",45
duration,sustained-peak-v1__duration__extended__duration_s-60,sustained-peak-v1__duration__shortened__duration_s-10,1.4285714285714286,0.8404082057734578,99.44217828768669,"{""duration_a_s"":60,""duration_b_s"":-10}",False,"[""mae_tolerance"",""rmse_tolerance"",""duration_gate""]",50
duration,sustained-peak-v1__duration__extended__duration_s-60,sustained-peak-v1__duration__shortened__duration_s-20,0.9999999999999999,0.5358983848622454,67.86327949540816,"{""duration_a_s"":60,""duration_b_s"":-20}",False,"[""mae_tolerance"",""rmse_tolerance""]",40
duration,sustained-peak-v1__duration__extended__duration_s-60,sustained-peak-v1__duration__shortened__duration_s-30,0.6666666666666666,0.3431457505076198,44.771525016920656,"{""duration_a_s"":60,""duration_b_s"":-30}",False,"[""mae_tolerance"",""rmse_tolerance""]",30
duration,sustained-peak-v1__duration__extended__duration_s-60,sustained-peak-v1__duration__shortened__duration_s-45,0.2857142857142857,0.14359353944898165,19.07216560068034,"{""duration_a_s"":60,""duration_b_s"":-45}",False,"[""mae_tolerance"",""rmse_tolerance""]",45
duration,sustained-peak-v1__duration__extended__duration_s-60,sustained-peak-v1__duration__shortened__duration_s-60,0.0,0.0,0.0,"{""duration_a_s"":60,""duration_b_s"":-60}",True,[],60
event_presence,narrow-spike-v1__event_presence__false__duration_s-20-magnitude_rps-25-peak_rps-50,narrow-spike-v1__event_presence__missed__duration_s-30-magnitude_rps-35,0.7096774193548387,0.5265096495912892,53.03419262078491,"{""side_a"":""false"",""side_b"":""missed"",""support_jaccard"":0.0}",False,"[""mae_tolerance"",""rmse_tolerance""]",20
event_presence,narrow-spike-v1__event_presence__false__duration_s-20-magnitude_rps-30-peak_rps-55,narrow-spike-v1__event_presence__missed__duration_s-30-magnitude_rps-35,0.5454545454545454,0.3531429761656811,39.044159811583306,"{""side_a"":""false"",""side_b"":""missed"",""support_jaccard"":0.0}",False,"[""mae_tolerance"",""rmse_tolerance""]",15
event_presence,narrow-spike-v1__event_presence__false__duration_s-20-magnitude_rps-35-peak_rps-60,narrow-spike-v1__event_presence__missed__duration_s-30-magnitude_rps-35,0.39999999999999997,0.2020410288672877,26.73470096224292,"{""side_a"":""false"",""side_b"":""missed"",""support_jaccard"":0.0}",False,"[""mae_tolerance"",""rmse_tolerance""]",10
event_presence,narrow-spike-v1__event_presence__false__duration_s-30-magnitude_rps-25-peak_rps-50,narrow-spike-v1__event_presence__missed__duration_s-30-magnitude_rps-35,0.3333333333333332,0.33333333333333326,27.77777777777777,"{""side_a"":""false"",""side_b"":""missed"",""support_jaccard"":0.0}",False,"[""mae_tolerance"",""rmse_tolerance""]",10
event_presence,narrow-spike-v1__event_presence__false__duration_s-30-magnitude_rps-30-peak_rps-55,narrow-spike-v1__event_presence__missed__duration_s-30-magnitude_rps-35,0.1538461538461538,0.15384615384615388,12.82051282051282,"{""side_a"":""false"",""side_b"":""missed"",""support_jaccard"":0.0}",False,"[""mae_tolerance"",""rmse_tolerance""]",5
event_presence,narrow-spike-v1__event_presence__false__duration_s-30-magnitude_rps-35-peak_rps-60,narrow-spike-v1__event_presence__missed__duration_s-30-magnitude_rps-35,0.0,0.0,0.0,"{""side_a"":""false"",""side_b"":""missed"",""support_jaccard"":0.0}",True,[],0
event_presence,narrow-spike-v1__event_presence__false__duration_s-40-magnitude_rps-25-peak_rps-50,narrow-spike-v1__event_presence__missed__duration_s-30-magnitude_rps-35,0.04878048780487803,0.19203774214285865,8.840282461672523,"{""side_a"":""false"",""side_b"":""missed"",""support_jaccard"":0.0}",False,"[""mae_tolerance"",""rmse_tolerance""]",20
event_presence,narrow-spike-v1__event_presence__false__duration_s-40-magnitude_rps-30-peak_rps-55,narrow-spike-v1__event_presence__missed__duration_s-30-magnitude_rps-35,0.13333333333333341,0.010309552285743113,7.010318409524774,"{""side_a"":""false"",""side_b"":""missed"",""support_jaccard"":0.0}",False,"[""mae_tolerance""]",15
event_presence,narrow-spike-v1__event_presence__false__duration_s-40-magnitude_rps-35-peak_rps-60,narrow-spike-v1__event_presence__missed__duration_s-30-magnitude_rps-35,0.28571428571428575,0.14359353944898165,19.072165600680343,"{""side_a"":""false"",""side_b"":""missed"",""support_jaccard"":0.0}",False,"[""mae_tolerance"",""rmse_tolerance""]",10
location,gradual-ramp-v1__location__stable__duration_s-20-magnitude_rps-4-start_s-420,gradual-ramp-v1__location__transition__duration_s-20-magnitude_rps-4-start_s-60,0.0,0.0,0.0,"{""side_a"":""stable"",""side_b"":""transition"",""support_jaccard"":0.0}",False,"[""mae_below_minimum""]",88
location,gradual-ramp-v1__location__stable__duration_s-20-magnitude_rps-4-start_s-420,gradual-ramp-v1__location__transition__duration_s-20-magnitude_rps-6-start_s-60,0.4000000000000001,0.39999999999999997,33.333333333333336,"{""side_a"":""stable"",""side_b"":""transition"",""support_jaccard"":0.0}",False,"[""mae_below_minimum"",""mae_tolerance"",""rmse_tolerance""]",86
location,gradual-ramp-v1__location__stable__duration_s-20-magnitude_rps-4-start_s-420,gradual-ramp-v1__location__transition__duration_s-20-magnitude_rps-8-start_s-60,0.6666666666666666,0.6666666666666667,55.55555555555556,"{""side_a"":""stable"",""side_b"":""transition"",""support_jaccard"":0.0}",False,"[""mae_below_minimum"",""mae_tolerance"",""rmse_tolerance""]",84
location,gradual-ramp-v1__location__stable__duration_s-20-magnitude_rps-4-start_s-420,gradual-ramp-v1__location__transition__duration_s-20-magnitude_rps-10-start_s-60,0.8571428571428571,0.8571428571428572,71.42857142857143,"{""side_a"":""stable"",""side_b"":""transition"",""support_jaccard"":0.0}",False,"[""mae_below_minimum"",""mae_tolerance"",""rmse_tolerance""]",86
location,gradual-ramp-v1__location__stable__duration_s-20-magnitude_rps-4-start_s-420,gradual-ramp-v1__location__transition__duration_s-30-magnitude_rps-4-start_s-60,0.4000000000000001,0.20204102886728761,26.734700962242925,"{""side_a"":""stable"",""side_b"":""transition"",""support_jaccard"":0.0}",False,"[""mae_below_minimum"",""mae_tolerance"",""rmse_tolerance""]",78
location,gradual-ramp-v1__location__stable__duration_s-20-magnitude_rps-4-start_s-420,gradual-ramp-v1__location__transition__duration_s-30-magnitude_rps-6-start_s-60,0.7692307692307693,0.5901182196423013,58.1321457829485,"{""side_a"":""stable"",""side_b"":""transition"",""support_jaccard"":0.0}",False,"[""mae_below_minimum"",""mae_tolerance"",""rmse_tolerance""]",76
location,gradual-ramp-v1__location__stable__duration_s-20-magnitude_rps-4-start_s-420,gradual-ramp-v1__location__transition__duration_s-30-magnitude_rps-8-start_s-60,1.0000000000000002,0.8404082057734574,78.01360685911526,"{""side_a"":""stable"",""side_b"":""transition"",""support_jaccard"":0.0}",False,"[""mae_below_minimum"",""mae_tolerance"",""rmse_tolerance""]",74
location,gradual-ramp-v1__location__stable__duration_s-20-magnitude_rps-4-start_s-420,gradual-ramp-v1__location__transition__duration_s-30-magnitude_rps-10-start_s-60,1.1578947368421053,1.0152300043085503,91.7357369857236,"{""side_a"":""stable"",""side_b"":""transition"",""support_jaccard"":0.0}",False,"[""mae_below_minimum"",""mae_tolerance"",""rmse_tolerance""]",76
location,gradual-ramp-v1__location__stable__duration_s-20-magnitude_rps-4-start_s-420,gradual-ramp-v1__location__transition__duration_s-45-magnitude_rps-4-start_s-60,0.7692307692307693,0.39999999999999997,51.794871794871796,"{""side_a"":""stable"",""side_b"":""transition"",""support_jaccard"":0.0}",False,"[""mae_below_minimum"",""mae_tolerance"",""rmse_tolerance""]",63
location,gradual-ramp-v1__location__stable__duration_s-20-magnitude_rps-4-start_s-420,gradual-ramp-v1__location__transition__duration_s-45-magnitude_rps-6-start_s-60,1.0857142857142859,0.7692307692307693,79.92673992673994,"{""side_a"":""stable"",""side_b"":""transition"",""support_jaccard"":0.0}",False,"[""mae_below_minimum"",""mae_tolerance"",""rmse_tolerance""]",61
location,gradual-ramp-v1__location__stable__duration_s-20-magnitude_rps-4-start_s-420,gradual-ramp-v1__location__transition__duration_s-45-magnitude_rps-8-start_s-60,1.272727272727273,0.9999999999999999,96.96969696969697,"{""side_a"":""stable"",""side_b"":""transition"",""support_jaccard"":0.0}",False,"[""mae_below_minimum"",""mae_tolerance"",""rmse_tolerance""]",59
location,gradual-ramp-v1__location__stable__duration_s-20-magnitude_rps-4-start_s-420,gradual-ramp-v1__location__transition__duration_s-45-magnitude_rps-10-start_s-60,1.3962264150943395,1.157894736842105,108.40781198278714,"{""side_a"":""stable"",""side_b"":""transition"",""support_jaccard"":0.0}",False,"[""mae_below_minimum"",""mae_tolerance"",""rmse_tolerance""]",61
location,gradual-ramp-v1__location__stable__duration_s-20-magnitude_rps-4-start_s-420,gradual-ramp-v1__location__transition__duration_s-60-magnitude_rps-4-start_s-60,1.0000000000000002,0.5358983848622455,67.8632794954082,"{""side_a"":""stable"",""side_b"":""transition"",""support_jaccard"":0.0}",False,"[""mae_below_minimum"",""mae_tolerance"",""rmse_tolerance""]",48
location,gradual-ramp-v1__location__stable__duration_s-20-magnitude_rps-4-start_s-420,gradual-ramp-v1__location__transition__duration_s-60-magnitude_rps-6-start_s-60,1.272727272727273,0.8882948094933454,93.24619061947516,"{""side_a"":""stable"",""side_b"":""transition"",""support_jaccard"":0.0}",False,"[""mae_below_minimum"",""mae_tolerance"",""rmse_tolerance""]",46
location,gradual-ramp-v1__location__stable__duration_s-20-magnitude_rps-4-start_s-420,gradual-ramp-v1__location__transition__duration_s-60-magnitude_rps-8-start_s-60,1.4285714285714286,1.1039630490408168,108.227339729932,"{""side_a"":""stable"",""side_b"":""transition"",""support_jaccard"":0.0}",False,"[""mae_below_minimum"",""mae_tolerance"",""rmse_tolerance""]",44
location,gradual-ramp-v1__location__stable__duration_s-20-magnitude_rps-4-start_s-420,gradual-ramp-v1__location__transition__duration_s-60-magnitude_rps-10-start_s-60,1.5294117647058822,1.2495488408062663,118.12221626216966,"{""side_a"":""stable"",""side_b"":""transition"",""support_jaccard"":0.0}",False,"[""mae_below_minimum"",""mae_tolerance"",""rmse_tolerance""]",46
location,gradual-ramp-v1__location__stable__duration_s-20-magnitude_rps-6-start_s-420,gradual-ramp-v1__location__transition__duration_s-20-magnitude_rps-4-start_s-60,0.4000000000000001,0.39999999999999997,33.333333333333336,"{""side_a"":""stable"",""side_b"":""transition"",""support_jaccard"":0.0}",False,"[""mae_below_minimum"",""mae_tolerance"",""rmse_tolerance""]",86
location,gradual-ramp-v1__location__stable__duration_s-20-magnitude_rps-6-start_s-420,gradual-ramp-v1__location__transition__duration_s-20-magnitude_rps-6-start_s-60,0.0,0.0,0.0,"{""side_a"":""stable"",""side_b"":""transition"",""support_jaccard"":0.0}",True,[],84
location,gradual-ramp-v1__location__stable__duration_s-20-magnitude_rps-6-start_s-420,gradual-ramp-v1__location__transition__duration_s-20-magnitude_rps-8-start_s-60,0.2857142857142857,0.2857142857142858,23.80952380952381,"{""side_a"":""stable"",""side_b"":""transition"",""support_jaccard"":0.0}",False,"[""mae_tolerance"",""rmse_tolerance""]",82
location,gradual-ramp-v1__location__stable__duration_s-20-magnitude_rps-6-start_s-420,gradual-ramp-v1__location__transition__duration_s-20-magnitude_rps-10-start_s-60,0.5,0.5000000000000001,41.66666666666667,"{""side_a"":""stable"",""side_b"":""transition"",""support_jaccard"":0.0}",False,"[""mae_tolerance"",""rmse_tolerance""]",84
location,gradual-ramp-v1__location__stable__duration_s-20-magnitude_rps-6-start_s-420,gradual-ramp-v1__location__transition__duration_s-30-magnitude_rps-4-start_s-60,0.0,0.20204102886728753,6.734700962242918,"{""side_a"":""stable"",""side_b"":""transition"",""support_jaccard"":0.0}",False,"[""rmse_tolerance""]",76
location,gradual-ramp-v1__location__stable__duration_s-20-magnitude_rps-6-start_s-420,gradual-ramp-v1__location__transition__duration_s-30-magnitude_rps-6-start_s-60,0.4,0.2020410288672877,26.734700962242925,"{""side_a"":""stable"",""side_b"":""transition"",""support_jaccard"":0.0}",False,"[""mae_tolerance"",""rmse_tolerance""]",74
location,gradual-ramp-v1__location__stable__duration_s-20-magnitude_rps-6-start_s-420,gradual-ramp-v1__location__transition__duration_s-30-magnitude_rps-8-start_s-60,0.6666666666666666,0.4808164115469151,49.360547051563834,"{""side_a"":""stable"",""side_b"":""transition"",""support_jaccard"":0.0}",False,"[""mae_tolerance"",""rmse_tolerance""]",72
location,gradual-ramp-v1__location__stable__duration_s-20-magnitude_rps-6-start_s-420,gradual-ramp-v1__location__transition__duration_s-30-magnitude_rps-10-start_s-60,0.8571428571428571,0.6847476391756021,65.68206416299626,"{""side_a"":""stable"",""side_b"":""transition"",""support_jaccard"":0.0}",False,"[""mae_tolerance"",""rmse_tolerance""]",74
location,gradual-ramp-v1__location__stable__duration_s-20-magnitude_rps-6-start_s-420,gradual-ramp-v1__location__transition__duration_s-45-magnitude_rps-4-start_s-60,0.4,0.0,20.0,"{""side_a"":""stable"",""side_b"":""transition"",""support_jaccard"":0.0}",False,"[""mae_tolerance""]",61
location,gradual-ramp-v1__location__stable__duration_s-20-magnitude_rps-6-start_s-420,gradual-ramp-v1__location__transition__duration_s-45-magnitude_rps-6-start_s-60,0.7692307692307693,0.40000000000000013,51.794871794871796,"{""side_a"":""stable"",""side_b"":""transition"",""support_jaccard"":0.0}",False,"[""mae_tolerance"",""rmse_tolerance""]",59
location,gradual-ramp-v1__location__stable__duration_s-20-magnitude_rps-6-start_s-420,gradual-ramp-v1__location__transition__duration_s-45-magnitude_rps-8-start_s-60,1.0,0.6666666666666666,72.22222222222223,"{""side_a"":""stable"",""side_b"":""transition"",""support_jaccard"":0.0}",False,"[""mae_tolerance"",""rmse_tolerance""]",57
location,gradual-ramp-v1__location__stable__duration_s-20-magnitude_rps-6-start_s-420,gradual-ramp-v1__location__transition__duration_s-45-magnitude_rps-10-start_s-60,1.1578947368421053,0.8571428571428573,86.46616541353384,"{""side_a"":""stable"",""side_b"":""transition"",""support_jaccard"":0.0}",False,"[""mae_tolerance"",""rmse_tolerance""]",59
location,gradual-ramp-v1__location__stable__duration_s-20-magnitude_rps-6-start_s-420,gradual-ramp-v1__location__transition__duration_s-60-magnitude_rps-4-start_s-60,0.6666666666666666,0.1435935394489818,38.11978464829939,"{""side_a"":""stable"",""side_b"":""transition"",""support_jaccard"":0.0}",False,"[""mae_tolerance"",""rmse_tolerance""]",46
location,gradual-ramp-v1__location__stable__duration_s-20-magnitude_rps-6-start_s-420,gradual-ramp-v1__location__transition__duration_s-60-magnitude_rps-6-start_s-60,1.0,0.5358983848622454,67.86327949540818,"{""side_a"":""stable"",""side_b"":""transition"",""support_jaccard"":0.0}",False,"[""mae_tolerance"",""rmse_tolerance""]",44
location,gradual-ramp-v1__location__stable__duration_s-20-magnitude_rps-6-start_s-420,gradual-ramp-v1__location__transition__duration_s-60-magnitude_rps-8-start_s-60,1.2,0.7913220829921511,86.37740276640504,"{""side_a"":""stable"",""side_b"":""transition"",""support_jaccard"":0.0}",False,"[""mae_tolerance"",""rmse_tolerance""]",42
location,gradual-ramp-v1__location__stable__duration_s-20-magnitude_rps-6-start_s-420,gradual-ramp-v1__location__transition__duration_s-60-magnitude_rps-10-start_s-60,1.3333333333333333,0.9708629022101115,99.02876340700371,"{""side_a"":""stable"",""side_b"":""transition"",""support_jaccard"":0.0}",False,"[""mae_tolerance"",""rmse_tolerance""]",44
location,gradual-ramp-v1__location__stable__duration_s-20-magnitude_rps-8-start_s-420,gradual-ramp-v1__location__transition__duration_s-20-magnitude_rps-4-start_s-60,0.6666666666666666,0.6666666666666667,55.55555555555556,"{""side_a"":""stable"",""side_b"":""transition"",""support_jaccard"":0.0}",False,"[""mae_below_minimum"",""mae_tolerance"",""rmse_tolerance""]",84
location,gradual-ramp-v1__location__stable__duration_s-20-magnitude_rps-8-start_s-420,gradual-ramp-v1__location__transition__duration_s-20-magnitude_rps-6-start_s-60,0.2857142857142857,0.2857142857142858,23.80952380952381,"{""side_a"":""stable"",""side_b"":""transition"",""support_jaccard"":0.0}",False,"[""mae_tolerance"",""rmse_tolerance""]",82
location,gradual-ramp-v1__location__stable__duration_s-20-magnitude_rps-8-start_s-420,gradual-ramp-v1__location__transition__duration_s-20-magnitude_rps-8-start_s-60,0.0,0.0,0.0,"{""side_a"":""stable"",""side_b"":""transition"",""support_jaccard"":0.0}",True,[],80
location,gradual-ramp-v1__location__stable__duration_s-20-magnitude_rps-8-start_s-420,gradual-ramp-v1__location__transition__duration_s-20-magnitude_rps-10-start_s-60,0.22222222222222232,0.22222222222222227,18.518518518518526,"{""side_a"":""stable"",""side_b"":""transition"",""support_jaccard"":0.0}",False,"[""mae_tolerance"",""rmse_tolerance""]",82
location,gradual-ramp-v1__location__stable__duration_s-20-magnitude_rps-8-start_s-420,gradual-ramp-v1__location__transition__duration_s-30-magnitude_rps-4-start_s-60,0.2857142857142857,0.48081641154691507,30.312928003944787,"{""side_a"":""stable"",""side_b"":""transition"",""support_jaccard"":0.0}",False,"[""mae_tolerance"",""rmse_tolerance""]",74
location,gradual-ramp-v1__location__stable__duration_s-20-magnitude_rps-8-start_s-420,gradual-ramp-v1__location__transition__duration_s-30-magnitude_rps-6-start_s-60,0.11764705882352948,0.08489846928149027,8.71230191722615,"{""side_a"":""stable"",""side_b"":""transition"",""support_jaccard"":0.0}",False,"[""mae_tolerance"",""rmse_tolerance""]",72
location,gradual-ramp-v1__location__stable__duration_s-20-magnitude_rps-8-start_s-420,gradual-ramp-v1__location__transition__duration_s-30-magnitude_rps-8-start_s-60,0.4000000000000001,0.20204102886728761,26.734700962242925,"{""side_a"":""stable"",""side_b"":""transition"",""support_jaccard"":0.0}",False,"[""mae_tolerance"",""rmse_tolerance""]",70
location,gradual-ramp-v1__location__stable__duration_s-20-magnitude_rps-8-start_s-420,gradual-ramp-v1__location__transition__duration_s-30-magnitude_rps-10-start_s-60,0.6086956521739131,0.41955396691501745,44.41991483919624,"{""side_a"":""stable"",""side_b"":""transition"",""support_jaccard"":0.0}",False,"[""mae_tolerance"",""rmse_tolerance""]",72
location,gradual-ramp-v1__location__stable__duration_s-20-magnitude_rps-8-start_s-420,gradual-ramp-v1__location__transition__duration_s-45-magnitude_rps-4-start_s-60,0.11764705882352948,0.2857142857142858,15.406162464986,"{""side_a"":""stable"",""side_b"":""transition"",""support_jaccard"":0.0}",False,"[""mae_tolerance"",""rmse_tolerance""]",59
location,gradual-ramp-v1__location__stable__duration_s-20-magnitude_rps-8-start_s-420,gradual-ramp-v1__location__transition__duration_s-45-magnitude_rps-6-start_s-60,0.5116279069767443,0.11764705882352944,29.502963976288196,"{""side_a"":""stable"",""side_b"":""transition"",""support_jaccard"":0.0}",False,"[""mae_tolerance"",""rmse_tolerance""]",57
location,gradual-ramp-v1__location__stable__duration_s-20-magnitude_rps-8-start_s-420,gradual-ramp-v1__location__transition__duration_s-45-magnitude_rps-8-start_s-60,0.7692307692307693,0.39999999999999997,51.794871794871796,"{""side_a"":""stable"",""side_b"":""transition"",""support_jaccard"":0.0}",False,"[""mae_tolerance"",""rmse_tolerance""]",55
location,gradual-ramp-v1__location__stable__duration_s-20-magnitude_rps-8-start_s-420,gradual-ramp-v1__location__transition__duration_s-45-magnitude_rps-10-start_s-60,0.9508196721311477,0.6086956521739131,67.83083867902116,"{""side_a"":""stable"",""side_b"":""transition"",""support_jaccard"":0.0}",False,"[""mae_tolerance"",""rmse_tolerance""]",57
location,gradual-ramp-v1__location__stable__duration_s-20-magnitude_rps-8-start_s-420,gradual-ramp-v1__location__transition__duration_s-60-magnitude_rps-4-start_s-60,0.4000000000000001,0.14359353944898157,24.786451314966058,"{""side_a"":""stable"",""side_b"":""transition"",""support_jaccard"":0.0}",False,"[""mae_tolerance"",""rmse_tolerance""]",44
location,gradual-ramp-v1__location__stable__duration_s-20-magnitude_rps-8-start_s-420,gradual-ramp-v1__location__transition__duration_s-60-magnitude_rps-6-start_s-60,0.7692307692307693,0.26014193060853535,47.13293614848964,"{""side_a"":""stable"",""side_b"":""transition"",""support_jaccard"":0.0}",False,"[""mae_tolerance"",""rmse_tolerance""]",42
location,gradual-ramp-v1__location__stable__duration_s-20-magnitude_rps-8-start_s-420,gradual-ramp-v1__location__transition__duration_s-60-magnitude_rps-8-start_s-60,1.0000000000000002,0.5358983848622455,67.8632794954082,"{""side_a"":""stable"",""side_b"":""transition"",""support_jaccard"":0.0}",False,"[""mae_tolerance"",""rmse_tolerance""]",40
location,gradual-ramp-v1__location__stable__duration_s-20-magnitude_rps-8-start_s-420,gradual-ramp-v1__location__transition__duration_s-60-magnitude_rps-10-start_s-60,1.1578947368421053,0.7362022948218613,82.43481333616731,"{""side_a"":""stable"",""side_b"":""transition"",""support_jaccard"":0.0}",False,"[""mae_tolerance"",""rmse_tolerance""]",42
location,gradual-ramp-v1__location__stable__duration_s-20-magnitude_rps-10-start_s-420,gradual-ramp-v1__location__transition__duration_s-20-magnitude_rps-4-start_s-60,0.8571428571428571,0.8571428571428572,71.42857142857143,"{""side_a"":""stable"",""side_b"":""transition"",""support_jaccard"":0.0}",False,"[""mae_below_minimum"",""mae_tolerance"",""rmse_tolerance""]",86
location,gradual-ramp-v1__location__stable__duration_s-20-magnitude_rps-10-start_s-420,gradual-ramp-v1__location__transition__duration_s-20-magnitude_rps-6-start_s-60,0.5,0.5000000000000001,41.66666666666667,"{""side_a"":""stable"",""side_b"":""transition"",""support_jaccard"":0.0}",False,"[""mae_tolerance"",""rmse_tolerance""]",84
location,gradual-ramp-v1__location__stable__duration_s-20-magnitude_rps-10-start_s-420,gradual-ramp-v1__location__transition__duration_s-20-magnitude_rps-8-start_s-60,0.22222222222222232,0.22222222222222227,18.518518518518526,"{""side_a"":""stable"",""side_b"":""transition"",""support_jaccard"":0.0}",False,"[""mae_tolerance"",""rmse_tolerance""]",82
location,gradual-ramp-v1__location__stable__duration_s-20-magnitude_rps-10-start_s-420,gradual-ramp-v1__location__transition__duration_s-20-magnitude_rps-10-start_s-60,0.0,0.0,0.0,"{""side_a"":""stable"",""side_b"":""transition"",""support_jaccard"":0.0}",True,[],84
location,gradual-ramp-v1__location__stable__duration_s-20-magnitude_rps-10-start_s-420,gradual-ramp-v1__location__transition__duration_s-30-magnitude_rps-4-start_s-60,0.5,0.684747639175602,47.8249213058534,"{""side_a"":""stable"",""side_b"":""transition"",""support_jaccard"":0.0}",False,"[""mae_tolerance"",""rmse_tolerance""]",76
location,gradual-ramp-v1__location__stable__duration_s-20-magnitude_rps-10-start_s-420,gradual-ramp-v1__location__transition__duration_s-30-magnitude_rps-6-start_s-60,0.10526315789473688,0.30567893186997025,15.452455623735851,"{""side_a"":""stable"",""side_b"":""transition"",""support_jaccard"":0.0}",False,"[""mae_tolerance"",""rmse_tolerance""]",74
location,gradual-ramp-v1__location__stable__duration_s-20-magnitude_rps-10-start_s-420,gradual-ramp-v1__location__transition__duration_s-30-magnitude_rps-8-start_s-60,0.18181818181818177,0.020410288672876125,9.771252046671625,"{""side_a"":""stable"",""side_b"":""transition"",""support_jaccard"":0.0}",False,"[""mae_tolerance""]",72
location,gradual-ramp-v1__location__stable__duration_s-20-magnitude_rps-10-start_s-420,gradual-ramp-v1__location__transition__duration_s-30-magnitude_rps-10-start_s-60,0.3999999999999999,0.20204102886728753,26.734700962242915,"{""side_a"":""stable"",""side_b"":""transition"",""support_jaccard"":0.0}",False,"[""mae_tolerance"",""rmse_tolerance""]",74
location,gradual-ramp-v1__location__stable__duration_s-20-magnitude_rps-10-start_s-420,gradual-ramp-v1__location__transition__duration_s-45-magnitude_rps-4-start_s-60,0.10526315789473688,0.5000000000000001,21.929824561403514,"{""side_a"":""stable"",""side_b"":""transition"",""support_jaccard"":0.0}",False,"[""mae_tolerance"",""rmse_tolerance""]",61
location,gradual-ramp-v1__location__stable__duration_s-20-magnitude_rps-10-start_s-420,gradual-ramp-v1__location__transition__duration_s-45-magnitude_rps-6-start_s-60,0.29787234042553185,0.10526315789473686,18.402388951101155,"{""side_a"":""stable"",""side_b"":""transition"",""support_jaccard"":0.0}",False,"[""mae_tolerance"",""rmse_tolerance""]",59
location,gradual-ramp-v1__location__stable__duration_s-20-magnitude_rps-10-start_s-420,gradual-ramp-v1__location__transition__duration_s-45-magnitude_rps-8-start_s-60,0.5714285714285714,0.18181818181818168,34.632034632034625,"{""side_a"":""stable"",""side_b"":""transition"",""support_jaccard"":0.0}",False,"[""mae_tolerance"",""rmse_tolerance""]",57
location,gradual-ramp-v1__location__stable__duration_s-20-magnitude_rps-10-start_s-420,gradual-ramp-v1__location__transition__duration_s-45-magnitude_rps-10-start_s-60,0.769230769230769,0.39999999999999997,51.79487179487178,"{""side_a"":""stable"",""side_b"":""transition"",""support_jaccard"":0.0}",False,"[""mae_tolerance"",""rmse_tolerance""]",59
location,gradual-ramp-v1__location__stable__duration_s-20-magnitude_rps-10-start_s-420,gradual-ramp-v1__location__transition__duration_s-60-magnitude_rps-4-start_s-60,0.18181818181818177,0.36292059209576216,21.188262160767827,"{""side_a"":""stable"",""side_b"":""transition"",""support_jaccard"":0.0}",False,"[""mae_tolerance"",""rmse_tolerance""]",46
location,gradual-ramp-v1__location__stable__duration_s-20-magnitude_rps-10-start_s-420,gradual-ramp-v1__location__transition__duration_s-60-magnitude_rps-6-start_s-60,0.5714285714285714,0.03847577293368105,29.853954335884605,"{""side_a"":""stable"",""side_b"":""transition"",""support_jaccard"":0.0}",False,"[""mae_tolerance"",""rmse_tolerance""]",44
location,gradual-ramp-v1__location__stable__duration_s-20-magnitude_rps-10-start_s-420,gradual-ramp-v1__location__transition__duration_s-60-magnitude_rps-8-start_s-60,0.8235294117647057,0.3233015388908616,51.953188551264006,"{""side_a"":""stable"",""side_b"":""transition"",""support_jaccard"":0.0}",False,"[""mae_tolerance"",""rmse_tolerance""]",42
location,gradual-ramp-v1__location__stable__duration_s-20-magnitude_rps-10-start_s-420,gradual-ramp-v1__location__transition__duration_s-60-magnitude_rps-10-start_s-60,0.9999999999999999,0.5358983848622454,67.86327949540816,"{""side_a"":""stable"",""side_b"":""transition"",""support_jaccard"":0.0}",False,"[""mae_tolerance"",""rmse_tolerance""]",44
location,gradual-ramp-v1__location__stable__duration_s-30-magnitude_rps-4-start_s-420,gradual-ramp-v1__location__transition__duration_s-20-magnitude_rps-4-start_s-60,0.4000000000000001,0.20204102886728761,26.734700962242925,"{""side_a"":""stable"",""side_b"":""transition"",""support_jaccard"":0.0}",False,"[""mae_below_minimum"",""mae_tolerance"",""rmse_tolerance""]",78
location,gradual-ramp-v1__location__stable__duration_s-30-magnitude_rps-4-start_s-420,gradual-ramp-v1__location__transition__duration_s-20-magnitude_rps-6-start_s-60,0.0,0.20204102886728753,6.734700962242918,"{""side_a"":""stable"",""side_b"":""transition"",""support_jaccard"":0.0}",False,"[""rmse_tolerance""]",76
location,gradual-ramp-v1__location__stable__duration_s-30-magnitude_rps-4-start_s-420,gradual-ramp-v1__location__transition__duration_s-20-magnitude_rps-8-start_s-60,0.2857142857142857,0.48081641154691507,30.312928003944787,"{""side_a"":""stable"",""side_b"":""transition"",""support_jaccard"":0.0}",False,"[""mae_tolerance"",""rmse_tolerance""]",74
location,gradual-ramp-v1__location__stable__duration_s-30-magnitude_rps-4-start_s-420,gradual-ramp-v1__location__transition__duration_s-20-magnitude_rps-10-start_s-60,0.5,0.684747639175602,47.8249213058534,"{""side_a"":""stable"",""side_b"":""transition"",""support_jaccard"":0.0}",False,"[""mae_tolerance"",""rmse_tolerance""]",76
location,gradual-ramp-v1__location__stable__duration_s-30-magnitude_rps-4-start_s-420,gradual-ramp-v1__location__transition__duration_s-30-magnitude_rps-4-start_s-60,0.0,0.0,0.0,"{""side_a"":""stable"",""side_b"":""transition"",""support_jaccard"":0.0}",True,[],68
location,gradual-ramp-v1__location__stable__duration_s-30-magnitude_rps-4-start_s-420,gradual-ramp-v1__location__transition__duration_s-30-magnitude_rps-6-start_s-60,0.4,0.4,33.333333333333336,"{""side_a"":""stable"",""side_b"":""transition"",""support_jaccard"":0.0}",False,"[""mae_tolerance"",""rmse_tolerance""]",66
location,gradual-ramp-v1__location__stable__duration_s-30-magnitude_rps-4-start_s-420,gradual-ramp-v1__location__transition__duration_s-30-magnitude_rps-8-start_s-60,0.6666666666666666,0.6666666666666666,55.55555555555555,"{""side_a"":""stable"",""side_b"":""transition"",""support_jaccard"":0.0}",False,"[""mae_tolerance"",""rmse_tolerance""]",64
location,gradual-ramp-v1__location__stable__duration_s-30-magnitude_rps-4-start_s-420,gradual-ramp-v1__location__transition__duration_s-30-magnitude_rps-10-start_s-60,0.8571428571428571,0.8571428571428571,71.42857142857142,"{""side_a"":""stable"",""side_b"":""transition"",""support_jaccard"":0.0}",False,"[""mae_tolerance"",""rmse_tolerance""]",66
location,gradual-ramp-v1__location__stable__duration_s-30-magnitude_rps-4-start_s-420,gradual-ramp-v1__location__transition__duration_s-45-magnitude_rps-4-start_s-60,0.4,0.20204102886728753,26.73470096224292,"{""side_a"":""stable"",""side_b"":""transition"",""support_jaccard"":0.0}",False,"[""mae_tolerance"",""rmse_tolerance""]",53
location,gradual-ramp-v1__location__stable__duration_s-30-magnitude_rps-4-start_s-420,gradual-ramp-v1__location__transition__duration_s-45-magnitude_rps-6-start_s-60,0.7692307692307693,0.5901182196423014,58.132145782948506,"{""side_a"":""stable"",""side_b"":""transition"",""support_jaccard"":0.0}",False,"[""mae_tolerance"",""rmse_tolerance""]",51
location,gradual-ramp-v1__location__stable__duration_s-30-magnitude_rps-4-start_s-420,gradual-ramp-v1__location__transition__duration_s-45-magnitude_rps-8-start_s-60,1.0,0.8404082057734574,78.01360685911524,"{""side_a"":""stable"",""side_b"":""transition"",""support_jaccard"":0.0}",False,"[""mae_tolerance"",""rmse_tolerance""]",49
location,gradual-ramp-v1__location__stable__duration_s-30-magnitude_rps-4-start_s-420,gradual-ramp-v1__location__transition__duration_s-45-magnitude_rps-10-start_s-60,1.1578947368421053,1.0152300043085505,91.73573698572362,"{""side_a"":""stable"",""side_b"":""transition"",""support_jaccard"":0.0}",False,"[""mae_tolerance"",""rmse_tolerance""]",51
location,gradual-ramp-v1__location__stable__duration_s-30-magnitude_rps-4-start_s-420,gradual-ramp-v1__location__transition__duration_s-60-magnitude_rps-4-start_s-60,0.6666666666666666,0.3431457505076199,44.77152501692066,"{""side_a"":""stable"",""side_b"":""transition"",""support_jaccard"":0.0}",False,"[""mae_tolerance"",""rmse_tolerance""]",38
location,gradual-ramp-v1__location__stable__duration_s-30-magnitude_rps-4-start_s-420,gradual-ramp-v1__location__transition__duration_s-60-magnitude_rps-6-start_s-60,1.0,0.7184910359318369,73.9497011977279,"{""side_a"":""stable"",""side_b"":""transition"",""support_jaccard"":0.0}",False,"[""mae_tolerance"",""rmse_tolerance""]",36
location,gradual-ramp-v1__location__stable__duration_s-30-magnitude_rps-4-start_s-420,gradual-ramp-v1__location__transition__duration_s-60-magnitude_rps-8-start_s-60,1.2,0.9551845001450343,91.83948333816781,"{""side_a"":""stable"",""side_b"":""transition"",""support_jaccard"":0.0}",False,"[""mae_tolerance"",""rmse_tolerance""]",34
location,gradual-ramp-v1__location__stable__duration_s-30-magnitude_rps-4-start_s-420,gradual-ramp-v1__location__transition__duration_s-60-magnitude_rps-10-start_s-60,1.3333333333333333,1.1180751631538304,103.93583877179434,"{""side_a"":""stable"",""side_b"":""transition"",""support_jaccard"":0.0}",False,"[""mae_tolerance"",""rmse_tolerance""]",36
location,gradual-ramp-v1__location__stable__duration_s-30-magnitude_rps-6-start_s-420,gradual-ramp-v1__location__transition__duration_s-20-magnitude_rps-4-start_s-60,0.7692307692307693,0.5901182196423013,58.1321457829485,"{""side_a"":""stable"",""side_b"":""transition"",""support_jaccard"":0.0}",False,"[""mae_below_minimum"",""mae_tolerance"",""rmse_tolerance""]",76
location,gradual-ramp-v1__location__stable__duration_s-30-magnitude_rps-6-start_s-420,gradual-ramp-v1__location__transition__duration_s-20-magnitude_rps-6-start_s-60,0.4,0.2020410288672877,26.734700962242925,"{""side_a"":""stable"",""side_b"":""transition"",""support_jaccard"":0.0}",False,"[""mae_tolerance"",""rmse_tolerance""]",74
location,gradual-ramp-v1__location__stable__duration_s-30-magnitude_rps-6-start_s-420,gradual-ramp-v1__location__transition__duration_s-20-magnitude_rps-8-start_s-60,0.11764705882352948,0.08489846928149027,8.71230191722615,"{""side_a"":""stable"",""side_b"":""transition"",""support_jaccard"":0.0}",False,"[""mae_tolerance"",""rmse_tolerance""]",72
location,gradual-ramp-v1__location__stable__duration_s-30-magnitude_rps-6-start_s-420,gradual-ramp-v1__location__transition__duration_s-20-magnitude_rps-10-start_s-60,0.10526315789473688,0.30567893186997025,15.452455623735851,"{""side_a"":""stable"",""side_b"":""transition"",""support_jaccard"":0.0}",False,"[""mae_tolerance"",""rmse_tolerance""]",74
location,gradual-ramp-v1__location__stable__duration_s-30-magnitude_rps-6-start_s-420,gradual-ramp-v1__location__transition__duration_s-30-magnitude_rps-4-start_s-60,0.4,0.4,33.333333333333336,"{""side_a"":""stable"",""side_b"":""transition"",""support_jaccard"":0.0}",False,"[""mae_tolerance"",""rmse_tolerance""]",66
location,gradual-ramp-v1__location__stable__duration_s-30-magnitude_rps-6-start_s-420,gradual-ramp-v1__location__transition__duration_s-30-magnitude_rps-6-start_s-60,0.0,0.0,0.0,"{""side_a"":""stable"",""side_b"":""transition"",""support_jaccard"":0.0}",True,[],64
location,gradual-ramp-v1__location__stable__duration_s-30-magnitude_rps-6-start_s-420,gradual-ramp-v1__location__transition__duration_s-30-magnitude_rps-8-start_s-60,0.2857142857142857,0.2857142857142857,23.80952380952381,"{""side_a"":""stable"",""side_b"":""transition"",""support_jaccard"":0.0}",False,"[""mae_tolerance"",""rmse_tolerance""]",62
location,gradual-ramp-v1__location__stable__duration_s-30-magnitude_rps-6-start_s-420,gradual-ramp-v1__location__transition__duration_s-30-magnitude_rps-10-start_s-60,0.5,0.5,41.66666666666667,"{""side_a"":""stable"",""side_b"":""transition"",""support_jaccard"":0.0}",False,"[""mae_tolerance"",""rmse_tolerance""]",64
location,gradual-ramp-v1__location__stable__duration_s-30-magnitude_rps-6-start_s-420,gradual-ramp-v1__location__transition__duration_s-45-magnitude_rps-4-start_s-60,0.0,0.2020410288672877,6.734700962242924,"{""side_a"":""stable"",""side_b"":""transition"",""support_jaccard"":0.0}",False,"[""rmse_tolerance""]",51
location,gradual-ramp-v1__location__stable__duration_s-30-magnitude_rps-6-start_s-420,gradual-ramp-v1__location__transition__duration_s-45-magnitude_rps-6-start_s-60,0.4,0.20204102886728764,26.734700962242922,"{""side_a"":""stable"",""side_b"":""transition"",""support_jaccard"":0.0}",False,"[""mae_tolerance"",""rmse_tolerance""]",49
location,gradual-ramp-v1__location__stable__duration_s-30-magnitude_rps-6-start_s-420,gradual-ramp-v1__location__transition__duration_s-45-magnitude_rps-8-start_s-60,0.6666666666666666,0.48081641154691496,49.36054705156383,"{""side_a"":""stable"",""side_b"":""transition"",""support_jaccard"":0.0}",False,"[""mae_tolerance"",""rmse_tolerance""]",47
location,gradual-ramp-v1__location__stable__duration_s-30-magnitude_rps-6-start_s-420,gradual-ramp-v1__location__transition__duration_s-45-magnitude_rps-10-start_s-60,0.8571428571428571,0.684747639175602,65.68206416299626,"{""side_a"":""stable"",""side_b"":""transition"",""support_jaccard"":0.0}",False,"[""mae_tolerance"",""rmse_tolerance""]",49
location,gradual-ramp-v1__location__stable__duration_s-30-magnitude_rps-6-start_s-420,gradual-ramp-v1__location__transition__duration_s-60-magnitude_rps-4-start_s-60,0.2857142857142857,0.058874503045718764,16.248197720571575,"{""side_a"":""stable"",""side_b"":""transition"",""support_jaccard"":0.0}",False,"[""mae_tolerance"",""rmse_tolerance""]",36
location,gradual-ramp-v1__location__stable__duration_s-30-magnitude_rps-6-start_s-420,gradual-ramp-v1__location__transition__duration_s-60-magnitude_rps-6-start_s-60,0.6666666666666666,0.3431457505076197,44.77152501692065,"{""side_a"":""stable"",""side_b"":""transition"",""support_jaccard"":0.0}",False,"[""mae_tolerance"",""rmse_tolerance""]",34
location,gradual-ramp-v1__location__stable__duration_s-30-magnitude_rps-6-start_s-420,gradual-ramp-v1__location__transition__duration_s-60-magnitude_rps-8-start_s-60,0.9090909090909091,0.6138151741778887,65.91505126047508,"{""side_a"":""stable"",""side_b"":""transition"",""support_jaccard"":0.0}",False,"[""mae_tolerance"",""rmse_tolerance""]",32
location,gradual-ramp-v1__location__stable__duration_s-30-magnitude_rps-6-start_s-420,gradual-ramp-v1__location__transition__duration_s-60-magnitude_rps-10-start_s-60,1.0769230769230769,0.8084679575027878,80.79508576291343,"{""side_a"":""stable"",""side_b"":""transition"",""support_jaccard"":0.0}",False,"[""mae_tolerance"",""rmse_tolerance""]",34
location,gradual-ramp-v1__location__stable__duration_s-30-magnitude_rps-8-start_s-420,gradual-ramp-v1__location__transition__duration_s-20-magnitude_rps-4-start_s-60,1.0000000000000002,0.8404082057734574,78.01360685911526,"{""side_a"":""stable"",""side_b"":""transition"",""support_jaccard"":0.0}",False,"[""mae_below_minimum"",""mae_tolerance"",""rmse_tolerance""]",74
location,gradual-ramp-v1__location__stable__duration_s-30-magnitude_rps-8-start_s-420,gradual-ramp-v1__location__transition__duration_s-20-magnitude_rps-6-start_s-60,0.6666666666666666,0.4808164115469151,49.360547051563834,"{""side_a"":""stable"",""side_b"":""transition"",""support_jaccard"":0.0}",False,"[""mae_tolerance"",""rmse_tolerance""]",72
location,gradual-ramp-v1__location__stable__duration_s-30-magnitude_rps-8-start_s-420,gradual-ramp-v1__location__transition__duration_s-20-magnitude_rps-8-start_s-60,0.4000000000000001,0.20204102886728761,26.734700962242925,"{""side_a"":""stable"",""side_b"":""transition"",""support_jaccard"":0.0}",False,"[""mae_tolerance"",""rmse_tolerance""]",70
location,gradual-ramp-v1__location__stable__duration_s-30-magnitude_rps-8-start_s-420,gradual-ramp-v1__location__transition__duration_s-20-magnitude_rps-10-start_s-60,0.18181818181818177,0.020410288672876125,9.771252046671625,"{""side_a"":""stable"",""side_b"":""transition"",""support_jaccard"":0.0}",False,"[""mae_tolerance""]",72
location,gradual-ramp-v1__location__stable__duration_s-30-magnitude_rps-8-start_s-420,gradual-ramp-v1__location__transition__duration_s-30-magnitude_rps-4-start_s-60,0.6666666666666666,0.6666666666666666,55.55555555555555,"{""side_a"":""stable"",""side_b"":""transition"",""support_jaccard"":0.0}",False,"[""mae_tolerance"",""rmse_tolerance""]",64
location,gradual-ramp-v1__location__stable__duration_s-30-magnitude_rps-8-start_s-420,gradual-ramp-v1__location__transition__duration_s-30-magnitude_rps-6-start_s-60,0.2857142857142857,0.2857142857142857,23.80952380952381,"{""side_a"":""stable"",""side_b"":""transition"",""support_jaccard"":0.0}",False,"[""mae_tolerance"",""rmse_tolerance""]",62
location,gradual-ramp-v1__location__stable__duration_s-30-magnitude_rps-8-start_s-420,gradual-ramp-v1__location__transition__duration_s-30-magnitude_rps-8-start_s-60,0.0,0.0,0.0,"{""side_a"":""stable"",""side_b"":""transition"",""support_jaccard"":0.0}",True,[],60
location,gradual-ramp-v1__location__stable__duration_s-30-magnitude_rps-8-start_s-420,gradual-ramp-v1__location__transition__duration_s-30-magnitude_rps-10-start_s-60,0.2222222222222222,0.2222222222222222,18.51851851851852,"{""side_a"":""stable"",""side_b"":""transition"",""support_jaccard"":0.0}",False,"[""mae_tolerance"",""rmse_tolerance""]",62
location,gradual-ramp-v1__location__stable__duration_s-30-magnitude_rps-8-start_s-420,gradual-ramp-v1__location__transition__duration_s-45-magnitude_rps-4-start_s-60,0.2857142857142857,0.4808164115469151,30.31292800394479,"{""side_a"":""stable"",""side_b"":""transition"",""support_jaccard"":0.0}",False,"[""mae_tolerance"",""rmse_tolerance""]",49
location,gradual-ramp-v1__location__stable__duration_s-30-magnitude_rps-8-start_s-420,gradual-ramp-v1__location__transition__duration_s-45-magnitude_rps-6-start_s-60,0.11764705882352941,0.08489846928149022,8.712301917226144,"{""side_a"":""stable"",""side_b"":""transition"",""support_jaccard"":0.0}",False,"[""mae_tolerance"",""rmse_tolerance""]",47
location,gradual-ramp-v1__location__stable__duration_s-30-magnitude_rps-8-start_s-420,gradual-ramp-v1__location__transition__duration_s-45-magnitude_rps-8-start_s-60,0.4,0.20204102886728753,26.73470096224292,"{""side_a"":""stable"",""side_b"":""transition"",""support_jaccard"":0.0}",False,"[""mae_tolerance"",""rmse_tolerance""]",45
location,gradual-ramp-v1__location__stable__duration_s-30-magnitude_rps-8-start_s-420,gradual-ramp-v1__location__transition__duration_s-45-magnitude_rps-10-start_s-60,0.6086956521739131,0.41955396691501745,44.41991483919624,"{""side_a"":""stable"",""side_b"":""transition"",""support_jaccard"":0.0}",False,"[""mae_tolerance"",""rmse_tolerance""]",47
location,gradual-ramp-v1__location__stable__duration_s-30-magnitude_rps-8-start_s-420,gradual-ramp-v1__location__transition__duration_s-60-magnitude_rps-4-start_s-60,0.0,0.34314575050761975,11.438191683587325,"{""side_a"":""stable"",""side_b"":""transition"",""support_jaccard"":0.0}",False,"[""rmse_tolerance""]",34
location,gradual-ramp-v1__location__stable__duration_s-30-magnitude_rps-8-start_s-420,gradual-ramp-v1__location__transition__duration_s-60-magnitude_rps-6-start_s-60,0.4,0.05887450304571875,21.96248343485729,"{""side_a"":""stable"",""side_b"":""transition"",""support_jaccard"":0.0}",False,"[""mae_tolerance"",""rmse_tolerance""]",32
location,gradual-ramp-v1__location__stable__duration_s-30-magnitude_rps-8-start_s-420,gradual-ramp-v1__location__transition__duration_s-60-magnitude_rps-8-start_s-60,0.6666666666666666,0.3431457505076199,44.77152501692066,"{""side_a"":""stable"",""side_b"":""transition"",""support_jaccard"":0.0}",False,"[""mae_tolerance"",""rmse_tolerance""]",30
location,gradual-ramp-v1__location__stable__duration_s-30-magnitude_rps-8-start_s-420,gradual-ramp-v1__location__transition__duration_s-60-magnitude_rps-10-start_s-60,0.8571428571428571,0.5547916179456588,61.35019678866482,"{""side_a"":""stable"",""side_b"":""transition"",""support_jaccard"":0.0}",False,"[""mae_tolerance"",""rmse_tolerance""]",32
location,gradual-ramp-v1__location__stable__duration_s-30-magnitude_rps-10-start_s-420,gradual-ramp-v1__location__transition__duration_s-20-magnitude_rps-4-start_s-60,1.1578947368421053,1.0152300043085503,91.7357369857236,"{""side_a"":""stable"",""side_b"":""transition"",""support_jaccard"":0.0}",False,"[""mae_below_minimum"",""mae_tolerance"",""rmse_tolerance""]",76
location,gradual-ramp-v1__location__stable__duration_s-30-magnitude_rps-10-start_s-420,gradual-ramp-v1__location__transition__duration_s-20-magnitude_rps-6-start_s-60,0.8571428571428571,0.6847476391756021,65.68206416299626,"{""side_a"":""stable"",""side_b"":""transition"",""support_jaccard"":0.0}",False,"[""mae_tolerance"",""rmse_tolerance""]",74
location,gradual-ramp-v1__location__stable__duration_s-30-magnitude_rps-10-start_s-420,gradual-ramp-v1__location__transition__duration_s-20-magnitude_rps-8-start_s-60,0.6086956521739131,0.41955396691501745,44.41991483919624,"{""side_a"":""stable"",""side_b"":""transition"",""support_jaccard"":0.0}",False,"[""mae_tolerance"",""rmse_tolerance""]",72
location,gradual-ramp-v1__location__stable__duration_s-30-magnitude_rps-10-start_s-420,gradual-ramp-v1__location__transition__duration_s-20-magnitude_rps-10-start_s-60,0.3999999999999999,0.20204102886728753,26.734700962242915,"{""side_a"":""stable"",""side_b"":""transition"",""support_jaccard"":0.0}",False,"[""mae_tolerance"",""rmse_tolerance""]",74
location,gradual-ramp-v1__location__stable__duration_s-30-magnitude_rps-10-start_s-420,gradual-ramp-v1__location__transition__duration_s-30-magnitude_rps-4-start_s-60,0.8571428571428571,0.8571428571428571,71.42857142857142,"{""side_a"":""stable"",""side_b"":""transition"",""support_jaccard"":0.0}",False,"[""mae_tolerance"",""rmse_tolerance""]",66
location,gradual-ramp-v1__location__stable__duration_s-30-magnitude_rps-10-start_s-420,gradual-ramp-v1__location__transition__duration_s-30-magnitude_rps-6-start_s-60,0.5,0.5,41.66666666666667,"{""side_a"":""stable"",""side_b"":""transition"",""support_jaccard"":0.0}",False,"[""mae_tolerance"",""rmse_tolerance""]",64
location,gradual-ramp-v1__location__stable__duration_s-30-magnitude_rps-10-start_s-420,gradual-ramp-v1__location__transition__duration_s-30-magnitude_rps-8-start_s-60,0.2222222222222222,0.2222222222222222,18.51851851851852,"{""side_a"":""stable"",""side_b"":""transition"",""support_jaccard"":0.0}",False,"[""mae_tolerance"",""rmse_tolerance""]",62
location,gradual-ramp-v1__location__stable__duration_s-30-magnitude_rps-10-start_s-420,gradual-ramp-v1__location__transition__duration_s-30-magnitude_rps-10-start_s-60,0.0,0.0,0.0,"{""side_a"":""stable"",""side_b"":""transition"",""support_jaccard"":0.0}",True,[],64
location,gradual-ramp-v1__location__stable__duration_s-30-magnitude_rps-10-start_s-420,gradual-ramp-v1__location__transition__duration_s-45-magnitude_rps-4-start_s-60,0.5,0.6847476391756021,47.82492130585341,"{""side_a"":""stable"",""side_b"":""transition"",""support_jaccard"":0.0}",False,"[""mae_tolerance"",""rmse_tolerance""]",51
location,gradual-ramp-v1__location__stable__duration_s-30-magnitude_rps-10-start_s-420,gradual-ramp-v1__location__transition__duration_s-45-magnitude_rps-6-start_s-60,0.10526315789473684,0.30567893186997014,15.452455623735847,"{""side_a"":""stable"",""side_b"":""transition"",""support_jaccard"":0.0}",False,"[""mae_tolerance"",""rmse_tolerance""]",49
location,gradual-ramp-v1__location__stable__duration_s-30-magnitude_rps-10-start_s-420,gradual-ramp-v1__location__transition__duration_s-45-magnitude_rps-8-start_s-60,0.18181818181818182,0.02041028867287616,9.77125204667163,"{""side_a"":""stable"",""side_b"":""transition"",""support_jaccard"":0.0}",False,"[""mae_tolerance""]",47
location,gradual-ramp-v1__location__stable__duration_s-30-magnitude_rps-10-start_s-420,gradual-ramp-v1__location__transition__duration_s-45-magnitude_rps-10-start_s-60,0.4,0.2020410288672876,26.73470096224292,"{""side_a"":""stable"",""side_b"":""transition"",""support_jaccard"":0.0}",False,"[""mae_tolerance"",""rmse_tolerance""]",49
location,gradual-ramp-v1__location__stable__duration_s-30-magnitude_rps-10-start_s-420,gradual-ramp-v1__location__transition__duration_s-60-magnitude_rps-4-start_s-60,0.2222222222222222,0.5547916179456587,29.604165042633067,"{""side_a"":""stable"",""side_b"":""transition"",""support_jaccard"":0.0}",False,"[""mae_tolerance"",""rmse_tolerance""]",36
location,gradual-ramp-v1__location__stable__duration_s-30-magnitude_rps-10-start_s-420,gradual-ramp-v1__location__transition__duration_s-60-magnitude_rps-6-start_s-60,0.18181818181818182,0.16388375108775682,14.55370079383432,"{""side_a"":""stable"",""side_b"":""transition"",""support_jaccard"":0.0}",False,"[""mae_tolerance"",""rmse_tolerance""]",34
location,gradual-ramp-v1__location__stable__duration_s-30-magnitude_rps-10-start_s-420,gradual-ramp-v1__location__transition__duration_s-60-magnitude_rps-8-start_s-60,0.46153846153846156,0.1232735728789138,27.18604217288687,"{""side_a"":""stable"",""side_b"":""transition"",""support_jaccard"":0.0}",False,"[""mae_tolerance"",""rmse_tolerance""]",32
location,gradual-ramp-v1__location__stable__duration_s-30-magnitude_rps-10-start_s-420,gradual-ramp-v1__location__transition__duration_s-60-magnitude_rps-10-start_s-60,0.6666666666666666,0.34314575050761986,44.771525016920656,"{""side_a"":""stable"",""side_b"":""transition"",""support_jaccard"":0.0}",False,"[""mae_tolerance"",""rmse_tolerance""]",34
location,gradual-ramp-v1__location__stable__duration_s-45-magnitude_rps-4-start_s-420,gradual-ramp-v1__location__transition__duration_s-20-magnitude_rps-4-start_s-60,0.7692307692307693,0.39999999999999997,51.794871794871796,"{""side_a"":""stable"",""side_b"":""transition"",""support_jaccard"":0.0}",False,"[""mae_below_minimum"",""mae_tolerance"",""rmse_tolerance""]",63
location,gradual-ramp-v1__location__stable__duration_s-45-magnitude_rps-4-start_s-420,gradual-ramp-v1__location__transition__duration_s-20-magnitude_rps-6-start_s-60,0.4,0.0,20.0,"{""side_a"":""stable"",""side_b"":""transition"",""support_jaccard"":0.0}",False,"[""mae_tolerance""]",61
location,gradual-ramp-v1__location__stable__duration_s-45-magnitude_rps-4-start_s-420,gradual-ramp-v1__location__transition__duration_s-20-magnitude_rps-8-start_s-60,0.11764705882352948,0.2857142857142858,15.406162464986,"{""side_a"":""stable"",""side_b"":""transition"",""support_jaccard"":0.0}",False,"[""mae_tolerance"",""rmse_tolerance""]",59
location,gradual-ramp-v1__location__stable__duration_s-45-magnitude_rps-4-start_s-420,gradual-ramp-v1__location__transition__duration_s-20-magnitude_rps-10-start_s-60,0.10526315789473688,0.5000000000000001,21.929824561403514,"{""side_a"":""stable"",""side_b"":""transition"",""support_jaccard"":0.0}",False,"[""mae_tolerance"",""rmse_tolerance""]",61
location,gradual-ramp-v1__location__stable__duration_s-45-magnitude_rps-4-start_s-420,gradual-ramp-v1__location__transition__duration_s-30-magnitude_rps-4-start_s-60,0.4,0.20204102886728753,26.73470096224292,"{""side_a"":""stable"",""side_b"":""transition"",""support_jaccard"":0.0}",False,"[""mae_tolerance"",""rmse_tolerance""]",53
location,gradual-ramp-v1__location__stable__duration_s-45-magnitude_rps-4-start_s-420,gradual-ramp-v1__location__transition__duration_s-30-magnitude_rps-6-start_s-60,0.0,0.2020410288672877,6.734700962242924,"{""side_a"":""stable"",""side_b"":""transition"",""support_jaccard"":0.0}",False,"[""rmse_tolerance""]",51
location,gradual-ramp-v1__location__stable__duration_s-45-magnitude_rps-4-start_s-420,gradual-ramp-v1__location__transition__duration_s-30-magnitude_rps-8-start_s-60,0.2857142857142857,0.4808164115469151,30.31292800394479,"{""side_a"":""stable"",""side_b"":""transition"",""support_jaccard"":0.0}",False,"[""mae_tolerance"",""rmse_tolerance""]",49
location,gradual-ramp-v1__location__stable__duration_s-45-magnitude_rps-4-start_s-420,gradual-ramp-v1__location__transition__duration_s-30-magnitude_rps-10-start_s-60,0.5,0.6847476391756021,47.82492130585341,"{""side_a"":""stable"",""side_b"":""transition"",""support_jaccard"":0.0}",False,"[""mae_tolerance"",""rmse_tolerance""]",51
location,gradual-ramp-v1__location__stable__duration_s-45-magnitude_rps-4-start_s-420,gradual-ramp-v1__location__transition__duration_s-45-magnitude_rps-4-start_s-60,0.0,0.0,0.0,"{""side_a"":""stable"",""side_b"":""transition"",""support_jaccard"":0.0}",True,[],38
location,gradual-ramp-v1__location__stable__duration_s-45-magnitude_rps-4-start_s-420,gradual-ramp-v1__location__transition__duration_s-45-magnitude_rps-6-start_s-60,0.4,0.40000000000000013,33.333333333333336,"{""side_a"":""stable"",""side_b"":""transition"",""support_jaccard"":0.0}",False,"[""mae_tolerance"",""rmse_tolerance""]",36
location,gradual-ramp-v1__location__stable__duration_s-45-magnitude_rps-4-start_s-420,gradual-ramp-v1__location__transition__duration_s-45-magnitude_rps-8-start_s-60,0.6666666666666666,0.6666666666666666,55.55555555555555,"{""side_a"":""stable"",""side_b"":""transition"",""support_jaccard"":0.0}",False,"[""mae_tolerance"",""rmse_tolerance""]",34
location,gradual-ramp-v1__location__stable__duration_s-45-magnitude_rps-4-start_s-420,gradual-ramp-v1__location__transition__duration_s-45-magnitude_rps-10-start_s-60,0.8571428571428571,0.8571428571428573,71.42857142857143,"{""side_a"":""stable"",""side_b"":""transition"",""support_jaccard"":0.0}",False,"[""mae_tolerance"",""rmse_tolerance""]",36
location,gradual-ramp-v1__location__stable__duration_s-45-magnitude_rps-4-start_s-420,gradual-ramp-v1__location__transition__duration_s-60-magnitude_rps-4-start_s-60,0.2857142857142857,0.1435935394489818,19.072165600680343,"{""side_a"":""stable"",""side_b"":""transition"",""support_jaccard"":0.0}",False,"[""mae_tolerance"",""rmse_tolerance""]",23
location,gradual-ramp-v1__location__stable__duration_s-45-magnitude_rps-4-start_s-420,gradual-ramp-v1__location__transition__duration_s-60-magnitude_rps-6-start_s-60,0.6666666666666666,0.5358983848622454,51.19661282874151,"{""side_a"":""stable"",""side_b"":""transition"",""support_jaccard"":0.0}",False,"[""mae_tolerance"",""rmse_tolerance""]",21
location,gradual-ramp-v1__location__stable__duration_s-45-magnitude_rps-4-start_s-420,gradual-ramp-v1__location__transition__duration_s-60-magnitude_rps-8-start_s-60,0.9090909090909091,0.7913220829921511,71.8319482209505,"{""side_a"":""stable"",""side_b"":""transition"",""support_jaccard"":0.0}",False,"[""mae_tolerance"",""rmse_tolerance""]",19
location,gradual-ramp-v1__location__stable__duration_s-45-magnitude_rps-4-start_s-420,gradual-ramp-v1__location__transition__duration_s-60-magnitude_rps-10-start_s-60,1.0769230769230769,0.9708629022101115,86.20825058649089,"{""side_a"":""stable"",""side_b"":""transition"",""support_jaccard"":0.0}",False,"[""mae_tolerance"",""rmse_tolerance""]",21
location,gradual-ramp-v1__location__stable__duration_s-45-magnitude_rps-6-start_s-420,gradual-ramp-v1__location__transition__duration_s-20-magnitude_rps-4-start_s-60,1.0857142857142859,0.7692307692307693,79.92673992673994,"{""side_a"":""stable"",""side_b"":""transition"",""support_jaccard"":0.0}",False,"[""mae_below_minimum"",""mae_tolerance"",""rmse_tolerance""]",61
location,gradual-ramp-v1__location__stable__duration_s-45-magnitude_rps-6-start_s-420,gradual-ramp-v1__location__transition__duration_s-20-magnitude_rps-6-start_s-60,0.7692307692307693,0.40000000000000013,51.794871794871796,"{""side_a"":""stable"",""side_b"":""transition"",""support_jaccard"":0.0}",False,"[""mae_tolerance"",""rmse_tolerance""]",59
location,gradual-ramp-v1__location__stable__duration_s-45-magnitude_rps-6-start_s-420,gradual-ramp-v1__location__transition__duration_s-20-magnitude_rps-8-start_s-60,0.5116279069767443,0.11764705882352944,29.502963976288196,"{""side_a"":""stable"",""side_b"":""transition"",""support_jaccard"":0.0}",False,"[""mae_tolerance"",""rmse_tolerance""]",57
location,gradual-ramp-v1__location__stable__duration_s-45-magnitude_rps-6-start_s-420,gradual-ramp-v1__location__transition__duration_s-20-magnitude_rps-10-start_s-60,0.29787234042553185,0.10526315789473686,18.402388951101155,"{""side_a"":""stable"",""side_b"":""transition"",""support_jaccard"":0.0}",False,"[""mae_tolerance"",""rmse_tolerance""]",59
location,gradual-ramp-v1__location__stable__duration_s-45-magnitude_rps-6-start_s-420,gradual-ramp-v1__location__transition__duration_s-30-magnitude_rps-4-start_s-60,0.7692307692307693,0.5901182196423014,58.132145782948506,"{""side_a"":""stable"",""side_b"":""transition"",""support_jaccard"":0.0}",False,"[""mae_tolerance"",""rmse_tolerance""]",51
location,gradual-ramp-v1__location__stable__duration_s-45-magnitude_rps-6-start_s-420,gradual-ramp-v1__location__transition__duration_s-30-magnitude_rps-6-start_s-60,0.4,0.20204102886728764,26.734700962242922,"{""side_a"":""stable"",""side_b"":""transition"",""support_jaccard"":0.0}",False,"[""mae_tolerance"",""rmse_tolerance""]",49
location,gradual-ramp-v1__location__stable__duration_s-45-magnitude_rps-6-start_s-420,gradual-ramp-v1__location__transition__duration_s-30-magnitude_rps-8-start_s-60,0.11764705882352941,0.08489846928149022,8.712301917226144,"{""side_a"":""stable"",""side_b"":""transition"",""support_jaccard"":0.0}",False,"[""mae_tolerance"",""rmse_tolerance""]",47
location,gradual-ramp-v1__location__stable__duration_s-45-magnitude_rps-6-start_s-420,gradual-ramp-v1__location__transition__duration_s-30-magnitude_rps-10-start_s-60,0.10526315789473684,0.30567893186997014,15.452455623735847,"{""side_a"":""stable"",""side_b"":""transition"",""support_jaccard"":0.0}",False,"[""mae_tolerance"",""rmse_tolerance""]",49
location,gradual-ramp-v1__location__stable__duration_s-45-magnitude_rps-6-start_s-420,gradual-ramp-v1__location__transition__duration_s-45-magnitude_rps-4-start_s-60,0.4,0.40000000000000013,33.333333333333336,"{""side_a"":""stable"",""side_b"":""transition"",""support_jaccard"":0.0}",False,"[""mae_tolerance"",""rmse_tolerance""]",36
location,gradual-ramp-v1__location__stable__duration_s-45-magnitude_rps-6-start_s-420,gradual-ramp-v1__location__transition__duration_s-45-magnitude_rps-6-start_s-60,0.0,0.0,0.0,"{""side_a"":""stable"",""side_b"":""transition"",""support_jaccard"":0.0}",True,[],34
location,gradual-ramp-v1__location__stable__duration_s-45-magnitude_rps-6-start_s-420,gradual-ramp-v1__location__transition__duration_s-45-magnitude_rps-8-start_s-60,0.2857142857142857,0.28571428571428564,23.809523809523807,"{""side_a"":""stable"",""side_b"":""transition"",""support_jaccard"":0.0}",False,"[""mae_tolerance"",""rmse_tolerance""]",32
location,gradual-ramp-v1__location__stable__duration_s-45-magnitude_rps-6-start_s-420,gradual-ramp-v1__location__transition__duration_s-45-magnitude_rps-10-start_s-60,0.5,0.5,41.66666666666667,"{""side_a"":""stable"",""side_b"":""transition"",""support_jaccard"":0.0}",False,"[""mae_tolerance"",""rmse_tolerance""]",34
location,gradual-ramp-v1__location__stable__duration_s-45-magnitude_rps-6-start_s-420,gradual-ramp-v1__location__transition__duration_s-60-magnitude_rps-4-start_s-60,0.11764705882352941,0.2601419306085354,14.553750628127652,"{""side_a"":""stable"",""side_b"":""transition"",""support_jaccard"":0.0}",False,"[""mae_tolerance"",""rmse_tolerance""]",21
location,gradual-ramp-v1__location__stable__duration_s-45-magnitude_rps-6-start_s-420,gradual-ramp-v1__location__transition__duration_s-60-magnitude_rps-6-start_s-60,0.2857142857142857,0.14359353944898154,19.072165600680336,"{""side_a"":""stable"",""side_b"":""transition"",""support_jaccard"":0.0}",False,"[""mae_tolerance"",""rmse_tolerance""]",19
location,gradual-ramp-v1__location__stable__duration_s-45-magnitude_rps-6-start_s-420,gradual-ramp-v1__location__transition__duration_s-60-magnitude_rps-8-start_s-60,0.56,0.4249492560375076,42.16497520125026,"{""side_a"":""stable"",""side_b"":""transition"",""support_jaccard"":0.0}",False,"[""mae_tolerance"",""rmse_tolerance""]",17
location,gradual-ramp-v1__location__stable__duration_s-45-magnitude_rps-6-start_s-420,gradual-ramp-v1__location__transition__duration_s-60-magnitude_rps-10-start_s-60,0.7586206896551724,0.6322452478319824,59.005876077158035,"{""side_a"":""stable"",""side_b"":""transition"",""support_jaccard"":0.0}",False,"[""mae_tolerance"",""rmse_tolerance""]",19
location,gradual-ramp-v1__location__stable__duration_s-45-magnitude_rps-8-start_s-420,gradual-ramp-v1__location__transition__duration_s-20-magnitude_rps-4-start_s-60,1.272727272727273,0.9999999999999999,96.96969696969697,"{""side_a"":""stable"",""side_b"":""transition"",""support_jaccard"":0.0}",False,"[""mae_below_minimum"",""mae_tolerance"",""rmse_tolerance""]",59
location,gradual-ramp-v1__location__stable__duration_s-45-magnitude_rps-8-start_s-420,gradual-ramp-v1__location__transition__duration_s-20-magnitude_rps-6-start_s-60,1.0,0.6666666666666666,72.22222222222223,"{""side_a"":""stable"",""side_b"":""transition"",""support_jaccard"":0.0}",False,"[""mae_tolerance"",""rmse_tolerance""]",57
location,gradual-ramp-v1__location__stable__duration_s-45-magnitude_rps-8-start_s-420,gradual-ramp-v1__location__transition__duration_s-20-magnitude_rps-8-start_s-60,0.7692307692307693,0.39999999999999997,51.794871794871796,"{""side_a"":""stable"",""side_b"":""transition"",""support_jaccard"":0.0}",False,"[""mae_tolerance"",""rmse_tolerance""]",55
location,gradual-ramp-v1__location__stable__duration_s-45-magnitude_rps-8-start_s-420,gradual-ramp-v1__location__transition__duration_s-20-magnitude_rps-10-start_s-60,0.5714285714285714,0.18181818181818168,34.632034632034625,"{""side_a"":""stable"",""side_b"":""transition"",""support_jaccard"":0.0}",False,"[""mae_tolerance"",""rmse_tolerance""]",57
location,gradual-ramp-v1__location__stable__duration_s-45-magnitude_rps-8-start_s-420,gradual-ramp-v1__location__transition__duration_s-30-magnitude_rps-4-start_s-60,1.0,0.8404082057734574,78.01360685911524,"{""side_a"":""stable"",""side_b"":""transition"",""support_jaccard"":0.0}",False,"[""mae_tolerance"",""rmse_tolerance""]",49
location,gradual-ramp-v1__location__stable__duration_s-45-magnitude_rps-8-start_s-420,gradual-ramp-v1__location__transition__duration_s-30-magnitude_rps-6-start_s-60,0.6666666666666666,0.48081641154691496,49.36054705156383,"{""side_a"":""stable"",""side_b"":""transition"",""support_jaccard"":0.0}",False,"[""mae_tolerance"",""rmse_tolerance""]",47
location,gradual-ramp-v1__location__stable__duration_s-45-magnitude_rps-8-start_s-420,gradual-ramp-v1__location__transition__duration_s-30-magnitude_rps-8-start_s-60,0.4,0.20204102886728753,26.73470096224292,"{""side_a"":""stable"",""side_b"":""transition"",""support_jaccard"":0.0}",False,"[""mae_tolerance"",""rmse_tolerance""]",45
location,gradual-ramp-v1__location__stable__duration_s-45-magnitude_rps-8-start_s-420,gradual-ramp-v1__location__transition__duration_s-30-magnitude_rps-10-start_s-60,0.18181818181818182,0.02041028867287616,9.77125204667163,"{""side_a"":""stable"",""side_b"":""transition"",""support_jaccard"":0.0}",False,"[""mae_tolerance""]",47
location,gradual-ramp-v1__location__stable__duration_s-45-magnitude_rps-8-start_s-420,gradual-ramp-v1__location__transition__duration_s-45-magnitude_rps-4-start_s-60,0.6666666666666666,0.6666666666666666,55.55555555555555,"{""side_a"":""stable"",""side_b"":""transition"",""support_jaccard"":0.0}",False,"[""mae_tolerance"",""rmse_tolerance""]",34
location,gradual-ramp-v1__location__stable__duration_s-45-magnitude_rps-8-start_s-420,gradual-ramp-v1__location__transition__duration_s-45-magnitude_rps-6-start_s-60,0.2857142857142857,0.28571428571428564,23.809523809523807,"{""side_a"":""stable"",""side_b"":""transition"",""support_jaccard"":0.0}",False,"[""mae_tolerance"",""rmse_tolerance""]",32
location,gradual-ramp-v1__location__stable__duration_s-45-magnitude_rps-8-start_s-420,gradual-ramp-v1__location__transition__duration_s-45-magnitude_rps-8-start_s-60,0.0,0.0,0.0,"{""side_a"":""stable"",""side_b"":""transition"",""support_jaccard"":0.0}",True,[],30
location,gradual-ramp-v1__location__stable__duration_s-45-magnitude_rps-8-start_s-420,gradual-ramp-v1__location__transition__duration_s-45-magnitude_rps-10-start_s-60,0.2222222222222222,0.2222222222222223,18.51851851851852,"{""side_a"":""stable"",""side_b"":""transition"",""support_jaccard"":0.0}",False,"[""mae_tolerance"",""rmse_tolerance""]",32
location,gradual-ramp-v1__location__stable__duration_s-45-magnitude_rps-8-start_s-420,gradual-ramp-v1__location__transition__duration_s-60-magnitude_rps-4-start_s-60,0.4,0.5358983848622453,37.86327949540818,"{""side_a"":""stable"",""side_b"":""transition"",""support_jaccard"":0.0}",False,"[""mae_tolerance"",""rmse_tolerance""]",19
location,gradual-ramp-v1__location__stable__duration_s-45-magnitude_rps-8-start_s-420,gradual-ramp-v1__location__transition__duration_s-60-magnitude_rps-6-start_s-60,0.0,0.14359353944898165,4.7864513149660555,"{""side_a"":""stable"",""side_b"":""transition"",""support_jaccard"":0.0}",False,"[""rmse_tolerance""]",17
location,gradual-ramp-v1__location__stable__duration_s-45-magnitude_rps-8-start_s-420,gradual-ramp-v1__location__transition__duration_s-60-magnitude_rps-8-start_s-60,0.2857142857142857,0.1435935394489818,19.072165600680343,"{""side_a"":""stable"",""side_b"":""transition"",""support_jaccard"":0.0}",False,"[""mae_tolerance"",""rmse_tolerance""]",15
location,gradual-ramp-v1__location__stable__duration_s-45-magnitude_rps-8-start_s-420,gradual-ramp-v1__location__transition__duration_s-60-magnitude_rps-10-start_s-60,0.5,0.3629205920957623,37.09735306985874,"{""side_a"":""stable"",""side_b"":""transition"",""support_jaccard"":0.0}",False,"[""mae_tolerance"",""rmse_tolerance""]",17
location,gradual-ramp-v1__location__stable__duration_s-45-magnitude_rps-10-start_s-420,gradual-ramp-v1__location__transition__duration_s-20-magnitude_rps-4-start_s-60,1.3962264150943395,1.157894736842105,108.40781198278714,"{""side_a"":""stable"",""side_b"":""transition"",""support_jaccard"":0.0}",False,"[""mae_below_minimum"",""mae_tolerance"",""rmse_tolerance""]",61
location,gradual-ramp-v1__location__stable__duration_s-45-magnitude_rps-10-start_s-420,gradual-ramp-v1__location__transition__duration_s-20-magnitude_rps-6-start_s-60,1.1578947368421053,0.8571428571428573,86.46616541353384,"{""side_a"":""stable"",""side_b"":""transition"",""support_jaccard"":0.0}",False,"[""mae_tolerance"",""rmse_tolerance""]",59
location,gradual-ramp-v1__location__stable__duration_s-45-magnitude_rps-10-start_s-420,gradual-ramp-v1__location__transition__duration_s-20-magnitude_rps-8-start_s-60,0.9508196721311477,0.6086956521739131,67.83083867902116,"{""side_a"":""stable"",""side_b"":""transition"",""support_jaccard"":0.0}",False,"[""mae_tolerance"",""rmse_tolerance""]",57
location,gradual-ramp-v1__location__stable__duration_s-45-magnitude_rps-10-start_s-420,gradual-ramp-v1__location__transition__duration_s-20-magnitude_rps-10-start_s-60,0.769230769230769,0.39999999999999997,51.79487179487178,"{""side_a"":""stable"",""side_b"":""transition"",""support_jaccard"":0.0}",False,"[""mae_tolerance"",""rmse_tolerance""]",59
location,gradual-ramp-v1__location__stable__duration_s-45-magnitude_rps-10-start_s-420,gradual-ramp-v1__location__transition__duration_s-30-magnitude_rps-4-start_s-60,1.1578947368421053,1.0152300043085505,91.73573698572362,"{""side_a"":""stable"",""side_b"":""transition"",""support_jaccard"":0.0}",False,"[""mae_tolerance"",""rmse_tolerance""]",51
location,gradual-ramp-v1__location__stable__duration_s-45-magnitude_rps-10-start_s-420,gradual-ramp-v1__location__transition__duration_s-30-magnitude_rps-6-start_s-60,0.8571428571428571,0.684747639175602,65.68206416299626,"{""side_a"":""stable"",""side_b"":""transition"",""support_jaccard"":0.0}",False,"[""mae_tolerance"",""rmse_tolerance""]",49
location,gradual-ramp-v1__location__stable__duration_s-45-magnitude_rps-10-start_s-420,gradual-ramp-v1__location__transition__duration_s-30-magnitude_rps-8-start_s-60,0.6086956521739131,0.41955396691501745,44.41991483919624,"{""side_a"":""stable"",""side_b"":""transition"",""support_jaccard"":0.0}",False,"[""mae_tolerance"",""rmse_tolerance""]",47
location,gradual-ramp-v1__location__stable__duration_s-45-magnitude_rps-10-start_s-420,gradual-ramp-v1__location__transition__duration_s-30-magnitude_rps-10-start_s-60,0.4,0.2020410288672876,26.73470096224292,"{""side_a"":""stable"",""side_b"":""transition"",""support_jaccard"":0.0}",False,"[""mae_tolerance"",""rmse_tolerance""]",49
location,gradual-ramp-v1__location__stable__duration_s-45-magnitude_rps-10-start_s-420,gradual-ramp-v1__location__transition__duration_s-45-magnitude_rps-4-start_s-60,0.8571428571428571,0.8571428571428573,71.42857142857143,"{""side_a"":""stable"",""side_b"":""transition"",""support_jaccard"":0.0}",False,"[""mae_tolerance"",""rmse_tolerance""]",36
location,gradual-ramp-v1__location__stable__duration_s-45-magnitude_rps-10-start_s-420,gradual-ramp-v1__location__transition__duration_s-45-magnitude_rps-6-start_s-60,0.5,0.5,41.66666666666667,"{""side_a"":""stable"",""side_b"":""transition"",""support_jaccard"":0.0}",False,"[""mae_tolerance"",""rmse_tolerance""]",34
location,gradual-ramp-v1__location__stable__duration_s-45-magnitude_rps-10-start_s-420,gradual-ramp-v1__location__transition__duration_s-45-magnitude_rps-8-start_s-60,0.2222222222222222,0.2222222222222223,18.51851851851852,"{""side_a"":""stable"",""side_b"":""transition"",""support_jaccard"":0.0}",False,"[""mae_tolerance"",""rmse_tolerance""]",32
location,gradual-ramp-v1__location__stable__duration_s-45-magnitude_rps-10-start_s-420,gradual-ramp-v1__location__transition__duration_s-45-magnitude_rps-10-start_s-60,0.0,0.0,0.0,"{""side_a"":""stable"",""side_b"":""transition"",""support_jaccard"":0.0}",True,[],34
location,gradual-ramp-v1__location__stable__duration_s-45-magnitude_rps-10-start_s-420,gradual-ramp-v1__location__transition__duration_s-60-magnitude_rps-4-start_s-60,0.6086956521739131,0.7362022948218613,54.97485910275769,"{""side_a"":""stable"",""side_b"":""transition"",""support_jaccard"":0.0}",False,"[""mae_tolerance"",""rmse_tolerance""]",21
location,gradual-ramp-v1__location__stable__duration_s-45-magnitude_rps-10-start_s-420,gradual-ramp-v1__location__transition__duration_s-60-magnitude_rps-6-start_s-60,0.2222222222222222,0.3629205920957622,23.20846418096985,"{""side_a"":""stable"",""side_b"":""transition"",""support_jaccard"":0.0}",False,"[""mae_tolerance"",""rmse_tolerance""]",19
location,gradual-ramp-v1__location__stable__duration_s-45-magnitude_rps-10-start_s-420,gradual-ramp-v1__location__transition__duration_s-60-magnitude_rps-8-start_s-60,0.06451612903225806,0.07926098081633019,5.867839145490576,"{""side_a"":""stable"",""side_b"":""transition"",""support_jaccard"":0.0}",False,"[""mae_tolerance"",""rmse_tolerance""]",17
location,gradual-ramp-v1__location__stable__duration_s-45-magnitude_rps-10-start_s-420,gradual-ramp-v1__location__transition__duration_s-60-magnitude_rps-10-start_s-60,0.2857142857142857,0.1435935394489817,19.072165600680343,"{""side_a"":""stable"",""side_b"":""transition"",""support_jaccard"":0.0}",False,"[""mae_tolerance"",""rmse_tolerance""]",19
location,gradual-ramp-v1__location__stable__duration_s-60-magnitude_rps-4-start_s-420,gradual-ramp-v1__location__transition__duration_s-20-magnitude_rps-4-start_s-60,1.0000000000000002,0.5358983848622455,67.8632794954082,"{""side_a"":""stable"",""side_b"":""transition"",""support_jaccard"":0.0}",False,"[""mae_below_minimum"",""mae_tolerance"",""rmse_tolerance""]",48
location,gradual-ramp-v1__location__stable__duration_s-60-magnitude_rps-4-start_s-420,gradual-ramp-v1__location__transition__duration_s-20-magnitude_rps-6-start_s-60,0.6666666666666666,0.1435935394489818,38.11978464829939,"{""side_a"":""stable"",""side_b"":""transition"",""support_jaccard"":0.0}",False,"[""mae_tolerance"",""rmse_tolerance""]",46
location,gradual-ramp-v1__location__stable__duration_s-60-magnitude_rps-4-start_s-420,gradual-ramp-v1__location__transition__duration_s-20-magnitude_rps-8-start_s-60,0.4000000000000001,0.14359353944898157,24.786451314966058,"{""side_a"":""stable"",""side_b"":""transition"",""support_jaccard"":0.0}",False,"[""mae_tolerance"",""rmse_tolerance""]",44
location,gradual-ramp-v1__location__stable__duration_s-60-magnitude_rps-4-start_s-420,gradual-ramp-v1__location__transition__duration_s-20-magnitude_rps-10-start_s-60,0.18181818181818177,0.36292059209576216,21.188262160767827,"{""side_a"":""stable"",""side_b"":""transition"",""support_jaccard"":0.0}",False,"[""mae_tolerance"",""rmse_tolerance""]",46
location,gradual-ramp-v1__location__stable__duration_s-60-magnitude_rps-4-start_s-420,gradual-ramp-v1__location__transition__duration_s-30-magnitude_rps-4-start_s-60,0.6666666666666666,0.3431457505076199,44.77152501692066,"{""side_a"":""stable"",""side_b"":""transition"",""support_jaccard"":0.0}",False,"[""mae_tolerance"",""rmse_tolerance""]",38
location,gradual-ramp-v1__location__stable__duration_s-60-magnitude_rps-4-start_s-420,gradual-ramp-v1__location__transition__duration_s-30-magnitude_rps-6-start_s-60,0.2857142857142857,0.058874503045718764,16.248197720571575,"{""side_a"":""stable"",""side_b"":""transition"",""support_jaccard"":0.0}",False,"[""mae_tolerance"",""rmse_tolerance""]",36
location,gradual-ramp-v1__location__stable__duration_s-60-magnitude_rps-4-start_s-420,gradual-ramp-v1__location__transition__duration_s-30-magnitude_rps-8-start_s-60,0.0,0.34314575050761975,11.438191683587325,"{""side_a"":""stable"",""side_b"":""transition"",""support_jaccard"":0.0}",False,"[""rmse_tolerance""]",34
location,gradual-ramp-v1__location__stable__duration_s-60-magnitude_rps-4-start_s-420,gradual-ramp-v1__location__transition__duration_s-30-magnitude_rps-10-start_s-60,0.2222222222222222,0.5547916179456587,29.604165042633067,"{""side_a"":""stable"",""side_b"":""transition"",""support_jaccard"":0.0}",False,"[""mae_tolerance"",""rmse_tolerance""]",36
location,gradual-ramp-v1__location__stable__duration_s-60-magnitude_rps-4-start_s-420,gradual-ramp-v1__location__transition__duration_s-45-magnitude_rps-4-start_s-60,0.2857142857142857,0.1435935394489818,19.072165600680343,"{""side_a"":""stable"",""side_b"":""transition"",""support_jaccard"":0.0}",False,"[""mae_tolerance"",""rmse_tolerance""]",23
location,gradual-ramp-v1__location__stable__duration_s-60-magnitude_rps-4-start_s-420,gradual-ramp-v1__location__transition__duration_s-45-magnitude_rps-6-start_s-60,0.11764705882352941,0.2601419306085354,14.553750628127652,"{""side_a"":""stable"",""side_b"":""transition"",""support_jaccard"":0.0}",False,"[""mae_tolerance"",""rmse_tolerance""]",21
location,gradual-ramp-v1__location__stable__duration_s-60-magnitude_rps-4-start_s-420,gradual-ramp-v1__location__transition__duration_s-45-magnitude_rps-8-start_s-60,0.4,0.5358983848622453,37.86327949540818,"{""side_a"":""stable"",""side_b"":""transition"",""support_jaccard"":0.0}",False,"[""mae_tolerance"",""rmse_tolerance""]",19
location,gradual-ramp-v1__location__stable__duration_s-60-magnitude_rps-4-start_s-420,gradual-ramp-v1__location__transition__duration_s-45-magnitude_rps-10-start_s-60,0.6086956521739131,0.7362022948218613,54.97485910275769,"{""side_a"":""stable"",""side_b"":""transition"",""support_jaccard"":0.0}",False,"[""mae_tolerance"",""rmse_tolerance""]",21
location,gradual-ramp-v1__location__stable__duration_s-60-magnitude_rps-4-start_s-420,gradual-ramp-v1__location__transition__duration_s-60-magnitude_rps-4-start_s-60,0.0,0.0,0.0,"{""side_a"":""stable"",""side_b"":""transition"",""support_jaccard"":0.0}",True,[],8
location,gradual-ramp-v1__location__stable__duration_s-60-magnitude_rps-4-start_s-420,gradual-ramp-v1__location__transition__duration_s-60-magnitude_rps-6-start_s-60,0.4,0.3999999999999998,33.33333333333333,"{""side_a"":""stable"",""side_b"":""transition"",""support_jaccard"":0.0}",False,"[""mae_tolerance"",""rmse_tolerance""]",6
location,gradual-ramp-v1__location__stable__duration_s-60-magnitude_rps-4-start_s-420,gradual-ramp-v1__location__transition__duration_s-60-magnitude_rps-8-start_s-60,0.6666666666666666,0.6666666666666666,55.55555555555555,"{""side_a"":""stable"",""side_b"":""transition"",""support_jaccard"":0.0}",False,"[""mae_tolerance"",""rmse_tolerance""]",4
location,gradual-ramp-v1__location__stable__duration_s-60-magnitude_rps-4-start_s-420,gradual-ramp-v1__location__transition__duration_s-60-magnitude_rps-10-start_s-60,0.8571428571428571,0.8571428571428572,71.42857142857143,"{""side_a"":""stable"",""side_b"":""transition"",""support_jaccard"":0.0}",False,"[""mae_tolerance"",""rmse_tolerance""]",6
location,gradual-ramp-v1__location__stable__duration_s-60-magnitude_rps-6-start_s-420,gradual-ramp-v1__location__transition__duration_s-20-magnitude_rps-4-start_s-60,1.272727272727273,0.8882948094933454,93.24619061947516,"{""side_a"":""stable"",""side_b"":""transition"",""support_jaccard"":0.0}",False,"[""mae_below_minimum"",""mae_tolerance"",""rmse_tolerance""]",46
location,gradual-ramp-v1__location__stable__duration_s-60-magnitude_rps-6-start_s-420,gradual-ramp-v1__location__transition__duration_s-20-magnitude_rps-6-start_s-60,1.0,0.5358983848622454,67.86327949540818,"{""side_a"":""stable"",""side_b"":""transition"",""support_jaccard"":0.0}",False,"[""mae_tolerance"",""rmse_tolerance""]",44
location,gradual-ramp-v1__location__stable__duration_s-60-magnitude_rps-6-start_s-420,gradual-ramp-v1__location__transition__duration_s-20-magnitude_rps-8-start_s-60,0.7692307692307693,0.26014193060853535,47.13293614848964,"{""side_a"":""stable"",""side_b"":""transition"",""support_jaccard"":0.0}",False,"[""mae_tolerance"",""rmse_tolerance""]",42
location,gradual-ramp-v1__location__stable__duration_s-60-magnitude_rps-6-start_s-420,gradual-ramp-v1__location__transition__duration_s-20-magnitude_rps-10-start_s-60,0.5714285714285714,0.03847577293368105,29.853954335884605,"{""side_a"":""stable"",""side_b"":""transition"",""support_jaccard"":0.0}",False,"[""mae_tolerance"",""rmse_tolerance""]",44
location,gradual-ramp-v1__location__stable__duration_s-60-magnitude_rps-6-start_s-420,gradual-ramp-v1__location__transition__duration_s-30-magnitude_rps-4-start_s-60,1.0,0.7184910359318369,73.9497011977279,"{""side_a"":""stable"",""side_b"":""transition"",""support_jaccard"":0.0}",False,"[""mae_tolerance"",""rmse_tolerance""]",36
location,gradual-ramp-v1__location__stable__duration_s-60-magnitude_rps-6-start_s-420,gradual-ramp-v1__location__transition__duration_s-30-magnitude_rps-6-start_s-60,0.6666666666666666,0.3431457505076197,44.77152501692065,"{""side_a"":""stable"",""side_b"":""transition"",""support_jaccard"":0.0}",False,"[""mae_tolerance"",""rmse_tolerance""]",34
location,gradual-ramp-v1__location__stable__duration_s-60-magnitude_rps-6-start_s-420,gradual-ramp-v1__location__transition__duration_s-30-magnitude_rps-8-start_s-60,0.4,0.05887450304571875,21.96248343485729,"{""side_a"":""stable"",""side_b"":""transition"",""support_jaccard"":0.0}",False,"[""mae_tolerance"",""rmse_tolerance""]",32
location,gradual-ramp-v1__location__stable__duration_s-60-magnitude_rps-6-start_s-420,gradual-ramp-v1__location__transition__duration_s-30-magnitude_rps-10-start_s-60,0.18181818181818182,0.16388375108775682,14.55370079383432,"{""side_a"":""stable"",""side_b"":""transition"",""support_jaccard"":0.0}",False,"[""mae_tolerance"",""rmse_tolerance""]",34
location,gradual-ramp-v1__location__stable__duration_s-60-magnitude_rps-6-start_s-420,gradual-ramp-v1__location__transition__duration_s-45-magnitude_rps-4-start_s-60,0.6666666666666666,0.5358983848622454,51.19661282874151,"{""side_a"":""stable"",""side_b"":""transition"",""support_jaccard"":0.0}",False,"[""mae_tolerance"",""rmse_tolerance""]",21
location,gradual-ramp-v1__location__stable__duration_s-60-magnitude_rps-6-start_s-420,gradual-ramp-v1__location__transition__duration_s-45-magnitude_rps-6-start_s-60,0.2857142857142857,0.14359353944898154,19.072165600680336,"{""side_a"":""stable"",""side_b"":""transition"",""support_jaccard"":0.0}",False,"[""mae_tolerance"",""rmse_tolerance""]",19
location,gradual-ramp-v1__location__stable__duration_s-60-magnitude_rps-6-start_s-420,gradual-ramp-v1__location__transition__duration_s-45-magnitude_rps-8-start_s-60,0.0,0.14359353944898165,4.7864513149660555,"{""side_a"":""stable"",""side_b"":""transition"",""support_jaccard"":0.0}",False,"[""rmse_tolerance""]",17
location,gradual-ramp-v1__location__stable__duration_s-60-magnitude_rps-6-start_s-420,gradual-ramp-v1__location__transition__duration_s-45-magnitude_rps-10-start_s-60,0.2222222222222222,0.3629205920957622,23.20846418096985,"{""side_a"":""stable"",""side_b"":""transition"",""support_jaccard"":0.0}",False,"[""mae_tolerance"",""rmse_tolerance""]",19
location,gradual-ramp-v1__location__stable__duration_s-60-magnitude_rps-6-start_s-420,gradual-ramp-v1__location__transition__duration_s-60-magnitude_rps-4-start_s-60,0.4,0.3999999999999998,33.33333333333333,"{""side_a"":""stable"",""side_b"":""transition"",""support_jaccard"":0.0}",False,"[""mae_tolerance"",""rmse_tolerance""]",6
location,gradual-ramp-v1__location__stable__duration_s-60-magnitude_rps-6-start_s-420,gradual-ramp-v1__location__transition__duration_s-60-magnitude_rps-6-start_s-60,0.0,0.0,0.0,"{""side_a"":""stable"",""side_b"":""transition"",""support_jaccard"":0.0}",True,[],4
location,gradual-ramp-v1__location__stable__duration_s-60-magnitude_rps-6-start_s-420,gradual-ramp-v1__location__transition__duration_s-60-magnitude_rps-8-start_s-60,0.2857142857142857,0.28571428571428586,23.809523809523814,"{""side_a"":""stable"",""side_b"":""transition"",""support_jaccard"":0.0}",False,"[""mae_tolerance"",""rmse_tolerance""]",2
location,gradual-ramp-v1__location__stable__duration_s-60-magnitude_rps-6-start_s-420,gradual-ramp-v1__location__transition__duration_s-60-magnitude_rps-10-start_s-60,0.5,0.5000000000000001,41.66666666666667,"{""side_a"":""stable"",""side_b"":""transition"",""support_jaccard"":0.0}",False,"[""mae_tolerance"",""rmse_tolerance""]",4
location,gradual-ramp-v1__location__stable__duration_s-60-magnitude_rps-8-start_s-420,gradual-ramp-v1__location__transition__duration_s-20-magnitude_rps-4-start_s-60,1.4285714285714286,1.1039630490408168,108.227339729932,"{""side_a"":""stable"",""side_b"":""transition"",""support_jaccard"":0.0}",False,"[""mae_below_minimum"",""mae_tolerance"",""rmse_tolerance""]",44
location,gradual-ramp-v1__location__stable__duration_s-60-magnitude_rps-8-start_s-420,gradual-ramp-v1__location__transition__duration_s-20-magnitude_rps-6-start_s-60,1.2,0.7913220829921511,86.37740276640504,"{""side_a"":""stable"",""side_b"":""transition"",""support_jaccard"":0.0}",False,"[""mae_tolerance"",""rmse_tolerance""]",42
location,gradual-ramp-v1__location__stable__duration_s-60-magnitude_rps-8-start_s-420,gradual-ramp-v1__location__transition__duration_s-20-magnitude_rps-8-start_s-60,1.0000000000000002,0.5358983848622455,67.8632794954082,"{""side_a"":""stable"",""side_b"":""transition"",""support_jaccard"":0.0}",False,"[""mae_tolerance"",""rmse_tolerance""]",40
location,gradual-ramp-v1__location__stable__duration_s-60-magnitude_rps-8-start_s-420,gradual-ramp-v1__location__transition__duration_s-20-magnitude_rps-10-start_s-60,0.8235294117647057,0.3233015388908616,51.953188551264006,"{""side_a"":""stable"",""side_b"":""transition"",""support_jaccard"":0.0}",False,"[""mae_tolerance"",""rmse_tolerance""]",42
location,gradual-ramp-v1__location__stable__duration_s-60-magnitude_rps-8-start_s-420,gradual-ramp-v1__location__transition__duration_s-30-magnitude_rps-4-start_s-60,1.2,0.9551845001450343,91.83948333816781,"{""side_a"":""stable"",""side_b"":""transition"",""support_jaccard"":0.0}",False,"[""mae_tolerance"",""rmse_tolerance""]",34
location,gradual-ramp-v1__location__stable__duration_s-60-magnitude_rps-8-start_s-420,gradual-ramp-v1__location__transition__duration_s-30-magnitude_rps-6-start_s-60,0.9090909090909091,0.6138151741778887,65.91505126047508,"{""side_a"":""stable"",""side_b"":""transition"",""support_jaccard"":0.0}",False,"[""mae_tolerance"",""rmse_tolerance""]",32
location,gradual-ramp-v1__location__stable__duration_s-60-magnitude_rps-8-start_s-420,gradual-ramp-v1__location__transition__duration_s-30-magnitude_rps-8-start_s-60,0.6666666666666666,0.3431457505076199,44.77152501692066,"{""side_a"":""stable"",""side_b"":""transition"",""support_jaccard"":0.0}",False,"[""mae_tolerance"",""rmse_tolerance""]",30
location,gradual-ramp-v1__location__stable__duration_s-60-magnitude_rps-8-start_s-420,gradual-ramp-v1__location__transition__duration_s-30-magnitude_rps-10-start_s-60,0.46153846153846156,0.1232735728789138,27.18604217288687,"{""side_a"":""stable"",""side_b"":""transition"",""support_jaccard"":0.0}",False,"[""mae_tolerance"",""rmse_tolerance""]",32
location,gradual-ramp-v1__location__stable__duration_s-60-magnitude_rps-8-start_s-420,gradual-ramp-v1__location__transition__duration_s-45-magnitude_rps-4-start_s-60,0.9090909090909091,0.7913220829921511,71.8319482209505,"{""side_a"":""stable"",""side_b"":""transition"",""support_jaccard"":0.0}",False,"[""mae_tolerance"",""rmse_tolerance""]",19
location,gradual-ramp-v1__location__stable__duration_s-60-magnitude_rps-8-start_s-420,gradual-ramp-v1__location__transition__duration_s-45-magnitude_rps-6-start_s-60,0.56,0.4249492560375076,42.16497520125026,"{""side_a"":""stable"",""side_b"":""transition"",""support_jaccard"":0.0}",False,"[""mae_tolerance"",""rmse_tolerance""]",17
location,gradual-ramp-v1__location__stable__duration_s-60-magnitude_rps-8-start_s-420,gradual-ramp-v1__location__transition__duration_s-45-magnitude_rps-8-start_s-60,0.2857142857142857,0.1435935394489818,19.072165600680343,"{""side_a"":""stable"",""side_b"":""transition"",""support_jaccard"":0.0}",False,"[""mae_tolerance"",""rmse_tolerance""]",15
location,gradual-ramp-v1__location__stable__duration_s-60-magnitude_rps-8-start_s-420,gradual-ramp-v1__location__transition__duration_s-45-magnitude_rps-10-start_s-60,0.06451612903225806,0.07926098081633019,5.867839145490576,"{""side_a"":""stable"",""side_b"":""transition"",""support_jaccard"":0.0}",False,"[""mae_tolerance"",""rmse_tolerance""]",17
location,gradual-ramp-v1__location__stable__duration_s-60-magnitude_rps-8-start_s-420,gradual-ramp-v1__location__transition__duration_s-60-magnitude_rps-4-start_s-60,0.6666666666666666,0.6666666666666666,55.55555555555555,"{""side_a"":""stable"",""side_b"":""transition"",""support_jaccard"":0.0}",False,"[""mae_tolerance"",""rmse_tolerance""]",4
location,gradual-ramp-v1__location__stable__duration_s-60-magnitude_rps-8-start_s-420,gradual-ramp-v1__location__transition__duration_s-60-magnitude_rps-6-start_s-60,0.2857142857142857,0.28571428571428586,23.809523809523814,"{""side_a"":""stable"",""side_b"":""transition"",""support_jaccard"":0.0}",False,"[""mae_tolerance"",""rmse_tolerance""]",2
location,gradual-ramp-v1__location__stable__duration_s-60-magnitude_rps-8-start_s-420,gradual-ramp-v1__location__transition__duration_s-60-magnitude_rps-8-start_s-60,0.0,0.0,0.0,"{""side_a"":""stable"",""side_b"":""transition"",""support_jaccard"":0.0}",True,[],0
location,gradual-ramp-v1__location__stable__duration_s-60-magnitude_rps-8-start_s-420,gradual-ramp-v1__location__transition__duration_s-60-magnitude_rps-10-start_s-60,0.2222222222222222,0.2222222222222222,18.51851851851852,"{""side_a"":""stable"",""side_b"":""transition"",""support_jaccard"":0.0}",False,"[""mae_tolerance"",""rmse_tolerance""]",2
location,gradual-ramp-v1__location__stable__duration_s-60-magnitude_rps-10-start_s-420,gradual-ramp-v1__location__transition__duration_s-20-magnitude_rps-4-start_s-60,1.5294117647058822,1.2495488408062663,118.12221626216966,"{""side_a"":""stable"",""side_b"":""transition"",""support_jaccard"":0.0}",False,"[""mae_below_minimum"",""mae_tolerance"",""rmse_tolerance""]",46
location,gradual-ramp-v1__location__stable__duration_s-60-magnitude_rps-10-start_s-420,gradual-ramp-v1__location__transition__duration_s-20-magnitude_rps-6-start_s-60,1.3333333333333333,0.9708629022101115,99.02876340700371,"{""side_a"":""stable"",""side_b"":""transition"",""support_jaccard"":0.0}",False,"[""mae_tolerance"",""rmse_tolerance""]",44
location,gradual-ramp-v1__location__stable__duration_s-60-magnitude_rps-10-start_s-420,gradual-ramp-v1__location__transition__duration_s-20-magnitude_rps-8-start_s-60,1.1578947368421053,0.7362022948218613,82.43481333616731,"{""side_a"":""stable"",""side_b"":""transition"",""support_jaccard"":0.0}",False,"[""mae_tolerance"",""rmse_tolerance""]",42
location,gradual-ramp-v1__location__stable__duration_s-60-magnitude_rps-10-start_s-420,gradual-ramp-v1__location__transition__duration_s-20-magnitude_rps-10-start_s-60,0.9999999999999999,0.5358983848622454,67.86327949540816,"{""side_a"":""stable"",""side_b"":""transition"",""support_jaccard"":0.0}",False,"[""mae_tolerance"",""rmse_tolerance""]",44
location,gradual-ramp-v1__location__stable__duration_s-60-magnitude_rps-10-start_s-420,gradual-ramp-v1__location__transition__duration_s-30-magnitude_rps-4-start_s-60,1.3333333333333333,1.1180751631538304,103.93583877179434,"{""side_a"":""stable"",""side_b"":""transition"",""support_jaccard"":0.0}",False,"[""mae_tolerance"",""rmse_tolerance""]",36
location,gradual-ramp-v1__location__stable__duration_s-60-magnitude_rps-10-start_s-420,gradual-ramp-v1__location__transition__duration_s-30-magnitude_rps-6-start_s-60,1.0769230769230769,0.8084679575027878,80.79508576291343,"{""side_a"":""stable"",""side_b"":""transition"",""support_jaccard"":0.0}",False,"[""mae_tolerance"",""rmse_tolerance""]",34
location,gradual-ramp-v1__location__stable__duration_s-60-magnitude_rps-10-start_s-420,gradual-ramp-v1__location__transition__duration_s-30-magnitude_rps-8-start_s-60,0.8571428571428571,0.5547916179456588,61.35019678866482,"{""side_a"":""stable"",""side_b"":""transition"",""support_jaccard"":0.0}",False,"[""mae_tolerance"",""rmse_tolerance""]",32
location,gradual-ramp-v1__location__stable__duration_s-60-magnitude_rps-10-start_s-420,gradual-ramp-v1__location__transition__duration_s-30-magnitude_rps-10-start_s-60,0.6666666666666666,0.34314575050761986,44.771525016920656,"{""side_a"":""stable"",""side_b"":""transition"",""support_jaccard"":0.0}",False,"[""mae_tolerance"",""rmse_tolerance""]",34
location,gradual-ramp-v1__location__stable__duration_s-60-magnitude_rps-10-start_s-420,gradual-ramp-v1__location__transition__duration_s-45-magnitude_rps-4-start_s-60,1.0769230769230769,0.9708629022101115,86.20825058649089,"{""side_a"":""stable"",""side_b"":""transition"",""support_jaccard"":0.0}",False,"[""mae_tolerance"",""rmse_tolerance""]",21
location,gradual-ramp-v1__location__stable__duration_s-60-magnitude_rps-10-start_s-420,gradual-ramp-v1__location__transition__duration_s-45-magnitude_rps-6-start_s-60,0.7586206896551724,0.6322452478319824,59.005876077158035,"{""side_a"":""stable"",""side_b"":""transition"",""support_jaccard"":0.0}",False,"[""mae_tolerance"",""rmse_tolerance""]",19
location,gradual-ramp-v1__location__stable__duration_s-60-magnitude_rps-10-start_s-420,gradual-ramp-v1__location__transition__duration_s-45-magnitude_rps-8-start_s-60,0.5,0.3629205920957623,37.09735306985874,"{""side_a"":""stable"",""side_b"":""transition"",""support_jaccard"":0.0}",False,"[""mae_tolerance"",""rmse_tolerance""]",17
location,gradual-ramp-v1__location__stable__duration_s-60-magnitude_rps-10-start_s-420,gradual-ramp-v1__location__transition__duration_s-45-magnitude_rps-10-start_s-60,0.2857142857142857,0.1435935394489817,19.072165600680343,"{""side_a"":""stable"",""side_b"":""transition"",""support_jaccard"":0.0}",False,"[""mae_tolerance"",""rmse_tolerance""]",19
location,gradual-ramp-v1__location__stable__duration_s-60-magnitude_rps-10-start_s-420,gradual-ramp-v1__location__transition__duration_s-60-magnitude_rps-4-start_s-60,0.8571428571428571,0.8571428571428572,71.42857142857143,"{""side_a"":""stable"",""side_b"":""transition"",""support_jaccard"":0.0}",False,"[""mae_tolerance"",""rmse_tolerance""]",6
location,gradual-ramp-v1__location__stable__duration_s-60-magnitude_rps-10-start_s-420,gradual-ramp-v1__location__transition__duration_s-60-magnitude_rps-6-start_s-60,0.5,0.5000000000000001,41.66666666666667,"{""side_a"":""stable"",""side_b"":""transition"",""support_jaccard"":0.0}",False,"[""mae_tolerance"",""rmse_tolerance""]",4
location,gradual-ramp-v1__location__stable__duration_s-60-magnitude_rps-10-start_s-420,gradual-ramp-v1__location__transition__duration_s-60-magnitude_rps-8-start_s-60,0.2222222222222222,0.2222222222222222,18.51851851851852,"{""side_a"":""stable"",""side_b"":""transition"",""support_jaccard"":0.0}",False,"[""mae_tolerance"",""rmse_tolerance""]",2
location,gradual-ramp-v1__location__stable__duration_s-60-magnitude_rps-10-start_s-420,gradual-ramp-v1__location__transition__duration_s-60-magnitude_rps-10-start_s-60,0.0,0.0,0.0,"{""side_a"":""stable"",""side_b"":""transition"",""support_jaccard"":0.0}",True,[],4
shape,periodic-triangle-v1__shape__sharpened__radius_s-2,periodic-triangle-v1__shape__smoothed__radius_s-2,6.209311677083047e-15,2.9662307709931774e-15,4.0933994288725826e-13,"{""radius_a_s"":2,""radius_b_s"":2,""side_a"":""sharpened"",""side_b"":""smoothed""}",False,"[""mae_below_minimum"",""rmse_below_minimum""]",16
shape,periodic-triangle-v1__shape__sharpened__radius_s-2,periodic-triangle-v1__shape__smoothed__radius_s-3,0.6666651428571397,0.4683981883028052,48.94653008628383,"{""radius_a_s"":2,""radius_b_s"":3,""side_a"":""sharpened"",""side_b"":""smoothed""}",False,"[""mae_below_minimum"",""rmse_below_minimum"",""mae_tolerance"",""rmse_tolerance""]",15
shape,periodic-triangle-v1__shape__sharpened__radius_s-2,periodic-triangle-v1__shape__smoothed__radius_s-4,1.0769224317838832,0.7955559439207409,80.36465305321886,"{""radius_a_s"":2,""radius_b_s"":4,""side_a"":""sharpened"",""side_b"":""smoothed""}",False,"[""mae_below_minimum"",""rmse_below_minimum"",""mae_tolerance"",""rmse_tolerance""]",14
shape,periodic-triangle-v1__shape__sharpened__radius_s-2,periodic-triangle-v1__shape__smoothed__radius_s-5,1.3333326761905764,1.0282310041938825,100.94100061599157,"{""radius_a_s"":2,""radius_b_s"":5,""side_a"":""sharpened"",""side_b"":""smoothed""}",False,"[""mae_below_minimum"",""rmse_below_minimum"",""mae_tolerance"",""rmse_tolerance""]",13
shape,periodic-triangle-v1__shape__sharpened__radius_s-2,periodic-triangle-v1__shape__smoothed__radius_s-6,1.499999523214374,1.1981747745133857,114.93913531116488,"{""radius_a_s"":2,""radius_b_s"":6,""side_a"":""sharpened"",""side_b"":""smoothed""}",False,"[""mae_below_minimum"",""rmse_below_minimum"",""mae_tolerance"",""rmse_tolerance""]",12
shape,periodic-triangle-v1__shape__sharpened__radius_s-2,periodic-triangle-v1__shape__smoothed__radius_s-8,1.6923073677092406,1.4237043792043913,132.07218102560842,"{""radius_a_s"":2,""radius_b_s"":8,""side_a"":""sharpened"",""side_b"":""smoothed""}",False,"[""mae_below_minimum"",""rmse_below_minimum"",""mae_tolerance"",""rmse_tolerance""]",10
shape,periodic-triangle-v1__shape__sharpened__radius_s-2,periodic-triangle-v1__shape__smoothed__radius_s-9,1.749999758928613,1.5007244225083518,137.5241353633757,"{""radius_a_s"":2,""radius_b_s"":9,""side_a"":""sharpened"",""side_b"":""smoothed""}",False,"[""mae_below_minimum"",""rmse_below_minimum"",""mae_tolerance"",""rmse_tolerance""]",9
shape,periodic-triangle-v1__shape__sharpened__radius_s-2,periodic-triangle-v1__shape__smoothed__radius_s-10,1.7931032525904909,1.5623931902644668,141.7349356383401,"{""radius_a_s"":2,""radius_b_s"":10,""side_a"":""sharpened"",""side_b"":""smoothed""}",False,"[""mae_below_minimum"",""rmse_below_minimum"",""mae_tolerance"",""rmse_tolerance""]",8
shape,periodic-triangle-v1__shape__sharpened__radius_s-2,periodic-triangle-v1__shape__smoothed__radius_s-12,1.8518516637271945,1.65404993911779,147.72758115695274,"{""radius_a_s"":2,""radius_b_s"":12,""side_a"":""sharpened"",""side_b"":""smoothed""}",False,"[""mae_below_minimum"",""rmse_below_minimum"",""mae_tolerance"",""rmse_tolerance""]",10
shape,periodic-triangle-v1__shape__sharpened__radius_s-3,periodic-triangle-v1__shape__smoothed__radius_s-2,0.6666651428571423,0.46839818830280733,48.94653008628403,"{""radius_a_s"":3,""radius_b_s"":2,""side_a"":""sharpened"",""side_b"":""smoothed""}",False,"[""mae_below_minimum"",""rmse_below_minimum"",""mae_tolerance"",""rmse_tolerance""]",15
shape,periodic-triangle-v1__shape__sharpened__radius_s-3,periodic-triangle-v1__shape__smoothed__radius_s-3,3.2117184422190243e-15,7.749469517338325e-16,1.8641748716874563e-13,"{""radius_a_s"":3,""radius_b_s"":3,""side_a"":""sharpened"",""side_b"":""smoothed""}",False,"[""mae_below_minimum"",""rmse_below_minimum""]",14
shape,periodic-triangle-v1__shape__sharpened__radius_s-3,periodic-triangle-v1__shape__smoothed__radius_s-4,0.500000755357195,0.3607664876828189,37.02558735728705,"{""radius_a_s"":3,""radius_b_s"":4,""side_a"":""sharpened"",""side_b"":""smoothed""}",False,"[""mae_below_minimum"",""rmse_below_minimum"",""mae_tolerance"",""rmse_tolerance""]",13
shape,periodic-triangle-v1__shape__sharpened__radius_s-3,periodic-triangle-v1__shape__smoothed__radius_s-5,0.857143290962183,0.6364668521929172,64.07272628787305,"{""radius_a_s"":3,""radius_b_s"":5,""side_a"":""sharpened"",""side_b"":""smoothed""}",False,"[""mae_below_minimum"",""rmse_below_minimum"",""mae_tolerance"",""rmse_tolerance""]",12
shape,periodic-triangle-v1__shape__sharpened__radius_s-3,periodic-triangle-v1__shape__smoothed__radius_s-6,1.111111542857181,0.8488791958786168,83.85155033881294,"{""radius_a_s"":3,""radius_b_s"":6,""side_a"":""sharpened"",""side_b"":""smoothed""}",False,"[""mae_below_minimum"",""rmse_below_minimum"",""mae_tolerance"",""rmse_tolerance""]",11
shape,periodic-triangle-v1__shape__sharpened__radius_s-3,periodic-triangle-v1__shape__smoothed__radius_s-8,1.428571708454834,1.1464341120748487,109.64305582523664,"{""radius_a_s"":3,""radius_b_s"":8,""side_a"":""sharpened"",""side_b"":""smoothed""}",False,"[""mae_below_minimum"",""rmse_below_minimum"",""mae_tolerance"",""rmse_tolerance""]",9
shape,periodic-triangle-v1__shape__sharpened__radius_s-3,periodic-triangle-v1__shape__smoothed__radius_s-9,1.5294120494315278,1.2524190276806946,118.21790339426622,"{""radius_a_s"":3,""radius_b_s"":9,""side_a"":""sharpened"",""side_b"":""smoothed""}",False,"[""mae_below_minimum"",""rmse_below_minimum"",""mae_tolerance"",""rmse_tolerance""]",8
shape,periodic-triangle-v1__shape__sharpened__radius_s-3,periodic-triangle-v1__shape__smoothed__radius_s-10,1.606557631358679,1.3389662971077871,124.96009147152685,"{""radius_a_s"":3,""radius_b_s"":10,""side_a"":""sharpened"",""side_b"":""smoothed""}",False,"[""mae_below_minimum"",""rmse_below_minimum"",""mae_tolerance"",""rmse_tolerance""]",7
shape,periodic-triangle-v1__shape__sharpened__radius_s-3,periodic-triangle-v1__shape__smoothed__radius_s-12,1.7142858192420038,1.4704636470148025,134.7297458625936,"{""radius_a_s"":3,""radius_b_s"":12,""side_a"":""sharpened"",""side_b"":""smoothed""}",False,"[""mae_below_minimum"",""rmse_below_minimum"",""mae_tolerance"",""rmse_tolerance""]",9
shape,periodic-triangle-v1__shape__sharpened__radius_s-4,periodic-triangle-v1__shape__smoothed__radius_s-2,1.0769224317838877,0.7955559439207441,80.36465305321919,"{""radius_a_s"":4,""radius_b_s"":2,""side_a"":""sharpened"",""side_b"":""smoothed""}",False,"[""mae_below_minimum"",""rmse_below_minimum"",""mae_tolerance"",""rmse_tolerance""]",14
shape,periodic-triangle-v1__shape__sharpened__radius_s-4,periodic-triangle-v1__shape__smoothed__radius_s-3,0.500000755357192,0.360766487682819,37.025587357286895,"{""radius_a_s"":4,""radius_b_s"":3,""side_a"":""sharpened"",""side_b"":""smoothed""}",False,"[""mae_below_minimum"",""rmse_below_minimum"",""mae_tolerance"",""rmse_tolerance""]",13
shape,periodic-triangle-v1__shape__sharpened__radius_s-4,periodic-triangle-v1__shape__smoothed__radius_s-4,0.0,9.416680071118622e-16,3.138893357039541e-14,"{""radius_a_s"":4,""radius_b_s"":4,""side_a"":""sharpened"",""side_b"":""smoothed""}",False,"[""mae_below_minimum""]",12
shape,periodic-triangle-v1__shape__sharpened__radius_s-4,periodic-triangle-v1__shape__smoothed__radius_s-5,0.3999997366857326,0.29249048159231283,29.74966955403039,"{""radius_a_s"":4,""radius_b_s"":5,""side_a"":""sharpened"",""side_b"":""smoothed""}",False,"[""mae_below_minimum"",""mae_tolerance"",""rmse_tolerance""]",11
shape,periodic-triangle-v1__shape__sharpened__radius_s-4,periodic-triangle-v1__shape__smoothed__radius_s-6,0.7096772609484352,0.5285818841998445,53.103259187416576,"{""radius_a_s"":4,""radius_b_s"":6,""side_a"":""sharpened"",""side_b"":""smoothed""}",False,"[""mae_below_minimum"",""mae_tolerance"",""rmse_tolerance""]",10
shape,periodic-triangle-v1__shape__sharpened__radius_s-4,periodic-triangle-v1__shape__smoothed__radius_s-8,1.1304346231704105,0.8762731773334737,85.73083706963631,"{""radius_a_s"":4,""radius_b_s"":8,""side_a"":""sharpened"",""side_b"":""smoothed""}",False,"[""mae_below_minimum"",""mae_tolerance"",""rmse_tolerance""]",8
shape,periodic-triangle-v1__shape__sharpened__radius_s-4,periodic-triangle-v1__shape__smoothed__radius_s-9,1.2727272013223234,1.0051973208567173,97.14293742800675,"{""radius_a_s"":4,""radius_b_s"":9,""side_a"":""sharpened"",""side_b"":""smoothed""}",False,"[""mae_below_minimum"",""mae_tolerance"",""rmse_tolerance""]",7
shape,periodic-triangle-v1__shape__sharpened__radius_s-4,periodic-triangle-v1__shape__smoothed__radius_s-10,1.384615338360109,1.1125560144390974,106.31596739930869,"{""radius_a_s"":4,""radius_b_s"":10,""side_a"":""sharpened"",""side_b"":""smoothed""}",False,"[""mae_below_minimum"",""mae_tolerance"",""rmse_tolerance""]",6
shape,periodic-triangle-v1__shape__sharpened__radius_s-4,periodic-triangle-v1__shape__smoothed__radius_s-12,1.5454543802242997,1.2793719463171789,119.91845055512096,"{""radius_a_s"":4,""radius_b_s"":12,""side_a"":""sharpened"",""side_b"":""smoothed""}",False,"[""mae_below_minimum"",""mae_tolerance"",""rmse_tolerance""]",8
shape,periodic-triangle-v1__shape__sharpened__radius_s-5,periodic-triangle-v1__shape__smoothed__radius_s-2,1.3333326761905797,1.0282310041938842,100.9410006159918,"{""radius_a_s"":5,""radius_b_s"":2,""side_a"":""sharpened"",""side_b"":""smoothed""}",False,"[""mae_below_minimum"",""rmse_below_minimum"",""mae_tolerance"",""rmse_tolerance""]",13
shape,periodic-triangle-v1__shape__sharpened__radius_s-5,periodic-triangle-v1__shape__smoothed__radius_s-3,0.8571432909621804,0.6364668521929159,64.07272628787288,"{""radius_a_s"":5,""radius_b_s"":3,""side_a"":""sharpened"",""side_b"":""smoothed""}",False,"[""mae_below_minimum"",""rmse_below_minimum"",""mae_tolerance"",""rmse_tolerance""]",12
shape,periodic-triangle-v1__shape__sharpened__radius_s-5,periodic-triangle-v1__shape__smoothed__radius_s-4,0.3999997366857326,0.2924904815923132,29.7496695540304,"{""radius_a_s"":5,""radius_b_s"":4,""side_a"":""sharpened"",""side_b"":""smoothed""}",False,"[""mae_below_minimum"",""mae_tolerance"",""rmse_tolerance""]",11
shape,periodic-triangle-v1__shape__sharpened__radius_s-5,periodic-triangle-v1__shape__smoothed__radius_s-5,0.0,6.011828987735464e-16,2.0039429959118215e-14,"{""radius_a_s"":5,""radius_b_s"":5,""side_a"":""sharpened"",""side_b"":""smoothed""}",False,"[""mae_below_minimum""]",10
shape,periodic-triangle-v1__shape__sharpened__radius_s-5,periodic-triangle-v1__shape__smoothed__radius_s-6,0.33333342380952335,0.24558352318748677,24.85278863005906,"{""radius_a_s"":5,""radius_b_s"":6,""side_a"":""sharpened"",""side_b"":""smoothed""}",False,"[""mae_below_minimum"",""mae_tolerance"",""rmse_tolerance""]",9
shape,periodic-triangle-v1__shape__sharpened__radius_s-5,periodic-triangle-v1__shape__smoothed__radius_s-8,0.8235294449826992,0.6237497017088859,61.96812897276449,"{""radius_a_s"":5,""radius_b_s"":8,""side_a"":""sharpened"",""side_b"":""smoothed""}",False,"[""mae_below_minimum"",""mae_tolerance"",""rmse_tolerance""]",7
shape,periodic-triangle-v1__shape__sharpened__radius_s-5,periodic-triangle-v1__shape__smoothed__radius_s-9,1.0000001157142764,0.7692486638912583,75.64162791542243,"{""radius_a_s"":5,""radius_b_s"":9,""side_a"":""sharpened"",""side_b"":""smoothed""}",False,"[""mae_below_minimum"",""mae_tolerance"",""rmse_tolerance""]",6
shape,periodic-triangle-v1__shape__sharpened__radius_s-5,periodic-triangle-v1__shape__smoothed__radius_s-10,1.1428572677550888,0.8926884241383247,86.89914419236527,"{""radius_a_s"":5,""radius_b_s"":10,""side_a"":""sharpened"",""side_b"":""smoothed""}",False,"[""mae_below_minimum"",""mae_tolerance"",""rmse_tolerance""]",5
shape,periodic-triangle-v1__shape__sharpened__radius_s-5,periodic-triangle-v1__shape__smoothed__radius_s-12,1.3548386361825364,1.088733614899991,104.0330523057932,"{""radius_a_s"":5,""radius_b_s"":12,""side_a"":""sharpened"",""side_b"":""smoothed""}",False,"[""mae_below_minimum"",""mae_tolerance"",""rmse_tolerance""]",7
shape,periodic-triangle-v1__shape__sharpened__radius_s-6,periodic-triangle-v1__shape__smoothed__radius_s-2,1.4999995232143764,1.1981747745133873,114.93913531116506,"{""radius_a_s"":6,""radius_b_s"":2,""side_a"":""sharpened"",""side_b"":""smoothed""}",False,"[""mae_below_minimum"",""rmse_below_minimum"",""mae_tolerance"",""rmse_tolerance""]",12
shape,periodic-triangle-v1__shape__sharpened__radius_s-6,periodic-triangle-v1__shape__smoothed__radius_s-3,1.1111115428571787,0.8488791958786162,83.85155033881281,"{""radius_a_s"":6,""radius_b_s"":3,""side_a"":""sharpened"",""side_b"":""smoothed""}",False,"[""mae_below_minimum"",""rmse_below_minimum"",""mae_tolerance"",""rmse_tolerance""]",11
shape,periodic-triangle-v1__shape__sharpened__radius_s-6,periodic-triangle-v1__shape__smoothed__radius_s-4,0.7096772609484349,0.5285818841998454,53.10325918741659,"{""radius_a_s"":6,""radius_b_s"":4,""side_a"":""sharpened"",""side_b"":""smoothed""}",False,"[""mae_below_minimum"",""mae_tolerance"",""rmse_tolerance""]",10
shape,periodic-triangle-v1__shape__sharpened__radius_s-6,periodic-triangle-v1__shape__smoothed__radius_s-5,0.333333423809523,0.24558352318748616,24.852788630059024,"{""radius_a_s"":6,""radius_b_s"":5,""side_a"":""sharpened"",""side_b"":""smoothed""}",False,"[""mae_below_minimum"",""mae_tolerance"",""rmse_tolerance""]",9
shape,periodic-triangle-v1__shape__sharpened__radius_s-6,periodic-triangle-v1__shape__smoothed__radius_s-6,3.670533070324269e-16,0.0,1.8352665351621346e-14,"{""radius_a_s"":6,""radius_b_s"":6,""side_a"":""sharpened"",""side_b"":""smoothed""}",False,"[""mae_below_minimum""]",8
shape,periodic-triangle-v1__shape__sharpened__radius_s-6,periodic-triangle-v1__shape__smoothed__radius_s-8,0.5263157400870602,0.39322498995780025,39.42328666961302,"{""radius_a_s"":6,""radius_b_s"":8,""side_a"":""sharpened"",""side_b"":""smoothed""}",False,"[""mae_below_minimum"",""mae_tolerance"",""rmse_tolerance""]",6
shape,periodic-triangle-v1__shape__sharpened__radius_s-6,periodic-triangle-v1__shape__smoothed__radius_s-9,0.7272727804014107,0.5496231260359411,54.68440988793524,"{""radius_a_s"":6,""radius_b_s"":9,""side_a"":""sharpened"",""side_b"":""smoothed""}",False,"[""mae_below_minimum"",""mae_tolerance"",""rmse_tolerance""]",5
shape,periodic-triangle-v1__shape__sharpened__radius_s-6,periodic-triangle-v1__shape__smoothed__radius_s-10,0.8947369160071139,0.6846275515980895,67.55776418695868,"{""radius_a_s"":6,""radius_b_s"":10,""side_a"":""sharpened"",""side_b"":""smoothed""}",False,"[""mae_below_minimum"",""mae_tolerance"",""rmse_tolerance""]",4
shape,periodic-triangle-v1__shape__sharpened__radius_s-6,periodic-triangle-v1__shape__smoothed__radius_s-12,1.1515149985045054,0.9035465390294779,87.69396789287454,"{""radius_a_s"":6,""radius_b_s"":12,""side_a"":""sharpened"",""side_b"":""smoothed""}",False,"[""mae_below_minimum"",""mae_tolerance"",""rmse_tolerance""]",6
shape,periodic-triangle-v1__shape__sharpened__radius_s-8,periodic-triangle-v1__shape__smoothed__radius_s-2,1.6923073677092426,1.4237043792043929,132.07218102560856,"{""radius_a_s"":8,""radius_b_s"":2,""side_a"":""sharpened"",""side_b"":""smoothed""}",False,"[""mae_below_minimum"",""rmse_below_minimum"",""mae_tolerance"",""rmse_tolerance""]",10
shape,periodic-triangle-v1__shape__sharpened__radius_s-8,periodic-triangle-v1__shape__smoothed__radius_s-3,1.4285717084548324,1.1464341120748482,109.64305582523656,"{""radius_a_s"":8,""radius_b_s"":3,""side_a"":""sharpened"",""side_b"":""smoothed""}",False,"[""mae_below_minimum"",""rmse_below_minimum"",""mae_tolerance"",""rmse_tolerance""]",9
shape,periodic-triangle-v1__shape__sharpened__radius_s-8,periodic-triangle-v1__shape__smoothed__radius_s-4,1.1304346231704108,0.8762731773334743,85.73083706963635,"{""radius_a_s"":8,""radius_b_s"":4,""side_a"":""sharpened"",""side_b"":""smoothed""}",False,"[""mae_below_minimum"",""mae_tolerance"",""rmse_tolerance""]",8
shape,periodic-triangle-v1__shape__sharpened__radius_s-8,periodic-triangle-v1__shape__smoothed__radius_s-5,0.8235294449826994,0.6237497017088853,61.968128972764475,"{""radius_a_s"":8,""radius_b_s"":5,""side_a"":""sharpened"",""side_b"":""smoothed""}",False,"[""mae_below_minimum"",""mae_tolerance"",""rmse_tolerance""]",7
shape,periodic-triangle-v1__shape__sharpened__radius_s-8,periodic-triangle-v1__shape__smoothed__radius_s-6,0.5263157400870601,0.39322498995780025,39.42328666961301,"{""radius_a_s"":8,""radius_b_s"":6,""side_a"":""sharpened"",""side_b"":""smoothed""}",False,"[""mae_below_minimum"",""mae_tolerance"",""rmse_tolerance""]",6
shape,periodic-triangle-v1__shape__sharpened__radius_s-8,periodic-triangle-v1__shape__smoothed__radius_s-8,2.854859206178973e-16,0.0,1.4274296030894865e-14,"{""radius_a_s"":8,""radius_b_s"":8,""side_a"":""sharpened"",""side_b"":""smoothed""}",False,"[""mae_below_minimum""]",4
shape,periodic-triangle-v1__shape__sharpened__radius_s-8,periodic-triangle-v1__shape__smoothed__radius_s-9,0.2222223350969939,0.16533121071647136,16.62215711206541,"{""radius_a_s"":8,""radius_b_s"":9,""side_a"":""sharpened"",""side_b"":""smoothed""}",False,"[""mae_below_minimum"",""mae_tolerance"",""rmse_tolerance""]",3
shape,periodic-triangle-v1__shape__sharpened__radius_s-8,periodic-triangle-v1__shape__smoothed__radius_s-10,0.41758255669603894,0.31243009611421135,31.293464371942324,"{""radius_a_s"":8,""radius_b_s"":10,""side_a"":""sharpened"",""side_b"":""smoothed""}",False,"[""mae_below_minimum"",""mae_tolerance"",""rmse_tolerance""]",2
shape,periodic-triangle-v1__shape__sharpened__radius_s-8,periodic-triangle-v1__shape__smoothed__radius_s-12,0.7368419533042945,0.5600692951893418,55.51107417152612,"{""radius_a_s"":8,""radius_b_s"":12,""side_a"":""sharpened"",""side_b"":""smoothed""}",False,"[""mae_below_minimum"",""mae_tolerance"",""rmse_tolerance""]",4
shape,periodic-triangle-v1__shape__sharpened__radius_s-9,periodic-triangle-v1__shape__smoothed__radius_s-2,1.7499997589286145,1.5007244225083536,137.52413536337585,"{""radius_a_s"":9,""radius_b_s"":2,""side_a"":""sharpened"",""side_b"":""smoothed""}",False,"[""mae_below_minimum"",""rmse_below_minimum"",""mae_tolerance"",""rmse_tolerance""]",9
shape,periodic-triangle-v1__shape__sharpened__radius_s-9,periodic-triangle-v1__shape__smoothed__radius_s-3,1.5294120494315266,1.2524190276806944,118.21790339426613,"{""radius_a_s"":9,""radius_b_s"":3,""side_a"":""sharpened"",""side_b"":""smoothed""}",False,"[""mae_below_minimum"",""rmse_below_minimum"",""mae_tolerance"",""rmse_tolerance""]",8
shape,periodic-triangle-v1__shape__sharpened__radius_s-9,periodic-triangle-v1__shape__smoothed__radius_s-4,1.2727272013223236,1.005197320856718,97.14293742800677,"{""radius_a_s"":9,""radius_b_s"":4,""side_a"":""sharpened"",""side_b"":""smoothed""}",False,"[""mae_below_minimum"",""mae_tolerance"",""rmse_tolerance""]",7
shape,periodic-triangle-v1__shape__sharpened__radius_s-9,periodic-triangle-v1__shape__smoothed__radius_s-5,1.0000001157142768,0.7692486638912581,75.64162791542245,"{""radius_a_s"":9,""radius_b_s"":5,""side_a"":""sharpened"",""side_b"":""smoothed""}",False,"[""mae_below_minimum"",""mae_tolerance"",""rmse_tolerance""]",6
shape,periodic-triangle-v1__shape__sharpened__radius_s-9,periodic-triangle-v1__shape__smoothed__radius_s-6,0.7272727804014107,0.5496231260359414,54.68440988793525,"{""radius_a_s"":9,""radius_b_s"":6,""side_a"":""sharpened"",""side_b"":""smoothed""}",False,"[""mae_below_minimum"",""mae_tolerance"",""rmse_tolerance""]",5
shape,periodic-triangle-v1__shape__sharpened__radius_s-9,periodic-triangle-v1__shape__smoothed__radius_s-8,0.22222233509699452,0.16533121071647175,16.62215711206545,"{""radius_a_s"":9,""radius_b_s"":8,""side_a"":""sharpened"",""side_b"":""smoothed""}",False,"[""mae_below_minimum"",""mae_tolerance"",""rmse_tolerance""]",3
shape,periodic-triangle-v1__shape__sharpened__radius_s-9,periodic-triangle-v1__shape__smoothed__radius_s-9,3.4258306558912653e-16,3.5624905077878946e-16,2.900412163874931e-14,"{""radius_a_s"":9,""radius_b_s"":9,""side_a"":""sharpened"",""side_b"":""smoothed""}",True,[],2
shape,periodic-triangle-v1__shape__sharpened__radius_s-9,periodic-triangle-v1__shape__smoothed__radius_s-10,0.2000000308571391,0.14902331458882456,14.96744536248444,"{""radius_a_s"":9,""radius_b_s"":10,""side_a"":""sharpened"",""side_b"":""smoothed""}",False,"[""mae_tolerance"",""rmse_tolerance""]",1
shape,periodic-triangle-v1__shape__sharpened__radius_s-9,periodic-triangle-v1__shape__smoothed__radius_s-12,0.5365850966261388,0.4040925165608922,40.29900538333668,"{""radius_a_s"":9,""radius_b_s"":12,""side_a"":""sharpened"",""side_b"":""smoothed""}",False,"[""mae_tolerance"",""rmse_tolerance""]",3
shape,periodic-triangle-v1__shape__sharpened__radius_s-10,periodic-triangle-v1__shape__smoothed__radius_s-2,1.7931032525904922,1.562393190264468,141.73493563834023,"{""radius_a_s"":10,""radius_b_s"":2,""side_a"":""sharpened"",""side_b"":""smoothed""}",False,"[""mae_below_minimum"",""rmse_below_minimum"",""mae_tolerance"",""rmse_tolerance""]",8
shape,periodic-triangle-v1__shape__sharpened__radius_s-10,periodic-triangle-v1__shape__smoothed__radius_s-3,1.6065576313586776,1.3389662971077867,124.96009147152677,"{""radius_a_s"":10,""radius_b_s"":3,""side_a"":""sharpened"",""side_b"":""smoothed""}",False,"[""mae_below_minimum"",""rmse_below_minimum"",""mae_tolerance"",""rmse_tolerance""]",7
shape,periodic-triangle-v1__shape__sharpened__radius_s-10,periodic-triangle-v1__shape__smoothed__radius_s-4,1.384615338360109,1.1125560144390982,106.31596739930872,"{""radius_a_s"":10,""radius_b_s"":4,""side_a"":""sharpened"",""side_b"":""smoothed""}",False,"[""mae_below_minimum"",""mae_tolerance"",""rmse_tolerance""]",6
shape,periodic-triangle-v1__shape__sharpened__radius_s-10,periodic-triangle-v1__shape__smoothed__radius_s-5,1.1428572677550888,0.8926884241383243,86.89914419236524,"{""radius_a_s"":10,""radius_b_s"":5,""side_a"":""sharpened"",""side_b"":""smoothed""}",False,"[""mae_below_minimum"",""mae_tolerance"",""rmse_tolerance""]",5
shape,periodic-triangle-v1__shape__sharpened__radius_s-10,periodic-triangle-v1__shape__smoothed__radius_s-6,0.8947369160071137,0.6846275515980895,67.55776418695866,"{""radius_a_s"":10,""radius_b_s"":6,""side_a"":""sharpened"",""side_b"":""smoothed""}",False,"[""mae_below_minimum"",""mae_tolerance"",""rmse_tolerance""]",4
shape,periodic-triangle-v1__shape__sharpened__radius_s-10,periodic-triangle-v1__shape__smoothed__radius_s-8,0.4175825566960392,0.31243009611421135,31.29346437194234,"{""radius_a_s"":10,""radius_b_s"":8,""side_a"":""sharpened"",""side_b"":""smoothed""}",False,"[""mae_below_minimum"",""mae_tolerance"",""rmse_tolerance""]",2
shape,periodic-triangle-v1__shape__sharpened__radius_s-10,periodic-triangle-v1__shape__smoothed__radius_s-9,0.20000003085713947,0.1490233145888249,14.967445362484469,"{""radius_a_s"":10,""radius_b_s"":9,""side_a"":""sharpened"",""side_b"":""smoothed""}",False,"[""mae_tolerance"",""rmse_tolerance""]",1
shape,periodic-triangle-v1__shape__sharpened__radius_s-10,periodic-triangle-v1__shape__smoothed__radius_s-10,0.0,0.0,0.0,"{""radius_a_s"":10,""radius_b_s"":10,""side_a"":""sharpened"",""side_b"":""smoothed""}",True,[],0
shape,periodic-triangle-v1__shape__sharpened__radius_s-10,periodic-triangle-v1__shape__smoothed__radius_s-12,0.34586434998343013,0.25896791250382456,25.92548124929899,"{""radius_a_s"":10,""radius_b_s"":12,""side_a"":""sharpened"",""side_b"":""smoothed""}",False,"[""mae_tolerance"",""rmse_tolerance""]",2
shape,periodic-triangle-v1__shape__sharpened__radius_s-12,periodic-triangle-v1__shape__smoothed__radius_s-2,1.8518516637271953,1.654049939117791,147.7275811569528,"{""radius_a_s"":12,""radius_b_s"":2,""side_a"":""sharpened"",""side_b"":""smoothed""}",False,"[""mae_below_minimum"",""rmse_below_minimum"",""mae_tolerance"",""rmse_tolerance""]",10
shape,periodic-triangle-v1__shape__sharpened__radius_s-12,periodic-triangle-v1__shape__smoothed__radius_s-3,1.714285819242003,1.4704636470148023,134.72974586259357,"{""radius_a_s"":12,""radius_b_s"":3,""side_a"":""sharpened"",""side_b"":""smoothed""}",False,"[""mae_below_minimum"",""rmse_below_minimum"",""mae_tolerance"",""rmse_tolerance""]",9
shape,periodic-triangle-v1__shape__sharpened__radius_s-12,periodic-triangle-v1__shape__smoothed__radius_s-4,1.5454543802242997,1.2793719463171793,119.91845055512097,"{""radius_a_s"":12,""radius_b_s"":4,""side_a"":""sharpened"",""side_b"":""smoothed""}",False,"[""mae_below_minimum"",""mae_tolerance"",""rmse_tolerance""]",8
shape,periodic-triangle-v1__shape__sharpened__radius_s-12,periodic-triangle-v1__shape__smoothed__radius_s-5,1.3548386361825366,1.0887336148999907,104.03305230579318,"{""radius_a_s"":12,""radius_b_s"":5,""side_a"":""sharpened"",""side_b"":""smoothed""}",False,"[""mae_below_minimum"",""mae_tolerance"",""rmse_tolerance""]",7
shape,periodic-triangle-v1__shape__sharpened__radius_s-12,periodic-triangle-v1__shape__smoothed__radius_s-6,1.1515149985045057,0.9035465390294779,87.69396789287455,"{""radius_a_s"":12,""radius_b_s"":6,""side_a"":""sharpened"",""side_b"":""smoothed""}",False,"[""mae_below_minimum"",""mae_tolerance"",""rmse_tolerance""]",6
shape,periodic-triangle-v1__shape__sharpened__radius_s-12,periodic-triangle-v1__shape__smoothed__radius_s-8,0.736841953304295,0.5600692951893418,55.51107417152615,"{""radius_a_s"":12,""radius_b_s"":8,""side_a"":""sharpened"",""side_b"":""smoothed""}",False,"[""mae_below_minimum"",""mae_tolerance"",""rmse_tolerance""]",4
shape,periodic-triangle-v1__shape__sharpened__radius_s-12,periodic-triangle-v1__shape__smoothed__radius_s-9,0.5365850966261394,0.4040925165608925,40.29900538333672,"{""radius_a_s"":12,""radius_b_s"":9,""side_a"":""sharpened"",""side_b"":""smoothed""}",False,"[""mae_tolerance"",""rmse_tolerance""]",3
shape,periodic-triangle-v1__shape__sharpened__radius_s-12,periodic-triangle-v1__shape__smoothed__radius_s-10,0.34586434998343035,0.25896791250382456,25.925481249299004,"{""radius_a_s"":12,""radius_b_s"":10,""side_a"":""sharpened"",""side_b"":""smoothed""}",False,"[""mae_tolerance"",""rmse_tolerance""]",2
shape,periodic-triangle-v1__shape__sharpened__radius_s-12,periodic-triangle-v1__shape__smoothed__radius_s-12,2.6352551151990736e-16,0.0,1.3176275575995369e-14,"{""radius_a_s"":12,""radius_b_s"":12,""side_a"":""sharpened"",""side_b"":""smoothed""}",True,[],4
timing_periodic,periodic-triangle-v1__timing_periodic__early__shift_s--5,periodic-triangle-v1__timing_periodic__late__shift_s-5,0.0,0.0,0.0,"{""timing_a_s"":-5,""timing_b_s"":5}",False,"[""timing_gate""]",20
timing_periodic,periodic-triangle-v1__timing_periodic__early__shift_s--5,periodic-triangle-v1__timing_periodic__late__shift_s-10,0.6297086015274136,0.6405960149752556,52.838630575545864,"{""timing_a_s"":-5,""timing_b_s"":10}",False,"[""mae_tolerance"",""rmse_tolerance"",""timing_gate""]",15
timing_periodic,periodic-triangle-v1__timing_periodic__early__shift_s--5,periodic-triangle-v1__timing_periodic__late__shift_s-15,0.937155459561212,0.9545061750579488,78.67464547999222,"{""timing_a_s"":-5,""timing_b_s"":15}",False,"[""mae_tolerance"",""rmse_tolerance"",""timing_gate""]",10
timing_periodic,periodic-triangle-v1__timing_periodic__early__shift_s--5,periodic-triangle-v1__timing_periodic__late__shift_s-20,1.1164069667803536,1.1393353905645713,93.79819469117005,"{""timing_a_s"":-5,""timing_b_s"":20}",False,"[""mae_tolerance"",""rmse_tolerance"",""timing_gate""]",15
timing_periodic,periodic-triangle-v1__timing_periodic__early__shift_s--5,periodic-triangle-v1__timing_periodic__late__shift_s-30,1.31314570716067,1.3433778963851943,110.43654857087333,"{""timing_a_s"":-5,""timing_b_s"":30}",False,"[""mae_tolerance"",""rmse_tolerance"",""timing_gate""]",25
timing_periodic,periodic-triangle-v1__timing_periodic__early__shift_s--10,periodic-triangle-v1__timing_periodic__late__shift_s-5,0.6297086015274136,0.6405960149752556,52.838630575545864,"{""timing_a_s"":-10,""timing_b_s"":5}",False,"[""mae_tolerance"",""rmse_tolerance"",""timing_gate""]",15
timing_periodic,periodic-triangle-v1__timing_periodic__early__shift_s--10,periodic-triangle-v1__timing_periodic__late__shift_s-10,0.0,0.0,0.0,"{""timing_a_s"":-10,""timing_b_s"":10}",True,[],10
timing_periodic,periodic-triangle-v1__timing_periodic__early__shift_s--10,periodic-triangle-v1__timing_periodic__late__shift_s-15,0.3606557384022022,0.37055427753929987,30.384596171420107,"{""timing_a_s"":-10,""timing_b_s"":15}",False,"[""mae_tolerance"",""rmse_tolerance""]",5
timing_periodic,periodic-triangle-v1__timing_periodic__early__shift_s--10,periodic-triangle-v1__timing_periodic__late__shift_s-20,0.5904761897049564,0.6100514551953068,49.85885799175804,"{""timing_a_s"":-10,""timing_b_s"":20}",False,"[""mae_tolerance"",""rmse_tolerance""]",10
timing_periodic,periodic-triangle-v1__timing_periodic__early__shift_s--10,periodic-triangle-v1__timing_periodic__late__shift_s-30,0.8615384600290787,0.8954239572672623,72.92438824369601,"{""timing_a_s"":-10,""timing_b_s"":30}",False,"[""mae_tolerance"",""rmse_tolerance""]",20
timing_periodic,periodic-triangle-v1__timing_periodic__early__shift_s--15,periodic-triangle-v1__timing_periodic__late__shift_s-5,0.937155459561212,0.9545061750579488,78.67464547999222,"{""timing_a_s"":-15,""timing_b_s"":5}",False,"[""mae_tolerance"",""rmse_tolerance"",""timing_gate""]",10
timing_periodic,periodic-triangle-v1__timing_periodic__early__shift_s--15,periodic-triangle-v1__timing_periodic__late__shift_s-10,0.3606557384022022,0.37055427753929987,30.384596171420107,"{""timing_a_s"":-15,""timing_b_s"":10}",False,"[""mae_tolerance"",""rmse_tolerance""]",5
timing_periodic,periodic-triangle-v1__timing_periodic__early__shift_s--15,periodic-triangle-v1__timing_periodic__late__shift_s-15,0.0,0.0,0.0,"{""timing_a_s"":-15,""timing_b_s"":15}",True,[],0
timing_periodic,periodic-triangle-v1__timing_periodic__early__shift_s--15,periodic-triangle-v1__timing_periodic__late__shift_s-20,0.2427440617820024,0.25384293174585204,20.598634147295186,"{""timing_a_s"":-15,""timing_b_s"":20}",False,"[""mae_tolerance"",""rmse_tolerance""]",5
timing_periodic,periodic-triangle-v1__timing_periodic__early__shift_s--15,periodic-triangle-v1__timing_periodic__late__shift_s-30,0.5430680862129916,0.5723462563616742,46.23161285603872,"{""timing_a_s"":-15,""timing_b_s"":30}",False,"[""mae_tolerance"",""rmse_tolerance""]",15
timing_periodic,periodic-triangle-v1__timing_periodic__early__shift_s--20,periodic-triangle-v1__timing_periodic__late__shift_s-5,1.1164069667803536,1.1393353905645713,93.79819469117005,"{""timing_a_s"":-20,""timing_b_s"":5}",False,"[""mae_tolerance"",""rmse_tolerance"",""timing_gate""]",15
timing_periodic,periodic-triangle-v1__timing_periodic__early__shift_s--20,periodic-triangle-v1__timing_periodic__late__shift_s-10,0.5904761897049564,0.6100514551953068,49.85885799175804,"{""timing_a_s"":-20,""timing_b_s"":10}",False,"[""mae_tolerance"",""rmse_tolerance""]",10
timing_periodic,periodic-triangle-v1__timing_periodic__early__shift_s--20,periodic-triangle-v1__timing_periodic__late__shift_s-15,0.2427440617820024,0.25384293174585204,20.598634147295186,"{""timing_a_s"":-20,""timing_b_s"":15}",False,"[""mae_tolerance"",""rmse_tolerance""]",5
timing_periodic,periodic-triangle-v1__timing_periodic__early__shift_s--20,periodic-triangle-v1__timing_periodic__late__shift_s-20,0.0,0.0,0.0,"{""timing_a_s"":-20,""timing_b_s"":20}",True,[],10
timing_periodic,periodic-triangle-v1__timing_periodic__early__shift_s--20,periodic-triangle-v1__timing_periodic__late__shift_s-30,0.310559005227091,0.3305078705052519,26.54487927819628,"{""timing_a_s"":-20,""timing_b_s"":30}",False,"[""mae_tolerance"",""rmse_tolerance""]",20
timing_periodic,periodic-triangle-v1__timing_periodic__early__shift_s--30,periodic-triangle-v1__timing_periodic__late__shift_s-5,1.31314570716067,1.3433778963851943,110.43654857087333,"{""timing_a_s"":-30,""timing_b_s"":5}",False,"[""mae_tolerance"",""rmse_tolerance"",""timing_gate""]",25
timing_periodic,periodic-triangle-v1__timing_periodic__early__shift_s--30,periodic-triangle-v1__timing_periodic__late__shift_s-10,0.8615384600290787,0.8954239572672623,72.92438824369601,"{""timing_a_s"":-30,""timing_b_s"":10}",False,"[""mae_tolerance"",""rmse_tolerance""]",20
timing_periodic,periodic-triangle-v1__timing_periodic__early__shift_s--30,periodic-triangle-v1__timing_periodic__late__shift_s-15,0.5430680862129916,0.5723462563616742,46.23161285603872,"{""timing_a_s"":-30,""timing_b_s"":15}",False,"[""mae_tolerance"",""rmse_tolerance""]",15
timing_periodic,periodic-triangle-v1__timing_periodic__early__shift_s--30,periodic-triangle-v1__timing_periodic__late__shift_s-20,0.310559005227091,0.3305078705052519,26.54487927819628,"{""timing_a_s"":-30,""timing_b_s"":20}",False,"[""mae_tolerance"",""rmse_tolerance""]",20
timing_periodic,periodic-triangle-v1__timing_periodic__early__shift_s--30,periodic-triangle-v1__timing_periodic__late__shift_s-30,0.0,0.0,0.0,"{""timing_a_s"":-30,""timing_b_s"":30}",True,[],30
timing_spike,narrow-spike-v1__timing_spike__early__shift_s--5,narrow-spike-v1__timing_spike__late__shift_s-5,0.0,0.0,0.0,"{""timing_a_s"":-5,""timing_b_s"":5}",False,"[""timing_gate""]",10
timing_spike,narrow-spike-v1__timing_spike__early__shift_s--5,narrow-spike-v1__timing_spike__late__shift_s-10,0.6666666666666667,0.34314575050761975,44.77152501692066,"{""timing_a_s"":-5,""timing_b_s"":10}",False,"[""mae_tolerance"",""rmse_tolerance"",""timing_gate""]",5
timing_spike,narrow-spike-v1__timing_spike__early__shift_s--5,narrow-spike-v1__timing_spike__late__shift_s-15,0.9999999999999999,0.5358983848622454,67.86327949540816,"{""timing_a_s"":-5,""timing_b_s"":15}",False,"[""mae_tolerance"",""rmse_tolerance"",""timing_gate""]",10
timing_spike,narrow-spike-v1__timing_spike__early__shift_s--5,narrow-spike-v1__timing_spike__late__shift_s-20,1.2,0.6666666666666666,82.22222222222223,"{""timing_a_s"":-5,""timing_b_s"":20}",False,"[""mae_tolerance"",""rmse_tolerance"",""timing_gate""]",15
timing_spike,narrow-spike-v1__timing_spike__early__shift_s--10,narrow-spike-v1__timing_spike__late__shift_s-5,0.6666666666666667,0.34314575050761975,44.77152501692066,"{""timing_a_s"":-10,""timing_b_s"":5}",False,"[""mae_tolerance"",""rmse_tolerance"",""timing_gate""]",5
timing_spike,narrow-spike-v1__timing_spike__early__shift_s--10,narrow-spike-v1__timing_spike__late__shift_s-10,0.0,0.0,0.0,"{""timing_a_s"":-10,""timing_b_s"":10}",True,[],0
timing_spike,narrow-spike-v1__timing_spike__early__shift_s--10,narrow-spike-v1__timing_spike__late__shift_s-15,0.39999999999999997,0.2020410288672877,26.73470096224292,"{""timing_a_s"":-10,""timing_b_s"":15}",False,"[""mae_tolerance"",""rmse_tolerance""]",5
timing_spike,narrow-spike-v1__timing_spike__early__shift_s--10,narrow-spike-v1__timing_spike__late__shift_s-20,0.6666666666666667,0.3431457505076199,44.77152501692066,"{""timing_a_s"":-10,""timing_b_s"":20}",False,"[""mae_tolerance"",""rmse_tolerance""]",10
timing_spike,narrow-spike-v1__timing_spike__early__shift_s--15,narrow-spike-v1__timing_spike__late__shift_s-5,0.9999999999999999,0.5358983848622454,67.86327949540816,"{""timing_a_s"":-15,""timing_b_s"":5}",False,"[""mae_tolerance"",""rmse_tolerance"",""timing_gate""]",10
timing_spike,narrow-spike-v1__timing_spike__early__shift_s--15,narrow-spike-v1__timing_spike__late__shift_s-10,0.39999999999999997,0.2020410288672877,26.73470096224292,"{""timing_a_s"":-15,""timing_b_s"":10}",False,"[""mae_tolerance"",""rmse_tolerance""]",5
timing_spike,narrow-spike-v1__timing_spike__early__shift_s--15,narrow-spike-v1__timing_spike__late__shift_s-15,0.0,0.0,0.0,"{""timing_a_s"":-15,""timing_b_s"":15}",True,[],10
timing_spike,narrow-spike-v1__timing_spike__early__shift_s--15,narrow-spike-v1__timing_spike__late__shift_s-20,0.28571428571428575,0.14359353944898165,19.072165600680343,"{""timing_a_s"":-15,""timing_b_s"":20}",False,"[""mae_tolerance"",""rmse_tolerance""]",15
timing_spike,narrow-spike-v1__timing_spike__early__shift_s--20,narrow-spike-v1__timing_spike__late__shift_s-5,1.2,0.6666666666666666,82.22222222222223,"{""timing_a_s"":-20,""timing_b_s"":5}",False,"[""mae_tolerance"",""rmse_tolerance"",""timing_gate""]",15
timing_spike,narrow-spike-v1__timing_spike__early__shift_s--20,narrow-spike-v1__timing_spike__late__shift_s-10,0.6666666666666667,0.3431457505076199,44.77152501692066,"{""timing_a_s"":-20,""timing_b_s"":10}",False,"[""mae_tolerance"",""rmse_tolerance""]",10
timing_spike,narrow-spike-v1__timing_spike__early__shift_s--20,narrow-spike-v1__timing_spike__late__shift_s-15,0.28571428571428575,0.14359353944898165,19.072165600680343,"{""timing_a_s"":-20,""timing_b_s"":15}",False,"[""mae_tolerance"",""rmse_tolerance""]",15
timing_spike,narrow-spike-v1__timing_spike__early__shift_s--20,narrow-spike-v1__timing_spike__late__shift_s-20,0.0,0.0,0.0,"{""timing_a_s"":-20,""timing_b_s"":20}",True,[],20
