request_id,scheduled_offset_us,source_second,target_rps,scheduled_requests_in_second
req-00000001,20000,0,25.000000,25
req-00000002,60000,0,25.000000,25
req-00000003,100000,0,25.000000,25
req-00000004,140000,0,25.000000,25
req-00000005,180000,0,25.000000,25
req-00000006,220000,0,25.000000,25
req-00000007,260000,0,25.000000,25
req-00000008,300000,0,25.000000,25
req-00000009,340000,0,25.000000,25
req-00000010,380000,0,25.000000,25
req-00000011,420000,0,25.000000,25
req-00000012,460000,0,25.000000,25
req-00000013,500000,0,25.000000,25
req-00000014,540000,0,25.000000,25
req-00000015,580000,0,25.000000,25
req-00000016,620000,0,25.000000,25
req-00000017,660000,0,25.000000,25
req-00000018,700000,0,25.000000,25
req-00000019,740000,0,25.000000,25
req-00000020,780000,0,25.000000,25
req-00000021,820000,0,25.000000,25
req-00000022,860000,0,25.000000,25
req-00000023,900000,0,25.000000,25
req-00000024,940000,0,25.000000,25
req-00000025,980000,0,25.000000,25
req-00000026,1020000,1,25.000000,25
req-00000027,1060000,1,25.000000,25
req-00000028,1100000,1,25.000000,25
req-00000029,1140000,1,25.000000,25
req-00000030,1180000,1,25.000000,25
req-00000031,1220000,1,25.000000,25
req-00000032,1260000,1,25.000000,25
req-00000033,1300000,1,25.000000,25
req-00000034,1340000,1,25.000000,25
req-00000035,1380000,1,25.000000,25
req-00000036,1420000,1,25.000000,25
req-00000037,1460000,1,25.000000,25
req-00000038,1500000,1,25.000000,25
req-00000039,1540000,1,25.000000,25
req-00000040,1580000,1,25.000000,25
req-00000041,1620000,1,25.000000,25
req-00000042,1660000,1,25.000000,25
req-00000043,1700000,1,25.000000,25
req-00000044,1740000,1,25.000000,25
req-00000045,1780000,1,25.000000,25
req-00000046,1820000,1,25.000000,25
req-00000047,1860000,1,25.000000,25
req-00000048,1900000,1,25.000000,25
req-00000049,1940000,1,25.000000,25
req-00000050,1980000,1,25.000000,25
req-00000051,2020000,2,25.000000,25
req-00000052,2060000,2,25.000000,25
req-00000053,2100000,2,25.000000,25
req-00000054,2140000,2,25.000000,25
req-00000055,2180000,2,25.000000,25
req-00000056,2220000,2,25.000000,25
req-00000057,2260000,2,25.000000,25
req-00000058,2300000,2,25.000000,25
req-00000059,2340000,2,25.000000,25
req-00000060,2380000,2,25.000000,25
req-00000061,2420000,2,25.000000,25
req-00000062,2460000,2,25.000000,25
req-00000063,2500000,2,25.000000,25
req-00000064,2540000,2,25.000000,25
req-00000065,2580000,2,25.000000,25
req-00000066,2620000,2,25.000000,25
req-00000067,2660000,2,25.000000,25
req-00000068,2700000,2,25.000000,25
req-00000069,2740000,2,25.000000,25
req-00000070,2780000,2,25.000000,25
req-00000071,2820000,2,25.000000,25
req-00000072,2860000,2,25.000000,25
req-00000073,2900000,2,25.000000,25
req-00000074,2940000,2,25.000000,25
req-00000075,2980000,2,25.000000,25
req-00000076,3020000,3,25.000000,25
req-00000077,3060000,3,25.000000,25
req-00000078,3100000,3,25.000000,25
req-00000079,3140000,3,25.000000,25
req-00000080,3180000,3,25.000000,25
req-00000081,3220000,3,25.000000,25
req-00000082,3260000,3,25.000000,25
req-00000083,3300000,3,25.000000,25
req-00000084,3340000,3,25.000000,25
req-00000085,3380000,3,25.000000,25
req-00000086,3420000,3,25.000000,25
req-00000087,3460000,3,25.000000,25
req-00000088,3500000,3,25.000000,25
req-00000089,3540000,3,25.000000,25
req-00000090,3580000,3,25.000000,25
req-00000091,3620000,3,25.000000,25
req-00000092,3660000,3,25.000000,25
req-00000093,3700000,3,25.000000,25
req-00000094,3740000,3,25.000000,25
req-00000095,3780000,3,25.000000,25
req-00000096,3820000,3,25.000000,25
req-00000097,3860000,3,25.000000,25
req-00000098,3900000,3,25.000000,25
req-00000099,3940000,3,25.000000,25
req-00000100,3980000,3,25.000000,25
req-00000101,4020000,4,25.000000,25
req-00000102,4060000,4,25.000000,25
req-00000103,4100000,4,25.000000,25
req-00000104,4140000,4,25.000000,25
req-00000105,4180000,4,25.000000,25
req-00000106,4220000,4,25.000000,25
req-00000107,4260000,4,25.000000,25
req-00000108,4300000,4,25.000000,25
req-00000109,4340000,4,25.000000,25
req-00000110,4380000,4,25.000000,25
req-00000111,4420000,4,25.000000,25
req-00000112,4460000,4,25.000000,25
req-00000113,4500000,4,25.000000,25
req-00000114,4540000,4,25.000000,25
req-00000115,4580000,4,25.000000,25
req-00000116,4620000,4,25.000000,25
req-00000117,4660000,4,25.000000,25
req-00000118,4700000,4,25.000000,25
req-00000119,4740000,4,25.000000,25
req-00000120,4780000,4,25.000000,25
req-00000121,4820000,4,25.000000,25
req-00000122,4860000,4,25.000000,25
req-00000123,4900000,4,25.000000,25
req-00000124,4940000,4,25.000000,25
req-00000125,4980000,4,25.000000,25
req-00000126,5020000,5,25.000000,25
req-00000127,5060000,5,25.000000,25
req-00000128,5100000,5,25.000000,25
req-00000129,5140000,5,25.000000,25
req-00000130,5180000,5,25.000000,25
req-00000131,5220000,5,25.000000,25
req-00000132,5260000,5,25.000000,25
req-00000133,5300000,5,25.000000,25
req-00000134,5340000,5,25.000000,25
req-00000135,5380000,5,25.000000,25
req-00000136,5420000,5,25.000000,25
req-00000137,5460000,5,25.000000,25
req-00000138,5500000,5,25.000000,25
req-00000139,5540000,5,25.000000,25
req-00000140,5580000,5,25.000000,25
req-00000141,5620000,5,25.000000,25
req-00000142,5660000,5,25.000000,25
req-00000143,5700000,5,25.000000,25
req-00000144,5740000,5,25.000000,25
req-00000145,5780000,5,25.000000,25
req-00000146,5820000,5,25.000000,25
req-00000147,5860000,5,25.000000,25
req-00000148,5900000,5,25.000000,25
req-00000149,5940000,5,25.000000,25
req-00000150,5980000,5,25.000000,25
req-00000151,6020000,6,25.000000,25
req-00000152,6060000,6,25.000000,25
req-00000153,6100000,6,25.000000,25
req-00000154,6140000,6,25.000000,25
req-00000155,6180000,6,25.000000,25
req-00000156,6220000,6,25.000000,25
req-00000157,6260000,6,25.000000,25
req-00000158,6300000,6,25.000000,25
req-00000159,6340000,6,25.000000,25
req-00000160,6380000,6,25.000000,25
req-00000161,6420000,6,25.000000,25
req-00000162,6460000,6,25.000000,25
req-00000163,6500000,6,25.000000,25
req-00000164,6540000,6,25.000000,25
req-00000165,6580000,6,25.000000,25
req-00000166,6620000,6,25.000000,25
req-00000167,6660000,6,25.000000,25
req-00000168,6700000,6,25.000000,25
req-00000169,6740000,6,25.000000,25
req-00000170,6780000,6,25.000000,25
req-00000171,6820000,6,25.000000,25
req-00000172,6860000,6,25.000000,25
req-00000173,6900000,6,25.000000,25
req-00000174,6940000,6,25.000000,25
req-00000175,6980000,6,25.000000,25
req-00000176,7020000,7,25.000000,25
req-00000177,7060000,7,25.000000,25
req-00000178,7100000,7,25.000000,25
req-00000179,7140000,7,25.000000,25
req-00000180,7180000,7,25.000000,25
req-00000181,7220000,7,25.000000,25
req-00000182,7260000,7,25.000000,25
req-00000183,7300000,7,25.000000,25
req-00000184,7340000,7,25.000000,25
req-00000185,7380000,7,25.000000,25
req-00000186,7420000,7,25.000000,25
req-00000187,7460000,7,25.000000,25
req-00000188,7500000,7,25.000000,25
req-00000189,7540000,7,25.000000,25
req-00000190,7580000,7,25.000000,25
req-00000191,7620000,7,25.000000,25
req-00000192,7660000,7,25.000000,25
req-00000193,7700000,7,25.000000,25
req-00000194,7740000,7,25.000000,25
req-00000195,7780000,7,25.000000,25
req-00000196,7820000,7,25.000000,25
req-00000197,7860000,7,25.000000,25
req-00000198,7900000,7,25.000000,25
req-00000199,7940000,7,25.000000,25
req-00000200,7980000,7,25.000000,25
req-00000201,8020000,8,25.000000,25
req-00000202,8060000,8,25.000000,25
req-00000203,8100000,8,25.000000,25
req-00000204,8140000,8,25.000000,25
req-00000205,8180000,8,25.000000,25
req-00000206,8220000,8,25.000000,25
req-00000207,8260000,8,25.000000,25
req-00000208,8300000,8,25.000000,25
req-00000209,8340000,8,25.000000,25
req-00000210,8380000,8,25.000000,25
req-00000211,8420000,8,25.000000,25
req-00000212,8460000,8,25.000000,25
req-00000213,8500000,8,25.000000,25
req-00000214,8540000,8,25.000000,25
req-00000215,8580000,8,25.000000,25
req-00000216,8620000,8,25.000000,25
req-00000217,8660000,8,25.000000,25
req-00000218,8700000,8,25.000000,25
req-00000219,8740000,8,25.000000,25
req-00000220,8780000,8,25.000000,25
req-00000221,8820000,8,25.000000,25
req-00000222,8860000,8,25.000000,25
req-00000223,8900000,8,25.000000,25
req-00000224,8940000,8,25.000000,25
req-00000225,8980000,8,25.000000,25
req-00000226,9020000,9,25.000000,25
req-00000227,9060000,9,25.000000,25
req-00000228,9100000,9,25.000000,25
req-00000229,9140000,9,25.000000,25
req-00000230,9180000,9,25.000000,25
req-00000231,9220000,9,25.000000,25
req-00000232,9260000,9,25.000000,25
req-00000233,9300000,9,25.000000,25
req-00000234,9340000,9,25.000000,25
req-00000235,9380000,9,25.000000,25
req-00000236,9420000,9,25.000000,25
req-00000237,9460000,9,25.000000,25
req-00000238,9500000,9,25.000000,25
req-00000239,9540000,9,25.000000,25
req-00000240,9580000,9,25.000000,25
req-00000241,9620000,9,25.000000,25
req-00000242,9660000,9,25.000000,25
req-00000243,9700000,9,25.000000,25
req-00000244,9740000,9,25.000000,25
req-00000245,9780000,9,25.000000,25
req-00000246,9820000,9,25.000000,25
req-00000247,9860000,9,25.000000,25
req-00000248,9900000,9,25.000000,25
req-00000249,9940000,9,25.000000,25
req-00000250,9980000,9,25.000000,25
req-00000251,10020000,10,25.000000,25
req-00000252,10060000,10,25.000000,25
req-00000253,10100000,10,25.000000,25
req-00000254,10140000,10,25.000000,25
req-00000255,10180000,10,25.000000,25
req-00000256,10220000,10,25.000000,25
req-00000257,10260000,10,25.000000,25
req-00000258,10300000,10,25.000000,25
req-00000259,10340000,10,25.000000,25
req-00000260,10380000,10,25.000000,25
req-00000261,10420000,10,25.000000,25
req-00000262,10460000,10,25.000000,25
req-00000263,10500000,10,25.000000,25
req-00000264,10540000,10,25.000000,25
req-00000265,10580000,10,25.000000,25
req-00000266,10620000,10,25.000000,25
req-00000267,10660000,10,25.000000,25
req-00000268,10700000,10,25.000000,25
req-00000269,10740000,10,25.000000,25
req-00000270,10780000,10,25.000000,25
req-00000271,10820000,10,25.000000,25
req-00000272,10860000,10,25.000000,25
req-00000273,10900000,10,25.000000,25
req-00000274,10940000,10,25.000000,25
req-00000275,10980000,10,25.000000,25
req-00000276,11020000,11,25.000000,25
req-00000277,11060000,11,25.000000,25
req-00000278,11100000,11,25.000000,25
req-00000279,11140000,11,25.000000,25
req-00000280,11180000,11,25.000000,25
req-00000281,11220000,11,25.000000,25
req-00000282,11260000,11,25.000000,25
req-00000283,11300000,11,25.000000,25
req-00000284,11340000,11,25.000000,25
req-00000285,11380000,11,25.000000,25
req-00000286,11420000,11,25.000000,25
req-00000287,11460000,11,25.000000,25
req-00000288,11500000,11,25.000000,25
req-00000289,11540000,11,25.000000,25
req-00000290,11580000,11,25.000000,25
req-00000291,11620000,11,25.000000,25
req-00000292,11660000,11,25.000000,25
req-00000293,11700000,11,25.000000,25
req-00000294,11740000,11,25.000000,25
req-00000295,11780000,11,25.000000,25
req-00000296,11820000,11,25.000000,25
req-00000297,11860000,11,25.000000,25
req-00000298,11900000,11,25.000000,25
req-00000299,11940000,11,25.000000,25
req-00000300,11980000,11,25.000000,25
req-00000301,12020000,12,25.000000,25
req-00000302,12060000,12,25.000000,25
req-00000303,12100000,12,25.000000,25
req-00000304,12140000,12,25.000000,25
req-00000305,12180000,12,25.000000,25
req-00000306,12220000,12,25.000000,25
req-00000307,12260000,12,25.000000,25
req-00000308,12300000,12,25.000000,25
req-00000309,12340000,12,25.000000,25
req-00000310,12380000,12,25.000000,25
req-00000311,12420000,12,25.000000,25
req-00000312,12460000,12,25.000000,25
req-00000313,12500000,12,25.000000,25
req-00000314,12540000,12,25.000000,25
req-00000315,12580000,12,25.000000,25
req-00000316,12620000,12,25.000000,25
req-00000317,12660000,12,25.000000,25
req-00000318,12700000,12,25.000000,25
req-00000319,12740000,12,25.000000,25
req-00000320,12780000,12,25.000000,25
req-00000321,12820000,12,25.000000,25
req-00000322,12860000,12,25.000000,25
req-00000323,12900000,12,25.000000,25
req-00000324,12940000,12,25.000000,25
req-00000325,12980000,12,25.000000,25
req-00000326,13020000,13,25.000000,25
req-00000327,13060000,13,25.000000,25
req-00000328,13100000,13,25.000000,25
req-00000329,13140000,13,25.000000,25
req-00000330,13180000,13,25.000000,25
req-00000331,13220000,13,25.000000,25
req-00000332,13260000,13,25.000000,25
req-00000333,13300000,13,25.000000,25
req-00000334,13340000,13,25.000000,25
req-00000335,13380000,13,25.000000,25
req-00000336,13420000,13,25.000000,25
req-00000337,13460000,13,25.000000,25
req-00000338,13500000,13,25.000000,25
req-00000339,13540000,13,25.000000,25
req-00000340,13580000,13,25.000000,25
req-00000341,13620000,13,25.000000,25
req-00000342,13660000,13,25.000000,25
req-00000343,13700000,13,25.000000,25
req-00000344,13740000,13,25.000000,25
req-00000345,13780000,13,25.000000,25
req-00000346,13820000,13,25.000000,25
req-00000347,13860000,13,25.000000,25
req-00000348,13900000,13,25.000000,25
req-00000349,13940000,13,25.000000,25
req-00000350,13980000,13,25.000000,25
req-00000351,14020000,14,25.000000,25
req-00000352,14060000,14,25.000000,25
req-00000353,14100000,14,25.000000,25
req-00000354,14140000,14,25.000000,25
req-00000355,14180000,14,25.000000,25
req-00000356,14220000,14,25.000000,25
req-00000357,14260000,14,25.000000,25
req-00000358,14300000,14,25.000000,25
req-00000359,14340000,14,25.000000,25
req-00000360,14380000,14,25.000000,25
req-00000361,14420000,14,25.000000,25
req-00000362,14460000,14,25.000000,25
req-00000363,14500000,14,25.000000,25
req-00000364,14540000,14,25.000000,25
req-00000365,14580000,14,25.000000,25
req-00000366,14620000,14,25.000000,25
req-00000367,14660000,14,25.000000,25
req-00000368,14700000,14,25.000000,25
req-00000369,14740000,14,25.000000,25
req-00000370,14780000,14,25.000000,25
req-00000371,14820000,14,25.000000,25
req-00000372,14860000,14,25.000000,25
req-00000373,14900000,14,25.000000,25
req-00000374,14940000,14,25.000000,25
req-00000375,14980000,14,25.000000,25
req-00000376,15020000,15,25.000000,25
req-00000377,15060000,15,25.000000,25
req-00000378,15100000,15,25.000000,25
req-00000379,15140000,15,25.000000,25
req-00000380,15180000,15,25.000000,25
req-00000381,15220000,15,25.000000,25
req-00000382,15260000,15,25.000000,25
req-00000383,15300000,15,25.000000,25
req-00000384,15340000,15,25.000000,25
req-00000385,15380000,15,25.000000,25
req-00000386,15420000,15,25.000000,25
req-00000387,15460000,15,25.000000,25
req-00000388,15500000,15,25.000000,25
req-00000389,15540000,15,25.000000,25
req-00000390,15580000,15,25.000000,25
req-00000391,15620000,15,25.000000,25
req-00000392,15660000,15,25.000000,25
req-00000393,15700000,15,25.000000,25
req-00000394,15740000,15,25.000000,25
req-00000395,15780000,15,25.000000,25
req-00000396,15820000,15,25.000000,25
req-00000397,15860000,15,25.000000,25
req-00000398,15900000,15,25.000000,25
req-00000399,15940000,15,25.000000,25
req-00000400,15980000,15,25.000000,25
req-00000401,16020000,16,25.000000,25
req-00000402,16060000,16,25.000000,25
req-00000403,16100000,16,25.000000,25
req-00000404,16140000,16,25.000000,25
req-00000405,16180000,16,25.000000,25
req-00000406,16220000,16,25.000000,25
req-00000407,16260000,16,25.000000,25
req-00000408,16300000,16,25.000000,25
req-00000409,16340000,16,25.000000,25
req-00000410,16380000,16,25.000000,25
req-00000411,16420000,16,25.000000,25
req-00000412,16460000,16,25.000000,25
req-00000413,16500000,16,25.000000,25
req-00000414,16540000,16,25.000000,25
req-00000415,16580000,16,25.000000,25
req-00000416,16620000,16,25.000000,25
req-00000417,16660000,16,25.000000,25
req-00000418,16700000,16,25.000000,25
req-00000419,16740000,16,25.000000,25
req-00000420,16780000,16,25.000000,25
req-00000421,16820000,16,25.000000,25
req-00000422,16860000,16,25.000000,25
req-00000423,16900000,16,25.000000,25
req-00000424,16940000,16,25.000000,25
req-00000425,16980000,16,25.000000,25
req-00000426,17020000,17,25.000000,25
req-00000427,17060000,17,25.000000,25
req-00000428,17100000,17,25.000000,25
req-00000429,17140000,17,25.000000,25
req-00000430,17180000,17,25.000000,25
req-00000431,17220000,17,25.000000,25
req-00000432,17260000,17,25.000000,25
req-00000433,17300000,17,25.000000,25
req-00000434,17340000,17,25.000000,25
req-00000435,17380000,17,25.000000,25
req-00000436,17420000,17,25.000000,25
req-00000437,17460000,17,25.000000,25
req-00000438,17500000,17,25.000000,25
req-00000439,17540000,17,25.000000,25
req-00000440,17580000,17,25.000000,25
req-00000441,17620000,17,25.000000,25
req-00000442,17660000,17,25.000000,25
req-00000443,17700000,17,25.000000,25
req-00000444,17740000,17,25.000000,25
req-00000445,17780000,17,25.000000,25
req-00000446,17820000,17,25.000000,25
req-00000447,17860000,17,25.000000,25
req-00000448,17900000,17,25.000000,25
req-00000449,17940000,17,25.000000,25
req-00000450,17980000,17,25.000000,25
req-00000451,18020000,18,25.000000,25
req-00000452,18060000,18,25.000000,25
req-00000453,18100000,18,25.000000,25
req-00000454,18140000,18,25.000000,25
req-00000455,18180000,18,25.000000,25
req-00000456,18220000,18,25.000000,25
req-00000457,18260000,18,25.000000,25
req-00000458,18300000,18,25.000000,25
req-00000459,18340000,18,25.000000,25
req-00000460,18380000,18,25.000000,25
req-00000461,18420000,18,25.000000,25
req-00000462,18460000,18,25.000000,25
req-00000463,18500000,18,25.000000,25
req-00000464,18540000,18,25.000000,25
req-00000465,18580000,18,25.000000,25
req-00000466,18620000,18,25.000000,25
req-00000467,18660000,18,25.000000,25
req-00000468,18700000,18,25.000000,25
req-00000469,18740000,18,25.000000,25
req-00000470,18780000,18,25.000000,25
req-00000471,18820000,18,25.000000,25
req-00000472,18860000,18,25.000000,25
req-00000473,18900000,18,25.000000,25
req-00000474,18940000,18,25.000000,25
req-00000475,18980000,18,25.000000,25
req-00000476,19020000,19,25.000000,25
req-00000477,19060000,19,25.000000,25
req-00000478,19100000,19,25.000000,25
req-00000479,19140000,19,25.000000,25
req-00000480,19180000,19,25.000000,25
req-00000481,19220000,19,25.000000,25
req-00000482,19260000,19,25.000000,25
req-00000483,19300000,19,25.000000,25
req-00000484,19340000,19,25.000000,25
req-00000485,19380000,19,25.000000,25
req-00000486,19420000,19,25.000000,25
req-00000487,19460000,19,25.000000,25
req-00000488,19500000,19,25.000000,25
req-00000489,19540000,19,25.000000,25
req-00000490,19580000,19,25.000000,25
req-00000491,19620000,19,25.000000,25
req-00000492,19660000,19,25.000000,25
req-00000493,19700000,19,25.000000,25
req-00000494,19740000,19,25.000000,25
req-00000495,19780000,19,25.000000,25
req-00000496,19820000,19,25.000000,25
req-00000497,19860000,19,25.000000,25
req-00000498,19900000,19,25.000000,25
req-00000499,19940000,19,25.000000,25
req-00000500,19980000,19,25.000000,25
req-00000501,20020000,20,25.000000,25
req-00000502,20060000,20,25.000000,25
req-00000503,20100000,20,25.000000,25
req-00000504,20140000,20,25.000000,25
req-00000505,20180000,20,25.000000,25
req-00000506,20220000,20,25.000000,25
req-00000507,20260000,20,25.000000,25
req-00000508,20300000,20,25.000000,25
req-00000509,20340000,20,25.000000,25
req-00000510,20380000,20,25.000000,25
req-00000511,20420000,20,25.000000,25
req-00000512,20460000,20,25.000000,25
req-00000513,20500000,20,25.000000,25
req-00000514,20540000,20,25.000000,25
req-00000515,20580000,20,25.000000,25
req-00000516,20620000,20,25.000000,25
req-00000517,20660000,20,25.000000,25
req-00000518,20700000,20,25.000000,25
req-00000519,20740000,20,25.000000,25
req-00000520,20780000,20,25.000000,25
req-00000521,20820000,20,25.000000,25
req-00000522,20860000,20,25.000000,25
req-00000523,20900000,20,25.000000,25
req-00000524,20940000,20,25.000000,25
req-00000525,20980000,20,25.000000,25
req-00000526,21020000,21,25.000000,25
req-00000527,21060000,21,25.000000,25
req-00000528,21100000,21,25.000000,25
req-00000529,21140000,21,25.000000,25
req-00000530,21180000,21,25.000000,25
req-00000531,21220000,21,25.000000,25
req-00000532,21260000,21,25.000000,25
req-00000533,21300000,21,25.000000,25
req-00000534,21340000,21,25.000000,25
req-00000535,21380000,21,25.000000,25
req-00000536,21420000,21,25.000000,25
req-00000537,21460000,21,25.000000,25
req-00000538,21500000,21,25.000000,25
req-00000539,21540000,21,25.000000,25
req-00000540,21580000,21,25.000000,25
req-00000541,21620000,21,25.000000,25
req-00000542,21660000,21,25.000000,25
req-00000543,21700000,21,25.000000,25
req-00000544,21740000,21,25.000000,25
req-00000545,21780000,21,25.000000,25
req-00000546,21820000,21,25.000000,25
req-00000547,21860000,21,25.000000,25
req-00000548,21900000,21,25.000000,25
req-00000549,21940000,21,25.000000,25
req-00000550,21980000,21,25.000000,25
req-00000551,22020000,22,25.000000,25
req-00000552,22060000,22,25.000000,25
req-00000553,22100000,22,25.000000,25
req-00000554,22140000,22,25.000000,25
req-00000555,22180000,22,25.000000,25
req-00000556,22220000,22,25.000000,25
req-00000557,22260000,22,25.000000,25
req-00000558,22300000,22,25.000000,25
req-00000559,22340000,22,25.000000,25
req-00000560,22380000,22,25.000000,25
req-00000561,22420000,22,25.000000,25
req-00000562,22460000,22,25.000000,25
req-00000563,22500000,22,25.000000,25
req-00000564,22540000,22,25.000000,25
req-00000565,22580000,22,25.000000,25
req-00000566,22620000,22,25.000000,25
req-00000567,22660000,22,25.000000,25
req-00000568,22700000,22,25.000000,25
req-00000569,22740000,22,25.000000,25
req-00000570,22780000,22,25.000000,25
req-00000571,22820000,22,25.000000,25
req-00000572,22860000,22,25.000000,25
req-00000573,22900000,22,25.000000,25
req-00000574,22940000,22,25.000000,25
req-00000575,22980000,22,25.000000,25
req-00000576,23020000,23,25.000000,25
req-00000577,23060000,23,25.000000,25
req-00000578,23100000,23,25.000000,25
req-00000579,23140000,23,25.000000,25
req-00000580,23180000,23,25.000000,25
req-00000581,23220000,23,25.000000,25
req-00000582,23260000,23,25.000000,25
req-00000583,23300000,23,25.000000,25
req-00000584,23340000,23,25.000000,25
req-00000585,23380000,23,25.000000,25
req-00000586,23420000,23,25.000000,25
req-00000587,23460000,23,25.000000,25
req-00000588,23500000,23,25.000000,25
req-00000589,23540000,23,25.000000,25
req-00000590,23580000,23,25.000000,25
req-00000591,23620000,23,25.000000,25
req-00000592,23660000,23,25.000000,25
req-00000593,23700000,23,25.000000,25
req-00000594,23740000,23,25.000000,25
req-00000595,23780000,23,25.000000,25
req-00000596,23820000,23,25.000000,25
req-00000597,23860000,23,25.000000,25
req-00000598,23900000,23,25.000000,25
req-00000599,23940000,23,25.000000,25
req-00000600,23980000,23,25.000000,25
req-00000601,24020000,24,25.000000,25
req-00000602,24060000,24,25.000000,25
req-00000603,24100000,24,25.000000,25
req-00000604,24140000,24,25.000000,25
req-00000605,24180000,24,25.000000,25
req-00000606,24220000,24,25.000000,25
req-00000607,24260000,24,25.000000,25
req-00000608,24300000,24,25.000000,25
req-00000609,24340000,24,25.000000,25
req-00000610,24380000,24,25.000000,25
req-00000611,24420000,24,25.000000,25
req-00000612,24460000,24,25.000000,25
req-00000613,24500000,24,25.000000,25
req-00000614,24540000,24,25.000000,25
req-00000615,24580000,24,25.000000,25
req-00000616,24620000,24,25.000000,25
req-00000617,24660000,24,25.000000,25
req-00000618,24700000,24,25.000000,25
req-00000619,24740000,24,25.000000,25
req-00000620,24780000,24,25.000000,25
req-00000621,24820000,24,25.000000,25
req-00000622,24860000,24,25.000000,25
req-00000623,24900000,24,25.000000,25
req-00000624,24940000,24,25.000000,25
req-00000625,24980000,24,25.000000,25
req-00000626,25020000,25,25.000000,25
req-00000627,25060000,25,25.000000,25
req-00000628,25100000,25,25.000000,25
req-00000629,25140000,25,25.000000,25
req-00000630,25180000,25,25.000000,25
req-00000631,25220000,25,25.000000,25
req-00000632,25260000,25,25.000000,25
req-00000633,25300000,25,25.000000,25
req-00000634,25340000,25,25.000000,25
req-00000635,25380000,25,25.000000,25
req-00000636,25420000,25,25.000000,25
req-00000637,25460000,25,25.000000,25
req-00000638,25500000,25,25.000000,25
req-00000639,25540000,25,25.000000,25
req-00000640,25580000,25,25.000000,25
req-00000641,25620000,25,25.000000,25
req-00000642,25660000,25,25.000000,25
req-00000643,25700000,25,25.000000,25
req-00000644,25740000,25,25.000000,25
req-00000645,25780000,25,25.000000,25
req-00000646,25820000,25,25.000000,25
req-00000647,25860000,25,25.000000,25
req-00000648,25900000,25,25.000000,25
req-00000649,25940000,25,25.000000,25
req-00000650,25980000,25,25.000000,25
req-00000651,26020000,26,25.000000,25
req-00000652,26060000,26,25.000000,25
req-00000653,26100000,26,25.000000,25
req-00000654,26140000,26,25.000000,25
req-00000655,26180000,26,25.000000,25
req-00000656,26220000,26,25.000000,25
req-00000657,26260000,26,25.000000,25
req-00000658,26300000,26,25.000000,25
req-00000659,26340000,26,25.000000,25
req-00000660,26380000,26,25.000000,25
req-00000661,26420000,26,25.000000,25
req-00000662,26460000,26,25.000000,25
req-00000663,26500000,26,25.000000,25
req-00000664,26540000,26,25.000000,25
req-00000665,26580000,26,25.000000,25
req-00000666,26620000,26,25.000000,25
req-00000667,26660000,26,25.000000,25
req-00000668,26700000,26,25.000000,25
req-00000669,26740000,26,25.000000,25
req-00000670,26780000,26,25.000000,25
req-00000671,26820000,26,25.000000,25
req-00000672,26860000,26,25.000000,25
req-00000673,26900000,26,25.000000,25
req-00000674,26940000,26,25.000000,25
req-00000675,26980000,26,25.000000,25
req-00000676,27020000,27,25.000000,25
req-00000677,27060000,27,25.000000,25
req-00000678,27100000,27,25.000000,25
req-00000679,27140000,27,25.000000,25
req-00000680,27180000,27,25.000000,25
req-00000681,27220000,27,25.000000,25
req-00000682,27260000,27,25.000000,25
req-00000683,27300000,27,25.000000,25
req-00000684,27340000,27,25.000000,25
req-00000685,27380000,27,25.000000,25
req-00000686,27420000,27,25.000000,25
req-00000687,27460000,27,25.000000,25
req-00000688,27500000,27,25.000000,25
req-00000689,27540000,27,25.000000,25
req-00000690,27580000,27,25.000000,25
req-00000691,27620000,27,25.000000,25
req-00000692,27660000,27,25.000000,25
req-00000693,27700000,27,25.000000,25
req-00000694,27740000,27,25.000000,25
req-00000695,27780000,27,25.000000,25
req-00000696,27820000,27,25.000000,25
req-00000697,27860000,27,25.000000,25
req-00000698,27900000,27,25.000000,25
req-00000699,27940000,27,25.000000,25
req-00000700,27980000,27,25.000000,25
req-00000701,28020000,28,25.000000,25
req-00000702,28060000,28,25.000000,25
req-00000703,28100000,28,25.000000,25
req-00000704,28140000,28,25.000000,25
req-00000705,28180000,28,25.000000,25
req-00000706,28220000,28,25.000000,25
req-00000707,28260000,28,25.000000,25
req-00000708,28300000,28,25.000000,25
req-00000709,28340000,28,25.000000,25
req-00000710,28380000,28,25.000000,25
req-00000711,28420000,28,25.000000,25
req-00000712,28460000,28,25.000000,25
req-00000713,28500000,28,25.000000,25
req-00000714,28540000,28,25.000000,25
req-00000715,28580000,28,25.000000,25
req-00000716,28620000,28,25.000000,25
req-00000717,28660000,28,25.000000,25
req-00000718,28700000,28,25.000000,25
req-00000719,28740000,28,25.000000,25
req-00000720,28780000,28,25.000000,25
req-00000721,28820000,28,25.000000,25
req-00000722,28860000,28,25.000000,25
req-00000723,28900000,28,25.000000,25
req-00000724,28940000,28,25.000000,25
req-00000725,28980000,28,25.000000,25
req-00000726,29020000,29,25.000000,25
req-00000727,29060000,29,25.000000,25
req-00000728,29100000,29,25.000000,25
req-00000729,29140000,29,25.000000,25
req-00000730,29180000,29,25.000000,25
req-00000731,29220000,29,25.000000,25
req-00000732,29260000,29,25.000000,25
req-00000733,29300000,29,25.000000,25
req-00000734,29340000,29,25.000000,25
req-00000735,29380000,29,25.000000,25
req-00000736,29420000,29,25.000000,25
req-00000737,29460000,29,25.000000,25
req-00000738,29500000,29,25.000000,25
req-00000739,29540000,29,25.000000,25
req-00000740,29580000,29,25.000000,25
req-00000741,29620000,29,25.000000,25
req-00000742,29660000,29,25.000000,25
req-00000743,29700000,29,25.000000,25
req-00000744,29740000,29,25.000000,25
req-00000745,29780000,29,25.000000,25
req-00000746,29820000,29,25.000000,25
req-00000747,29860000,29,25.000000,25
req-00000748,29900000,29,25.000000,25
req-00000749,29940000,29,25.000000,25
req-00000750,29980000,29,25.000000,25
req-00000751,30020000,30,25.000000,25
req-00000752,30060000,30,25.000000,25
req-00000753,30100000,30,25.000000,25
req-00000754,30140000,30,25.000000,25
req-00000755,30180000,30,25.000000,25
req-00000756,30220000,30,25.000000,25
req-00000757,30260000,30,25.000000,25
req-00000758,30300000,30,25.000000,25
req-00000759,30340000,30,25.000000,25
req-00000760,30380000,30,25.000000,25
req-00000761,30420000,30,25.000000,25
req-00000762,30460000,30,25.000000,25
req-00000763,30500000,30,25.000000,25
req-00000764,30540000,30,25.000000,25
req-00000765,30580000,30,25.000000,25
req-00000766,30620000,30,25.000000,25
req-00000767,30660000,30,25.000000,25
req-00000768,30700000,30,25.000000,25
req-00000769,30740000,30,25.000000,25
req-00000770,30780000,30,25.000000,25
req-00000771,30820000,30,25.000000,25
req-00000772,30860000,30,25.000000,25
req-00000773,30900000,30,25.000000,25
req-00000774,30940000,30,25.000000,25
req-00000775,30980000,30,25.000000,25
req-00000776,31020000,31,25.000000,25
req-00000777,31060000,31,25.000000,25
req-00000778,31100000,31,25.000000,25
req-00000779,31140000,31,25.000000,25
req-00000780,31180000,31,25.000000,25
req-00000781,31220000,31,25.000000,25
req-00000782,31260000,31,25.000000,25
req-00000783,31300000,31,25.000000,25
req-00000784,31340000,31,25.000000,25
req-00000785,31380000,31,25.000000,25
req-00000786,31420000,31,25.000000,25
req-00000787,31460000,31,25.000000,25
req-00000788,31500000,31,25.000000,25
req-00000789,31540000,31,25.000000,25
req-00000790,31580000,31,25.000000,25
req-00000791,31620000,31,25.000000,25
req-00000792,31660000,31,25.000000,25
req-00000793,31700000,31,25.000000,25
req-00000794,31740000,31,25.000000,25
req-00000795,31780000,31,25.000000,25
req-00000796,31820000,31,25.000000,25
req-00000797,31860000,31,25.000000,25
req-00000798,31900000,31,25.000000,25
req-00000799,31940000,31,25.000000,25
req-00000800,31980000,31,25.000000,25
req-00000801,32020000,32,25.000000,25
req-00000802,32060000,32,25.000000,25
req-00000803,32100000,32,25.000000,25
req-00000804,32140000,32,25.000000,25
req-00000805,32180000,32,25.000000,25
req-00000806,32220000,32,25.000000,25
req-00000807,32260000,32,25.000000,25
req-00000808,32300000,32,25.000000,25
req-00000809,32340000,32,25.000000,25
req-00000810,32380000,32,25.000000,25
req-00000811,32420000,32,25.000000,25
req-00000812,32460000,32,25.000000,25
req-00000813,32500000,32,25.000000,25
req-00000814,32540000,32,25.000000,25
req-00000815,32580000,32,25.000000,25
req-00000816,32620000,32,25.000000,25
req-00000817,32660000,32,25.000000,25
req-00000818,32700000,32,25.000000,25
req-00000819,32740000,32,25.000000,25
req-00000820,32780000,32,25.000000,25
req-00000821,32820000,32,25.000000,25
req-00000822,32860000,32,25.000000,25
req-00000823,32900000,32,25.000000,25
req-00000824,32940000,32,25.000000,25
req-00000825,32980000,32,25.000000,25
req-00000826,33020000,33,25.000000,25
req-00000827,33060000,33,25.000000,25
req-00000828,33100000,33,25.000000,25
req-00000829,33140000,33,25.000000,25
req-00000830,33180000,33,25.000000,25
req-00000831,33220000,33,25.000000,25
req-00000832,33260000,33,25.000000,25
req-00000833,33300000,33,25.000000,25
req-00000834,33340000,33,25.000000,25
req-00000835,33380000,33,25.000000,25
req-00000836,33420000,33,25.000000,25
req-00000837,33460000,33,25.000000,25
req-00000838,33500000,33,25.000000,25
req-00000839,33540000,33,25.000000,25
req-00000840,33580000,33,25.000000,25
req-00000841,33620000,33,25.000000,25
req-00000842,33660000,33,25.000000,25
req-00000843,33700000,33,25.000000,25
req-00000844,33740000,33,25.000000,25
req-00000845,33780000,33,25.000000,25
req-00000846,33820000,33,25.000000,25
req-00000847,33860000,33,25.000000,25
req-00000848,33900000,33,25.000000,25
req-00000849,33940000,33,25.000000,25
req-00000850,33980000,33,25.000000,25
req-00000851,34020000,34,25.000000,25
req-00000852,34060000,34,25.000000,25
req-00000853,34100000,34,25.000000,25
req-00000854,34140000,34,25.000000,25
req-00000855,34180000,34,25.000000,25
req-00000856,34220000,34,25.000000,25
req-00000857,34260000,34,25.000000,25
req-00000858,34300000,34,25.000000,25
req-00000859,34340000,34,25.000000,25
req-00000860,34380000,34,25.000000,25
req-00000861,34420000,34,25.000000,25
req-00000862,34460000,34,25.000000,25
req-00000863,34500000,34,25.000000,25
req-00000864,34540000,34,25.000000,25
req-00000865,34580000,34,25.000000,25
req-00000866,34620000,34,25.000000,25
req-00000867,34660000,34,25.000000,25
req-00000868,34700000,34,25.000000,25
req-00000869,34740000,34,25.000000,25
req-00000870,34780000,34,25.000000,25
req-00000871,34820000,34,25.000000,25
req-00000872,34860000,34,25.000000,25
req-00000873,34900000,34,25.000000,25
req-00000874,34940000,34,25.000000,25
req-00000875,34980000,34,25.000000,25
req-00000876,35020000,35,25.000000,25
req-00000877,35060000,35,25.000000,25
req-00000878,35100000,35,25.000000,25
req-00000879,35140000,35,25.000000,25
req-00000880,35180000,35,25.000000,25
req-00000881,35220000,35,25.000000,25
req-00000882,35260000,35,25.000000,25
req-00000883,35300000,35,25.000000,25
req-00000884,35340000,35,25.000000,25
req-00000885,35380000,35,25.000000,25
req-00000886,35420000,35,25.000000,25
req-00000887,35460000,35,25.000000,25
req-00000888,35500000,35,25.000000,25
req-00000889,35540000,35,25.000000,25
req-00000890,35580000,35,25.000000,25
req-00000891,35620000,35,25.000000,25
req-00000892,35660000,35,25.000000,25
req-00000893,35700000,35,25.000000,25
req-00000894,35740000,35,25.000000,25
req-00000895,35780000,35,25.000000,25
req-00000896,35820000,35,25.000000,25
req-00000897,35860000,35,25.000000,25
req-00000898,35900000,35,25.000000,25
req-00000899,35940000,35,25.000000,25
req-00000900,35980000,35,25.000000,25
req-00000901,36020000,36,25.000000,25
req-00000902,36060000,36,25.000000,25
req-00000903,36100000,36,25.000000,25
req-00000904,36140000,36,25.000000,25
req-00000905,36180000,36,25.000000,25
req-00000906,36220000,36,25.000000,25
req-00000907,36260000,36,25.000000,25
req-00000908,36300000,36,25.000000,25
req-00000909,36340000,36,25.000000,25
req-00000910,36380000,36,25.000000,25
req-00000911,36420000,36,25.000000,25
req-00000912,36460000,36,25.000000,25
req-00000913,36500000,36,25.000000,25
req-00000914,36540000,36,25.000000,25
req-00000915,36580000,36,25.000000,25
req-00000916,36620000,36,25.000000,25
req-00000917,36660000,36,25.000000,25
req-00000918,36700000,36,25.000000,25
req-00000919,36740000,36,25.000000,25
req-00000920,36780000,36,25.000000,25
req-00000921,36820000,36,25.000000,25
req-00000922,36860000,36,25.000000,25
req-00000923,36900000,36,25.000000,25
req-00000924,36940000,36,25.000000,25
req-00000925,36980000,36,25.000000,25
req-00000926,37020000,37,25.000000,25
req-00000927,37060000,37,25.000000,25
req-00000928,37100000,37,25.000000,25
req-00000929,37140000,37,25.000000,25
req-00000930,37180000,37,25.000000,25
req-00000931,37220000,37,25.000000,25
req-00000932,37260000,37,25.000000,25
req-00000933,37300000,37,25.000000,25
req-00000934,37340000,37,25.000000,25
req-00000935,37380000,37,25.000000,25
req-00000936,37420000,37,25.000000,25
req-00000937,37460000,37,25.000000,25
req-00000938,37500000,37,25.000000,25
req-00000939,37540000,37,25.000000,25
req-00000940,37580000,37,25.000000,25
req-00000941,37620000,37,25.000000,25
req-00000942,37660000,37,25.000000,25
req-00000943,37700000,37,25.000000,25
req-00000944,37740000,37,25.000000,25
req-00000945,37780000,37,25.000000,25
req-00000946,37820000,37,25.000000,25
req-00000947,37860000,37,25.000000,25
req-00000948,37900000,37,25.000000,25
req-00000949,37940000,37,25.000000,25
req-00000950,37980000,37,25.000000,25
req-00000951,38020000,38,25.000000,25
req-00000952,38060000,38,25.000000,25
req-00000953,38100000,38,25.000000,25
req-00000954,38140000,38,25.000000,25
req-00000955,38180000,38,25.000000,25
req-00000956,38220000,38,25.000000,25
req-00000957,38260000,38,25.000000,25
req-00000958,38300000,38,25.000000,25
req-00000959,38340000,38,25.000000,25
req-00000960,38380000,38,25.000000,25
req-00000961,38420000,38,25.000000,25
req-00000962,38460000,38,25.000000,25
req-00000963,38500000,38,25.000000,25
req-00000964,38540000,38,25.000000,25
req-00000965,38580000,38,25.000000,25
req-00000966,38620000,38,25.000000,25
req-00000967,38660000,38,25.000000,25
req-00000968,38700000,38,25.000000,25
req-00000969,38740000,38,25.000000,25
req-00000970,38780000,38,25.000000,25
req-00000971,38820000,38,25.000000,25
req-00000972,38860000,38,25.000000,25
req-00000973,38900000,38,25.000000,25
req-00000974,38940000,38,25.000000,25
req-00000975,38980000,38,25.000000,25
req-00000976,39020000,39,25.000000,25
req-00000977,39060000,39,25.000000,25
req-00000978,39100000,39,25.000000,25
req-00000979,39140000,39,25.000000,25
req-00000980,39180000,39,25.000000,25
req-00000981,39220000,39,25.000000,25
req-00000982,39260000,39,25.000000,25
req-00000983,39300000,39,25.000000,25
req-00000984,39340000,39,25.000000,25
req-00000985,39380000,39,25.000000,25
req-00000986,39420000,39,25.000000,25
req-00000987,39460000,39,25.000000,25
req-00000988,39500000,39,25.000000,25
req-00000989,39540000,39,25.000000,25
req-00000990,39580000,39,25.000000,25
req-00000991,39620000,39,25.000000,25
req-00000992,39660000,39,25.000000,25
req-00000993,39700000,39,25.000000,25
req-00000994,39740000,39,25.000000,25
req-00000995,39780000,39,25.000000,25
req-00000996,39820000,39,25.000000,25
req-00000997,39860000,39,25.000000,25
req-00000998,39900000,39,25.000000,25
req-00000999,39940000,39,25.000000,25
req-00001000,39980000,39,25.000000,25
req-00001001,40020000,40,25.000000,25
req-00001002,40060000,40,25.000000,25
req-00001003,40100000,40,25.000000,25
req-00001004,40140000,40,25.000000,25
req-00001005,40180000,40,25.000000,25
req-00001006,40220000,40,25.000000,25
req-00001007,40260000,40,25.000000,25
req-00001008,40300000,40,25.000000,25
req-00001009,40340000,40,25.000000,25
req-00001010,40380000,40,25.000000,25
req-00001011,40420000,40,25.000000,25
req-00001012,40460000,40,25.000000,25
req-00001013,40500000,40,25.000000,25
req-00001014,40540000,40,25.000000,25
req-00001015,40580000,40,25.000000,25
req-00001016,40620000,40,25.000000,25
req-00001017,40660000,40,25.000000,25
req-00001018,40700000,40,25.000000,25
req-00001019,40740000,40,25.000000,25
req-00001020,40780000,40,25.000000,25
req-00001021,40820000,40,25.000000,25
req-00001022,40860000,40,25.000000,25
req-00001023,40900000,40,25.000000,25
req-00001024,40940000,40,25.000000,25
req-00001025,40980000,40,25.000000,25
req-00001026,41020000,41,25.000000,25
req-00001027,41060000,41,25.000000,25
req-00001028,41100000,41,25.000000,25
req-00001029,41140000,41,25.000000,25
req-00001030,41180000,41,25.000000,25
req-00001031,41220000,41,25.000000,25
req-00001032,41260000,41,25.000000,25
req-00001033,41300000,41,25.000000,25
req-00001034,41340000,41,25.000000,25
req-00001035,41380000,41,25.000000,25
req-00001036,41420000,41,25.000000,25
req-00001037,41460000,41,25.000000,25
req-00001038,41500000,41,25.000000,25
req-00001039,41540000,41,25.000000,25
req-00001040,41580000,41,25.000000,25
req-00001041,41620000,41,25.000000,25
req-00001042,41660000,41,25.000000,25
req-00001043,41700000,41,25.000000,25
req-00001044,41740000,41,25.000000,25
req-00001045,41780000,41,25.000000,25
req-00001046,41820000,41,25.000000,25
req-00001047,41860000,41,25.000000,25
req-00001048,41900000,41,25.000000,25
req-00001049,41940000,41,25.000000,25
req-00001050,41980000,41,25.000000,25
req-00001051,42020000,42,25.000000,25
req-00001052,42060000,42,25.000000,25
req-00001053,42100000,42,25.000000,25
req-00001054,42140000,42,25.000000,25
req-00001055,42180000,42,25.000000,25
req-00001056,42220000,42,25.000000,25
req-00001057,42260000,42,25.000000,25
req-00001058,42300000,42,25.000000,25
req-00001059,42340000,42,25.000000,25
req-00001060,42380000,42,25.000000,25
req-00001061,42420000,42,25.000000,25
req-00001062,42460000,42,25.000000,25
req-00001063,42500000,42,25.000000,25
req-00001064,42540000,42,25.000000,25
req-00001065,42580000,42,25.000000,25
req-00001066,42620000,42,25.000000,25
req-00001067,42660000,42,25.000000,25
req-00001068,42700000,42,25.000000,25
req-00001069,42740000,42,25.000000,25
req-00001070,42780000,42,25.000000,25
req-00001071,42820000,42,25.000000,25
req-00001072,42860000,42,25.000000,25
req-00001073,42900000,42,25.000000,25
req-00001074,42940000,42,25.000000,25
req-00001075,42980000,42,25.000000,25
req-00001076,43020000,43,25.000000,25
req-00001077,43060000,43,25.000000,25
req-00001078,43100000,43,25.000000,25
req-00001079,43140000,43,25.000000,25
req-00001080,43180000,43,25.000000,25
req-00001081,43220000,43,25.000000,25
req-00001082,43260000,43,25.000000,25
req-00001083,43300000,43,25.000000,25
req-00001084,43340000,43,25.000000,25
req-00001085,43380000,43,25.000000,25
req-00001086,43420000,43,25.000000,25
req-00001087,43460000,43,25.000000,25
req-00001088,43500000,43,25.000000,25
req-00001089,43540000,43,25.000000,25
req-00001090,43580000,43,25.000000,25
req-00001091,43620000,43,25.000000,25
req-00001092,43660000,43,25.000000,25
req-00001093,43700000,43,25.000000,25
req-00001094,43740000,43,25.000000,25
req-00001095,43780000,43,25.000000,25
req-00001096,43820000,43,25.000000,25
req-00001097,43860000,43,25.000000,25
req-00001098,43900000,43,25.000000,25
req-00001099,43940000,43,25.000000,25
req-00001100,43980000,43,25.000000,25
req-00001101,44020000,44,25.000000,25
req-00001102,44060000,44,25.000000,25
req-00001103,44100000,44,25.000000,25
req-00001104,44140000,44,25.000000,25
req-00001105,44180000,44,25.000000,25
req-00001106,44220000,44,25.000000,25
req-00001107,44260000,44,25.000000,25
req-00001108,44300000,44,25.000000,25
req-00001109,44340000,44,25.000000,25
req-00001110,44380000,44,25.000000,25
req-00001111,44420000,44,25.000000,25
req-00001112,44460000,44,25.000000,25
req-00001113,44500000,44,25.000000,25
req-00001114,44540000,44,25.000000,25
req-00001115,44580000,44,25.000000,25
req-00001116,44620000,44,25.000000,25
req-00001117,44660000,44,25.000000,25
req-00001118,44700000,44,25.000000,25
req-00001119,44740000,44,25.000000,25
req-00001120,44780000,44,25.000000,25
req-00001121,44820000,44,25.000000,25
req-00001122,44860000,44,25.000000,25
req-00001123,44900000,44,25.000000,25
req-00001124,44940000,44,25.000000,25
req-00001125,44980000,44,25.000000,25
req-00001126,45020000,45,25.000000,25
req-00001127,45060000,45,25.000000,25
req-00001128,45100000,45,25.000000,25
req-00001129,45140000,45,25.000000,25
req-00001130,45180000,45,25.000000,25
req-00001131,45220000,45,25.000000,25
req-00001132,45260000,45,25.000000,25
req-00001133,45300000,45,25.000000,25
req-00001134,45340000,45,25.000000,25
req-00001135,45380000,45,25.000000,25
req-00001136,45420000,45,25.000000,25
req-00001137,45460000,45,25.000000,25
req-00001138,45500000,45,25.000000,25
req-00001139,45540000,45,25.000000,25
req-00001140,45580000,45,25.000000,25
req-00001141,45620000,45,25.000000,25
req-00001142,45660000,45,25.000000,25
req-00001143,45700000,45,25.000000,25
req-00001144,45740000,45,25.000000,25
req-00001145,45780000,45,25.000000,25
req-00001146,45820000,45,25.000000,25
req-00001147,45860000,45,25.000000,25
req-00001148,45900000,45,25.000000,25
req-00001149,45940000,45,25.000000,25
req-00001150,45980000,45,25.000000,25
req-00001151,46020000,46,25.000000,25
req-00001152,46060000,46,25.000000,25
req-00001153,46100000,46,25.000000,25
req-00001154,46140000,46,25.000000,25
req-00001155,46180000,46,25.000000,25
req-00001156,46220000,46,25.000000,25
req-00001157,46260000,46,25.000000,25
req-00001158,46300000,46,25.000000,25
req-00001159,46340000,46,25.000000,25
req-00001160,46380000,46,25.000000,25
req-00001161,46420000,46,25.000000,25
req-00001162,46460000,46,25.000000,25
req-00001163,46500000,46,25.000000,25
req-00001164,46540000,46,25.000000,25
req-00001165,46580000,46,25.000000,25
req-00001166,46620000,46,25.000000,25
req-00001167,46660000,46,25.000000,25
req-00001168,46700000,46,25.000000,25
req-00001169,46740000,46,25.000000,25
req-00001170,46780000,46,25.000000,25
req-00001171,46820000,46,25.000000,25
req-00001172,46860000,46,25.000000,25
req-00001173,46900000,46,25.000000,25
req-00001174,46940000,46,25.000000,25
req-00001175,46980000,46,25.000000,25
req-00001176,47020000,47,25.000000,25
req-00001177,47060000,47,25.000000,25
req-00001178,47100000,47,25.000000,25
req-00001179,47140000,47,25.000000,25
req-00001180,47180000,47,25.000000,25
req-00001181,47220000,47,25.000000,25
req-00001182,47260000,47,25.000000,25
req-00001183,47300000,47,25.000000,25
req-00001184,47340000,47,25.000000,25
req-00001185,47380000,47,25.000000,25
req-00001186,47420000,47,25.000000,25
req-00001187,47460000,47,25.000000,25
req-00001188,47500000,47,25.000000,25
req-00001189,47540000,47,25.000000,25
req-00001190,47580000,47,25.000000,25
req-00001191,47620000,47,25.000000,25
req-00001192,47660000,47,25.000000,25
req-00001193,47700000,47,25.000000,25
req-00001194,47740000,47,25.000000,25
req-00001195,47780000,47,25.000000,25
req-00001196,47820000,47,25.000000,25
req-00001197,47860000,47,25.000000,25
req-00001198,47900000,47,25.000000,25
req-00001199,47940000,47,25.000000,25
req-00001200,47980000,47,25.000000,25
req-00001201,48020000,48,25.000000,25
req-00001202,48060000,48,25.000000,25
req-00001203,48100000,48,25.000000,25
req-00001204,48140000,48,25.000000,25
req-00001205,48180000,48,25.000000,25
req-00001206,48220000,48,25.000000,25
req-00001207,48260000,48,25.000000,25
req-00001208,48300000,48,25.000000,25
req-00001209,48340000,48,25.000000,25
req-00001210,48380000,48,25.000000,25
req-00001211,48420000,48,25.000000,25
req-00001212,48460000,48,25.000000,25
req-00001213,48500000,48,25.000000,25
req-00001214,48540000,48,25.000000,25
req-00001215,48580000,48,25.000000,25
req-00001216,48620000,48,25.000000,25
req-00001217,48660000,48,25.000000,25
req-00001218,48700000,48,25.000000,25
req-00001219,48740000,48,25.000000,25
req-00001220,48780000,48,25.000000,25
req-00001221,48820000,48,25.000000,25
req-00001222,48860000,48,25.000000,25
req-00001223,48900000,48,25.000000,25
req-00001224,48940000,48,25.000000,25
req-00001225,48980000,48,25.000000,25
req-00001226,49020000,49,25.000000,25
req-00001227,49060000,49,25.000000,25
req-00001228,49100000,49,25.000000,25
req-00001229,49140000,49,25.000000,25
req-00001230,49180000,49,25.000000,25
req-00001231,49220000,49,25.000000,25
req-00001232,49260000,49,25.000000,25
req-00001233,49300000,49,25.000000,25
req-00001234,49340000,49,25.000000,25
req-00001235,49380000,49,25.000000,25
req-00001236,49420000,49,25.000000,25
req-00001237,49460000,49,25.000000,25
req-00001238,49500000,49,25.000000,25
req-00001239,49540000,49,25.000000,25
req-00001240,49580000,49,25.000000,25
req-00001241,49620000,49,25.000000,25
req-00001242,49660000,49,25.000000,25
req-00001243,49700000,49,25.000000,25
req-00001244,49740000,49,25.000000,25
req-00001245,49780000,49,25.000000,25
req-00001246,49820000,49,25.000000,25
req-00001247,49860000,49,25.000000,25
req-00001248,49900000,49,25.000000,25
req-00001249,49940000,49,25.000000,25
req-00001250,49980000,49,25.000000,25
req-00001251,50020000,50,25.000000,25
req-00001252,50060000,50,25.000000,25
req-00001253,50100000,50,25.000000,25
req-00001254,50140000,50,25.000000,25
req-00001255,50180000,50,25.000000,25
req-00001256,50220000,50,25.000000,25
req-00001257,50260000,50,25.000000,25
req-00001258,50300000,50,25.000000,25
req-00001259,50340000,50,25.000000,25
req-00001260,50380000,50,25.000000,25
req-00001261,50420000,50,25.000000,25
req-00001262,50460000,50,25.000000,25
req-00001263,50500000,50,25.000000,25
req-00001264,50540000,50,25.000000,25
req-00001265,50580000,50,25.000000,25
req-00001266,50620000,50,25.000000,25
req-00001267,50660000,50,25.000000,25
req-00001268,50700000,50,25.000000,25
req-00001269,50740000,50,25.000000,25
req-00001270,50780000,50,25.000000,25
req-00001271,50820000,50,25.000000,25
req-00001272,50860000,50,25.000000,25
req-00001273,50900000,50,25.000000,25
req-00001274,50940000,50,25.000000,25
req-00001275,50980000,50,25.000000,25
req-00001276,51020000,51,25.000000,25
req-00001277,51060000,51,25.000000,25
req-00001278,51100000,51,25.000000,25
req-00001279,51140000,51,25.000000,25
req-00001280,51180000,51,25.000000,25
req-00001281,51220000,51,25.000000,25
req-00001282,51260000,51,25.000000,25
req-00001283,51300000,51,25.000000,25
req-00001284,51340000,51,25.000000,25
req-00001285,51380000,51,25.000000,25
req-00001286,51420000,51,25.000000,25
req-00001287,51460000,51,25.000000,25
req-00001288,51500000,51,25.000000,25
req-00001289,51540000,51,25.000000,25
req-00001290,51580000,51,25.000000,25
req-00001291,51620000,51,25.000000,25
req-00001292,51660000,51,25.000000,25
req-00001293,51700000,51,25.000000,25
req-00001294,51740000,51,25.000000,25
req-00001295,51780000,51,25.000000,25
req-00001296,51820000,51,25.000000,25
req-00001297,51860000,51,25.000000,25
req-00001298,51900000,51,25.000000,25
req-00001299,51940000,51,25.000000,25
req-00001300,51980000,51,25.000000,25
req-00001301,52020000,52,25.000000,25
req-00001302,52060000,52,25.000000,25
req-00001303,52100000,52,25.000000,25
req-00001304,52140000,52,25.000000,25
req-00001305,52180000,52,25.000000,25
req-00001306,52220000,52,25.000000,25
req-00001307,52260000,52,25.000000,25
req-00001308,52300000,52,25.000000,25
req-00001309,52340000,52,25.000000,25
req-00001310,52380000,52,25.000000,25
req-00001311,52420000,52,25.000000,25
req-00001312,52460000,52,25.000000,25
req-00001313,52500000,52,25.000000,25
req-00001314,52540000,52,25.000000,25
req-00001315,52580000,52,25.000000,25
req-00001316,52620000,52,25.000000,25
req-00001317,52660000,52,25.000000,25
req-00001318,52700000,52,25.000000,25
req-00001319,52740000,52,25.000000,25
req-00001320,52780000,52,25.000000,25
req-00001321,52820000,52,25.000000,25
req-00001322,52860000,52,25.000000,25
req-00001323,52900000,52,25.000000,25
req-00001324,52940000,52,25.000000,25
req-00001325,52980000,52,25.000000,25
req-00001326,53020000,53,25.000000,25
req-00001327,53060000,53,25.000000,25
req-00001328,53100000,53,25.000000,25
req-00001329,53140000,53,25.000000,25
req-00001330,53180000,53,25.000000,25
req-00001331,53220000,53,25.000000,25
req-00001332,53260000,53,25.000000,25
req-00001333,53300000,53,25.000000,25
req-00001334,53340000,53,25.000000,25
req-00001335,53380000,53,25.000000,25
req-00001336,53420000,53,25.000000,25
req-00001337,53460000,53,25.000000,25
req-00001338,53500000,53,25.000000,25
req-00001339,53540000,53,25.000000,25
req-00001340,53580000,53,25.000000,25
req-00001341,53620000,53,25.000000,25
req-00001342,53660000,53,25.000000,25
req-00001343,53700000,53,25.000000,25
req-00001344,53740000,53,25.000000,25
req-00001345,53780000,53,25.000000,25
req-00001346,53820000,53,25.000000,25
req-00001347,53860000,53,25.000000,25
req-00001348,53900000,53,25.000000,25
req-00001349,53940000,53,25.000000,25
req-00001350,53980000,53,25.000000,25
req-00001351,54020000,54,25.000000,25
req-00001352,54060000,54,25.000000,25
req-00001353,54100000,54,25.000000,25
req-00001354,54140000,54,25.000000,25
req-00001355,54180000,54,25.000000,25
req-00001356,54220000,54,25.000000,25
req-00001357,54260000,54,25.000000,25
req-00001358,54300000,54,25.000000,25
req-00001359,54340000,54,25.000000,25
req-00001360,54380000,54,25.000000,25
req-00001361,54420000,54,25.000000,25
req-00001362,54460000,54,25.000000,25
req-00001363,54500000,54,25.000000,25
req-00001364,54540000,54,25.000000,25
req-00001365,54580000,54,25.000000,25
req-00001366,54620000,54,25.000000,25
req-00001367,54660000,54,25.000000,25
req-00001368,54700000,54,25.000000,25
req-00001369,54740000,54,25.000000,25
req-00001370,54780000,54,25.000000,25
req-00001371,54820000,54,25.000000,25
req-00001372,54860000,54,25.000000,25
req-00001373,54900000,54,25.000000,25
req-00001374,54940000,54,25.000000,25
req-00001375,54980000,54,25.000000,25
req-00001376,55020000,55,25.000000,25
req-00001377,55060000,55,25.000000,25
req-00001378,55100000,55,25.000000,25
req-00001379,55140000,55,25.000000,25
req-00001380,55180000,55,25.000000,25
req-00001381,55220000,55,25.000000,25
req-00001382,55260000,55,25.000000,25
req-00001383,55300000,55,25.000000,25
req-00001384,55340000,55,25.000000,25
req-00001385,55380000,55,25.000000,25
req-00001386,55420000,55,25.000000,25
req-00001387,55460000,55,25.000000,25
req-00001388,55500000,55,25.000000,25
req-00001389,55540000,55,25.000000,25
req-00001390,55580000,55,25.000000,25
req-00001391,55620000,55,25.000000,25
req-00001392,55660000,55,25.000000,25
req-00001393,55700000,55,25.000000,25
req-00001394,55740000,55,25.000000,25
req-00001395,55780000,55,25.000000,25
req-00001396,55820000,55,25.000000,25
req-00001397,55860000,55,25.000000,25
req-00001398,55900000,55,25.000000,25
req-00001399,55940000,55,25.000000,25
req-00001400,55980000,55,25.000000,25
req-00001401,56020000,56,25.000000,25
req-00001402,56060000,56,25.000000,25
req-00001403,56100000,56,25.000000,25
req-00001404,56140000,56,25.000000,25
req-00001405,56180000,56,25.000000,25
req-00001406,56220000,56,25.000000,25
req-00001407,56260000,56,25.000000,25
req-00001408,56300000,56,25.000000,25
req-00001409,56340000,56,25.000000,25
req-00001410,56380000,56,25.000000,25
req-00001411,56420000,56,25.000000,25
req-00001412,56460000,56,25.000000,25
req-00001413,56500000,56,25.000000,25
req-00001414,56540000,56,25.000000,25
req-00001415,56580000,56,25.000000,25
req-00001416,56620000,56,25.000000,25
req-00001417,56660000,56,25.000000,25
req-00001418,56700000,56,25.000000,25
req-00001419,56740000,56,25.000000,25
req-00001420,56780000,56,25.000000,25
req-00001421,56820000,56,25.000000,25
req-00001422,56860000,56,25.000000,25
req-00001423,56900000,56,25.000000,25
req-00001424,56940000,56,25.000000,25
req-00001425,56980000,56,25.000000,25
req-00001426,57020000,57,25.000000,25
req-00001427,57060000,57,25.000000,25
req-00001428,57100000,57,25.000000,25
req-00001429,57140000,57,25.000000,25
req-00001430,57180000,57,25.000000,25
req-00001431,57220000,57,25.000000,25
req-00001432,57260000,57,25.000000,25
req-00001433,57300000,57,25.000000,25
req-00001434,57340000,57,25.000000,25
req-00001435,57380000,57,25.000000,25
req-00001436,57420000,57,25.000000,25
req-00001437,57460000,57,25.000000,25
req-00001438,57500000,57,25.000000,25
req-00001439,57540000,57,25.000000,25
req-00001440,57580000,57,25.000000,25
req-00001441,57620000,57,25.000000,25
req-00001442,57660000,57,25.000000,25
req-00001443,57700000,57,25.000000,25
req-00001444,57740000,57,25.000000,25
req-00001445,57780000,57,25.000000,25
req-00001446,57820000,57,25.000000,25
req-00001447,57860000,57,25.000000,25
req-00001448,57900000,57,25.000000,25
req-00001449,57940000,57,25.000000,25
req-00001450,57980000,57,25.000000,25
req-00001451,58020000,58,25.000000,25
req-00001452,58060000,58,25.000000,25
req-00001453,58100000,58,25.000000,25
req-00001454,58140000,58,25.000000,25
req-00001455,58180000,58,25.000000,25
req-00001456,58220000,58,25.000000,25
req-00001457,58260000,58,25.000000,25
req-00001458,58300000,58,25.000000,25
req-00001459,58340000,58,25.000000,25
req-00001460,58380000,58,25.000000,25
req-00001461,58420000,58,25.000000,25
req-00001462,58460000,58,25.000000,25
req-00001463,58500000,58,25.000000,25
req-00001464,58540000,58,25.000000,25
req-00001465,58580000,58,25.000000,25
req-00001466,58620000,58,25.000000,25
req-00001467,58660000,58,25.000000,25
req-00001468,58700000,58,25.000000,25
req-00001469,58740000,58,25.000000,25
req-00001470,58780000,58,25.000000,25
req-00001471,58820000,58,25.000000,25
req-00001472,58860000,58,25.000000,25
req-00001473,58900000,58,25.000000,25
req-00001474,58940000,58,25.000000,25
req-00001475,58980000,58,25.000000,25
req-00001476,59020000,59,25.000000,25
req-00001477,59060000,59,25.000000,25
req-00001478,59100000,59,25.000000,25
req-00001479,59140000,59,25.000000,25
req-00001480,59180000,59,25.000000,25
req-00001481,59220000,59,25.000000,25
req-00001482,59260000,59,25.000000,25
req-00001483,59300000,59,25.000000,25
req-00001484,59340000,59,25.000000,25
req-00001485,59380000,59,25.000000,25
req-00001486,59420000,59,25.000000,25
req-00001487,59460000,59,25.000000,25
req-00001488,59500000,59,25.000000,25
req-00001489,59540000,59,25.000000,25
req-00001490,59580000,59,25.000000,25
req-00001491,59620000,59,25.000000,25
req-00001492,59660000,59,25.000000,25
req-00001493,59700000,59,25.000000,25
req-00001494,59740000,59,25.000000,25
req-00001495,59780000,59,25.000000,25
req-00001496,59820000,59,25.000000,25
req-00001497,59860000,59,25.000000,25
req-00001498,59900000,59,25.000000,25
req-00001499,59940000,59,25.000000,25
req-00001500,59980000,59,25.000000,25
req-00001501,60008333,60,60.000000,60
req-00001502,60025000,60,60.000000,60
req-00001503,60041667,60,60.000000,60
req-00001504,60058333,60,60.000000,60
req-00001505,60075000,60,60.000000,60
req-00001506,60091667,60,60.000000,60
req-00001507,60108333,60,60.000000,60
req-00001508,60125000,60,60.000000,60
req-00001509,60141667,60,60.000000,60
req-00001510,60158333,60,60.000000,60
req-00001511,60175000,60,60.000000,60
req-00001512,60191667,60,60.000000,60
req-00001513,60208333,60,60.000000,60
req-00001514,60225000,60,60.000000,60
req-00001515,60241667,60,60.000000,60
req-00001516,60258333,60,60.000000,60
req-00001517,60275000,60,60.000000,60
req-00001518,60291667,60,60.000000,60
req-00001519,60308333,60,60.000000,60
req-00001520,60325000,60,60.000000,60
req-00001521,60341667,60,60.000000,60
req-00001522,60358333,60,60.000000,60
req-00001523,60375000,60,60.000000,60
req-00001524,60391667,60,60.000000,60
req-00001525,60408333,60,60.000000,60
req-00001526,60425000,60,60.000000,60
req-00001527,60441667,60,60.000000,60
req-00001528,60458333,60,60.000000,60
req-00001529,60475000,60,60.000000,60
req-00001530,60491667,60,60.000000,60
req-00001531,60508333,60,60.000000,60
req-00001532,60525000,60,60.000000,60
req-00001533,60541667,60,60.000000,60
req-00001534,60558333,60,60.000000,60
req-00001535,60575000,60,60.000000,60
req-00001536,60591667,60,60.000000,60
req-00001537,60608333,60,60.000000,60
req-00001538,60625000,60,60.000000,60
req-00001539,60641667,60,60.000000,60
req-00001540,60658333,60,60.000000,60
req-00001541,60675000,60,60.000000,60
req-00001542,60691667,60,60.000000,60
req-00001543,60708333,60,60.000000,60
req-00001544,60725000,60,60.000000,60
req-00001545,60741667,60,60.000000,60
req-00001546,60758333,60,60.000000,60
req-00001547,60775000,60,60.000000,60
req-00001548,60791667,60,60.000000,60
req-00001549,60808333,60,60.000000,60
req-00001550,60825000,60,60.000000,60
req-00001551,60841667,60,60.000000,60
req-00001552,60858333,60,60.000000,60
req-00001553,60875000,60,60.000000,60
req-00001554,60891667,60,60.000000,60
req-00001555,60908333,60,60.000000,60
req-00001556,60925000,60,60.000000,60
req-00001557,60941667,60,60.000000,60
req-00001558,60958333,60,60.000000,60
req-00001559,60975000,60,60.000000,60
req-00001560,60991667,60,60.000000,60
req-00001561,61008333,61,60.000000,60
req-00001562,61025000,61,60.000000,60
req-00001563,61041667,61,60.000000,60
req-00001564,61058333,61,60.000000,60
req-00001565,61075000,61,60.000000,60
req-00001566,61091667,61,60.000000,60
req-00001567,61108333,61,60.000000,60
req-00001568,61125000,61,60.000000,60
req-00001569,61141667,61,60.000000,60
req-00001570,61158333,61,60.000000,60
req-00001571,61175000,61,60.000000,60
req-00001572,61191667,61,60.000000,60
req-00001573,61208333,61,60.000000,60
req-00001574,61225000,61,60.000000,60
req-00001575,61241667,61,60.000000,60
req-00001576,61258333,61,60.000000,60
req-00001577,61275000,61,60.000000,60
req-00001578,61291667,61,60.000000,60
req-00001579,61308333,61,60.000000,60
req-00001580,61325000,61,60.000000,60
req-00001581,61341667,61,60.000000,60
req-00001582,61358333,61,60.000000,60
req-00001583,61375000,61,60.000000,60
req-00001584,61391667,61,60.000000,60
req-00001585,61408333,61,60.000000,60
req-00001586,61425000,61,60.000000,60
req-00001587,61441667,61,60.000000,60
req-00001588,61458333,61,60.000000,60
req-00001589,61475000,61,60.000000,60
req-00001590,61491667,61,60.000000,60
req-00001591,61508333,61,60.000000,60
req-00001592,61525000,61,60.000000,60
req-00001593,61541667,61,60.000000,60
req-00001594,61558333,61,60.000000,60
req-00001595,61575000,61,60.000000,60
req-00001596,61591667,61,60.000000,60
req-00001597,61608333,61,60.000000,60
req-00001598,61625000,61,60.000000,60
req-00001599,61641667,61,60.000000,60
req-00001600,61658333,61,60.000000,60
req-00001601,61675000,61,60.000000,60
req-00001602,61691667,61,60.000000,60
req-00001603,61708333,61,60.000000,60
req-00001604,61725000,61,60.000000,60
req-00001605,61741667,61,60.000000,60
req-00001606,61758333,61,60.000000,60
req-00001607,61775000,61,60.000000,60
req-00001608,61791667,61,60.000000,60
req-00001609,61808333,61,60.000000,60
req-00001610,61825000,61,60.000000,60
req-00001611,61841667,61,60.000000,60
req-00001612,61858333,61,60.000000,60
req-00001613,61875000,61,60.000000,60
req-00001614,61891667,61,60.000000,60
req-00001615,61908333,61,60.000000,60
req-00001616,61925000,61,60.000000,60
req-00001617,61941667,61,60.000000,60
req-00001618,61958333,61,60.000000,60
req-00001619,61975000,61,60.000000,60
req-00001620,61991667,61,60.000000,60
req-00001621,62008333,62,60.000000,60
req-00001622,62025000,62,60.000000,60
req-00001623,62041667,62,60.000000,60
req-00001624,62058333,62,60.000000,60
req-00001625,62075000,62,60.000000,60
req-00001626,62091667,62,60.000000,60
req-00001627,62108333,62,60.000000,60
req-00001628,62125000,62,60.000000,60
req-00001629,62141667,62,60.000000,60
req-00001630,62158333,62,60.000000,60
req-00001631,62175000,62,60.000000,60
req-00001632,62191667,62,60.000000,60
req-00001633,62208333,62,60.000000,60
req-00001634,62225000,62,60.000000,60
req-00001635,62241667,62,60.000000,60
req-00001636,62258333,62,60.000000,60
req-00001637,62275000,62,60.000000,60
req-00001638,62291667,62,60.000000,60
req-00001639,62308333,62,60.000000,60
req-00001640,62325000,62,60.000000,60
req-00001641,62341667,62,60.000000,60
req-00001642,62358333,62,60.000000,60
req-00001643,62375000,62,60.000000,60
req-00001644,62391667,62,60.000000,60
req-00001645,62408333,62,60.000000,60
req-00001646,62425000,62,60.000000,60
req-00001647,62441667,62,60.000000,60
req-00001648,62458333,62,60.000000,60
req-00001649,62475000,62,60.000000,60
req-00001650,62491667,62,60.000000,60
req-00001651,62508333,62,60.000000,60
req-00001652,62525000,62,60.000000,60
req-00001653,62541667,62,60.000000,60
req-00001654,62558333,62,60.000000,60
req-00001655,62575000,62,60.000000,60
req-00001656,62591667,62,60.000000,60
req-00001657,62608333,62,60.000000,60
req-00001658,62625000,62,60.000000,60
req-00001659,62641667,62,60.000000,60
req-00001660,62658333,62,60.000000,60
req-00001661,62675000,62,60.000000,60
req-00001662,62691667,62,60.000000,60
req-00001663,62708333,62,60.000000,60
req-00001664,62725000,62,60.000000,60
req-00001665,62741667,62,60.000000,60
req-00001666,62758333,62,60.000000,60
req-00001667,62775000,62,60.000000,60
req-00001668,62791667,62,60.000000,60
req-00001669,62808333,62,60.000000,60
req-00001670,62825000,62,60.000000,60
req-00001671,62841667,62,60.000000,60
req-00001672,62858333,62,60.000000,60
req-00001673,62875000,62,60.000000,60
req-00001674,62891667,62,60.000000,60
req-00001675,62908333,62,60.000000,60
req-00001676,62925000,62,60.000000,60
req-00001677,62941667,62,60.000000,60
req-00001678,62958333,62,60.000000,60
req-00001679,62975000,62,60.000000,60
req-00001680,62991667,62,60.000000,60
req-00001681,63008333,63,60.000000,60
req-00001682,63025000,63,60.000000,60
req-00001683,63041667,63,60.000000,60
req-00001684,63058333,63,60.000000,60
req-00001685,63075000,63,60.000000,60
req-00001686,63091667,63,60.000000,60
req-00001687,63108333,63,60.000000,60
req-00001688,63125000,63,60.000000,60
req-00001689,63141667,63,60.000000,60
req-00001690,63158333,63,60.000000,60
req-00001691,63175000,63,60.000000,60
req-00001692,63191667,63,60.000000,60
req-00001693,63208333,63,60.000000,60
req-00001694,63225000,63,60.000000,60
req-00001695,63241667,63,60.000000,60
req-00001696,63258333,63,60.000000,60
req-00001697,63275000,63,60.000000,60
req-00001698,63291667,63,60.000000,60
req-00001699,63308333,63,60.000000,60
req-00001700,63325000,63,60.000000,60
req-00001701,63341667,63,60.000000,60
req-00001702,63358333,63,60.000000,60
req-00001703,63375000,63,60.000000,60
req-00001704,63391667,63,60.000000,60
req-00001705,63408333,63,60.000000,60
req-00001706,63425000,63,60.000000,60
req-00001707,63441667,63,60.000000,60
req-00001708,63458333,63,60.000000,60
req-00001709,63475000,63,60.000000,60
req-00001710,63491667,63,60.000000,60
req-00001711,63508333,63,60.000000,60
req-00001712,63525000,63,60.000000,60
req-00001713,63541667,63,60.000000,60
req-00001714,63558333,63,60.000000,60
req-00001715,63575000,63,60.000000,60
req-00001716,63591667,63,60.000000,60
req-00001717,63608333,63,60.000000,60
req-00001718,63625000,63,60.000000,60
req-00001719,63641667,63,60.000000,60
req-00001720,63658333,63,60.000000,60
req-00001721,63675000,63,60.000000,60
req-00001722,63691667,63,60.000000,60
req-00001723,63708333,63,60.000000,60
req-00001724,63725000,63,60.000000,60
req-00001725,63741667,63,60.000000,60
req-00001726,63758333,63,60.000000,60
req-00001727,63775000,63,60.000000,60
req-00001728,63791667,63,60.000000,60
req-00001729,63808333,63,60.000000,60
req-00001730,63825000,63,60.000000,60
req-00001731,63841667,63,60.000000,60
req-00001732,63858333,63,60.000000,60
req-00001733,63875000,63,60.000000,60
req-00001734,63891667,63,60.000000,60
req-00001735,63908333,63,60.000000,60
req-00001736,63925000,63,60.000000,60
req-00001737,63941667,63,60.000000,60
req-00001738,63958333,63,60.000000,60
req-00001739,63975000,63,60.000000,60
req-00001740,63991667,63,60.000000,60
req-00001741,64008333,64,60.000000,60
req-00001742,64025000,64,60.000000,60
req-00001743,64041667,64,60.000000,60
req-00001744,64058333,64,60.000000,60
req-00001745,64075000,64,60.000000,60
req-00001746,64091667,64,60.000000,60
req-00001747,64108333,64,60.000000,60
req-00001748,64125000,64,60.000000,60
req-00001749,64141667,64,60.000000,60
req-00001750,64158333,64,60.000000,60
req-00001751,64175000,64,60.000000,60
req-00001752,64191667,64,60.000000,60
req-00001753,64208333,64,60.000000,60
req-00001754,64225000,64,60.000000,60
req-00001755,64241667,64,60.000000,60
req-00001756,64258333,64,60.000000,60
req-00001757,64275000,64,60.000000,60
req-00001758,64291667,64,60.000000,60
req-00001759,64308333,64,60.000000,60
req-00001760,64325000,64,60.000000,60
req-00001761,64341667,64,60.000000,60
req-00001762,64358333,64,60.000000,60
req-00001763,64375000,64,60.000000,60
req-00001764,64391667,64,60.000000,60
req-00001765,64408333,64,60.000000,60
req-00001766,64425000,64,60.000000,60
req-00001767,64441667,64,60.000000,60
req-00001768,64458333,64,60.000000,60
req-00001769,64475000,64,60.000000,60
req-00001770,64491667,64,60.000000,60
req-00001771,64508333,64,60.000000,60
req-00001772,64525000,64,60.000000,60
req-00001773,64541667,64,60.000000,60
req-00001774,64558333,64,60.000000,60
req-00001775,64575000,64,60.000000,60
req-00001776,64591667,64,60.000000,60
req-00001777,64608333,64,60.000000,60
req-00001778,64625000,64,60.000000,60
req-00001779,64641667,64,60.000000,60
req-00001780,64658333,64,60.000000,60
req-00001781,64675000,64,60.000000,60
req-00001782,64691667,64,60.000000,60
req-00001783,64708333,64,60.000000,60
req-00001784,64725000,64,60.000000,60
req-00001785,64741667,64,60.000000,60
req-00001786,64758333,64,60.000000,60
req-00001787,64775000,64,60.000000,60
req-00001788,64791667,64,60.000000,60
req-00001789,64808333,64,60.000000,60
req-00001790,64825000,64,60.000000,60
req-00001791,64841667,64,60.000000,60
req-00001792,64858333,64,60.000000,60
req-00001793,64875000,64,60.000000,60
req-00001794,64891667,64,60.000000,60
req-00001795,64908333,64,60.000000,60
req-00001796,64925000,64,60.000000,60
req-00001797,64941667,64,60.000000,60
req-00001798,64958333,64,60.000000,60
req-00001799,64975000,64,60.000000,60
req-00001800,64991667,64,60.000000,60
req-00001801,65008333,65,60.000000,60
req-00001802,65025000,65,60.000000,60
req-00001803,65041667,65,60.000000,60
req-00001804,65058333,65,60.000000,60
req-00001805,65075000,65,60.000000,60
req-00001806,65091667,65,60.000000,60
req-00001807,65108333,65,60.000000,60
req-00001808,65125000,65,60.000000,60
req-00001809,65141667,65,60.000000,60
req-00001810,65158333,65,60.000000,60
req-00001811,65175000,65,60.000000,60
req-00001812,65191667,65,60.000000,60
req-00001813,65208333,65,60.000000,60
req-00001814,65225000,65,60.000000,60
req-00001815,65241667,65,60.000000,60
req-00001816,65258333,65,60.000000,60
req-00001817,65275000,65,60.000000,60
req-00001818,65291667,65,60.000000,60
req-00001819,65308333,65,60.000000,60
req-00001820,65325000,65,60.000000,60
req-00001821,65341667,65,60.000000,60
req-00001822,65358333,65,60.000000,60
req-00001823,65375000,65,60.000000,60
req-00001824,65391667,65,60.000000,60
req-00001825,65408333,65,60.000000,60
req-00001826,65425000,65,60.000000,60
req-00001827,65441667,65,60.000000,60
req-00001828,65458333,65,60.000000,60
req-00001829,65475000,65,60.000000,60
req-00001830,65491667,65,60.000000,60
req-00001831,65508333,65,60.000000,60
req-00001832,65525000,65,60.000000,60
req-00001833,65541667,65,60.000000,60
req-00001834,65558333,65,60.000000,60
req-00001835,65575000,65,60.000000,60
req-00001836,65591667,65,60.000000,60
req-00001837,65608333,65,60.000000,60
req-00001838,65625000,65,60.000000,60
req-00001839,65641667,65,60.000000,60
req-00001840,65658333,65,60.000000,60
req-00001841,65675000,65,60.000000,60
req-00001842,65691667,65,60.000000,60
req-00001843,65708333,65,60.000000,60
req-00001844,65725000,65,60.000000,60
req-00001845,65741667,65,60.000000,60
req-00001846,65758333,65,60.000000,60
req-00001847,65775000,65,60.000000,60
req-00001848,65791667,65,60.000000,60
req-00001849,65808333,65,60.000000,60
req-00001850,65825000,65,60.000000,60
req-00001851,65841667,65,60.000000,60
req-00001852,65858333,65,60.000000,60
req-00001853,65875000,65,60.000000,60
req-00001854,65891667,65,60.000000,60
req-00001855,65908333,65,60.000000,60
req-00001856,65925000,65,60.000000,60
req-00001857,65941667,65,60.000000,60
req-00001858,65958333,65,60.000000,60
req-00001859,65975000,65,60.000000,60
req-00001860,65991667,65,60.000000,60
req-00001861,66008333,66,60.000000,60
req-00001862,66025000,66,60.000000,60
req-00001863,66041667,66,60.000000,60
req-00001864,66058333,66,60.000000,60
req-00001865,66075000,66,60.000000,60
req-00001866,66091667,66,60.000000,60
req-00001867,66108333,66,60.000000,60
req-00001868,66125000,66,60.000000,60
req-00001869,66141667,66,60.000000,60
req-00001870,66158333,66,60.000000,60
req-00001871,66175000,66,60.000000,60
req-00001872,66191667,66,60.000000,60
req-00001873,66208333,66,60.000000,60
req-00001874,66225000,66,60.000000,60
req-00001875,66241667,66,60.000000,60
req-00001876,66258333,66,60.000000,60
req-00001877,66275000,66,60.000000,60
req-00001878,66291667,66,60.000000,60
req-00001879,66308333,66,60.000000,60
req-00001880,66325000,66,60.000000,60
req-00001881,66341667,66,60.000000,60
req-00001882,66358333,66,60.000000,60
req-00001883,66375000,66,60.000000,60
req-00001884,66391667,66,60.000000,60
req-00001885,66408333,66,60.000000,60
req-00001886,66425000,66,60.000000,60
req-00001887,66441667,66,60.000000,60
req-00001888,66458333,66,60.000000,60
req-00001889,66475000,66,60.000000,60
req-00001890,66491667,66,60.000000,60
req-00001891,66508333,66,60.000000,60
req-00001892,66525000,66,60.000000,60
req-00001893,66541667,66,60.000000,60
req-00001894,66558333,66,60.000000,60
req-00001895,66575000,66,60.000000,60
req-00001896,66591667,66,60.000000,60
req-00001897,66608333,66,60.000000,60
req-00001898,66625000,66,60.000000,60
req-00001899,66641667,66,60.000000,60
req-00001900,66658333,66,60.000000,60
req-00001901,66675000,66,60.000000,60
req-00001902,66691667,66,60.000000,60
req-00001903,66708333,66,60.000000,60
req-00001904,66725000,66,60.000000,60
req-00001905,66741667,66,60.000000,60
req-00001906,66758333,66,60.000000,60
req-00001907,66775000,66,60.000000,60
req-00001908,66791667,66,60.000000,60
req-00001909,66808333,66,60.000000,60
req-00001910,66825000,66,60.000000,60
req-00001911,66841667,66,60.000000,60
req-00001912,66858333,66,60.000000,60
req-00001913,66875000,66,60.000000,60
req-00001914,66891667,66,60.000000,60
req-00001915,66908333,66,60.000000,60
req-00001916,66925000,66,60.000000,60
req-00001917,66941667,66,60.000000,60
req-00001918,66958333,66,60.000000,60
req-00001919,66975000,66,60.000000,60
req-00001920,66991667,66,60.000000,60
req-00001921,67008333,67,60.000000,60
req-00001922,67025000,67,60.000000,60
req-00001923,67041667,67,60.000000,60
req-00001924,67058333,67,60.000000,60
req-00001925,67075000,67,60.000000,60
req-00001926,67091667,67,60.000000,60
req-00001927,67108333,67,60.000000,60
req-00001928,67125000,67,60.000000,60
req-00001929,67141667,67,60.000000,60
req-00001930,67158333,67,60.000000,60
req-00001931,67175000,67,60.000000,60
req-00001932,67191667,67,60.000000,60
req-00001933,67208333,67,60.000000,60
req-00001934,67225000,67,60.000000,60
req-00001935,67241667,67,60.000000,60
req-00001936,67258333,67,60.000000,60
req-00001937,67275000,67,60.000000,60
req-00001938,67291667,67,60.000000,60
req-00001939,67308333,67,60.000000,60
req-00001940,67325000,67,60.000000,60
req-00001941,67341667,67,60.000000,60
req-00001942,67358333,67,60.000000,60
req-00001943,67375000,67,60.000000,60
req-00001944,67391667,67,60.000000,60
req-00001945,67408333,67,60.000000,60
req-00001946,67425000,67,60.000000,60
req-00001947,67441667,67,60.000000,60
req-00001948,67458333,67,60.000000,60
req-00001949,67475000,67,60.000000,60
req-00001950,67491667,67,60.000000,60
req-00001951,67508333,67,60.000000,60
req-00001952,67525000,67,60.000000,60
req-00001953,67541667,67,60.000000,60
req-00001954,67558333,67,60.000000,60
req-00001955,67575000,67,60.000000,60
req-00001956,67591667,67,60.000000,60
req-00001957,67608333,67,60.000000,60
req-00001958,67625000,67,60.000000,60
req-00001959,67641667,67,60.000000,60
req-00001960,67658333,67,60.000000,60
req-00001961,67675000,67,60.000000,60
req-00001962,67691667,67,60.000000,60
req-00001963,67708333,67,60.000000,60
req-00001964,67725000,67,60.000000,60
req-00001965,67741667,67,60.000000,60
req-00001966,67758333,67,60.000000,60
req-00001967,67775000,67,60.000000,60
req-00001968,67791667,67,60.000000,60
req-00001969,67808333,67,60.000000,60
req-00001970,67825000,67,60.000000,60
req-00001971,67841667,67,60.000000,60
req-00001972,67858333,67,60.000000,60
req-00001973,67875000,67,60.000000,60
req-00001974,67891667,67,60.000000,60
req-00001975,67908333,67,60.000000,60
req-00001976,67925000,67,60.000000,60
req-00001977,67941667,67,60.000000,60
req-00001978,67958333,67,60.000000,60
req-00001979,67975000,67,60.000000,60
req-00001980,67991667,67,60.000000,60
req-00001981,68008333,68,60.000000,60
req-00001982,68025000,68,60.000000,60
req-00001983,68041667,68,60.000000,60
req-00001984,68058333,68,60.000000,60
req-00001985,68075000,68,60.000000,60
req-00001986,68091667,68,60.000000,60
req-00001987,68108333,68,60.000000,60
req-00001988,68125000,68,60.000000,60
req-00001989,68141667,68,60.000000,60
req-00001990,68158333,68,60.000000,60
req-00001991,68175000,68,60.000000,60
req-00001992,68191667,68,60.000000,60
req-00001993,68208333,68,60.000000,60
req-00001994,68225000,68,60.000000,60
req-00001995,68241667,68,60.000000,60
req-00001996,68258333,68,60.000000,60
req-00001997,68275000,68,60.000000,60
req-00001998,68291667,68,60.000000,60
req-00001999,68308333,68,60.000000,60
req-00002000,68325000,68,60.000000,60
req-00002001,68341667,68,60.000000,60
req-00002002,68358333,68,60.000000,60
req-00002003,68375000,68,60.000000,60
req-00002004,68391667,68,60.000000,60
req-00002005,68408333,68,60.000000,60
req-00002006,68425000,68,60.000000,60
req-00002007,68441667,68,60.000000,60
req-00002008,68458333,68,60.000000,60
req-00002009,68475000,68,60.000000,60
req-00002010,68491667,68,60.000000,60
req-00002011,68508333,68,60.000000,60
req-00002012,68525000,68,60.000000,60
req-00002013,68541667,68,60.000000,60
req-00002014,68558333,68,60.000000,60
req-00002015,68575000,68,60.000000,60
req-00002016,68591667,68,60.000000,60
req-00002017,68608333,68,60.000000,60
req-00002018,68625000,68,60.000000,60
req-00002019,68641667,68,60.000000,60
req-00002020,68658333,68,60.000000,60
req-00002021,68675000,68,60.000000,60
req-00002022,68691667,68,60.000000,60
req-00002023,68708333,68,60.000000,60
req-00002024,68725000,68,60.000000,60
req-00002025,68741667,68,60.000000,60
req-00002026,68758333,68,60.000000,60
req-00002027,68775000,68,60.000000,60
req-00002028,68791667,68,60.000000,60
req-00002029,68808333,68,60.000000,60
req-00002030,68825000,68,60.000000,60
req-00002031,68841667,68,60.000000,60
req-00002032,68858333,68,60.000000,60
req-00002033,68875000,68,60.000000,60
req-00002034,68891667,68,60.000000,60
req-00002035,68908333,68,60.000000,60
req-00002036,68925000,68,60.000000,60
req-00002037,68941667,68,60.000000,60
req-00002038,68958333,68,60.000000,60
req-00002039,68975000,68,60.000000,60
req-00002040,68991667,68,60.000000,60
req-00002041,69008333,69,60.000000,60
req-00002042,69025000,69,60.000000,60
req-00002043,69041667,69,60.000000,60
req-00002044,69058333,69,60.000000,60
req-00002045,69075000,69,60.000000,60
req-00002046,69091667,69,60.000000,60
req-00002047,69108333,69,60.000000,60
req-00002048,69125000,69,60.000000,60
req-00002049,69141667,69,60.000000,60
req-00002050,69158333,69,60.000000,60
req-00002051,69175000,69,60.000000,60
req-00002052,69191667,69,60.000000,60
req-00002053,69208333,69,60.000000,60
req-00002054,69225000,69,60.000000,60
req-00002055,69241667,69,60.000000,60
req-00002056,69258333,69,60.000000,60
req-00002057,69275000,69,60.000000,60
req-00002058,69291667,69,60.000000,60
req-00002059,69308333,69,60.000000,60
req-00002060,69325000,69,60.000000,60
req-00002061,69341667,69,60.000000,60
req-00002062,69358333,69,60.000000,60
req-00002063,69375000,69,60.000000,60
req-00002064,69391667,69,60.000000,60
req-00002065,69408333,69,60.000000,60
req-00002066,69425000,69,60.000000,60
req-00002067,69441667,69,60.000000,60
req-00002068,69458333,69,60.000000,60
req-00002069,69475000,69,60.000000,60
req-00002070,69491667,69,60.000000,60
req-00002071,69508333,69,60.000000,60
req-00002072,69525000,69,60.000000,60
req-00002073,69541667,69,60.000000,60
req-00002074,69558333,69,60.000000,60
req-00002075,69575000,69,60.000000,60
req-00002076,69591667,69,60.000000,60
req-00002077,69608333,69,60.000000,60
req-00002078,69625000,69,60.000000,60
req-00002079,69641667,69,60.000000,60
req-00002080,69658333,69,60.000000,60
req-00002081,69675000,69,60.000000,60
req-00002082,69691667,69,60.000000,60
req-00002083,69708333,69,60.000000,60
req-00002084,69725000,69,60.000000,60
req-00002085,69741667,69,60.000000,60
req-00002086,69758333,69,60.000000,60
req-00002087,69775000,69,60.000000,60
req-00002088,69791667,69,60.000000,60
req-00002089,69808333,69,60.000000,60
req-00002090,69825000,69,60.000000,60
req-00002091,69841667,69,60.000000,60
req-00002092,69858333,69,60.000000,60
req-00002093,69875000,69,60.000000,60
req-00002094,69891667,69,60.000000,60
req-00002095,69908333,69,60.000000,60
req-00002096,69925000,69,60.000000,60
req-00002097,69941667,69,60.000000,60
req-00002098,69958333,69,60.000000,60
req-00002099,69975000,69,60.000000,60
req-00002100,69991667,69,60.000000,60
req-00002101,70008333,70,60.000000,60
req-00002102,70025000,70,60.000000,60
req-00002103,70041667,70,60.000000,60
req-00002104,70058333,70,60.000000,60
req-00002105,70075000,70,60.000000,60
req-00002106,70091667,70,60.000000,60
req-00002107,70108333,70,60.000000,60
req-00002108,70125000,70,60.000000,60
req-00002109,70141667,70,60.000000,60
req-00002110,70158333,70,60.000000,60
req-00002111,70175000,70,60.000000,60
req-00002112,70191667,70,60.000000,60
req-00002113,70208333,70,60.000000,60
req-00002114,70225000,70,60.000000,60
req-00002115,70241667,70,60.000000,60
req-00002116,70258333,70,60.000000,60
req-00002117,70275000,70,60.000000,60
req-00002118,70291667,70,60.000000,60
req-00002119,70308333,70,60.000000,60
req-00002120,70325000,70,60.000000,60
req-00002121,70341667,70,60.000000,60
req-00002122,70358333,70,60.000000,60
req-00002123,70375000,70,60.000000,60
req-00002124,70391667,70,60.000000,60
req-00002125,70408333,70,60.000000,60
req-00002126,70425000,70,60.000000,60
req-00002127,70441667,70,60.000000,60
req-00002128,70458333,70,60.000000,60
req-00002129,70475000,70,60.000000,60
req-00002130,70491667,70,60.000000,60
req-00002131,70508333,70,60.000000,60
req-00002132,70525000,70,60.000000,60
req-00002133,70541667,70,60.000000,60
req-00002134,70558333,70,60.000000,60
req-00002135,70575000,70,60.000000,60
req-00002136,70591667,70,60.000000,60
req-00002137,70608333,70,60.000000,60
req-00002138,70625000,70,60.000000,60
req-00002139,70641667,70,60.000000,60
req-00002140,70658333,70,60.000000,60
req-00002141,70675000,70,60.000000,60
req-00002142,70691667,70,60.000000,60
req-00002143,70708333,70,60.000000,60
req-00002144,70725000,70,60.000000,60
req-00002145,70741667,70,60.000000,60
req-00002146,70758333,70,60.000000,60
req-00002147,70775000,70,60.000000,60
req-00002148,70791667,70,60.000000,60
req-00002149,70808333,70,60.000000,60
req-00002150,70825000,70,60.000000,60
req-00002151,70841667,70,60.000000,60
req-00002152,70858333,70,60.000000,60
req-00002153,70875000,70,60.000000,60
req-00002154,70891667,70,60.000000,60
req-00002155,70908333,70,60.000000,60
req-00002156,70925000,70,60.000000,60
req-00002157,70941667,70,60.000000,60
req-00002158,70958333,70,60.000000,60
req-00002159,70975000,70,60.000000,60
req-00002160,70991667,70,60.000000,60
req-00002161,71008333,71,60.000000,60
req-00002162,71025000,71,60.000000,60
req-00002163,71041667,71,60.000000,60
req-00002164,71058333,71,60.000000,60
req-00002165,71075000,71,60.000000,60
req-00002166,71091667,71,60.000000,60
req-00002167,71108333,71,60.000000,60
req-00002168,71125000,71,60.000000,60
req-00002169,71141667,71,60.000000,60
req-00002170,71158333,71,60.000000,60
req-00002171,71175000,71,60.000000,60
req-00002172,71191667,71,60.000000,60
req-00002173,71208333,71,60.000000,60
req-00002174,71225000,71,60.000000,60
req-00002175,71241667,71,60.000000,60
req-00002176,71258333,71,60.000000,60
req-00002177,71275000,71,60.000000,60
req-00002178,71291667,71,60.000000,60
req-00002179,71308333,71,60.000000,60
req-00002180,71325000,71,60.000000,60
req-00002181,71341667,71,60.000000,60
req-00002182,71358333,71,60.000000,60
req-00002183,71375000,71,60.000000,60
req-00002184,71391667,71,60.000000,60
req-00002185,71408333,71,60.000000,60
req-00002186,71425000,71,60.000000,60
req-00002187,71441667,71,60.000000,60
req-00002188,71458333,71,60.000000,60
req-00002189,71475000,71,60.000000,60
req-00002190,71491667,71,60.000000,60
req-00002191,71508333,71,60.000000,60
req-00002192,71525000,71,60.000000,60
req-00002193,71541667,71,60.000000,60
req-00002194,71558333,71,60.000000,60
req-00002195,71575000,71,60.000000,60
req-00002196,71591667,71,60.000000,60
req-00002197,71608333,71,60.000000,60
req-00002198,71625000,71,60.000000,60
req-00002199,71641667,71,60.000000,60
req-00002200,71658333,71,60.000000,60
req-00002201,71675000,71,60.000000,60
req-00002202,71691667,71,60.000000,60
req-00002203,71708333,71,60.000000,60
req-00002204,71725000,71,60.000000,60
req-00002205,71741667,71,60.000000,60
req-00002206,71758333,71,60.000000,60
req-00002207,71775000,71,60.000000,60
req-00002208,71791667,71,60.000000,60
req-00002209,71808333,71,60.000000,60
req-00002210,71825000,71,60.000000,60
req-00002211,71841667,71,60.000000,60
req-00002212,71858333,71,60.000000,60
req-00002213,71875000,71,60.000000,60
req-00002214,71891667,71,60.000000,60
req-00002215,71908333,71,60.000000,60
req-00002216,71925000,71,60.000000,60
req-00002217,71941667,71,60.000000,60
req-00002218,71958333,71,60.000000,60
req-00002219,71975000,71,60.000000,60
req-00002220,71991667,71,60.000000,60
req-00002221,72008333,72,60.000000,60
req-00002222,72025000,72,60.000000,60
req-00002223,72041667,72,60.000000,60
req-00002224,72058333,72,60.000000,60
req-00002225,72075000,72,60.000000,60
req-00002226,72091667,72,60.000000,60
req-00002227,72108333,72,60.000000,60
req-00002228,72125000,72,60.000000,60
req-00002229,72141667,72,60.000000,60
req-00002230,72158333,72,60.000000,60
req-00002231,72175000,72,60.000000,60
req-00002232,72191667,72,60.000000,60
req-00002233,72208333,72,60.000000,60
req-00002234,72225000,72,60.000000,60
req-00002235,72241667,72,60.000000,60
req-00002236,72258333,72,60.000000,60
req-00002237,72275000,72,60.000000,60
req-00002238,72291667,72,60.000000,60
req-00002239,72308333,72,60.000000,60
req-00002240,72325000,72,60.000000,60
req-00002241,72341667,72,60.000000,60
req-00002242,72358333,72,60.000000,60
req-00002243,72375000,72,60.000000,60
req-00002244,72391667,72,60.000000,60
req-00002245,72408333,72,60.000000,60
req-00002246,72425000,72,60.000000,60
req-00002247,72441667,72,60.000000,60
req-00002248,72458333,72,60.000000,60
req-00002249,72475000,72,60.000000,60
req-00002250,72491667,72,60.000000,60
req-00002251,72508333,72,60.000000,60
req-00002252,72525000,72,60.000000,60
req-00002253,72541667,72,60.000000,60
req-00002254,72558333,72,60.000000,60
req-00002255,72575000,72,60.000000,60
req-00002256,72591667,72,60.000000,60
req-00002257,72608333,72,60.000000,60
req-00002258,72625000,72,60.000000,60
req-00002259,72641667,72,60.000000,60
req-00002260,72658333,72,60.000000,60
req-00002261,72675000,72,60.000000,60
req-00002262,72691667,72,60.000000,60
req-00002263,72708333,72,60.000000,60
req-00002264,72725000,72,60.000000,60
req-00002265,72741667,72,60.000000,60
req-00002266,72758333,72,60.000000,60
req-00002267,72775000,72,60.000000,60
req-00002268,72791667,72,60.000000,60
req-00002269,72808333,72,60.000000,60
req-00002270,72825000,72,60.000000,60
req-00002271,72841667,72,60.000000,60
req-00002272,72858333,72,60.000000,60
req-00002273,72875000,72,60.000000,60
req-00002274,72891667,72,60.000000,60
req-00002275,72908333,72,60.000000,60
req-00002276,72925000,72,60.000000,60
req-00002277,72941667,72,60.000000,60
req-00002278,72958333,72,60.000000,60
req-00002279,72975000,72,60.000000,60
req-00002280,72991667,72,60.000000,60
req-00002281,73008333,73,60.000000,60
req-00002282,73025000,73,60.000000,60
req-00002283,73041667,73,60.000000,60
req-00002284,73058333,73,60.000000,60
req-00002285,73075000,73,60.000000,60
req-00002286,73091667,73,60.000000,60
req-00002287,73108333,73,60.000000,60
req-00002288,73125000,73,60.000000,60
req-00002289,73141667,73,60.000000,60
req-00002290,73158333,73,60.000000,60
req-00002291,73175000,73,60.000000,60
req-00002292,73191667,73,60.000000,60
req-00002293,73208333,73,60.000000,60
req-00002294,73225000,73,60.000000,60
req-00002295,73241667,73,60.000000,60
req-00002296,73258333,73,60.000000,60
req-00002297,73275000,73,60.000000,60
req-00002298,73291667,73,60.000000,60
req-00002299,73308333,73,60.000000,60
req-00002300,73325000,73,60.000000,60
req-00002301,73341667,73,60.000000,60
req-00002302,73358333,73,60.000000,60
req-00002303,73375000,73,60.000000,60
req-00002304,73391667,73,60.000000,60
req-00002305,73408333,73,60.000000,60
req-00002306,73425000,73,60.000000,60
req-00002307,73441667,73,60.000000,60
req-00002308,73458333,73,60.000000,60
req-00002309,73475000,73,60.000000,60
req-00002310,73491667,73,60.000000,60
req-00002311,73508333,73,60.000000,60
req-00002312,73525000,73,60.000000,60
req-00002313,73541667,73,60.000000,60
req-00002314,73558333,73,60.000000,60
req-00002315,73575000,73,60.000000,60
req-00002316,73591667,73,60.000000,60
req-00002317,73608333,73,60.000000,60
req-00002318,73625000,73,60.000000,60
req-00002319,73641667,73,60.000000,60
req-00002320,73658333,73,60.000000,60
req-00002321,73675000,73,60.000000,60
req-00002322,73691667,73,60.000000,60
req-00002323,73708333,73,60.000000,60
req-00002324,73725000,73,60.000000,60
req-00002325,73741667,73,60.000000,60
req-00002326,73758333,73,60.000000,60
req-00002327,73775000,73,60.000000,60
req-00002328,73791667,73,60.000000,60
req-00002329,73808333,73,60.000000,60
req-00002330,73825000,73,60.000000,60
req-00002331,73841667,73,60.000000,60
req-00002332,73858333,73,60.000000,60
req-00002333,73875000,73,60.000000,60
req-00002334,73891667,73,60.000000,60
req-00002335,73908333,73,60.000000,60
req-00002336,73925000,73,60.000000,60
req-00002337,73941667,73,60.000000,60
req-00002338,73958333,73,60.000000,60
req-00002339,73975000,73,60.000000,60
req-00002340,73991667,73,60.000000,60
req-00002341,74008333,74,60.000000,60
req-00002342,74025000,74,60.000000,60
req-00002343,74041667,74,60.000000,60
req-00002344,74058333,74,60.000000,60
req-00002345,74075000,74,60.000000,60
req-00002346,74091667,74,60.000000,60
req-00002347,74108333,74,60.000000,60
req-00002348,74125000,74,60.000000,60
req-00002349,74141667,74,60.000000,60
req-00002350,74158333,74,60.000000,60
req-00002351,74175000,74,60.000000,60
req-00002352,74191667,74,60.000000,60
req-00002353,74208333,74,60.000000,60
req-00002354,74225000,74,60.000000,60
req-00002355,74241667,74,60.000000,60
req-00002356,74258333,74,60.000000,60
req-00002357,74275000,74,60.000000,60
req-00002358,74291667,74,60.000000,60
req-00002359,74308333,74,60.000000,60
req-00002360,74325000,74,60.000000,60
req-00002361,74341667,74,60.000000,60
req-00002362,74358333,74,60.000000,60
req-00002363,74375000,74,60.000000,60
req-00002364,74391667,74,60.000000,60
req-00002365,74408333,74,60.000000,60
req-00002366,74425000,74,60.000000,60
req-00002367,74441667,74,60.000000,60
req-00002368,74458333,74,60.000000,60
req-00002369,74475000,74,60.000000,60
req-00002370,74491667,74,60.000000,60
req-00002371,74508333,74,60.000000,60
req-00002372,74525000,74,60.000000,60
req-00002373,74541667,74,60.000000,60
req-00002374,74558333,74,60.000000,60
req-00002375,74575000,74,60.000000,60
req-00002376,74591667,74,60.000000,60
req-00002377,74608333,74,60.000000,60
req-00002378,74625000,74,60.000000,60
req-00002379,74641667,74,60.000000,60
req-00002380,74658333,74,60.000000,60
req-00002381,74675000,74,60.000000,60
req-00002382,74691667,74,60.000000,60
req-00002383,74708333,74,60.000000,60
req-00002384,74725000,74,60.000000,60
req-00002385,74741667,74,60.000000,60
req-00002386,74758333,74,60.000000,60
req-00002387,74775000,74,60.000000,60
req-00002388,74791667,74,60.000000,60
req-00002389,74808333,74,60.000000,60
req-00002390,74825000,74,60.000000,60
req-00002391,74841667,74,60.000000,60
req-00002392,74858333,74,60.000000,60
req-00002393,74875000,74,60.000000,60
req-00002394,74891667,74,60.000000,60
req-00002395,74908333,74,60.000000,60
req-00002396,74925000,74,60.000000,60
req-00002397,74941667,74,60.000000,60
req-00002398,74958333,74,60.000000,60
req-00002399,74975000,74,60.000000,60
req-00002400,74991667,74,60.000000,60
req-00002401,75008333,75,60.000000,60
req-00002402,75025000,75,60.000000,60
req-00002403,75041667,75,60.000000,60
req-00002404,75058333,75,60.000000,60
req-00002405,75075000,75,60.000000,60
req-00002406,75091667,75,60.000000,60
req-00002407,75108333,75,60.000000,60
req-00002408,75125000,75,60.000000,60
req-00002409,75141667,75,60.000000,60
req-00002410,75158333,75,60.000000,60
req-00002411,75175000,75,60.000000,60
req-00002412,75191667,75,60.000000,60
req-00002413,75208333,75,60.000000,60
req-00002414,75225000,75,60.000000,60
req-00002415,75241667,75,60.000000,60
req-00002416,75258333,75,60.000000,60
req-00002417,75275000,75,60.000000,60
req-00002418,75291667,75,60.000000,60
req-00002419,75308333,75,60.000000,60
req-00002420,75325000,75,60.000000,60
req-00002421,75341667,75,60.000000,60
req-00002422,75358333,75,60.000000,60
req-00002423,75375000,75,60.000000,60
req-00002424,75391667,75,60.000000,60
req-00002425,75408333,75,60.000000,60
req-00002426,75425000,75,60.000000,60
req-00002427,75441667,75,60.000000,60
req-00002428,75458333,75,60.000000,60
req-00002429,75475000,75,60.000000,60
req-00002430,75491667,75,60.000000,60
req-00002431,75508333,75,60.000000,60
req-00002432,75525000,75,60.000000,60
req-00002433,75541667,75,60.000000,60
req-00002434,75558333,75,60.000000,60
req-00002435,75575000,75,60.000000,60
req-00002436,75591667,75,60.000000,60
req-00002437,75608333,75,60.000000,60
req-00002438,75625000,75,60.000000,60
req-00002439,75641667,75,60.000000,60
req-00002440,75658333,75,60.000000,60
req-00002441,75675000,75,60.000000,60
req-00002442,75691667,75,60.000000,60
req-00002443,75708333,75,60.000000,60
req-00002444,75725000,75,60.000000,60
req-00002445,75741667,75,60.000000,60
req-00002446,75758333,75,60.000000,60
req-00002447,75775000,75,60.000000,60
req-00002448,75791667,75,60.000000,60
req-00002449,75808333,75,60.000000,60
req-00002450,75825000,75,60.000000,60
req-00002451,75841667,75,60.000000,60
req-00002452,75858333,75,60.000000,60
req-00002453,75875000,75,60.000000,60
req-00002454,75891667,75,60.000000,60
req-00002455,75908333,75,60.000000,60
req-00002456,75925000,75,60.000000,60
req-00002457,75941667,75,60.000000,60
req-00002458,75958333,75,60.000000,60
req-00002459,75975000,75,60.000000,60
req-00002460,75991667,75,60.000000,60
req-00002461,76008333,76,60.000000,60
req-00002462,76025000,76,60.000000,60
req-00002463,76041667,76,60.000000,60
req-00002464,76058333,76,60.000000,60
req-00002465,76075000,76,60.000000,60
req-00002466,76091667,76,60.000000,60
req-00002467,76108333,76,60.000000,60
req-00002468,76125000,76,60.000000,60
req-00002469,76141667,76,60.000000,60
req-00002470,76158333,76,60.000000,60
req-00002471,76175000,76,60.000000,60
req-00002472,76191667,76,60.000000,60
req-00002473,76208333,76,60.000000,60
req-00002474,76225000,76,60.000000,60
req-00002475,76241667,76,60.000000,60
req-00002476,76258333,76,60.000000,60
req-00002477,76275000,76,60.000000,60
req-00002478,76291667,76,60.000000,60
req-00002479,76308333,76,60.000000,60
req-00002480,76325000,76,60.000000,60
req-00002481,76341667,76,60.000000,60
req-00002482,76358333,76,60.000000,60
req-00002483,76375000,76,60.000000,60
req-00002484,76391667,76,60.000000,60
req-00002485,76408333,76,60.000000,60
req-00002486,76425000,76,60.000000,60
req-00002487,76441667,76,60.000000,60
req-00002488,76458333,76,60.000000,60
req-00002489,76475000,76,60.000000,60
req-00002490,76491667,76,60.000000,60
req-00002491,76508333,76,60.000000,60
req-00002492,76525000,76,60.000000,60
req-00002493,76541667,76,60.000000,60
req-00002494,76558333,76,60.000000,60
req-00002495,76575000,76,60.000000,60
req-00002496,76591667,76,60.000000,60
req-00002497,76608333,76,60.000000,60
req-00002498,76625000,76,60.000000,60
req-00002499,76641667,76,60.000000,60
req-00002500,76658333,76,60.000000,60
req-00002501,76675000,76,60.000000,60
req-00002502,76691667,76,60.000000,60
req-00002503,76708333,76,60.000000,60
req-00002504,76725000,76,60.000000,60
req-00002505,76741667,76,60.000000,60
req-00002506,76758333,76,60.000000,60
req-00002507,76775000,76,60.000000,60
req-00002508,76791667,76,60.000000,60
req-00002509,76808333,76,60.000000,60
req-00002510,76825000,76,60.000000,60
req-00002511,76841667,76,60.000000,60
req-00002512,76858333,76,60.000000,60
req-00002513,76875000,76,60.000000,60
req-00002514,76891667,76,60.000000,60
req-00002515,76908333,76,60.000000,60
req-00002516,76925000,76,60.000000,60
req-00002517,76941667,76,60.000000,60
req-00002518,76958333,76,60.000000,60
req-00002519,76975000,76,60.000000,60
req-00002520,76991667,76,60.000000,60
req-00002521,77008333,77,60.000000,60
req-00002522,77025000,77,60.000000,60
req-00002523,77041667,77,60.000000,60
req-00002524,77058333,77,60.000000,60
req-00002525,77075000,77,60.000000,60
req-00002526,77091667,77,60.000000,60
req-00002527,77108333,77,60.000000,60
req-00002528,77125000,77,60.000000,60
req-00002529,77141667,77,60.000000,60
req-00002530,77158333,77,60.000000,60
req-00002531,77175000,77,60.000000,60
req-00002532,77191667,77,60.000000,60
req-00002533,77208333,77,60.000000,60
req-00002534,77225000,77,60.000000,60
req-00002535,77241667,77,60.000000,60
req-00002536,77258333,77,60.000000,60
req-00002537,77275000,77,60.000000,60
req-00002538,77291667,77,60.000000,60
req-00002539,77308333,77,60.000000,60
req-00002540,77325000,77,60.000000,60
req-00002541,77341667,77,60.000000,60
req-00002542,77358333,77,60.000000,60
req-00002543,77375000,77,60.000000,60
req-00002544,77391667,77,60.000000,60
req-00002545,77408333,77,60.000000,60
req-00002546,77425000,77,60.000000,60
req-00002547,77441667,77,60.000000,60
req-00002548,77458333,77,60.000000,60
req-00002549,77475000,77,60.000000,60
req-00002550,77491667,77,60.000000,60
req-00002551,77508333,77,60.000000,60
req-00002552,77525000,77,60.000000,60
req-00002553,77541667,77,60.000000,60
req-00002554,77558333,77,60.000000,60
req-00002555,77575000,77,60.000000,60
req-00002556,77591667,77,60.000000,60
req-00002557,77608333,77,60.000000,60
req-00002558,77625000,77,60.000000,60
req-00002559,77641667,77,60.000000,60
req-00002560,77658333,77,60.000000,60
req-00002561,77675000,77,60.000000,60
req-00002562,77691667,77,60.000000,60
req-00002563,77708333,77,60.000000,60
req-00002564,77725000,77,60.000000,60
req-00002565,77741667,77,60.000000,60
req-00002566,77758333,77,60.000000,60
req-00002567,77775000,77,60.000000,60
req-00002568,77791667,77,60.000000,60
req-00002569,77808333,77,60.000000,60
req-00002570,77825000,77,60.000000,60
req-00002571,77841667,77,60.000000,60
req-00002572,77858333,77,60.000000,60
req-00002573,77875000,77,60.000000,60
req-00002574,77891667,77,60.000000,60
req-00002575,77908333,77,60.000000,60
req-00002576,77925000,77,60.000000,60
req-00002577,77941667,77,60.000000,60
req-00002578,77958333,77,60.000000,60
req-00002579,77975000,77,60.000000,60
req-00002580,77991667,77,60.000000,60
req-00002581,78008333,78,60.000000,60
req-00002582,78025000,78,60.000000,60
req-00002583,78041667,78,60.000000,60
req-00002584,78058333,78,60.000000,60
req-00002585,78075000,78,60.000000,60
req-00002586,78091667,78,60.000000,60
req-00002587,78108333,78,60.000000,60
req-00002588,78125000,78,60.000000,60
req-00002589,78141667,78,60.000000,60
req-00002590,78158333,78,60.000000,60
req-00002591,78175000,78,60.000000,60
req-00002592,78191667,78,60.000000,60
req-00002593,78208333,78,60.000000,60
req-00002594,78225000,78,60.000000,60
req-00002595,78241667,78,60.000000,60
req-00002596,78258333,78,60.000000,60
req-00002597,78275000,78,60.000000,60
req-00002598,78291667,78,60.000000,60
req-00002599,78308333,78,60.000000,60
req-00002600,78325000,78,60.000000,60
req-00002601,78341667,78,60.000000,60
req-00002602,78358333,78,60.000000,60
req-00002603,78375000,78,60.000000,60
req-00002604,78391667,78,60.000000,60
req-00002605,78408333,78,60.000000,60
req-00002606,78425000,78,60.000000,60
req-00002607,78441667,78,60.000000,60
req-00002608,78458333,78,60.000000,60
req-00002609,78475000,78,60.000000,60
req-00002610,78491667,78,60.000000,60
req-00002611,78508333,78,60.000000,60
req-00002612,78525000,78,60.000000,60
req-00002613,78541667,78,60.000000,60
req-00002614,78558333,78,60.000000,60
req-00002615,78575000,78,60.000000,60
req-00002616,78591667,78,60.000000,60
req-00002617,78608333,78,60.000000,60
req-00002618,78625000,78,60.000000,60
req-00002619,78641667,78,60.000000,60
req-00002620,78658333,78,60.000000,60
req-00002621,78675000,78,60.000000,60
req-00002622,78691667,78,60.000000,60
req-00002623,78708333,78,60.000000,60
req-00002624,78725000,78,60.000000,60
req-00002625,78741667,78,60.000000,60
req-00002626,78758333,78,60.000000,60
req-00002627,78775000,78,60.000000,60
req-00002628,78791667,78,60.000000,60
req-00002629,78808333,78,60.000000,60
req-00002630,78825000,78,60.000000,60
req-00002631,78841667,78,60.000000,60
req-00002632,78858333,78,60.000000,60
req-00002633,78875000,78,60.000000,60
req-00002634,78891667,78,60.000000,60
req-00002635,78908333,78,60.000000,60
req-00002636,78925000,78,60.000000,60
req-00002637,78941667,78,60.000000,60
req-00002638,78958333,78,60.000000,60
req-00002639,78975000,78,60.000000,60
req-00002640,78991667,78,60.000000,60
req-00002641,79008333,79,60.000000,60
req-00002642,79025000,79,60.000000,60
req-00002643,79041667,79,60.000000,60
req-00002644,79058333,79,60.000000,60
req-00002645,79075000,79,60.000000,60
req-00002646,79091667,79,60.000000,60
req-00002647,79108333,79,60.000000,60
req-00002648,79125000,79,60.000000,60
req-00002649,79141667,79,60.000000,60
req-00002650,79158333,79,60.000000,60
req-00002651,79175000,79,60.000000,60
req-00002652,79191667,79,60.000000,60
req-00002653,79208333,79,60.000000,60
req-00002654,79225000,79,60.000000,60
req-00002655,79241667,79,60.000000,60
req-00002656,79258333,79,60.000000,60
req-00002657,79275000,79,60.000000,60
req-00002658,79291667,79,60.000000,60
req-00002659,79308333,79,60.000000,60
req-00002660,79325000,79,60.000000,60
req-00002661,79341667,79,60.000000,60
req-00002662,79358333,79,60.000000,60
req-00002663,79375000,79,60.000000,60
req-00002664,79391667,79,60.000000,60
req-00002665,79408333,79,60.000000,60
req-00002666,79425000,79,60.000000,60
req-00002667,79441667,79,60.000000,60
req-00002668,79458333,79,60.000000,60
req-00002669,79475000,79,60.000000,60
req-00002670,79491667,79,60.000000,60
req-00002671,79508333,79,60.000000,60
req-00002672,79525000,79,60.000000,60
req-00002673,79541667,79,60.000000,60
req-00002674,79558333,79,60.000000,60
req-00002675,79575000,79,60.000000,60
req-00002676,79591667,79,60.000000,60
req-00002677,79608333,79,60.000000,60
req-00002678,79625000,79,60.000000,60
req-00002679,79641667,79,60.000000,60
req-00002680,79658333,79,60.000000,60
req-00002681,79675000,79,60.000000,60
req-00002682,79691667,79,60.000000,60
req-00002683,79708333,79,60.000000,60
req-00002684,79725000,79,60.000000,60
req-00002685,79741667,79,60.000000,60
req-00002686,79758333,79,60.000000,60
req-00002687,79775000,79,60.000000,60
req-00002688,79791667,79,60.000000,60
req-00002689,79808333,79,60.000000,60
req-00002690,79825000,79,60.000000,60
req-00002691,79841667,79,60.000000,60
req-00002692,79858333,79,60.000000,60
req-00002693,79875000,79,60.000000,60
req-00002694,79891667,79,60.000000,60
req-00002695,79908333,79,60.000000,60
req-00002696,79925000,79,60.000000,60
req-00002697,79941667,79,60.000000,60
req-00002698,79958333,79,60.000000,60
req-00002699,79975000,79,60.000000,60
req-00002700,79991667,79,60.000000,60
req-00002701,80008333,80,60.000000,60
req-00002702,80025000,80,60.000000,60
req-00002703,80041667,80,60.000000,60
req-00002704,80058333,80,60.000000,60
req-00002705,80075000,80,60.000000,60
req-00002706,80091667,80,60.000000,60
req-00002707,80108333,80,60.000000,60
req-00002708,80125000,80,60.000000,60
req-00002709,80141667,80,60.000000,60
req-00002710,80158333,80,60.000000,60
req-00002711,80175000,80,60.000000,60
req-00002712,80191667,80,60.000000,60
req-00002713,80208333,80,60.000000,60
req-00002714,80225000,80,60.000000,60
req-00002715,80241667,80,60.000000,60
req-00002716,80258333,80,60.000000,60
req-00002717,80275000,80,60.000000,60
req-00002718,80291667,80,60.000000,60
req-00002719,80308333,80,60.000000,60
req-00002720,80325000,80,60.000000,60
req-00002721,80341667,80,60.000000,60
req-00002722,80358333,80,60.000000,60
req-00002723,80375000,80,60.000000,60
req-00002724,80391667,80,60.000000,60
req-00002725,80408333,80,60.000000,60
req-00002726,80425000,80,60.000000,60
req-00002727,80441667,80,60.000000,60
req-00002728,80458333,80,60.000000,60
req-00002729,80475000,80,60.000000,60
req-00002730,80491667,80,60.000000,60
req-00002731,80508333,80,60.000000,60
req-00002732,80525000,80,60.000000,60
req-00002733,80541667,80,60.000000,60
req-00002734,80558333,80,60.000000,60
req-00002735,80575000,80,60.000000,60
req-00002736,80591667,80,60.000000,60
req-00002737,80608333,80,60.000000,60
req-00002738,80625000,80,60.000000,60
req-00002739,80641667,80,60.000000,60
req-00002740,80658333,80,60.000000,60
req-00002741,80675000,80,60.000000,60
req-00002742,80691667,80,60.000000,60
req-00002743,80708333,80,60.000000,60
req-00002744,80725000,80,60.000000,60
req-00002745,80741667,80,60.000000,60
req-00002746,80758333,80,60.000000,60
req-00002747,80775000,80,60.000000,60
req-00002748,80791667,80,60.000000,60
req-00002749,80808333,80,60.000000,60
req-00002750,80825000,80,60.000000,60
req-00002751,80841667,80,60.000000,60
req-00002752,80858333,80,60.000000,60
req-00002753,80875000,80,60.000000,60
req-00002754,80891667,80,60.000000,60
req-00002755,80908333,80,60.000000,60
req-00002756,80925000,80,60.000000,60
req-00002757,80941667,80,60.000000,60
req-00002758,80958333,80,60.000000,60
req-00002759,80975000,80,60.000000,60
req-00002760,80991667,80,60.000000,60
req-00002761,81008333,81,60.000000,60
req-00002762,81025000,81,60.000000,60
req-00002763,81041667,81,60.000000,60
req-00002764,81058333,81,60.000000,60
req-00002765,81075000,81,60.000000,60
req-00002766,81091667,81,60.000000,60
req-00002767,81108333,81,60.000000,60
req-00002768,81125000,81,60.000000,60
req-00002769,81141667,81,60.000000,60
req-00002770,81158333,81,60.000000,60
req-00002771,81175000,81,60.000000,60
req-00002772,81191667,81,60.000000,60
req-00002773,81208333,81,60.000000,60
req-00002774,81225000,81,60.000000,60
req-00002775,81241667,81,60.000000,60
req-00002776,81258333,81,60.000000,60
req-00002777,81275000,81,60.000000,60
req-00002778,81291667,81,60.000000,60
req-00002779,81308333,81,60.000000,60
req-00002780,81325000,81,60.000000,60
req-00002781,81341667,81,60.000000,60
req-00002782,81358333,81,60.000000,60
req-00002783,81375000,81,60.000000,60
req-00002784,81391667,81,60.000000,60
req-00002785,81408333,81,60.000000,60
req-00002786,81425000,81,60.000000,60
req-00002787,81441667,81,60.000000,60
req-00002788,81458333,81,60.000000,60
req-00002789,81475000,81,60.000000,60
req-00002790,81491667,81,60.000000,60
req-00002791,81508333,81,60.000000,60
req-00002792,81525000,81,60.000000,60
req-00002793,81541667,81,60.000000,60
req-00002794,81558333,81,60.000000,60
req-00002795,81575000,81,60.000000,60
req-00002796,81591667,81,60.000000,60
req-00002797,81608333,81,60.000000,60
req-00002798,81625000,81,60.000000,60
req-00002799,81641667,81,60.000000,60
req-00002800,81658333,81,60.000000,60
req-00002801,81675000,81,60.000000,60
req-00002802,81691667,81,60.000000,60
req-00002803,81708333,81,60.000000,60
req-00002804,81725000,81,60.000000,60
req-00002805,81741667,81,60.000000,60
req-00002806,81758333,81,60.000000,60
req-00002807,81775000,81,60.000000,60
req-00002808,81791667,81,60.000000,60
req-00002809,81808333,81,60.000000,60
req-00002810,81825000,81,60.000000,60
req-00002811,81841667,81,60.000000,60
req-00002812,81858333,81,60.000000,60
req-00002813,81875000,81,60.000000,60
req-00002814,81891667,81,60.000000,60
req-00002815,81908333,81,60.000000,60
req-00002816,81925000,81,60.000000,60
req-00002817,81941667,81,60.000000,60
req-00002818,81958333,81,60.000000,60
req-00002819,81975000,81,60.000000,60
req-00002820,81991667,81,60.000000,60
req-00002821,82008333,82,60.000000,60
req-00002822,82025000,82,60.000000,60
req-00002823,82041667,82,60.000000,60
req-00002824,82058333,82,60.000000,60
req-00002825,82075000,82,60.000000,60
req-00002826,82091667,82,60.000000,60
req-00002827,82108333,82,60.000000,60
req-00002828,82125000,82,60.000000,60
req-00002829,82141667,82,60.000000,60
req-00002830,82158333,82,60.000000,60
req-00002831,82175000,82,60.000000,60
req-00002832,82191667,82,60.000000,60
req-00002833,82208333,82,60.000000,60
req-00002834,82225000,82,60.000000,60
req-00002835,82241667,82,60.000000,60
req-00002836,82258333,82,60.000000,60
req-00002837,82275000,82,60.000000,60
req-00002838,82291667,82,60.000000,60
req-00002839,82308333,82,60.000000,60
req-00002840,82325000,82,60.000000,60
req-00002841,82341667,82,60.000000,60
req-00002842,82358333,82,60.000000,60
req-00002843,82375000,82,60.000000,60
req-00002844,82391667,82,60.000000,60
req-00002845,82408333,82,60.000000,60
req-00002846,82425000,82,60.000000,60
req-00002847,82441667,82,60.000000,60
req-00002848,82458333,82,60.000000,60
req-00002849,82475000,82,60.000000,60
req-00002850,82491667,82,60.000000,60
req-00002851,82508333,82,60.000000,60
req-00002852,82525000,82,60.000000,60
req-00002853,82541667,82,60.000000,60
req-00002854,82558333,82,60.000000,60
req-00002855,82575000,82,60.000000,60
req-00002856,82591667,82,60.000000,60
req-00002857,82608333,82,60.000000,60
req-00002858,82625000,82,60.000000,60
req-00002859,82641667,82,60.000000,60
req-00002860,82658333,82,60.000000,60
req-00002861,82675000,82,60.000000,60
req-00002862,82691667,82,60.000000,60
req-00002863,82708333,82,60.000000,60
req-00002864,82725000,82,60.000000,60
req-00002865,82741667,82,60.000000,60
req-00002866,82758333,82,60.000000,60
req-00002867,82775000,82,60.000000,60
req-00002868,82791667,82,60.000000,60
req-00002869,82808333,82,60.000000,60
req-00002870,82825000,82,60.000000,60
req-00002871,82841667,82,60.000000,60
req-00002872,82858333,82,60.000000,60
req-00002873,82875000,82,60.000000,60
req-00002874,82891667,82,60.000000,60
req-00002875,82908333,82,60.000000,60
req-00002876,82925000,82,60.000000,60
req-00002877,82941667,82,60.000000,60
req-00002878,82958333,82,60.000000,60
req-00002879,82975000,82,60.000000,60
req-00002880,82991667,82,60.000000,60
req-00002881,83008333,83,60.000000,60
req-00002882,83025000,83,60.000000,60
req-00002883,83041667,83,60.000000,60
req-00002884,83058333,83,60.000000,60
req-00002885,83075000,83,60.000000,60
req-00002886,83091667,83,60.000000,60
req-00002887,83108333,83,60.000000,60
req-00002888,83125000,83,60.000000,60
req-00002889,83141667,83,60.000000,60
req-00002890,83158333,83,60.000000,60
req-00002891,83175000,83,60.000000,60
req-00002892,83191667,83,60.000000,60
req-00002893,83208333,83,60.000000,60
req-00002894,83225000,83,60.000000,60
req-00002895,83241667,83,60.000000,60
req-00002896,83258333,83,60.000000,60
req-00002897,83275000,83,60.000000,60
req-00002898,83291667,83,60.000000,60
req-00002899,83308333,83,60.000000,60
req-00002900,83325000,83,60.000000,60
req-00002901,83341667,83,60.000000,60
req-00002902,83358333,83,60.000000,60
req-00002903,83375000,83,60.000000,60
req-00002904,83391667,83,60.000000,60
req-00002905,83408333,83,60.000000,60
req-00002906,83425000,83,60.000000,60
req-00002907,83441667,83,60.000000,60
req-00002908,83458333,83,60.000000,60
req-00002909,83475000,83,60.000000,60
req-00002910,83491667,83,60.000000,60
req-00002911,83508333,83,60.000000,60
req-00002912,83525000,83,60.000000,60
req-00002913,83541667,83,60.000000,60
req-00002914,83558333,83,60.000000,60
req-00002915,83575000,83,60.000000,60
req-00002916,83591667,83,60.000000,60
req-00002917,83608333,83,60.000000,60
req-00002918,83625000,83,60.000000,60
req-00002919,83641667,83,60.000000,60
req-00002920,83658333,83,60.000000,60
req-00002921,83675000,83,60.000000,60
req-00002922,83691667,83,60.000000,60
req-00002923,83708333,83,60.000000,60
req-00002924,83725000,83,60.000000,60
req-00002925,83741667,83,60.000000,60
req-00002926,83758333,83,60.000000,60
req-00002927,83775000,83,60.000000,60
req-00002928,83791667,83,60.000000,60
req-00002929,83808333,83,60.000000,60
req-00002930,83825000,83,60.000000,60
req-00002931,83841667,83,60.000000,60
req-00002932,83858333,83,60.000000,60
req-00002933,83875000,83,60.000000,60
req-00002934,83891667,83,60.000000,60
req-00002935,83908333,83,60.000000,60
req-00002936,83925000,83,60.000000,60
req-00002937,83941667,83,60.000000,60
req-00002938,83958333,83,60.000000,60
req-00002939,83975000,83,60.000000,60
req-00002940,83991667,83,60.000000,60
req-00002941,84008333,84,60.000000,60
req-00002942,84025000,84,60.000000,60
req-00002943,84041667,84,60.000000,60
req-00002944,84058333,84,60.000000,60
req-00002945,84075000,84,60.000000,60
req-00002946,84091667,84,60.000000,60
req-00002947,84108333,84,60.000000,60
req-00002948,84125000,84,60.000000,60
req-00002949,84141667,84,60.000000,60
req-00002950,84158333,84,60.000000,60
req-00002951,84175000,84,60.000000,60
req-00002952,84191667,84,60.000000,60
req-00002953,84208333,84,60.000000,60
req-00002954,84225000,84,60.000000,60
req-00002955,84241667,84,60.000000,60
req-00002956,84258333,84,60.000000,60
req-00002957,84275000,84,60.000000,60
req-00002958,84291667,84,60.000000,60
req-00002959,84308333,84,60.000000,60
req-00002960,84325000,84,60.000000,60
req-00002961,84341667,84,60.000000,60
req-00002962,84358333,84,60.000000,60
req-00002963,84375000,84,60.000000,60
req-00002964,84391667,84,60.000000,60
req-00002965,84408333,84,60.000000,60
req-00002966,84425000,84,60.000000,60
req-00002967,84441667,84,60.000000,60
req-00002968,84458333,84,60.000000,60
req-00002969,84475000,84,60.000000,60
req-00002970,84491667,84,60.000000,60
req-00002971,84508333,84,60.000000,60
req-00002972,84525000,84,60.000000,60
req-00002973,84541667,84,60.000000,60
req-00002974,84558333,84,60.000000,60
req-00002975,84575000,84,60.000000,60
req-00002976,84591667,84,60.000000,60
req-00002977,84608333,84,60.000000,60
req-00002978,84625000,84,60.000000,60
req-00002979,84641667,84,60.000000,60
req-00002980,84658333,84,60.000000,60
req-00002981,84675000,84,60.000000,60
req-00002982,84691667,84,60.000000,60
req-00002983,84708333,84,60.000000,60
req-00002984,84725000,84,60.000000,60
req-00002985,84741667,84,60.000000,60
req-00002986,84758333,84,60.000000,60
req-00002987,84775000,84,60.000000,60
req-00002988,84791667,84,60.000000,60
req-00002989,84808333,84,60.000000,60
req-00002990,84825000,84,60.000000,60
req-00002991,84841667,84,60.000000,60
req-00002992,84858333,84,60.000000,60
req-00002993,84875000,84,60.000000,60
req-00002994,84891667,84,60.000000,60
req-00002995,84908333,84,60.000000,60
req-00002996,84925000,84,60.000000,60
req-00002997,84941667,84,60.000000,60
req-00002998,84958333,84,60.000000,60
req-00002999,84975000,84,60.000000,60
req-00003000,84991667,84,60.000000,60
req-00003001,85008333,85,60.000000,60
req-00003002,85025000,85,60.000000,60
req-00003003,85041667,85,60.000000,60
req-00003004,85058333,85,60.000000,60
req-00003005,85075000,85,60.000000,60
req-00003006,85091667,85,60.000000,60
req-00003007,85108333,85,60.000000,60
req-00003008,85125000,85,60.000000,60
req-00003009,85141667,85,60.000000,60
req-00003010,85158333,85,60.000000,60
req-00003011,85175000,85,60.000000,60
req-00003012,85191667,85,60.000000,60
req-00003013,85208333,85,60.000000,60
req-00003014,85225000,85,60.000000,60
req-00003015,85241667,85,60.000000,60
req-00003016,85258333,85,60.000000,60
req-00003017,85275000,85,60.000000,60
req-00003018,85291667,85,60.000000,60
req-00003019,85308333,85,60.000000,60
req-00003020,85325000,85,60.000000,60
req-00003021,85341667,85,60.000000,60
req-00003022,85358333,85,60.000000,60
req-00003023,85375000,85,60.000000,60
req-00003024,85391667,85,60.000000,60
req-00003025,85408333,85,60.000000,60
req-00003026,85425000,85,60.000000,60
req-00003027,85441667,85,60.000000,60
req-00003028,85458333,85,60.000000,60
req-00003029,85475000,85,60.000000,60
req-00003030,85491667,85,60.000000,60
req-00003031,85508333,85,60.000000,60
req-00003032,85525000,85,60.000000,60
req-00003033,85541667,85,60.000000,60
req-00003034,85558333,85,60.000000,60
req-00003035,85575000,85,60.000000,60
req-00003036,85591667,85,60.000000,60
req-00003037,85608333,85,60.000000,60
req-00003038,85625000,85,60.000000,60
req-00003039,85641667,85,60.000000,60
req-00003040,85658333,85,60.000000,60
req-00003041,85675000,85,60.000000,60
req-00003042,85691667,85,60.000000,60
req-00003043,85708333,85,60.000000,60
req-00003044,85725000,85,60.000000,60
req-00003045,85741667,85,60.000000,60
req-00003046,85758333,85,60.000000,60
req-00003047,85775000,85,60.000000,60
req-00003048,85791667,85,60.000000,60
req-00003049,85808333,85,60.000000,60
req-00003050,85825000,85,60.000000,60
req-00003051,85841667,85,60.000000,60
req-00003052,85858333,85,60.000000,60
req-00003053,85875000,85,60.000000,60
req-00003054,85891667,85,60.000000,60
req-00003055,85908333,85,60.000000,60
req-00003056,85925000,85,60.000000,60
req-00003057,85941667,85,60.000000,60
req-00003058,85958333,85,60.000000,60
req-00003059,85975000,85,60.000000,60
req-00003060,85991667,85,60.000000,60
req-00003061,86008333,86,60.000000,60
req-00003062,86025000,86,60.000000,60
req-00003063,86041667,86,60.000000,60
req-00003064,86058333,86,60.000000,60
req-00003065,86075000,86,60.000000,60
req-00003066,86091667,86,60.000000,60
req-00003067,86108333,86,60.000000,60
req-00003068,86125000,86,60.000000,60
req-00003069,86141667,86,60.000000,60
req-00003070,86158333,86,60.000000,60
req-00003071,86175000,86,60.000000,60
req-00003072,86191667,86,60.000000,60
req-00003073,86208333,86,60.000000,60
req-00003074,86225000,86,60.000000,60
req-00003075,86241667,86,60.000000,60
req-00003076,86258333,86,60.000000,60
req-00003077,86275000,86,60.000000,60
req-00003078,86291667,86,60.000000,60
req-00003079,86308333,86,60.000000,60
req-00003080,86325000,86,60.000000,60
req-00003081,86341667,86,60.000000,60
req-00003082,86358333,86,60.000000,60
req-00003083,86375000,86,60.000000,60
req-00003084,86391667,86,60.000000,60
req-00003085,86408333,86,60.000000,60
req-00003086,86425000,86,60.000000,60
req-00003087,86441667,86,60.000000,60
req-00003088,86458333,86,60.000000,60
req-00003089,86475000,86,60.000000,60
req-00003090,86491667,86,60.000000,60
req-00003091,86508333,86,60.000000,60
req-00003092,86525000,86,60.000000,60
req-00003093,86541667,86,60.000000,60
req-00003094,86558333,86,60.000000,60
req-00003095,86575000,86,60.000000,60
req-00003096,86591667,86,60.000000,60
req-00003097,86608333,86,60.000000,60
req-00003098,86625000,86,60.000000,60
req-00003099,86641667,86,60.000000,60
req-00003100,86658333,86,60.000000,60
req-00003101,86675000,86,60.000000,60
req-00003102,86691667,86,60.000000,60
req-00003103,86708333,86,60.000000,60
req-00003104,86725000,86,60.000000,60
req-00003105,86741667,86,60.000000,60
req-00003106,86758333,86,60.000000,60
req-00003107,86775000,86,60.000000,60
req-00003108,86791667,86,60.000000,60
req-00003109,86808333,86,60.000000,60
req-00003110,86825000,86,60.000000,60
req-00003111,86841667,86,60.000000,60
req-00003112,86858333,86,60.000000,60
req-00003113,86875000,86,60.000000,60
req-00003114,86891667,86,60.000000,60
req-00003115,86908333,86,60.000000,60
req-00003116,86925000,86,60.000000,60
req-00003117,86941667,86,60.000000,60
req-00003118,86958333,86,60.000000,60
req-00003119,86975000,86,60.000000,60
req-00003120,86991667,86,60.000000,60
req-00003121,87008333,87,60.000000,60
req-00003122,87025000,87,60.000000,60
req-00003123,87041667,87,60.000000,60
req-00003124,87058333,87,60.000000,60
req-00003125,87075000,87,60.000000,60
req-00003126,87091667,87,60.000000,60
req-00003127,87108333,87,60.000000,60
req-00003128,87125000,87,60.000000,60
req-00003129,87141667,87,60.000000,60
req-00003130,87158333,87,60.000000,60
req-00003131,87175000,87,60.000000,60
req-00003132,87191667,87,60.000000,60
req-00003133,87208333,87,60.000000,60
req-00003134,87225000,87,60.000000,60
req-00003135,87241667,87,60.000000,60
req-00003136,87258333,87,60.000000,60
req-00003137,87275000,87,60.000000,60
req-00003138,87291667,87,60.000000,60
req-00003139,87308333,87,60.000000,60
req-00003140,87325000,87,60.000000,60
req-00003141,87341667,87,60.000000,60
req-00003142,87358333,87,60.000000,60
req-00003143,87375000,87,60.000000,60
req-00003144,87391667,87,60.000000,60
req-00003145,87408333,87,60.000000,60
req-00003146,87425000,87,60.000000,60
req-00003147,87441667,87,60.000000,60
req-00003148,87458333,87,60.000000,60
req-00003149,87475000,87,60.000000,60
req-00003150,87491667,87,60.000000,60
req-00003151,87508333,87,60.000000,60
req-00003152,87525000,87,60.000000,60
req-00003153,87541667,87,60.000000,60
req-00003154,87558333,87,60.000000,60
req-00003155,87575000,87,60.000000,60
req-00003156,87591667,87,60.000000,60
req-00003157,87608333,87,60.000000,60
req-00003158,87625000,87,60.000000,60
req-00003159,87641667,87,60.000000,60
req-00003160,87658333,87,60.000000,60
req-00003161,87675000,87,60.000000,60
req-00003162,87691667,87,60.000000,60
req-00003163,87708333,87,60.000000,60
req-00003164,87725000,87,60.000000,60
req-00003165,87741667,87,60.000000,60
req-00003166,87758333,87,60.000000,60
req-00003167,87775000,87,60.000000,60
req-00003168,87791667,87,60.000000,60
req-00003169,87808333,87,60.000000,60
req-00003170,87825000,87,60.000000,60
req-00003171,87841667,87,60.000000,60
req-00003172,87858333,87,60.000000,60
req-00003173,87875000,87,60.000000,60
req-00003174,87891667,87,60.000000,60
req-00003175,87908333,87,60.000000,60
req-00003176,87925000,87,60.000000,60
req-00003177,87941667,87,60.000000,60
req-00003178,87958333,87,60.000000,60
req-00003179,87975000,87,60.000000,60
req-00003180,87991667,87,60.000000,60
req-00003181,88008333,88,60.000000,60
req-00003182,88025000,88,60.000000,60
req-00003183,88041667,88,60.000000,60
req-00003184,88058333,88,60.000000,60
req-00003185,88075000,88,60.000000,60
req-00003186,88091667,88,60.000000,60
req-00003187,88108333,88,60.000000,60
req-00003188,88125000,88,60.000000,60
req-00003189,88141667,88,60.000000,60
req-00003190,88158333,88,60.000000,60
req-00003191,88175000,88,60.000000,60
req-00003192,88191667,88,60.000000,60
req-00003193,88208333,88,60.000000,60
req-00003194,88225000,88,60.000000,60
req-00003195,88241667,88,60.000000,60
req-00003196,88258333,88,60.000000,60
req-00003197,88275000,88,60.000000,60
req-00003198,88291667,88,60.000000,60
req-00003199,88308333,88,60.000000,60
req-00003200,88325000,88,60.000000,60
req-00003201,88341667,88,60.000000,60
req-00003202,88358333,88,60.000000,60
req-00003203,88375000,88,60.000000,60
req-00003204,88391667,88,60.000000,60
req-00003205,88408333,88,60.000000,60
req-00003206,88425000,88,60.000000,60
req-00003207,88441667,88,60.000000,60
req-00003208,88458333,88,60.000000,60
req-00003209,88475000,88,60.000000,60
req-00003210,88491667,88,60.000000,60
req-00003211,88508333,88,60.000000,60
req-00003212,88525000,88,60.000000,60
req-00003213,88541667,88,60.000000,60
req-00003214,88558333,88,60.000000,60
req-00003215,88575000,88,60.000000,60
req-00003216,88591667,88,60.000000,60
req-00003217,88608333,88,60.000000,60
req-00003218,88625000,88,60.000000,60
req-00003219,88641667,88,60.000000,60
req-00003220,88658333,88,60.000000,60
req-00003221,88675000,88,60.000000,60
req-00003222,88691667,88,60.000000,60
req-00003223,88708333,88,60.000000,60
req-00003224,88725000,88,60.000000,60
req-00003225,88741667,88,60.000000,60
req-00003226,88758333,88,60.000000,60
req-00003227,88775000,88,60.000000,60
req-00003228,88791667,88,60.000000,60
req-00003229,88808333,88,60.000000,60
req-00003230,88825000,88,60.000000,60
req-00003231,88841667,88,60.000000,60
req-00003232,88858333,88,60.000000,60
req-00003233,88875000,88,60.000000,60
req-00003234,88891667,88,60.000000,60
req-00003235,88908333,88,60.000000,60
req-00003236,88925000,88,60.000000,60
req-00003237,88941667,88,60.000000,60
req-00003238,88958333,88,60.000000,60
req-00003239,88975000,88,60.000000,60
req-00003240,88991667,88,60.000000,60
req-00003241,89008333,89,60.000000,60
req-00003242,89025000,89,60.000000,60
req-00003243,89041667,89,60.000000,60
req-00003244,89058333,89,60.000000,60
req-00003245,89075000,89,60.000000,60
req-00003246,89091667,89,60.000000,60
req-00003247,89108333,89,60.000000,60
req-00003248,89125000,89,60.000000,60
req-00003249,89141667,89,60.000000,60
req-00003250,89158333,89,60.000000,60
req-00003251,89175000,89,60.000000,60
req-00003252,89191667,89,60.000000,60
req-00003253,89208333,89,60.000000,60
req-00003254,89225000,89,60.000000,60
req-00003255,89241667,89,60.000000,60
req-00003256,89258333,89,60.000000,60
req-00003257,89275000,89,60.000000,60
req-00003258,89291667,89,60.000000,60
req-00003259,89308333,89,60.000000,60
req-00003260,89325000,89,60.000000,60
req-00003261,89341667,89,60.000000,60
req-00003262,89358333,89,60.000000,60
req-00003263,89375000,89,60.000000,60
req-00003264,89391667,89,60.000000,60
req-00003265,89408333,89,60.000000,60
req-00003266,89425000,89,60.000000,60
req-00003267,89441667,89,60.000000,60
req-00003268,89458333,89,60.000000,60
req-00003269,89475000,89,60.000000,60
req-00003270,89491667,89,60.000000,60
req-00003271,89508333,89,60.000000,60
req-00003272,89525000,89,60.000000,60
req-00003273,89541667,89,60.000000,60
req-00003274,89558333,89,60.000000,60
req-00003275,89575000,89,60.000000,60
req-00003276,89591667,89,60.000000,60
req-00003277,89608333,89,60.000000,60
req-00003278,89625000,89,60.000000,60
req-00003279,89641667,89,60.000000,60
req-00003280,89658333,89,60.000000,60
req-00003281,89675000,89,60.000000,60
req-00003282,89691667,89,60.000000,60
req-00003283,89708333,89,60.000000,60
req-00003284,89725000,89,60.000000,60
req-00003285,89741667,89,60.000000,60
req-00003286,89758333,89,60.000000,60
req-00003287,89775000,89,60.000000,60
req-00003288,89791667,89,60.000000,60
req-00003289,89808333,89,60.000000,60
req-00003290,89825000,89,60.000000,60
req-00003291,89841667,89,60.000000,60
req-00003292,89858333,89,60.000000,60
req-00003293,89875000,89,60.000000,60
req-00003294,89891667,89,60.000000,60
req-00003295,89908333,89,60.000000,60
req-00003296,89925000,89,60.000000,60
req-00003297,89941667,89,60.000000,60
req-00003298,89958333,89,60.000000,60
req-00003299,89975000,89,60.000000,60
req-00003300,89991667,89,60.000000,60
req-00003301,90020000,90,25.000000,25
req-00003302,90060000,90,25.000000,25
req-00003303,90100000,90,25.000000,25
req-00003304,90140000,90,25.000000,25
req-00003305,90180000,90,25.000000,25
req-00003306,90220000,90,25.000000,25
req-00003307,90260000,90,25.000000,25
req-00003308,90300000,90,25.000000,25
req-00003309,90340000,90,25.000000,25
req-00003310,90380000,90,25.000000,25
req-00003311,90420000,90,25.000000,25
req-00003312,90460000,90,25.000000,25
req-00003313,90500000,90,25.000000,25
req-00003314,90540000,90,25.000000,25
req-00003315,90580000,90,25.000000,25
req-00003316,90620000,90,25.000000,25
req-00003317,90660000,90,25.000000,25
req-00003318,90700000,90,25.000000,25
req-00003319,90740000,90,25.000000,25
req-00003320,90780000,90,25.000000,25
req-00003321,90820000,90,25.000000,25
req-00003322,90860000,90,25.000000,25
req-00003323,90900000,90,25.000000,25
req-00003324,90940000,90,25.000000,25
req-00003325,90980000,90,25.000000,25
req-00003326,91020000,91,25.000000,25
req-00003327,91060000,91,25.000000,25
req-00003328,91100000,91,25.000000,25
req-00003329,91140000,91,25.000000,25
req-00003330,91180000,91,25.000000,25
req-00003331,91220000,91,25.000000,25
req-00003332,91260000,91,25.000000,25
req-00003333,91300000,91,25.000000,25
req-00003334,91340000,91,25.000000,25
req-00003335,91380000,91,25.000000,25
req-00003336,91420000,91,25.000000,25
req-00003337,91460000,91,25.000000,25
req-00003338,91500000,91,25.000000,25
req-00003339,91540000,91,25.000000,25
req-00003340,91580000,91,25.000000,25
req-00003341,91620000,91,25.000000,25
req-00003342,91660000,91,25.000000,25
req-00003343,91700000,91,25.000000,25
req-00003344,91740000,91,25.000000,25
req-00003345,91780000,91,25.000000,25
req-00003346,91820000,91,25.000000,25
req-00003347,91860000,91,25.000000,25
req-00003348,91900000,91,25.000000,25
req-00003349,91940000,91,25.000000,25
req-00003350,91980000,91,25.000000,25
req-00003351,92020000,92,25.000000,25
req-00003352,92060000,92,25.000000,25
req-00003353,92100000,92,25.000000,25
req-00003354,92140000,92,25.000000,25
req-00003355,92180000,92,25.000000,25
req-00003356,92220000,92,25.000000,25
req-00003357,92260000,92,25.000000,25
req-00003358,92300000,92,25.000000,25
req-00003359,92340000,92,25.000000,25
req-00003360,92380000,92,25.000000,25
req-00003361,92420000,92,25.000000,25
req-00003362,92460000,92,25.000000,25
req-00003363,92500000,92,25.000000,25
req-00003364,92540000,92,25.000000,25
req-00003365,92580000,92,25.000000,25
req-00003366,92620000,92,25.000000,25
req-00003367,92660000,92,25.000000,25
req-00003368,92700000,92,25.000000,25
req-00003369,92740000,92,25.000000,25
req-00003370,92780000,92,25.000000,25
req-00003371,92820000,92,25.000000,25
req-00003372,92860000,92,25.000000,25
req-00003373,92900000,92,25.000000,25
req-00003374,92940000,92,25.000000,25
req-00003375,92980000,92,25.000000,25
req-00003376,93020000,93,25.000000,25
req-00003377,93060000,93,25.000000,25
req-00003378,93100000,93,25.000000,25
req-00003379,93140000,93,25.000000,25
req-00003380,93180000,93,25.000000,25
req-00003381,93220000,93,25.000000,25
req-00003382,93260000,93,25.000000,25
req-00003383,93300000,93,25.000000,25
req-00003384,93340000,93,25.000000,25
req-00003385,93380000,93,25.000000,25
req-00003386,93420000,93,25.000000,25
req-00003387,93460000,93,25.000000,25
req-00003388,93500000,93,25.000000,25
req-00003389,93540000,93,25.000000,25
req-00003390,93580000,93,25.000000,25
req-00003391,93620000,93,25.000000,25
req-00003392,93660000,93,25.000000,25
req-00003393,93700000,93,25.000000,25
req-00003394,93740000,93,25.000000,25
req-00003395,93780000,93,25.000000,25
req-00003396,93820000,93,25.000000,25
req-00003397,93860000,93,25.000000,25
req-00003398,93900000,93,25.000000,25
req-00003399,93940000,93,25.000000,25
req-00003400,93980000,93,25.000000,25
req-00003401,94020000,94,25.000000,25
req-00003402,94060000,94,25.000000,25
req-00003403,94100000,94,25.000000,25
req-00003404,94140000,94,25.000000,25
req-00003405,94180000,94,25.000000,25
req-00003406,94220000,94,25.000000,25
req-00003407,94260000,94,25.000000,25
req-00003408,94300000,94,25.000000,25
req-00003409,94340000,94,25.000000,25
req-00003410,94380000,94,25.000000,25
req-00003411,94420000,94,25.000000,25
req-00003412,94460000,94,25.000000,25
req-00003413,94500000,94,25.000000,25
req-00003414,94540000,94,25.000000,25
req-00003415,94580000,94,25.000000,25
req-00003416,94620000,94,25.000000,25
req-00003417,94660000,94,25.000000,25
req-00003418,94700000,94,25.000000,25
req-00003419,94740000,94,25.000000,25
req-00003420,94780000,94,25.000000,25
req-00003421,94820000,94,25.000000,25
req-00003422,94860000,94,25.000000,25
req-00003423,94900000,94,25.000000,25
req-00003424,94940000,94,25.000000,25
req-00003425,94980000,94,25.000000,25
req-00003426,95020000,95,25.000000,25
req-00003427,95060000,95,25.000000,25
req-00003428,95100000,95,25.000000,25
req-00003429,95140000,95,25.000000,25
req-00003430,95180000,95,25.000000,25
req-00003431,95220000,95,25.000000,25
req-00003432,95260000,95,25.000000,25
req-00003433,95300000,95,25.000000,25
req-00003434,95340000,95,25.000000,25
req-00003435,95380000,95,25.000000,25
req-00003436,95420000,95,25.000000,25
req-00003437,95460000,95,25.000000,25
req-00003438,95500000,95,25.000000,25
req-00003439,95540000,95,25.000000,25
req-00003440,95580000,95,25.000000,25
req-00003441,95620000,95,25.000000,25
req-00003442,95660000,95,25.000000,25
req-00003443,95700000,95,25.000000,25
req-00003444,95740000,95,25.000000,25
req-00003445,95780000,95,25.000000,25
req-00003446,95820000,95,25.000000,25
req-00003447,95860000,95,25.000000,25
req-00003448,95900000,95,25.000000,25
req-00003449,95940000,95,25.000000,25
req-00003450,95980000,95,25.000000,25
req-00003451,96020000,96,25.000000,25
req-00003452,96060000,96,25.000000,25
req-00003453,96100000,96,25.000000,25
req-00003454,96140000,96,25.000000,25
req-00003455,96180000,96,25.000000,25
req-00003456,96220000,96,25.000000,25
req-00003457,96260000,96,25.000000,25
req-00003458,96300000,96,25.000000,25
req-00003459,96340000,96,25.000000,25
req-00003460,96380000,96,25.000000,25
req-00003461,96420000,96,25.000000,25
req-00003462,96460000,96,25.000000,25
req-00003463,96500000,96,25.000000,25
req-00003464,96540000,96,25.000000,25
req-00003465,96580000,96,25.000000,25
req-00003466,96620000,96,25.000000,25
req-00003467,96660000,96,25.000000,25
req-00003468,96700000,96,25.000000,25
req-00003469,96740000,96,25.000000,25
req-00003470,96780000,96,25.000000,25
req-00003471,96820000,96,25.000000,25
req-00003472,96860000,96,25.000000,25
req-00003473,96900000,96,25.000000,25
req-00003474,96940000,96,25.000000,25
req-00003475,96980000,96,25.000000,25
req-00003476,97020000,97,25.000000,25
req-00003477,97060000,97,25.000000,25
req-00003478,97100000,97,25.000000,25
req-00003479,97140000,97,25.000000,25
req-00003480,97180000,97,25.000000,25
req-00003481,97220000,97,25.000000,25
req-00003482,97260000,97,25.000000,25
req-00003483,97300000,97,25.000000,25
req-00003484,97340000,97,25.000000,25
req-00003485,97380000,97,25.000000,25
req-00003486,97420000,97,25.000000,25
req-00003487,97460000,97,25.000000,25
req-00003488,97500000,97,25.000000,25
req-00003489,97540000,97,25.000000,25
req-00003490,97580000,97,25.000000,25
req-00003491,97620000,97,25.000000,25
req-00003492,97660000,97,25.000000,25
req-00003493,97700000,97,25.000000,25
req-00003494,97740000,97,25.000000,25
req-00003495,97780000,97,25.000000,25
req-00003496,97820000,97,25.000000,25
req-00003497,97860000,97,25.000000,25
req-00003498,97900000,97,25.000000,25
req-00003499,97940000,97,25.000000,25
req-00003500,97980000,97,25.000000,25
req-00003501,98020000,98,25.000000,25
req-00003502,98060000,98,25.000000,25
req-00003503,98100000,98,25.000000,25
req-00003504,98140000,98,25.000000,25
req-00003505,98180000,98,25.000000,25
req-00003506,98220000,98,25.000000,25
req-00003507,98260000,98,25.000000,25
req-00003508,98300000,98,25.000000,25
req-00003509,98340000,98,25.000000,25
req-00003510,98380000,98,25.000000,25
req-00003511,98420000,98,25.000000,25
req-00003512,98460000,98,25.000000,25
req-00003513,98500000,98,25.000000,25
req-00003514,98540000,98,25.000000,25
req-00003515,98580000,98,25.000000,25
req-00003516,98620000,98,25.000000,25
req-00003517,98660000,98,25.000000,25
req-00003518,98700000,98,25.000000,25
req-00003519,98740000,98,25.000000,25
req-00003520,98780000,98,25.000000,25
req-00003521,98820000,98,25.000000,25
req-00003522,98860000,98,25.000000,25
req-00003523,98900000,98,25.000000,25
req-00003524,98940000,98,25.000000,25
req-00003525,98980000,98,25.000000,25
req-00003526,99020000,99,25.000000,25
req-00003527,99060000,99,25.000000,25
req-00003528,99100000,99,25.000000,25
req-00003529,99140000,99,25.000000,25
req-00003530,99180000,99,25.000000,25
req-00003531,99220000,99,25.000000,25
req-00003532,99260000,99,25.000000,25
req-00003533,99300000,99,25.000000,25
req-00003534,99340000,99,25.000000,25
req-00003535,99380000,99,25.000000,25
req-00003536,99420000,99,25.000000,25
req-00003537,99460000,99,25.000000,25
req-00003538,99500000,99,25.000000,25
req-00003539,99540000,99,25.000000,25
req-00003540,99580000,99,25.000000,25
req-00003541,99620000,99,25.000000,25
req-00003542,99660000,99,25.000000,25
req-00003543,99700000,99,25.000000,25
req-00003544,99740000,99,25.000000,25
req-00003545,99780000,99,25.000000,25
req-00003546,99820000,99,25.000000,25
req-00003547,99860000,99,25.000000,25
req-00003548,99900000,99,25.000000,25
req-00003549,99940000,99,25.000000,25
req-00003550,99980000,99,25.000000,25
req-00003551,100020000,100,25.000000,25
req-00003552,100060000,100,25.000000,25
req-00003553,100100000,100,25.000000,25
req-00003554,100140000,100,25.000000,25
req-00003555,100180000,100,25.000000,25
req-00003556,100220000,100,25.000000,25
req-00003557,100260000,100,25.000000,25
req-00003558,100300000,100,25.000000,25
req-00003559,100340000,100,25.000000,25
req-00003560,100380000,100,25.000000,25
req-00003561,100420000,100,25.000000,25
req-00003562,100460000,100,25.000000,25
req-00003563,100500000,100,25.000000,25
req-00003564,100540000,100,25.000000,25
req-00003565,100580000,100,25.000000,25
req-00003566,100620000,100,25.000000,25
req-00003567,100660000,100,25.000000,25
req-00003568,100700000,100,25.000000,25
req-00003569,100740000,100,25.000000,25
req-00003570,100780000,100,25.000000,25
req-00003571,100820000,100,25.000000,25
req-00003572,100860000,100,25.000000,25
req-00003573,100900000,100,25.000000,25
req-00003574,100940000,100,25.000000,25
req-00003575,100980000,100,25.000000,25
req-00003576,101020000,101,25.000000,25
req-00003577,101060000,101,25.000000,25
req-00003578,101100000,101,25.000000,25
req-00003579,101140000,101,25.000000,25
req-00003580,101180000,101,25.000000,25
req-00003581,101220000,101,25.000000,25
req-00003582,101260000,101,25.000000,25
req-00003583,101300000,101,25.000000,25
req-00003584,101340000,101,25.000000,25
req-00003585,101380000,101,25.000000,25
req-00003586,101420000,101,25.000000,25
req-00003587,101460000,101,25.000000,25
req-00003588,101500000,101,25.000000,25
req-00003589,101540000,101,25.000000,25
req-00003590,101580000,101,25.000000,25
req-00003591,101620000,101,25.000000,25
req-00003592,101660000,101,25.000000,25
req-00003593,101700000,101,25.000000,25
req-00003594,101740000,101,25.000000,25
req-00003595,101780000,101,25.000000,25
req-00003596,101820000,101,25.000000,25
req-00003597,101860000,101,25.000000,25
req-00003598,101900000,101,25.000000,25
req-00003599,101940000,101,25.000000,25
req-00003600,101980000,101,25.000000,25
req-00003601,102020000,102,25.000000,25
req-00003602,102060000,102,25.000000,25
req-00003603,102100000,102,25.000000,25
req-00003604,102140000,102,25.000000,25
req-00003605,102180000,102,25.000000,25
req-00003606,102220000,102,25.000000,25
req-00003607,102260000,102,25.000000,25
req-00003608,102300000,102,25.000000,25
req-00003609,102340000,102,25.000000,25
req-00003610,102380000,102,25.000000,25
req-00003611,102420000,102,25.000000,25
req-00003612,102460000,102,25.000000,25
req-00003613,102500000,102,25.000000,25
req-00003614,102540000,102,25.000000,25
req-00003615,102580000,102,25.000000,25
req-00003616,102620000,102,25.000000,25
req-00003617,102660000,102,25.000000,25
req-00003618,102700000,102,25.000000,25
req-00003619,102740000,102,25.000000,25
req-00003620,102780000,102,25.000000,25
req-00003621,102820000,102,25.000000,25
req-00003622,102860000,102,25.000000,25
req-00003623,102900000,102,25.000000,25
req-00003624,102940000,102,25.000000,25
req-00003625,102980000,102,25.000000,25
req-00003626,103020000,103,25.000000,25
req-00003627,103060000,103,25.000000,25
req-00003628,103100000,103,25.000000,25
req-00003629,103140000,103,25.000000,25
req-00003630,103180000,103,25.000000,25
req-00003631,103220000,103,25.000000,25
req-00003632,103260000,103,25.000000,25
req-00003633,103300000,103,25.000000,25
req-00003634,103340000,103,25.000000,25
req-00003635,103380000,103,25.000000,25
req-00003636,103420000,103,25.000000,25
req-00003637,103460000,103,25.000000,25
req-00003638,103500000,103,25.000000,25
req-00003639,103540000,103,25.000000,25
req-00003640,103580000,103,25.000000,25
req-00003641,103620000,103,25.000000,25
req-00003642,103660000,103,25.000000,25
req-00003643,103700000,103,25.000000,25
req-00003644,103740000,103,25.000000,25
req-00003645,103780000,103,25.000000,25
req-00003646,103820000,103,25.000000,25
req-00003647,103860000,103,25.000000,25
req-00003648,103900000,103,25.000000,25
req-00003649,103940000,103,25.000000,25
req-00003650,103980000,103,25.000000,25
req-00003651,104020000,104,25.000000,25
req-00003652,104060000,104,25.000000,25
req-00003653,104100000,104,25.000000,25
req-00003654,104140000,104,25.000000,25
req-00003655,104180000,104,25.000000,25
req-00003656,104220000,104,25.000000,25
req-00003657,104260000,104,25.000000,25
req-00003658,104300000,104,25.000000,25
req-00003659,104340000,104,25.000000,25
req-00003660,104380000,104,25.000000,25
req-00003661,104420000,104,25.000000,25
req-00003662,104460000,104,25.000000,25
req-00003663,104500000,104,25.000000,25
req-00003664,104540000,104,25.000000,25
req-00003665,104580000,104,25.000000,25
req-00003666,104620000,104,25.000000,25
req-00003667,104660000,104,25.000000,25
req-00003668,104700000,104,25.000000,25
req-00003669,104740000,104,25.000000,25
req-00003670,104780000,104,25.000000,25
req-00003671,104820000,104,25.000000,25
req-00003672,104860000,104,25.000000,25
req-00003673,104900000,104,25.000000,25
req-00003674,104940000,104,25.000000,25
req-00003675,104980000,104,25.000000,25
req-00003676,105020000,105,25.000000,25
req-00003677,105060000,105,25.000000,25
req-00003678,105100000,105,25.000000,25
req-00003679,105140000,105,25.000000,25
req-00003680,105180000,105,25.000000,25
req-00003681,105220000,105,25.000000,25
req-00003682,105260000,105,25.000000,25
req-00003683,105300000,105,25.000000,25
req-00003684,105340000,105,25.000000,25
req-00003685,105380000,105,25.000000,25
req-00003686,105420000,105,25.000000,25
req-00003687,105460000,105,25.000000,25
req-00003688,105500000,105,25.000000,25
req-00003689,105540000,105,25.000000,25
req-00003690,105580000,105,25.000000,25
req-00003691,105620000,105,25.000000,25
req-00003692,105660000,105,25.000000,25
req-00003693,105700000,105,25.000000,25
req-00003694,105740000,105,25.000000,25
req-00003695,105780000,105,25.000000,25
req-00003696,105820000,105,25.000000,25
req-00003697,105860000,105,25.000000,25
req-00003698,105900000,105,25.000000,25
req-00003699,105940000,105,25.000000,25
req-00003700,105980000,105,25.000000,25
req-00003701,106020000,106,25.000000,25
req-00003702,106060000,106,25.000000,25
req-00003703,106100000,106,25.000000,25
req-00003704,106140000,106,25.000000,25
req-00003705,106180000,106,25.000000,25
req-00003706,106220000,106,25.000000,25
req-00003707,106260000,106,25.000000,25
req-00003708,106300000,106,25.000000,25
req-00003709,106340000,106,25.000000,25
req-00003710,106380000,106,25.000000,25
req-00003711,106420000,106,25.000000,25
req-00003712,106460000,106,25.000000,25
req-00003713,106500000,106,25.000000,25
req-00003714,106540000,106,25.000000,25
req-00003715,106580000,106,25.000000,25
req-00003716,106620000,106,25.000000,25
req-00003717,106660000,106,25.000000,25
req-00003718,106700000,106,25.000000,25
req-00003719,106740000,106,25.000000,25
req-00003720,106780000,106,25.000000,25
req-00003721,106820000,106,25.000000,25
req-00003722,106860000,106,25.000000,25
req-00003723,106900000,106,25.000000,25
req-00003724,106940000,106,25.000000,25
req-00003725,106980000,106,25.000000,25
req-00003726,107020000,107,25.000000,25
req-00003727,107060000,107,25.000000,25
req-00003728,107100000,107,25.000000,25
req-00003729,107140000,107,25.000000,25
req-00003730,107180000,107,25.000000,25
req-00003731,107220000,107,25.000000,25
req-00003732,107260000,107,25.000000,25
req-00003733,107300000,107,25.000000,25
req-00003734,107340000,107,25.000000,25
req-00003735,107380000,107,25.000000,25
req-00003736,107420000,107,25.000000,25
req-00003737,107460000,107,25.000000,25
req-00003738,107500000,107,25.000000,25
req-00003739,107540000,107,25.000000,25
req-00003740,107580000,107,25.000000,25
req-00003741,107620000,107,25.000000,25
req-00003742,107660000,107,25.000000,25
req-00003743,107700000,107,25.000000,25
req-00003744,107740000,107,25.000000,25
req-00003745,107780000,107,25.000000,25
req-00003746,107820000,107,25.000000,25
req-00003747,107860000,107,25.000000,25
req-00003748,107900000,107,25.000000,25
req-00003749,107940000,107,25.000000,25
req-00003750,107980000,107,25.000000,25
req-00003751,108020000,108,25.000000,25
req-00003752,108060000,108,25.000000,25
req-00003753,108100000,108,25.000000,25
req-00003754,108140000,108,25.000000,25
req-00003755,108180000,108,25.000000,25
req-00003756,108220000,108,25.000000,25
req-00003757,108260000,108,25.000000,25
req-00003758,108300000,108,25.000000,25
req-00003759,108340000,108,25.000000,25
req-00003760,108380000,108,25.000000,25
req-00003761,108420000,108,25.000000,25
req-00003762,108460000,108,25.000000,25
req-00003763,108500000,108,25.000000,25
req-00003764,108540000,108,25.000000,25
req-00003765,108580000,108,25.000000,25
req-00003766,108620000,108,25.000000,25
req-00003767,108660000,108,25.000000,25
req-00003768,108700000,108,25.000000,25
req-00003769,108740000,108,25.000000,25
req-00003770,108780000,108,25.000000,25
req-00003771,108820000,108,25.000000,25
req-00003772,108860000,108,25.000000,25
req-00003773,108900000,108,25.000000,25
req-00003774,108940000,108,25.000000,25
req-00003775,108980000,108,25.000000,25
req-00003776,109020000,109,25.000000,25
req-00003777,109060000,109,25.000000,25
req-00003778,109100000,109,25.000000,25
req-00003779,109140000,109,25.000000,25
req-00003780,109180000,109,25.000000,25
req-00003781,109220000,109,25.000000,25
req-00003782,109260000,109,25.000000,25
req-00003783,109300000,109,25.000000,25
req-00003784,109340000,109,25.000000,25
req-00003785,109380000,109,25.000000,25
req-00003786,109420000,109,25.000000,25
req-00003787,109460000,109,25.000000,25
req-00003788,109500000,109,25.000000,25
req-00003789,109540000,109,25.000000,25
req-00003790,109580000,109,25.000000,25
req-00003791,109620000,109,25.000000,25
req-00003792,109660000,109,25.000000,25
req-00003793,109700000,109,25.000000,25
req-00003794,109740000,109,25.000000,25
req-00003795,109780000,109,25.000000,25
req-00003796,109820000,109,25.000000,25
req-00003797,109860000,109,25.000000,25
req-00003798,109900000,109,25.000000,25
req-00003799,109940000,109,25.000000,25
req-00003800,109980000,109,25.000000,25
req-00003801,110020000,110,25.000000,25
req-00003802,110060000,110,25.000000,25
req-00003803,110100000,110,25.000000,25
req-00003804,110140000,110,25.000000,25
req-00003805,110180000,110,25.000000,25
req-00003806,110220000,110,25.000000,25
req-00003807,110260000,110,25.000000,25
req-00003808,110300000,110,25.000000,25
req-00003809,110340000,110,25.000000,25
req-00003810,110380000,110,25.000000,25
req-00003811,110420000,110,25.000000,25
req-00003812,110460000,110,25.000000,25
req-00003813,110500000,110,25.000000,25
req-00003814,110540000,110,25.000000,25
req-00003815,110580000,110,25.000000,25
req-00003816,110620000,110,25.000000,25
req-00003817,110660000,110,25.000000,25
req-00003818,110700000,110,25.000000,25
req-00003819,110740000,110,25.000000,25
req-00003820,110780000,110,25.000000,25
req-00003821,110820000,110,25.000000,25
req-00003822,110860000,110,25.000000,25
req-00003823,110900000,110,25.000000,25
req-00003824,110940000,110,25.000000,25
req-00003825,110980000,110,25.000000,25
req-00003826,111020000,111,25.000000,25
req-00003827,111060000,111,25.000000,25
req-00003828,111100000,111,25.000000,25
req-00003829,111140000,111,25.000000,25
req-00003830,111180000,111,25.000000,25
req-00003831,111220000,111,25.000000,25
req-00003832,111260000,111,25.000000,25
req-00003833,111300000,111,25.000000,25
req-00003834,111340000,111,25.000000,25
req-00003835,111380000,111,25.000000,25
req-00003836,111420000,111,25.000000,25
req-00003837,111460000,111,25.000000,25
req-00003838,111500000,111,25.000000,25
req-00003839,111540000,111,25.000000,25
req-00003840,111580000,111,25.000000,25
req-00003841,111620000,111,25.000000,25
req-00003842,111660000,111,25.000000,25
req-00003843,111700000,111,25.000000,25
req-00003844,111740000,111,25.000000,25
req-00003845,111780000,111,25.000000,25
req-00003846,111820000,111,25.000000,25
req-00003847,111860000,111,25.000000,25
req-00003848,111900000,111,25.000000,25
req-00003849,111940000,111,25.000000,25
req-00003850,111980000,111,25.000000,25
req-00003851,112020000,112,25.000000,25
req-00003852,112060000,112,25.000000,25
req-00003853,112100000,112,25.000000,25
req-00003854,112140000,112,25.000000,25
req-00003855,112180000,112,25.000000,25
req-00003856,112220000,112,25.000000,25
req-00003857,112260000,112,25.000000,25
req-00003858,112300000,112,25.000000,25
req-00003859,112340000,112,25.000000,25
req-00003860,112380000,112,25.000000,25
req-00003861,112420000,112,25.000000,25
req-00003862,112460000,112,25.000000,25
req-00003863,112500000,112,25.000000,25
req-00003864,112540000,112,25.000000,25
req-00003865,112580000,112,25.000000,25
req-00003866,112620000,112,25.000000,25
req-00003867,112660000,112,25.000000,25
req-00003868,112700000,112,25.000000,25
req-00003869,112740000,112,25.000000,25
req-00003870,112780000,112,25.000000,25
req-00003871,112820000,112,25.000000,25
req-00003872,112860000,112,25.000000,25
req-00003873,112900000,112,25.000000,25
req-00003874,112940000,112,25.000000,25
req-00003875,112980000,112,25.000000,25
req-00003876,113020000,113,25.000000,25
req-00003877,113060000,113,25.000000,25
req-00003878,113100000,113,25.000000,25
req-00003879,113140000,113,25.000000,25
req-00003880,113180000,113,25.000000,25
req-00003881,113220000,113,25.000000,25
req-00003882,113260000,113,25.000000,25
req-00003883,113300000,113,25.000000,25
req-00003884,113340000,113,25.000000,25
req-00003885,113380000,113,25.000000,25
req-00003886,113420000,113,25.000000,25
req-00003887,113460000,113,25.000000,25
req-00003888,113500000,113,25.000000,25
req-00003889,113540000,113,25.000000,25
req-00003890,113580000,113,25.000000,25
req-00003891,113620000,113,25.000000,25
req-00003892,113660000,113,25.000000,25
req-00003893,113700000,113,25.000000,25
req-00003894,113740000,113,25.000000,25
req-00003895,113780000,113,25.000000,25
req-00003896,113820000,113,25.000000,25
req-00003897,113860000,113,25.000000,25
req-00003898,113900000,113,25.000000,25
req-00003899,113940000,113,25.000000,25
req-00003900,113980000,113,25.000000,25
req-00003901,114020000,114,25.000000,25
req-00003902,114060000,114,25.000000,25
req-00003903,114100000,114,25.000000,25
req-00003904,114140000,114,25.000000,25
req-00003905,114180000,114,25.000000,25
req-00003906,114220000,114,25.000000,25
req-00003907,114260000,114,25.000000,25
req-00003908,114300000,114,25.000000,25
req-00003909,114340000,114,25.000000,25
req-00003910,114380000,114,25.000000,25
req-00003911,114420000,114,25.000000,25
req-00003912,114460000,114,25.000000,25
req-00003913,114500000,114,25.000000,25
req-00003914,114540000,114,25.000000,25
req-00003915,114580000,114,25.000000,25
req-00003916,114620000,114,25.000000,25
req-00003917,114660000,114,25.000000,25
req-00003918,114700000,114,25.000000,25
req-00003919,114740000,114,25.000000,25
req-00003920,114780000,114,25.000000,25
req-00003921,114820000,114,25.000000,25
req-00003922,114860000,114,25.000000,25
req-00003923,114900000,114,25.000000,25
req-00003924,114940000,114,25.000000,25
req-00003925,114980000,114,25.000000,25
req-00003926,115020000,115,25.000000,25
req-00003927,115060000,115,25.000000,25
req-00003928,115100000,115,25.000000,25
req-00003929,115140000,115,25.000000,25
req-00003930,115180000,115,25.000000,25
req-00003931,115220000,115,25.000000,25
req-00003932,115260000,115,25.000000,25
req-00003933,115300000,115,25.000000,25
req-00003934,115340000,115,25.000000,25
req-00003935,115380000,115,25.000000,25
req-00003936,115420000,115,25.000000,25
req-00003937,115460000,115,25.000000,25
req-00003938,115500000,115,25.000000,25
req-00003939,115540000,115,25.000000,25
req-00003940,115580000,115,25.000000,25
req-00003941,115620000,115,25.000000,25
req-00003942,115660000,115,25.000000,25
req-00003943,115700000,115,25.000000,25
req-00003944,115740000,115,25.000000,25
req-00003945,115780000,115,25.000000,25
req-00003946,115820000,115,25.000000,25
req-00003947,115860000,115,25.000000,25
req-00003948,115900000,115,25.000000,25
req-00003949,115940000,115,25.000000,25
req-00003950,115980000,115,25.000000,25
req-00003951,116020000,116,25.000000,25
req-00003952,116060000,116,25.000000,25
req-00003953,116100000,116,25.000000,25
req-00003954,116140000,116,25.000000,25
req-00003955,116180000,116,25.000000,25
req-00003956,116220000,116,25.000000,25
req-00003957,116260000,116,25.000000,25
req-00003958,116300000,116,25.000000,25
req-00003959,116340000,116,25.000000,25
req-00003960,116380000,116,25.000000,25
req-00003961,116420000,116,25.000000,25
req-00003962,116460000,116,25.000000,25
req-00003963,116500000,116,25.000000,25
req-00003964,116540000,116,25.000000,25
req-00003965,116580000,116,25.000000,25
req-00003966,116620000,116,25.000000,25
req-00003967,116660000,116,25.000000,25
req-00003968,116700000,116,25.000000,25
req-00003969,116740000,116,25.000000,25
req-00003970,116780000,116,25.000000,25
req-00003971,116820000,116,25.000000,25
req-00003972,116860000,116,25.000000,25
req-00003973,116900000,116,25.000000,25
req-00003974,116940000,116,25.000000,25
req-00003975,116980000,116,25.000000,25
req-00003976,117020000,117,25.000000,25
req-00003977,117060000,117,25.000000,25
req-00003978,117100000,117,25.000000,25
req-00003979,117140000,117,25.000000,25
req-00003980,117180000,117,25.000000,25
req-00003981,117220000,117,25.000000,25
req-00003982,117260000,117,25.000000,25
req-00003983,117300000,117,25.000000,25
req-00003984,117340000,117,25.000000,25
req-00003985,117380000,117,25.000000,25
req-00003986,117420000,117,25.000000,25
req-00003987,117460000,117,25.000000,25
req-00003988,117500000,117,25.000000,25
req-00003989,117540000,117,25.000000,25
req-00003990,117580000,117,25.000000,25
req-00003991,117620000,117,25.000000,25
req-00003992,117660000,117,25.000000,25
req-00003993,117700000,117,25.000000,25
req-00003994,117740000,117,25.000000,25
req-00003995,117780000,117,25.000000,25
req-00003996,117820000,117,25.000000,25
req-00003997,117860000,117,25.000000,25
req-00003998,117900000,117,25.000000,25
req-00003999,117940000,117,25.000000,25
req-00004000,117980000,117,25.000000,25
req-00004001,118020000,118,25.000000,25
req-00004002,118060000,118,25.000000,25
req-00004003,118100000,118,25.000000,25
req-00004004,118140000,118,25.000000,25
req-00004005,118180000,118,25.000000,25
req-00004006,118220000,118,25.000000,25
req-00004007,118260000,118,25.000000,25
req-00004008,118300000,118,25.000000,25
req-00004009,118340000,118,25.000000,25
req-00004010,118380000,118,25.000000,25
req-00004011,118420000,118,25.000000,25
req-00004012,118460000,118,25.000000,25
req-00004013,118500000,118,25.000000,25
req-00004014,118540000,118,25.000000,25
req-00004015,118580000,118,25.000000,25
req-00004016,118620000,118,25.000000,25
req-00004017,118660000,118,25.000000,25
req-00004018,118700000,118,25.000000,25
req-00004019,118740000,118,25.000000,25
req-00004020,118780000,118,25.000000,25
req-00004021,118820000,118,25.000000,25
req-00004022,118860000,118,25.000000,25
req-00004023,118900000,118,25.000000,25
req-00004024,118940000,118,25.000000,25
req-00004025,118980000,118,25.000000,25
req-00004026,119020000,119,25.000000,25
req-00004027,119060000,119,25.000000,25
req-00004028,119100000,119,25.000000,25
req-00004029,119140000,119,25.000000,25
req-00004030,119180000,119,25.000000,25
req-00004031,119220000,119,25.000000,25
req-00004032,119260000,119,25.000000,25
req-00004033,119300000,119,25.000000,25
req-00004034,119340000,119,25.000000,25
req-00004035,119380000,119,25.000000,25
req-00004036,119420000,119,25.000000,25
req-00004037,119460000,119,25.000000,25
req-00004038,119500000,119,25.000000,25
req-00004039,119540000,119,25.000000,25
req-00004040,119580000,119,25.000000,25
req-00004041,119620000,119,25.000000,25
req-00004042,119660000,119,25.000000,25
req-00004043,119700000,119,25.000000,25
req-00004044,119740000,119,25.000000,25
req-00004045,119780000,119,25.000000,25
req-00004046,119820000,119,25.000000,25
req-00004047,119860000,119,25.000000,25
req-00004048,119900000,119,25.000000,25
req-00004049,119940000,119,25.000000,25
req-00004050,119980000,119,25.000000,25
req-00004051,120020000,120,25.000000,25
req-00004052,120060000,120,25.000000,25
req-00004053,120100000,120,25.000000,25
req-00004054,120140000,120,25.000000,25
req-00004055,120180000,120,25.000000,25
req-00004056,120220000,120,25.000000,25
req-00004057,120260000,120,25.000000,25
req-00004058,120300000,120,25.000000,25
req-00004059,120340000,120,25.000000,25
req-00004060,120380000,120,25.000000,25
req-00004061,120420000,120,25.000000,25
req-00004062,120460000,120,25.000000,25
req-00004063,120500000,120,25.000000,25
req-00004064,120540000,120,25.000000,25
req-00004065,120580000,120,25.000000,25
req-00004066,120620000,120,25.000000,25
req-00004067,120660000,120,25.000000,25
req-00004068,120700000,120,25.000000,25
req-00004069,120740000,120,25.000000,25
req-00004070,120780000,120,25.000000,25
req-00004071,120820000,120,25.000000,25
req-00004072,120860000,120,25.000000,25
req-00004073,120900000,120,25.000000,25
req-00004074,120940000,120,25.000000,25
req-00004075,120980000,120,25.000000,25
req-00004076,121020000,121,25.000000,25
req-00004077,121060000,121,25.000000,25
req-00004078,121100000,121,25.000000,25
req-00004079,121140000,121,25.000000,25
req-00004080,121180000,121,25.000000,25
req-00004081,121220000,121,25.000000,25
req-00004082,121260000,121,25.000000,25
req-00004083,121300000,121,25.000000,25
req-00004084,121340000,121,25.000000,25
req-00004085,121380000,121,25.000000,25
req-00004086,121420000,121,25.000000,25
req-00004087,121460000,121,25.000000,25
req-00004088,121500000,121,25.000000,25
req-00004089,121540000,121,25.000000,25
req-00004090,121580000,121,25.000000,25
req-00004091,121620000,121,25.000000,25
req-00004092,121660000,121,25.000000,25
req-00004093,121700000,121,25.000000,25
req-00004094,121740000,121,25.000000,25
req-00004095,121780000,121,25.000000,25
req-00004096,121820000,121,25.000000,25
req-00004097,121860000,121,25.000000,25
req-00004098,121900000,121,25.000000,25
req-00004099,121940000,121,25.000000,25
req-00004100,121980000,121,25.000000,25
req-00004101,122020000,122,25.000000,25
req-00004102,122060000,122,25.000000,25
req-00004103,122100000,122,25.000000,25
req-00004104,122140000,122,25.000000,25
req-00004105,122180000,122,25.000000,25
req-00004106,122220000,122,25.000000,25
req-00004107,122260000,122,25.000000,25
req-00004108,122300000,122,25.000000,25
req-00004109,122340000,122,25.000000,25
req-00004110,122380000,122,25.000000,25
req-00004111,122420000,122,25.000000,25
req-00004112,122460000,122,25.000000,25
req-00004113,122500000,122,25.000000,25
req-00004114,122540000,122,25.000000,25
req-00004115,122580000,122,25.000000,25
req-00004116,122620000,122,25.000000,25
req-00004117,122660000,122,25.000000,25
req-00004118,122700000,122,25.000000,25
req-00004119,122740000,122,25.000000,25
req-00004120,122780000,122,25.000000,25
req-00004121,122820000,122,25.000000,25
req-00004122,122860000,122,25.000000,25
req-00004123,122900000,122,25.000000,25
req-00004124,122940000,122,25.000000,25
req-00004125,122980000,122,25.000000,25
req-00004126,123020000,123,25.000000,25
req-00004127,123060000,123,25.000000,25
req-00004128,123100000,123,25.000000,25
req-00004129,123140000,123,25.000000,25
req-00004130,123180000,123,25.000000,25
req-00004131,123220000,123,25.000000,25
req-00004132,123260000,123,25.000000,25
req-00004133,123300000,123,25.000000,25
req-00004134,123340000,123,25.000000,25
req-00004135,123380000,123,25.000000,25
req-00004136,123420000,123,25.000000,25
req-00004137,123460000,123,25.000000,25
req-00004138,123500000,123,25.000000,25
req-00004139,123540000,123,25.000000,25
req-00004140,123580000,123,25.000000,25
req-00004141,123620000,123,25.000000,25
req-00004142,123660000,123,25.000000,25
req-00004143,123700000,123,25.000000,25
req-00004144,123740000,123,25.000000,25
req-00004145,123780000,123,25.000000,25
req-00004146,123820000,123,25.000000,25
req-00004147,123860000,123,25.000000,25
req-00004148,123900000,123,25.000000,25
req-00004149,123940000,123,25.000000,25
req-00004150,123980000,123,25.000000,25
req-00004151,124020000,124,25.000000,25
req-00004152,124060000,124,25.000000,25
req-00004153,124100000,124,25.000000,25
req-00004154,124140000,124,25.000000,25
req-00004155,124180000,124,25.000000,25
req-00004156,124220000,124,25.000000,25
req-00004157,124260000,124,25.000000,25
req-00004158,124300000,124,25.000000,25
req-00004159,124340000,124,25.000000,25
req-00004160,124380000,124,25.000000,25
req-00004161,124420000,124,25.000000,25
req-00004162,124460000,124,25.000000,25
req-00004163,124500000,124,25.000000,25
req-00004164,124540000,124,25.000000,25
req-00004165,124580000,124,25.000000,25
req-00004166,124620000,124,25.000000,25
req-00004167,124660000,124,25.000000,25
req-00004168,124700000,124,25.000000,25
req-00004169,124740000,124,25.000000,25
req-00004170,124780000,124,25.000000,25
req-00004171,124820000,124,25.000000,25
req-00004172,124860000,124,25.000000,25
req-00004173,124900000,124,25.000000,25
req-00004174,124940000,124,25.000000,25
req-00004175,124980000,124,25.000000,25
req-00004176,125020000,125,25.000000,25
req-00004177,125060000,125,25.000000,25
req-00004178,125100000,125,25.000000,25
req-00004179,125140000,125,25.000000,25
req-00004180,125180000,125,25.000000,25
req-00004181,125220000,125,25.000000,25
req-00004182,125260000,125,25.000000,25
req-00004183,125300000,125,25.000000,25
req-00004184,125340000,125,25.000000,25
req-00004185,125380000,125,25.000000,25
req-00004186,125420000,125,25.000000,25
req-00004187,125460000,125,25.000000,25
req-00004188,125500000,125,25.000000,25
req-00004189,125540000,125,25.000000,25
req-00004190,125580000,125,25.000000,25
req-00004191,125620000,125,25.000000,25
req-00004192,125660000,125,25.000000,25
req-00004193,125700000,125,25.000000,25
req-00004194,125740000,125,25.000000,25
req-00004195,125780000,125,25.000000,25
req-00004196,125820000,125,25.000000,25
req-00004197,125860000,125,25.000000,25
req-00004198,125900000,125,25.000000,25
req-00004199,125940000,125,25.000000,25
req-00004200,125980000,125,25.000000,25
req-00004201,126020000,126,25.000000,25
req-00004202,126060000,126,25.000000,25
req-00004203,126100000,126,25.000000,25
req-00004204,126140000,126,25.000000,25
req-00004205,126180000,126,25.000000,25
req-00004206,126220000,126,25.000000,25
req-00004207,126260000,126,25.000000,25
req-00004208,126300000,126,25.000000,25
req-00004209,126340000,126,25.000000,25
req-00004210,126380000,126,25.000000,25
req-00004211,126420000,126,25.000000,25
req-00004212,126460000,126,25.000000,25
req-00004213,126500000,126,25.000000,25
req-00004214,126540000,126,25.000000,25
req-00004215,126580000,126,25.000000,25
req-00004216,126620000,126,25.000000,25
req-00004217,126660000,126,25.000000,25
req-00004218,126700000,126,25.000000,25
req-00004219,126740000,126,25.000000,25
req-00004220,126780000,126,25.000000,25
req-00004221,126820000,126,25.000000,25
req-00004222,126860000,126,25.000000,25
req-00004223,126900000,126,25.000000,25
req-00004224,126940000,126,25.000000,25
req-00004225,126980000,126,25.000000,25
req-00004226,127020000,127,25.000000,25
req-00004227,127060000,127,25.000000,25
req-00004228,127100000,127,25.000000,25
req-00004229,127140000,127,25.000000,25
req-00004230,127180000,127,25.000000,25
req-00004231,127220000,127,25.000000,25
req-00004232,127260000,127,25.000000,25
req-00004233,127300000,127,25.000000,25
req-00004234,127340000,127,25.000000,25
req-00004235,127380000,127,25.000000,25
req-00004236,127420000,127,25.000000,25
req-00004237,127460000,127,25.000000,25
req-00004238,127500000,127,25.000000,25
req-00004239,127540000,127,25.000000,25
req-00004240,127580000,127,25.000000,25
req-00004241,127620000,127,25.000000,25
req-00004242,127660000,127,25.000000,25
req-00004243,127700000,127,25.000000,25
req-00004244,127740000,127,25.000000,25
req-00004245,127780000,127,25.000000,25
req-00004246,127820000,127,25.000000,25
req-00004247,127860000,127,25.000000,25
req-00004248,127900000,127,25.000000,25
req-00004249,127940000,127,25.000000,25
req-00004250,127980000,127,25.000000,25
req-00004251,128020000,128,25.000000,25
req-00004252,128060000,128,25.000000,25
req-00004253,128100000,128,25.000000,25
req-00004254,128140000,128,25.000000,25
req-00004255,128180000,128,25.000000,25
req-00004256,128220000,128,25.000000,25
req-00004257,128260000,128,25.000000,25
req-00004258,128300000,128,25.000000,25
req-00004259,128340000,128,25.000000,25
req-00004260,128380000,128,25.000000,25
req-00004261,128420000,128,25.000000,25
req-00004262,128460000,128,25.000000,25
req-00004263,128500000,128,25.000000,25
req-00004264,128540000,128,25.000000,25
req-00004265,128580000,128,25.000000,25
req-00004266,128620000,128,25.000000,25
req-00004267,128660000,128,25.000000,25
req-00004268,128700000,128,25.000000,25
req-00004269,128740000,128,25.000000,25
req-00004270,128780000,128,25.000000,25
req-00004271,128820000,128,25.000000,25
req-00004272,128860000,128,25.000000,25
req-00004273,128900000,128,25.000000,25
req-00004274,128940000,128,25.000000,25
req-00004275,128980000,128,25.000000,25
req-00004276,129020000,129,25.000000,25
req-00004277,129060000,129,25.000000,25
req-00004278,129100000,129,25.000000,25
req-00004279,129140000,129,25.000000,25
req-00004280,129180000,129,25.000000,25
req-00004281,129220000,129,25.000000,25
req-00004282,129260000,129,25.000000,25
req-00004283,129300000,129,25.000000,25
req-00004284,129340000,129,25.000000,25
req-00004285,129380000,129,25.000000,25
req-00004286,129420000,129,25.000000,25
req-00004287,129460000,129,25.000000,25
req-00004288,129500000,129,25.000000,25
req-00004289,129540000,129,25.000000,25
req-00004290,129580000,129,25.000000,25
req-00004291,129620000,129,25.000000,25
req-00004292,129660000,129,25.000000,25
req-00004293,129700000,129,25.000000,25
req-00004294,129740000,129,25.000000,25
req-00004295,129780000,129,25.000000,25
req-00004296,129820000,129,25.000000,25
req-00004297,129860000,129,25.000000,25
req-00004298,129900000,129,25.000000,25
req-00004299,129940000,129,25.000000,25
req-00004300,129980000,129,25.000000,25
req-00004301,130020000,130,25.000000,25
req-00004302,130060000,130,25.000000,25
req-00004303,130100000,130,25.000000,25
req-00004304,130140000,130,25.000000,25
req-00004305,130180000,130,25.000000,25
req-00004306,130220000,130,25.000000,25
req-00004307,130260000,130,25.000000,25
req-00004308,130300000,130,25.000000,25
req-00004309,130340000,130,25.000000,25
req-00004310,130380000,130,25.000000,25
req-00004311,130420000,130,25.000000,25
req-00004312,130460000,130,25.000000,25
req-00004313,130500000,130,25.000000,25
req-00004314,130540000,130,25.000000,25
req-00004315,130580000,130,25.000000,25
req-00004316,130620000,130,25.000000,25
req-00004317,130660000,130,25.000000,25
req-00004318,130700000,130,25.000000,25
req-00004319,130740000,130,25.000000,25
req-00004320,130780000,130,25.000000,25
req-00004321,130820000,130,25.000000,25
req-00004322,130860000,130,25.000000,25
req-00004323,130900000,130,25.000000,25
req-00004324,130940000,130,25.000000,25
req-00004325,130980000,130,25.000000,25
req-00004326,131020000,131,25.000000,25
req-00004327,131060000,131,25.000000,25
req-00004328,131100000,131,25.000000,25
req-00004329,131140000,131,25.000000,25
req-00004330,131180000,131,25.000000,25
req-00004331,131220000,131,25.000000,25
req-00004332,131260000,131,25.000000,25
req-00004333,131300000,131,25.000000,25
req-00004334,131340000,131,25.000000,25
req-00004335,131380000,131,25.000000,25
req-00004336,131420000,131,25.000000,25
req-00004337,131460000,131,25.000000,25
req-00004338,131500000,131,25.000000,25
req-00004339,131540000,131,25.000000,25
req-00004340,131580000,131,25.000000,25
req-00004341,131620000,131,25.000000,25
req-00004342,131660000,131,25.000000,25
req-00004343,131700000,131,25.000000,25
req-00004344,131740000,131,25.000000,25
req-00004345,131780000,131,25.000000,25
req-00004346,131820000,131,25.000000,25
req-00004347,131860000,131,25.000000,25
req-00004348,131900000,131,25.000000,25
req-00004349,131940000,131,25.000000,25
req-00004350,131980000,131,25.000000,25
req-00004351,132020000,132,25.000000,25
req-00004352,132060000,132,25.000000,25
req-00004353,132100000,132,25.000000,25
req-00004354,132140000,132,25.000000,25
req-00004355,132180000,132,25.000000,25
req-00004356,132220000,132,25.000000,25
req-00004357,132260000,132,25.000000,25
req-00004358,132300000,132,25.000000,25
req-00004359,132340000,132,25.000000,25
req-00004360,132380000,132,25.000000,25
req-00004361,132420000,132,25.000000,25
req-00004362,132460000,132,25.000000,25
req-00004363,132500000,132,25.000000,25
req-00004364,132540000,132,25.000000,25
req-00004365,132580000,132,25.000000,25
req-00004366,132620000,132,25.000000,25
req-00004367,132660000,132,25.000000,25
req-00004368,132700000,132,25.000000,25
req-00004369,132740000,132,25.000000,25
req-00004370,132780000,132,25.000000,25
req-00004371,132820000,132,25.000000,25
req-00004372,132860000,132,25.000000,25
req-00004373,132900000,132,25.000000,25
req-00004374,132940000,132,25.000000,25
req-00004375,132980000,132,25.000000,25
req-00004376,133020000,133,25.000000,25
req-00004377,133060000,133,25.000000,25
req-00004378,133100000,133,25.000000,25
req-00004379,133140000,133,25.000000,25
req-00004380,133180000,133,25.000000,25
req-00004381,133220000,133,25.000000,25
req-00004382,133260000,133,25.000000,25
req-00004383,133300000,133,25.000000,25
req-00004384,133340000,133,25.000000,25
req-00004385,133380000,133,25.000000,25
req-00004386,133420000,133,25.000000,25
req-00004387,133460000,133,25.000000,25
req-00004388,133500000,133,25.000000,25
req-00004389,133540000,133,25.000000,25
req-00004390,133580000,133,25.000000,25
req-00004391,133620000,133,25.000000,25
req-00004392,133660000,133,25.000000,25
req-00004393,133700000,133,25.000000,25
req-00004394,133740000,133,25.000000,25
req-00004395,133780000,133,25.000000,25
req-00004396,133820000,133,25.000000,25
req-00004397,133860000,133,25.000000,25
req-00004398,133900000,133,25.000000,25
req-00004399,133940000,133,25.000000,25
req-00004400,133980000,133,25.000000,25
req-00004401,134020000,134,25.000000,25
req-00004402,134060000,134,25.000000,25
req-00004403,134100000,134,25.000000,25
req-00004404,134140000,134,25.000000,25
req-00004405,134180000,134,25.000000,25
req-00004406,134220000,134,25.000000,25
req-00004407,134260000,134,25.000000,25
req-00004408,134300000,134,25.000000,25
req-00004409,134340000,134,25.000000,25
req-00004410,134380000,134,25.000000,25
req-00004411,134420000,134,25.000000,25
req-00004412,134460000,134,25.000000,25
req-00004413,134500000,134,25.000000,25
req-00004414,134540000,134,25.000000,25
req-00004415,134580000,134,25.000000,25
req-00004416,134620000,134,25.000000,25
req-00004417,134660000,134,25.000000,25
req-00004418,134700000,134,25.000000,25
req-00004419,134740000,134,25.000000,25
req-00004420,134780000,134,25.000000,25
req-00004421,134820000,134,25.000000,25
req-00004422,134860000,134,25.000000,25
req-00004423,134900000,134,25.000000,25
req-00004424,134940000,134,25.000000,25
req-00004425,134980000,134,25.000000,25
req-00004426,135020000,135,25.000000,25
req-00004427,135060000,135,25.000000,25
req-00004428,135100000,135,25.000000,25
req-00004429,135140000,135,25.000000,25
req-00004430,135180000,135,25.000000,25
req-00004431,135220000,135,25.000000,25
req-00004432,135260000,135,25.000000,25
req-00004433,135300000,135,25.000000,25
req-00004434,135340000,135,25.000000,25
req-00004435,135380000,135,25.000000,25
req-00004436,135420000,135,25.000000,25
req-00004437,135460000,135,25.000000,25
req-00004438,135500000,135,25.000000,25
req-00004439,135540000,135,25.000000,25
req-00004440,135580000,135,25.000000,25
req-00004441,135620000,135,25.000000,25
req-00004442,135660000,135,25.000000,25
req-00004443,135700000,135,25.000000,25
req-00004444,135740000,135,25.000000,25
req-00004445,135780000,135,25.000000,25
req-00004446,135820000,135,25.000000,25
req-00004447,135860000,135,25.000000,25
req-00004448,135900000,135,25.000000,25
req-00004449,135940000,135,25.000000,25
req-00004450,135980000,135,25.000000,25
req-00004451,136020000,136,25.000000,25
req-00004452,136060000,136,25.000000,25
req-00004453,136100000,136,25.000000,25
req-00004454,136140000,136,25.000000,25
req-00004455,136180000,136,25.000000,25
req-00004456,136220000,136,25.000000,25
req-00004457,136260000,136,25.000000,25
req-00004458,136300000,136,25.000000,25
req-00004459,136340000,136,25.000000,25
req-00004460,136380000,136,25.000000,25
req-00004461,136420000,136,25.000000,25
req-00004462,136460000,136,25.000000,25
req-00004463,136500000,136,25.000000,25
req-00004464,136540000,136,25.000000,25
req-00004465,136580000,136,25.000000,25
req-00004466,136620000,136,25.000000,25
req-00004467,136660000,136,25.000000,25
req-00004468,136700000,136,25.000000,25
req-00004469,136740000,136,25.000000,25
req-00004470,136780000,136,25.000000,25
req-00004471,136820000,136,25.000000,25
req-00004472,136860000,136,25.000000,25
req-00004473,136900000,136,25.000000,25
req-00004474,136940000,136,25.000000,25
req-00004475,136980000,136,25.000000,25
req-00004476,137020000,137,25.000000,25
req-00004477,137060000,137,25.000000,25
req-00004478,137100000,137,25.000000,25
req-00004479,137140000,137,25.000000,25
req-00004480,137180000,137,25.000000,25
req-00004481,137220000,137,25.000000,25
req-00004482,137260000,137,25.000000,25
req-00004483,137300000,137,25.000000,25
req-00004484,137340000,137,25.000000,25
req-00004485,137380000,137,25.000000,25
req-00004486,137420000,137,25.000000,25
req-00004487,137460000,137,25.000000,25
req-00004488,137500000,137,25.000000,25
req-00004489,137540000,137,25.000000,25
req-00004490,137580000,137,25.000000,25
req-00004491,137620000,137,25.000000,25
req-00004492,137660000,137,25.000000,25
req-00004493,137700000,137,25.000000,25
req-00004494,137740000,137,25.000000,25
req-00004495,137780000,137,25.000000,25
req-00004496,137820000,137,25.000000,25
req-00004497,137860000,137,25.000000,25
req-00004498,137900000,137,25.000000,25
req-00004499,137940000,137,25.000000,25
req-00004500,137980000,137,25.000000,25
req-00004501,138020000,138,25.000000,25
req-00004502,138060000,138,25.000000,25
req-00004503,138100000,138,25.000000,25
req-00004504,138140000,138,25.000000,25
req-00004505,138180000,138,25.000000,25
req-00004506,138220000,138,25.000000,25
req-00004507,138260000,138,25.000000,25
req-00004508,138300000,138,25.000000,25
req-00004509,138340000,138,25.000000,25
req-00004510,138380000,138,25.000000,25
req-00004511,138420000,138,25.000000,25
req-00004512,138460000,138,25.000000,25
req-00004513,138500000,138,25.000000,25
req-00004514,138540000,138,25.000000,25
req-00004515,138580000,138,25.000000,25
req-00004516,138620000,138,25.000000,25
req-00004517,138660000,138,25.000000,25
req-00004518,138700000,138,25.000000,25
req-00004519,138740000,138,25.000000,25
req-00004520,138780000,138,25.000000,25
req-00004521,138820000,138,25.000000,25
req-00004522,138860000,138,25.000000,25
req-00004523,138900000,138,25.000000,25
req-00004524,138940000,138,25.000000,25
req-00004525,138980000,138,25.000000,25
req-00004526,139020000,139,25.000000,25
req-00004527,139060000,139,25.000000,25
req-00004528,139100000,139,25.000000,25
req-00004529,139140000,139,25.000000,25
req-00004530,139180000,139,25.000000,25
req-00004531,139220000,139,25.000000,25
req-00004532,139260000,139,25.000000,25
req-00004533,139300000,139,25.000000,25
req-00004534,139340000,139,25.000000,25
req-00004535,139380000,139,25.000000,25
req-00004536,139420000,139,25.000000,25
req-00004537,139460000,139,25.000000,25
req-00004538,139500000,139,25.000000,25
req-00004539,139540000,139,25.000000,25
req-00004540,139580000,139,25.000000,25
req-00004541,139620000,139,25.000000,25
req-00004542,139660000,139,25.000000,25
req-00004543,139700000,139,25.000000,25
req-00004544,139740000,139,25.000000,25
req-00004545,139780000,139,25.000000,25
req-00004546,139820000,139,25.000000,25
req-00004547,139860000,139,25.000000,25
req-00004548,139900000,139,25.000000,25
req-00004549,139940000,139,25.000000,25
req-00004550,139980000,139,25.000000,25
req-00004551,140020000,140,25.000000,25
req-00004552,140060000,140,25.000000,25
req-00004553,140100000,140,25.000000,25
req-00004554,140140000,140,25.000000,25
req-00004555,140180000,140,25.000000,25
req-00004556,140220000,140,25.000000,25
req-00004557,140260000,140,25.000000,25
req-00004558,140300000,140,25.000000,25
req-00004559,140340000,140,25.000000,25
req-00004560,140380000,140,25.000000,25
req-00004561,140420000,140,25.000000,25
req-00004562,140460000,140,25.000000,25
req-00004563,140500000,140,25.000000,25
req-00004564,140540000,140,25.000000,25
req-00004565,140580000,140,25.000000,25
req-00004566,140620000,140,25.000000,25
req-00004567,140660000,140,25.000000,25
req-00004568,140700000,140,25.000000,25
req-00004569,140740000,140,25.000000,25
req-00004570,140780000,140,25.000000,25
req-00004571,140820000,140,25.000000,25
req-00004572,140860000,140,25.000000,25
req-00004573,140900000,140,25.000000,25
req-00004574,140940000,140,25.000000,25
req-00004575,140980000,140,25.000000,25
req-00004576,141020000,141,25.000000,25
req-00004577,141060000,141,25.000000,25
req-00004578,141100000,141,25.000000,25
req-00004579,141140000,141,25.000000,25
req-00004580,141180000,141,25.000000,25
req-00004581,141220000,141,25.000000,25
req-00004582,141260000,141,25.000000,25
req-00004583,141300000,141,25.000000,25
req-00004584,141340000,141,25.000000,25
req-00004585,141380000,141,25.000000,25
req-00004586,141420000,141,25.000000,25
req-00004587,141460000,141,25.000000,25
req-00004588,141500000,141,25.000000,25
req-00004589,141540000,141,25.000000,25
req-00004590,141580000,141,25.000000,25
req-00004591,141620000,141,25.000000,25
req-00004592,141660000,141,25.000000,25
req-00004593,141700000,141,25.000000,25
req-00004594,141740000,141,25.000000,25
req-00004595,141780000,141,25.000000,25
req-00004596,141820000,141,25.000000,25
req-00004597,141860000,141,25.000000,25
req-00004598,141900000,141,25.000000,25
req-00004599,141940000,141,25.000000,25
req-00004600,141980000,141,25.000000,25
req-00004601,142020000,142,25.000000,25
req-00004602,142060000,142,25.000000,25
req-00004603,142100000,142,25.000000,25
req-00004604,142140000,142,25.000000,25
req-00004605,142180000,142,25.000000,25
req-00004606,142220000,142,25.000000,25
req-00004607,142260000,142,25.000000,25
req-00004608,142300000,142,25.000000,25
req-00004609,142340000,142,25.000000,25
req-00004610,142380000,142,25.000000,25
req-00004611,142420000,142,25.000000,25
req-00004612,142460000,142,25.000000,25
req-00004613,142500000,142,25.000000,25
req-00004614,142540000,142,25.000000,25
req-00004615,142580000,142,25.000000,25
req-00004616,142620000,142,25.000000,25
req-00004617,142660000,142,25.000000,25
req-00004618,142700000,142,25.000000,25
req-00004619,142740000,142,25.000000,25
req-00004620,142780000,142,25.000000,25
req-00004621,142820000,142,25.000000,25
req-00004622,142860000,142,25.000000,25
req-00004623,142900000,142,25.000000,25
req-00004624,142940000,142,25.000000,25
req-00004625,142980000,142,25.000000,25
req-00004626,143020000,143,25.000000,25
req-00004627,143060000,143,25.000000,25
req-00004628,143100000,143,25.000000,25
req-00004629,143140000,143,25.000000,25
req-00004630,143180000,143,25.000000,25
req-00004631,143220000,143,25.000000,25
req-00004632,143260000,143,25.000000,25
req-00004633,143300000,143,25.000000,25
req-00004634,143340000,143,25.000000,25
req-00004635,143380000,143,25.000000,25
req-00004636,143420000,143,25.000000,25
req-00004637,143460000,143,25.000000,25
req-00004638,143500000,143,25.000000,25
req-00004639,143540000,143,25.000000,25
req-00004640,143580000,143,25.000000,25
req-00004641,143620000,143,25.000000,25
req-00004642,143660000,143,25.000000,25
req-00004643,143700000,143,25.000000,25
req-00004644,143740000,143,25.000000,25
req-00004645,143780000,143,25.000000,25
req-00004646,143820000,143,25.000000,25
req-00004647,143860000,143,25.000000,25
req-00004648,143900000,143,25.000000,25
req-00004649,143940000,143,25.000000,25
req-00004650,143980000,143,25.000000,25
req-00004651,144020000,144,25.000000,25
req-00004652,144060000,144,25.000000,25
req-00004653,144100000,144,25.000000,25
req-00004654,144140000,144,25.000000,25
req-00004655,144180000,144,25.000000,25
req-00004656,144220000,144,25.000000,25
req-00004657,144260000,144,25.000000,25
req-00004658,144300000,144,25.000000,25
req-00004659,144340000,144,25.000000,25
req-00004660,144380000,144,25.000000,25
req-00004661,144420000,144,25.000000,25
req-00004662,144460000,144,25.000000,25
req-00004663,144500000,144,25.000000,25
req-00004664,144540000,144,25.000000,25
req-00004665,144580000,144,25.000000,25
req-00004666,144620000,144,25.000000,25
req-00004667,144660000,144,25.000000,25
req-00004668,144700000,144,25.000000,25
req-00004669,144740000,144,25.000000,25
req-00004670,144780000,144,25.000000,25
req-00004671,144820000,144,25.000000,25
req-00004672,144860000,144,25.000000,25
req-00004673,144900000,144,25.000000,25
req-00004674,144940000,144,25.000000,25
req-00004675,144980000,144,25.000000,25
req-00004676,145020000,145,25.000000,25
req-00004677,145060000,145,25.000000,25
req-00004678,145100000,145,25.000000,25
req-00004679,145140000,145,25.000000,25
req-00004680,145180000,145,25.000000,25
req-00004681,145220000,145,25.000000,25
req-00004682,145260000,145,25.000000,25
req-00004683,145300000,145,25.000000,25
req-00004684,145340000,145,25.000000,25
req-00004685,145380000,145,25.000000,25
req-00004686,145420000,145,25.000000,25
req-00004687,145460000,145,25.000000,25
req-00004688,145500000,145,25.000000,25
req-00004689,145540000,145,25.000000,25
req-00004690,145580000,145,25.000000,25
req-00004691,145620000,145,25.000000,25
req-00004692,145660000,145,25.000000,25
req-00004693,145700000,145,25.000000,25
req-00004694,145740000,145,25.000000,25
req-00004695,145780000,145,25.000000,25
req-00004696,145820000,145,25.000000,25
req-00004697,145860000,145,25.000000,25
req-00004698,145900000,145,25.000000,25
req-00004699,145940000,145,25.000000,25
req-00004700,145980000,145,25.000000,25
req-00004701,146020000,146,25.000000,25
req-00004702,146060000,146,25.000000,25
req-00004703,146100000,146,25.000000,25
req-00004704,146140000,146,25.000000,25
req-00004705,146180000,146,25.000000,25
req-00004706,146220000,146,25.000000,25
req-00004707,146260000,146,25.000000,25
req-00004708,146300000,146,25.000000,25
req-00004709,146340000,146,25.000000,25
req-00004710,146380000,146,25.000000,25
req-00004711,146420000,146,25.000000,25
req-00004712,146460000,146,25.000000,25
req-00004713,146500000,146,25.000000,25
req-00004714,146540000,146,25.000000,25
req-00004715,146580000,146,25.000000,25
req-00004716,146620000,146,25.000000,25
req-00004717,146660000,146,25.000000,25
req-00004718,146700000,146,25.000000,25
req-00004719,146740000,146,25.000000,25
req-00004720,146780000,146,25.000000,25
req-00004721,146820000,146,25.000000,25
req-00004722,146860000,146,25.000000,25
req-00004723,146900000,146,25.000000,25
req-00004724,146940000,146,25.000000,25
req-00004725,146980000,146,25.000000,25
req-00004726,147020000,147,25.000000,25
req-00004727,147060000,147,25.000000,25
req-00004728,147100000,147,25.000000,25
req-00004729,147140000,147,25.000000,25
req-00004730,147180000,147,25.000000,25
req-00004731,147220000,147,25.000000,25
req-00004732,147260000,147,25.000000,25
req-00004733,147300000,147,25.000000,25
req-00004734,147340000,147,25.000000,25
req-00004735,147380000,147,25.000000,25
req-00004736,147420000,147,25.000000,25
req-00004737,147460000,147,25.000000,25
req-00004738,147500000,147,25.000000,25
req-00004739,147540000,147,25.000000,25
req-00004740,147580000,147,25.000000,25
req-00004741,147620000,147,25.000000,25
req-00004742,147660000,147,25.000000,25
req-00004743,147700000,147,25.000000,25
req-00004744,147740000,147,25.000000,25
req-00004745,147780000,147,25.000000,25
req-00004746,147820000,147,25.000000,25
req-00004747,147860000,147,25.000000,25
req-00004748,147900000,147,25.000000,25
req-00004749,147940000,147,25.000000,25
req-00004750,147980000,147,25.000000,25
req-00004751,148020000,148,25.000000,25
req-00004752,148060000,148,25.000000,25
req-00004753,148100000,148,25.000000,25
req-00004754,148140000,148,25.000000,25
req-00004755,148180000,148,25.000000,25
req-00004756,148220000,148,25.000000,25
req-00004757,148260000,148,25.000000,25
req-00004758,148300000,148,25.000000,25
req-00004759,148340000,148,25.000000,25
req-00004760,148380000,148,25.000000,25
req-00004761,148420000,148,25.000000,25
req-00004762,148460000,148,25.000000,25
req-00004763,148500000,148,25.000000,25
req-00004764,148540000,148,25.000000,25
req-00004765,148580000,148,25.000000,25
req-00004766,148620000,148,25.000000,25
req-00004767,148660000,148,25.000000,25
req-00004768,148700000,148,25.000000,25
req-00004769,148740000,148,25.000000,25
req-00004770,148780000,148,25.000000,25
req-00004771,148820000,148,25.000000,25
req-00004772,148860000,148,25.000000,25
req-00004773,148900000,148,25.000000,25
req-00004774,148940000,148,25.000000,25
req-00004775,148980000,148,25.000000,25
req-00004776,149020000,149,25.000000,25
req-00004777,149060000,149,25.000000,25
req-00004778,149100000,149,25.000000,25
req-00004779,149140000,149,25.000000,25
req-00004780,149180000,149,25.000000,25
req-00004781,149220000,149,25.000000,25
req-00004782,149260000,149,25.000000,25
req-00004783,149300000,149,25.000000,25
req-00004784,149340000,149,25.000000,25
req-00004785,149380000,149,25.000000,25
req-00004786,149420000,149,25.000000,25
req-00004787,149460000,149,25.000000,25
req-00004788,149500000,149,25.000000,25
req-00004789,149540000,149,25.000000,25
req-00004790,149580000,149,25.000000,25
req-00004791,149620000,149,25.000000,25
req-00004792,149660000,149,25.000000,25
req-00004793,149700000,149,25.000000,25
req-00004794,149740000,149,25.000000,25
req-00004795,149780000,149,25.000000,25
req-00004796,149820000,149,25.000000,25
req-00004797,149860000,149,25.000000,25
req-00004798,149900000,149,25.000000,25
req-00004799,149940000,149,25.000000,25
req-00004800,149980000,149,25.000000,25
req-00004801,150020000,150,25.000000,25
req-00004802,150060000,150,25.000000,25
req-00004803,150100000,150,25.000000,25
req-00004804,150140000,150,25.000000,25
req-00004805,150180000,150,25.000000,25
req-00004806,150220000,150,25.000000,25
req-00004807,150260000,150,25.000000,25
req-00004808,150300000,150,25.000000,25
req-00004809,150340000,150,25.000000,25
req-00004810,150380000,150,25.000000,25
req-00004811,150420000,150,25.000000,25
req-00004812,150460000,150,25.000000,25
req-00004813,150500000,150,25.000000,25
req-00004814,150540000,150,25.000000,25
req-00004815,150580000,150,25.000000,25
req-00004816,150620000,150,25.000000,25
req-00004817,150660000,150,25.000000,25
req-00004818,150700000,150,25.000000,25
req-00004819,150740000,150,25.000000,25
req-00004820,150780000,150,25.000000,25
req-00004821,150820000,150,25.000000,25
req-00004822,150860000,150,25.000000,25
req-00004823,150900000,150,25.000000,25
req-00004824,150940000,150,25.000000,25
req-00004825,150980000,150,25.000000,25
req-00004826,151020000,151,25.000000,25
req-00004827,151060000,151,25.000000,25
req-00004828,151100000,151,25.000000,25
req-00004829,151140000,151,25.000000,25
req-00004830,151180000,151,25.000000,25
req-00004831,151220000,151,25.000000,25
req-00004832,151260000,151,25.000000,25
req-00004833,151300000,151,25.000000,25
req-00004834,151340000,151,25.000000,25
req-00004835,151380000,151,25.000000,25
req-00004836,151420000,151,25.000000,25
req-00004837,151460000,151,25.000000,25
req-00004838,151500000,151,25.000000,25
req-00004839,151540000,151,25.000000,25
req-00004840,151580000,151,25.000000,25
req-00004841,151620000,151,25.000000,25
req-00004842,151660000,151,25.000000,25
req-00004843,151700000,151,25.000000,25
req-00004844,151740000,151,25.000000,25
req-00004845,151780000,151,25.000000,25
req-00004846,151820000,151,25.000000,25
req-00004847,151860000,151,25.000000,25
req-00004848,151900000,151,25.000000,25
req-00004849,151940000,151,25.000000,25
req-00004850,151980000,151,25.000000,25
req-00004851,152020000,152,25.000000,25
req-00004852,152060000,152,25.000000,25
req-00004853,152100000,152,25.000000,25
req-00004854,152140000,152,25.000000,25
req-00004855,152180000,152,25.000000,25
req-00004856,152220000,152,25.000000,25
req-00004857,152260000,152,25.000000,25
req-00004858,152300000,152,25.000000,25
req-00004859,152340000,152,25.000000,25
req-00004860,152380000,152,25.000000,25
req-00004861,152420000,152,25.000000,25
req-00004862,152460000,152,25.000000,25
req-00004863,152500000,152,25.000000,25
req-00004864,152540000,152,25.000000,25
req-00004865,152580000,152,25.000000,25
req-00004866,152620000,152,25.000000,25
req-00004867,152660000,152,25.000000,25
req-00004868,152700000,152,25.000000,25
req-00004869,152740000,152,25.000000,25
req-00004870,152780000,152,25.000000,25
req-00004871,152820000,152,25.000000,25
req-00004872,152860000,152,25.000000,25
req-00004873,152900000,152,25.000000,25
req-00004874,152940000,152,25.000000,25
req-00004875,152980000,152,25.000000,25
req-00004876,153020000,153,25.000000,25
req-00004877,153060000,153,25.000000,25
req-00004878,153100000,153,25.000000,25
req-00004879,153140000,153,25.000000,25
req-00004880,153180000,153,25.000000,25
req-00004881,153220000,153,25.000000,25
req-00004882,153260000,153,25.000000,25
req-00004883,153300000,153,25.000000,25
req-00004884,153340000,153,25.000000,25
req-00004885,153380000,153,25.000000,25
req-00004886,153420000,153,25.000000,25
req-00004887,153460000,153,25.000000,25
req-00004888,153500000,153,25.000000,25
req-00004889,153540000,153,25.000000,25
req-00004890,153580000,153,25.000000,25
req-00004891,153620000,153,25.000000,25
req-00004892,153660000,153,25.000000,25
req-00004893,153700000,153,25.000000,25
req-00004894,153740000,153,25.000000,25
req-00004895,153780000,153,25.000000,25
req-00004896,153820000,153,25.000000,25
req-00004897,153860000,153,25.000000,25
req-00004898,153900000,153,25.000000,25
req-00004899,153940000,153,25.000000,25
req-00004900,153980000,153,25.000000,25
req-00004901,154020000,154,25.000000,25
req-00004902,154060000,154,25.000000,25
req-00004903,154100000,154,25.000000,25
req-00004904,154140000,154,25.000000,25
req-00004905,154180000,154,25.000000,25
req-00004906,154220000,154,25.000000,25
req-00004907,154260000,154,25.000000,25
req-00004908,154300000,154,25.000000,25
req-00004909,154340000,154,25.000000,25
req-00004910,154380000,154,25.000000,25
req-00004911,154420000,154,25.000000,25
req-00004912,154460000,154,25.000000,25
req-00004913,154500000,154,25.000000,25
req-00004914,154540000,154,25.000000,25
req-00004915,154580000,154,25.000000,25
req-00004916,154620000,154,25.000000,25
req-00004917,154660000,154,25.000000,25
req-00004918,154700000,154,25.000000,25
req-00004919,154740000,154,25.000000,25
req-00004920,154780000,154,25.000000,25
req-00004921,154820000,154,25.000000,25
req-00004922,154860000,154,25.000000,25
req-00004923,154900000,154,25.000000,25
req-00004924,154940000,154,25.000000,25
req-00004925,154980000,154,25.000000,25
req-00004926,155020000,155,25.000000,25
req-00004927,155060000,155,25.000000,25
req-00004928,155100000,155,25.000000,25
req-00004929,155140000,155,25.000000,25
req-00004930,155180000,155,25.000000,25
req-00004931,155220000,155,25.000000,25
req-00004932,155260000,155,25.000000,25
req-00004933,155300000,155,25.000000,25
req-00004934,155340000,155,25.000000,25
req-00004935,155380000,155,25.000000,25
req-00004936,155420000,155,25.000000,25
req-00004937,155460000,155,25.000000,25
req-00004938,155500000,155,25.000000,25
req-00004939,155540000,155,25.000000,25
req-00004940,155580000,155,25.000000,25
req-00004941,155620000,155,25.000000,25
req-00004942,155660000,155,25.000000,25
req-00004943,155700000,155,25.000000,25
req-00004944,155740000,155,25.000000,25
req-00004945,155780000,155,25.000000,25
req-00004946,155820000,155,25.000000,25
req-00004947,155860000,155,25.000000,25
req-00004948,155900000,155,25.000000,25
req-00004949,155940000,155,25.000000,25
req-00004950,155980000,155,25.000000,25
req-00004951,156020000,156,25.000000,25
req-00004952,156060000,156,25.000000,25
req-00004953,156100000,156,25.000000,25
req-00004954,156140000,156,25.000000,25
req-00004955,156180000,156,25.000000,25
req-00004956,156220000,156,25.000000,25
req-00004957,156260000,156,25.000000,25
req-00004958,156300000,156,25.000000,25
req-00004959,156340000,156,25.000000,25
req-00004960,156380000,156,25.000000,25
req-00004961,156420000,156,25.000000,25
req-00004962,156460000,156,25.000000,25
req-00004963,156500000,156,25.000000,25
req-00004964,156540000,156,25.000000,25
req-00004965,156580000,156,25.000000,25
req-00004966,156620000,156,25.000000,25
req-00004967,156660000,156,25.000000,25
req-00004968,156700000,156,25.000000,25
req-00004969,156740000,156,25.000000,25
req-00004970,156780000,156,25.000000,25
req-00004971,156820000,156,25.000000,25
req-00004972,156860000,156,25.000000,25
req-00004973,156900000,156,25.000000,25
req-00004974,156940000,156,25.000000,25
req-00004975,156980000,156,25.000000,25
req-00004976,157020000,157,25.000000,25
req-00004977,157060000,157,25.000000,25
req-00004978,157100000,157,25.000000,25
req-00004979,157140000,157,25.000000,25
req-00004980,157180000,157,25.000000,25
req-00004981,157220000,157,25.000000,25
req-00004982,157260000,157,25.000000,25
req-00004983,157300000,157,25.000000,25
req-00004984,157340000,157,25.000000,25
req-00004985,157380000,157,25.000000,25
req-00004986,157420000,157,25.000000,25
req-00004987,157460000,157,25.000000,25
req-00004988,157500000,157,25.000000,25
req-00004989,157540000,157,25.000000,25
req-00004990,157580000,157,25.000000,25
req-00004991,157620000,157,25.000000,25
req-00004992,157660000,157,25.000000,25
req-00004993,157700000,157,25.000000,25
req-00004994,157740000,157,25.000000,25
req-00004995,157780000,157,25.000000,25
req-00004996,157820000,157,25.000000,25
req-00004997,157860000,157,25.000000,25
req-00004998,157900000,157,25.000000,25
req-00004999,157940000,157,25.000000,25
req-00005000,157980000,157,25.000000,25
req-00005001,158020000,158,25.000000,25
req-00005002,158060000,158,25.000000,25
req-00005003,158100000,158,25.000000,25
req-00005004,158140000,158,25.000000,25
req-00005005,158180000,158,25.000000,25
req-00005006,158220000,158,25.000000,25
req-00005007,158260000,158,25.000000,25
req-00005008,158300000,158,25.000000,25
req-00005009,158340000,158,25.000000,25
req-00005010,158380000,158,25.000000,25
req-00005011,158420000,158,25.000000,25
req-00005012,158460000,158,25.000000,25
req-00005013,158500000,158,25.000000,25
req-00005014,158540000,158,25.000000,25
req-00005015,158580000,158,25.000000,25
req-00005016,158620000,158,25.000000,25
req-00005017,158660000,158,25.000000,25
req-00005018,158700000,158,25.000000,25
req-00005019,158740000,158,25.000000,25
req-00005020,158780000,158,25.000000,25
req-00005021,158820000,158,25.000000,25
req-00005022,158860000,158,25.000000,25
req-00005023,158900000,158,25.000000,25
req-00005024,158940000,158,25.000000,25
req-00005025,158980000,158,25.000000,25
req-00005026,159020000,159,25.000000,25
req-00005027,159060000,159,25.000000,25
req-00005028,159100000,159,25.000000,25
req-00005029,159140000,159,25.000000,25
req-00005030,159180000,159,25.000000,25
req-00005031,159220000,159,25.000000,25
req-00005032,159260000,159,25.000000,25
req-00005033,159300000,159,25.000000,25
req-00005034,159340000,159,25.000000,25
req-00005035,159380000,159,25.000000,25
req-00005036,159420000,159,25.000000,25
req-00005037,159460000,159,25.000000,25
req-00005038,159500000,159,25.000000,25
req-00005039,159540000,159,25.000000,25
req-00005040,159580000,159,25.000000,25
req-00005041,159620000,159,25.000000,25
req-00005042,159660000,159,25.000000,25
req-00005043,159700000,159,25.000000,25
req-00005044,159740000,159,25.000000,25
req-00005045,159780000,159,25.000000,25
req-00005046,159820000,159,25.000000,25
req-00005047,159860000,159,25.000000,25
req-00005048,159900000,159,25.000000,25
req-00005049,159940000,159,25.000000,25
req-00005050,159980000,159,25.000000,25
req-00005051,160020000,160,25.000000,25
req-00005052,160060000,160,25.000000,25
req-00005053,160100000,160,25.000000,25
req-00005054,160140000,160,25.000000,25
req-00005055,160180000,160,25.000000,25
req-00005056,160220000,160,25.000000,25
req-00005057,160260000,160,25.000000,25
req-00005058,160300000,160,25.000000,25
req-00005059,160340000,160,25.000000,25
req-00005060,160380000,160,25.000000,25
req-00005061,160420000,160,25.000000,25
req-00005062,160460000,160,25.000000,25
req-00005063,160500000,160,25.000000,25
req-00005064,160540000,160,25.000000,25
req-00005065,160580000,160,25.000000,25
req-00005066,160620000,160,25.000000,25
req-00005067,160660000,160,25.000000,25
req-00005068,160700000,160,25.000000,25
req-00005069,160740000,160,25.000000,25
req-00005070,160780000,160,25.000000,25
req-00005071,160820000,160,25.000000,25
req-00005072,160860000,160,25.000000,25
req-00005073,160900000,160,25.000000,25
req-00005074,160940000,160,25.000000,25
req-00005075,160980000,160,25.000000,25
req-00005076,161020000,161,25.000000,25
req-00005077,161060000,161,25.000000,25
req-00005078,161100000,161,25.000000,25
req-00005079,161140000,161,25.000000,25
req-00005080,161180000,161,25.000000,25
req-00005081,161220000,161,25.000000,25
req-00005082,161260000,161,25.000000,25
req-00005083,161300000,161,25.000000,25
req-00005084,161340000,161,25.000000,25
req-00005085,161380000,161,25.000000,25
req-00005086,161420000,161,25.000000,25
req-00005087,161460000,161,25.000000,25
req-00005088,161500000,161,25.000000,25
req-00005089,161540000,161,25.000000,25
req-00005090,161580000,161,25.000000,25
req-00005091,161620000,161,25.000000,25
req-00005092,161660000,161,25.000000,25
req-00005093,161700000,161,25.000000,25
req-00005094,161740000,161,25.000000,25
req-00005095,161780000,161,25.000000,25
req-00005096,161820000,161,25.000000,25
req-00005097,161860000,161,25.000000,25
req-00005098,161900000,161,25.000000,25
req-00005099,161940000,161,25.000000,25
req-00005100,161980000,161,25.000000,25
req-00005101,162020000,162,25.000000,25
req-00005102,162060000,162,25.000000,25
req-00005103,162100000,162,25.000000,25
req-00005104,162140000,162,25.000000,25
req-00005105,162180000,162,25.000000,25
req-00005106,162220000,162,25.000000,25
req-00005107,162260000,162,25.000000,25
req-00005108,162300000,162,25.000000,25
req-00005109,162340000,162,25.000000,25
req-00005110,162380000,162,25.000000,25
req-00005111,162420000,162,25.000000,25
req-00005112,162460000,162,25.000000,25
req-00005113,162500000,162,25.000000,25
req-00005114,162540000,162,25.000000,25
req-00005115,162580000,162,25.000000,25
req-00005116,162620000,162,25.000000,25
req-00005117,162660000,162,25.000000,25
req-00005118,162700000,162,25.000000,25
req-00005119,162740000,162,25.000000,25
req-00005120,162780000,162,25.000000,25
req-00005121,162820000,162,25.000000,25
req-00005122,162860000,162,25.000000,25
req-00005123,162900000,162,25.000000,25
req-00005124,162940000,162,25.000000,25
req-00005125,162980000,162,25.000000,25
req-00005126,163020000,163,25.000000,25
req-00005127,163060000,163,25.000000,25
req-00005128,163100000,163,25.000000,25
req-00005129,163140000,163,25.000000,25
req-00005130,163180000,163,25.000000,25
req-00005131,163220000,163,25.000000,25
req-00005132,163260000,163,25.000000,25
req-00005133,163300000,163,25.000000,25
req-00005134,163340000,163,25.000000,25
req-00005135,163380000,163,25.000000,25
req-00005136,163420000,163,25.000000,25
req-00005137,163460000,163,25.000000,25
req-00005138,163500000,163,25.000000,25
req-00005139,163540000,163,25.000000,25
req-00005140,163580000,163,25.000000,25
req-00005141,163620000,163,25.000000,25
req-00005142,163660000,163,25.000000,25
req-00005143,163700000,163,25.000000,25
req-00005144,163740000,163,25.000000,25
req-00005145,163780000,163,25.000000,25
req-00005146,163820000,163,25.000000,25
req-00005147,163860000,163,25.000000,25
req-00005148,163900000,163,25.000000,25
req-00005149,163940000,163,25.000000,25
req-00005150,163980000,163,25.000000,25
req-00005151,164020000,164,25.000000,25
req-00005152,164060000,164,25.000000,25
req-00005153,164100000,164,25.000000,25
req-00005154,164140000,164,25.000000,25
req-00005155,164180000,164,25.000000,25
req-00005156,164220000,164,25.000000,25
req-00005157,164260000,164,25.000000,25
req-00005158,164300000,164,25.000000,25
req-00005159,164340000,164,25.000000,25
req-00005160,164380000,164,25.000000,25
req-00005161,164420000,164,25.000000,25
req-00005162,164460000,164,25.000000,25
req-00005163,164500000,164,25.000000,25
req-00005164,164540000,164,25.000000,25
req-00005165,164580000,164,25.000000,25
req-00005166,164620000,164,25.000000,25
req-00005167,164660000,164,25.000000,25
req-00005168,164700000,164,25.000000,25
req-00005169,164740000,164,25.000000,25
req-00005170,164780000,164,25.000000,25
req-00005171,164820000,164,25.000000,25
req-00005172,164860000,164,25.000000,25
req-00005173,164900000,164,25.000000,25
req-00005174,164940000,164,25.000000,25
req-00005175,164980000,164,25.000000,25
req-00005176,165020000,165,25.000000,25
req-00005177,165060000,165,25.000000,25
req-00005178,165100000,165,25.000000,25
req-00005179,165140000,165,25.000000,25
req-00005180,165180000,165,25.000000,25
req-00005181,165220000,165,25.000000,25
req-00005182,165260000,165,25.000000,25
req-00005183,165300000,165,25.000000,25
req-00005184,165340000,165,25.000000,25
req-00005185,165380000,165,25.000000,25
req-00005186,165420000,165,25.000000,25
req-00005187,165460000,165,25.000000,25
req-00005188,165500000,165,25.000000,25
req-00005189,165540000,165,25.000000,25
req-00005190,165580000,165,25.000000,25
req-00005191,165620000,165,25.000000,25
req-00005192,165660000,165,25.000000,25
req-00005193,165700000,165,25.000000,25
req-00005194,165740000,165,25.000000,25
req-00005195,165780000,165,25.000000,25
req-00005196,165820000,165,25.000000,25
req-00005197,165860000,165,25.000000,25
req-00005198,165900000,165,25.000000,25
req-00005199,165940000,165,25.000000,25
req-00005200,165980000,165,25.000000,25
req-00005201,166020000,166,25.000000,25
req-00005202,166060000,166,25.000000,25
req-00005203,166100000,166,25.000000,25
req-00005204,166140000,166,25.000000,25
req-00005205,166180000,166,25.000000,25
req-00005206,166220000,166,25.000000,25
req-00005207,166260000,166,25.000000,25
req-00005208,166300000,166,25.000000,25
req-00005209,166340000,166,25.000000,25
req-00005210,166380000,166,25.000000,25
req-00005211,166420000,166,25.000000,25
req-00005212,166460000,166,25.000000,25
req-00005213,166500000,166,25.000000,25
req-00005214,166540000,166,25.000000,25
req-00005215,166580000,166,25.000000,25
req-00005216,166620000,166,25.000000,25
req-00005217,166660000,166,25.000000,25
req-00005218,166700000,166,25.000000,25
req-00005219,166740000,166,25.000000,25
req-00005220,166780000,166,25.000000,25
req-00005221,166820000,166,25.000000,25
req-00005222,166860000,166,25.000000,25
req-00005223,166900000,166,25.000000,25
req-00005224,166940000,166,25.000000,25
req-00005225,166980000,166,25.000000,25
req-00005226,167020000,167,25.000000,25
req-00005227,167060000,167,25.000000,25
req-00005228,167100000,167,25.000000,25
req-00005229,167140000,167,25.000000,25
req-00005230,167180000,167,25.000000,25
req-00005231,167220000,167,25.000000,25
req-00005232,167260000,167,25.000000,25
req-00005233,167300000,167,25.000000,25
req-00005234,167340000,167,25.000000,25
req-00005235,167380000,167,25.000000,25
req-00005236,167420000,167,25.000000,25
req-00005237,167460000,167,25.000000,25
req-00005238,167500000,167,25.000000,25
req-00005239,167540000,167,25.000000,25
req-00005240,167580000,167,25.000000,25
req-00005241,167620000,167,25.000000,25
req-00005242,167660000,167,25.000000,25
req-00005243,167700000,167,25.000000,25
req-00005244,167740000,167,25.000000,25
req-00005245,167780000,167,25.000000,25
req-00005246,167820000,167,25.000000,25
req-00005247,167860000,167,25.000000,25
req-00005248,167900000,167,25.000000,25
req-00005249,167940000,167,25.000000,25
req-00005250,167980000,167,25.000000,25
req-00005251,168020000,168,25.000000,25
req-00005252,168060000,168,25.000000,25
req-00005253,168100000,168,25.000000,25
req-00005254,168140000,168,25.000000,25
req-00005255,168180000,168,25.000000,25
req-00005256,168220000,168,25.000000,25
req-00005257,168260000,168,25.000000,25
req-00005258,168300000,168,25.000000,25
req-00005259,168340000,168,25.000000,25
req-00005260,168380000,168,25.000000,25
req-00005261,168420000,168,25.000000,25
req-00005262,168460000,168,25.000000,25
req-00005263,168500000,168,25.000000,25
req-00005264,168540000,168,25.000000,25
req-00005265,168580000,168,25.000000,25
req-00005266,168620000,168,25.000000,25
req-00005267,168660000,168,25.000000,25
req-00005268,168700000,168,25.000000,25
req-00005269,168740000,168,25.000000,25
req-00005270,168780000,168,25.000000,25
req-00005271,168820000,168,25.000000,25
req-00005272,168860000,168,25.000000,25
req-00005273,168900000,168,25.000000,25
req-00005274,168940000,168,25.000000,25
req-00005275,168980000,168,25.000000,25
req-00005276,169020000,169,25.000000,25
req-00005277,169060000,169,25.000000,25
req-00005278,169100000,169,25.000000,25
req-00005279,169140000,169,25.000000,25
req-00005280,169180000,169,25.000000,25
req-00005281,169220000,169,25.000000,25
req-00005282,169260000,169,25.000000,25
req-00005283,169300000,169,25.000000,25
req-00005284,169340000,169,25.000000,25
req-00005285,169380000,169,25.000000,25
req-00005286,169420000,169,25.000000,25
req-00005287,169460000,169,25.000000,25
req-00005288,169500000,169,25.000000,25
req-00005289,169540000,169,25.000000,25
req-00005290,169580000,169,25.000000,25
req-00005291,169620000,169,25.000000,25
req-00005292,169660000,169,25.000000,25
req-00005293,169700000,169,25.000000,25
req-00005294,169740000,169,25.000000,25
req-00005295,169780000,169,25.000000,25
req-00005296,169820000,169,25.000000,25
req-00005297,169860000,169,25.000000,25
req-00005298,169900000,169,25.000000,25
req-00005299,169940000,169,25.000000,25
req-00005300,169980000,169,25.000000,25
req-00005301,170020000,170,25.000000,25
req-00005302,170060000,170,25.000000,25
req-00005303,170100000,170,25.000000,25
req-00005304,170140000,170,25.000000,25
req-00005305,170180000,170,25.000000,25
req-00005306,170220000,170,25.000000,25
req-00005307,170260000,170,25.000000,25
req-00005308,170300000,170,25.000000,25
req-00005309,170340000,170,25.000000,25
req-00005310,170380000,170,25.000000,25
req-00005311,170420000,170,25.000000,25
req-00005312,170460000,170,25.000000,25
req-00005313,170500000,170,25.000000,25
req-00005314,170540000,170,25.000000,25
req-00005315,170580000,170,25.000000,25
req-00005316,170620000,170,25.000000,25
req-00005317,170660000,170,25.000000,25
req-00005318,170700000,170,25.000000,25
req-00005319,170740000,170,25.000000,25
req-00005320,170780000,170,25.000000,25
req-00005321,170820000,170,25.000000,25
req-00005322,170860000,170,25.000000,25
req-00005323,170900000,170,25.000000,25
req-00005324,170940000,170,25.000000,25
req-00005325,170980000,170,25.000000,25
req-00005326,171020000,171,25.000000,25
req-00005327,171060000,171,25.000000,25
req-00005328,171100000,171,25.000000,25
req-00005329,171140000,171,25.000000,25
req-00005330,171180000,171,25.000000,25
req-00005331,171220000,171,25.000000,25
req-00005332,171260000,171,25.000000,25
req-00005333,171300000,171,25.000000,25
req-00005334,171340000,171,25.000000,25
req-00005335,171380000,171,25.000000,25
req-00005336,171420000,171,25.000000,25
req-00005337,171460000,171,25.000000,25
req-00005338,171500000,171,25.000000,25
req-00005339,171540000,171,25.000000,25
req-00005340,171580000,171,25.000000,25
req-00005341,171620000,171,25.000000,25
req-00005342,171660000,171,25.000000,25
req-00005343,171700000,171,25.000000,25
req-00005344,171740000,171,25.000000,25
req-00005345,171780000,171,25.000000,25
req-00005346,171820000,171,25.000000,25
req-00005347,171860000,171,25.000000,25
req-00005348,171900000,171,25.000000,25
req-00005349,171940000,171,25.000000,25
req-00005350,171980000,171,25.000000,25
req-00005351,172020000,172,25.000000,25
req-00005352,172060000,172,25.000000,25
req-00005353,172100000,172,25.000000,25
req-00005354,172140000,172,25.000000,25
req-00005355,172180000,172,25.000000,25
req-00005356,172220000,172,25.000000,25
req-00005357,172260000,172,25.000000,25
req-00005358,172300000,172,25.000000,25
req-00005359,172340000,172,25.000000,25
req-00005360,172380000,172,25.000000,25
req-00005361,172420000,172,25.000000,25
req-00005362,172460000,172,25.000000,25
req-00005363,172500000,172,25.000000,25
req-00005364,172540000,172,25.000000,25
req-00005365,172580000,172,25.000000,25
req-00005366,172620000,172,25.000000,25
req-00005367,172660000,172,25.000000,25
req-00005368,172700000,172,25.000000,25
req-00005369,172740000,172,25.000000,25
req-00005370,172780000,172,25.000000,25
req-00005371,172820000,172,25.000000,25
req-00005372,172860000,172,25.000000,25
req-00005373,172900000,172,25.000000,25
req-00005374,172940000,172,25.000000,25
req-00005375,172980000,172,25.000000,25
req-00005376,173020000,173,25.000000,25
req-00005377,173060000,173,25.000000,25
req-00005378,173100000,173,25.000000,25
req-00005379,173140000,173,25.000000,25
req-00005380,173180000,173,25.000000,25
req-00005381,173220000,173,25.000000,25
req-00005382,173260000,173,25.000000,25
req-00005383,173300000,173,25.000000,25
req-00005384,173340000,173,25.000000,25
req-00005385,173380000,173,25.000000,25
req-00005386,173420000,173,25.000000,25
req-00005387,173460000,173,25.000000,25
req-00005388,173500000,173,25.000000,25
req-00005389,173540000,173,25.000000,25
req-00005390,173580000,173,25.000000,25
req-00005391,173620000,173,25.000000,25
req-00005392,173660000,173,25.000000,25
req-00005393,173700000,173,25.000000,25
req-00005394,173740000,173,25.000000,25
req-00005395,173780000,173,25.000000,25
req-00005396,173820000,173,25.000000,25
req-00005397,173860000,173,25.000000,25
req-00005398,173900000,173,25.000000,25
req-00005399,173940000,173,25.000000,25
req-00005400,173980000,173,25.000000,25
req-00005401,174020000,174,25.000000,25
req-00005402,174060000,174,25.000000,25
req-00005403,174100000,174,25.000000,25
req-00005404,174140000,174,25.000000,25
req-00005405,174180000,174,25.000000,25
req-00005406,174220000,174,25.000000,25
req-00005407,174260000,174,25.000000,25
req-00005408,174300000,174,25.000000,25
req-00005409,174340000,174,25.000000,25
req-00005410,174380000,174,25.000000,25
req-00005411,174420000,174,25.000000,25
req-00005412,174460000,174,25.000000,25
req-00005413,174500000,174,25.000000,25
req-00005414,174540000,174,25.000000,25
req-00005415,174580000,174,25.000000,25
req-00005416,174620000,174,25.000000,25
req-00005417,174660000,174,25.000000,25
req-00005418,174700000,174,25.000000,25
req-00005419,174740000,174,25.000000,25
req-00005420,174780000,174,25.000000,25
req-00005421,174820000,174,25.000000,25
req-00005422,174860000,174,25.000000,25
req-00005423,174900000,174,25.000000,25
req-00005424,174940000,174,25.000000,25
req-00005425,174980000,174,25.000000,25
req-00005426,175020000,175,25.000000,25
req-00005427,175060000,175,25.000000,25
req-00005428,175100000,175,25.000000,25
req-00005429,175140000,175,25.000000,25
req-00005430,175180000,175,25.000000,25
req-00005431,175220000,175,25.000000,25
req-00005432,175260000,175,25.000000,25
req-00005433,175300000,175,25.000000,25
req-00005434,175340000,175,25.000000,25
req-00005435,175380000,175,25.000000,25
req-00005436,175420000,175,25.000000,25
req-00005437,175460000,175,25.000000,25
req-00005438,175500000,175,25.000000,25
req-00005439,175540000,175,25.000000,25
req-00005440,175580000,175,25.000000,25
req-00005441,175620000,175,25.000000,25
req-00005442,175660000,175,25.000000,25
req-00005443,175700000,175,25.000000,25
req-00005444,175740000,175,25.000000,25
req-00005445,175780000,175,25.000000,25
req-00005446,175820000,175,25.000000,25
req-00005447,175860000,175,25.000000,25
req-00005448,175900000,175,25.000000,25
req-00005449,175940000,175,25.000000,25
req-00005450,175980000,175,25.000000,25
req-00005451,176020000,176,25.000000,25
req-00005452,176060000,176,25.000000,25
req-00005453,176100000,176,25.000000,25
req-00005454,176140000,176,25.000000,25
req-00005455,176180000,176,25.000000,25
req-00005456,176220000,176,25.000000,25
req-00005457,176260000,176,25.000000,25
req-00005458,176300000,176,25.000000,25
req-00005459,176340000,176,25.000000,25
req-00005460,176380000,176,25.000000,25
req-00005461,176420000,176,25.000000,25
req-00005462,176460000,176,25.000000,25
req-00005463,176500000,176,25.000000,25
req-00005464,176540000,176,25.000000,25
req-00005465,176580000,176,25.000000,25
req-00005466,176620000,176,25.000000,25
req-00005467,176660000,176,25.000000,25
req-00005468,176700000,176,25.000000,25
req-00005469,176740000,176,25.000000,25
req-00005470,176780000,176,25.000000,25
req-00005471,176820000,176,25.000000,25
req-00005472,176860000,176,25.000000,25
req-00005473,176900000,176,25.000000,25
req-00005474,176940000,176,25.000000,25
req-00005475,176980000,176,25.000000,25
req-00005476,177020000,177,25.000000,25
req-00005477,177060000,177,25.000000,25
req-00005478,177100000,177,25.000000,25
req-00005479,177140000,177,25.000000,25
req-00005480,177180000,177,25.000000,25
req-00005481,177220000,177,25.000000,25
req-00005482,177260000,177,25.000000,25
req-00005483,177300000,177,25.000000,25
req-00005484,177340000,177,25.000000,25
req-00005485,177380000,177,25.000000,25
req-00005486,177420000,177,25.000000,25
req-00005487,177460000,177,25.000000,25
req-00005488,177500000,177,25.000000,25
req-00005489,177540000,177,25.000000,25
req-00005490,177580000,177,25.000000,25
req-00005491,177620000,177,25.000000,25
req-00005492,177660000,177,25.000000,25
req-00005493,177700000,177,25.000000,25
req-00005494,177740000,177,25.000000,25
req-00005495,177780000,177,25.000000,25
req-00005496,177820000,177,25.000000,25
req-00005497,177860000,177,25.000000,25
req-00005498,177900000,177,25.000000,25
req-00005499,177940000,177,25.000000,25
req-00005500,177980000,177,25.000000,25
req-00005501,178020000,178,25.000000,25
req-00005502,178060000,178,25.000000,25
req-00005503,178100000,178,25.000000,25
req-00005504,178140000,178,25.000000,25
req-00005505,178180000,178,25.000000,25
req-00005506,178220000,178,25.000000,25
req-00005507,178260000,178,25.000000,25
req-00005508,178300000,178,25.000000,25
req-00005509,178340000,178,25.000000,25
req-00005510,178380000,178,25.000000,25
req-00005511,178420000,178,25.000000,25
req-00005512,178460000,178,25.000000,25
req-00005513,178500000,178,25.000000,25
req-00005514,178540000,178,25.000000,25
req-00005515,178580000,178,25.000000,25
req-00005516,178620000,178,25.000000,25
req-00005517,178660000,178,25.000000,25
req-00005518,178700000,178,25.000000,25
req-00005519,178740000,178,25.000000,25
req-00005520,178780000,178,25.000000,25
req-00005521,178820000,178,25.000000,25
req-00005522,178860000,178,25.000000,25
req-00005523,178900000,178,25.000000,25
req-00005524,178940000,178,25.000000,25
req-00005525,178980000,178,25.000000,25
req-00005526,179020000,179,25.000000,25
req-00005527,179060000,179,25.000000,25
req-00005528,179100000,179,25.000000,25
req-00005529,179140000,179,25.000000,25
req-00005530,179180000,179,25.000000,25
req-00005531,179220000,179,25.000000,25
req-00005532,179260000,179,25.000000,25
req-00005533,179300000,179,25.000000,25
req-00005534,179340000,179,25.000000,25
req-00005535,179380000,179,25.000000,25
req-00005536,179420000,179,25.000000,25
req-00005537,179460000,179,25.000000,25
req-00005538,179500000,179,25.000000,25
req-00005539,179540000,179,25.000000,25
req-00005540,179580000,179,25.000000,25
req-00005541,179620000,179,25.000000,25
req-00005542,179660000,179,25.000000,25
req-00005543,179700000,179,25.000000,25
req-00005544,179740000,179,25.000000,25
req-00005545,179780000,179,25.000000,25
req-00005546,179820000,179,25.000000,25
req-00005547,179860000,179,25.000000,25
req-00005548,179900000,179,25.000000,25
req-00005549,179940000,179,25.000000,25
req-00005550,179980000,179,25.000000,25
